section,ticker,source,family,state,timeframe,setup_label,execution_label,market_context,reason_codes,entry_ref,stop_ref,atr,fill_assumption,risk_atr,paper_stream_ref,notes,trident_tag,trident_D_pct,trident_SIL_pct_below_B,trident_zone_width_pct,trident_zone_age_bars,trident_weekly_family,trident_tier1_active
EXECUTABLE,AGESA,mb_scanner,bb_1w__above_mb_birth,continuation,1w,CONTINUATION_SETUP,EXECUTABLE,neutral,clean_breakout_context;entry_ref_present;stop_ref_present;execution_risk_ok;regime_neutral,250.25,225.5375,16.874999999999996,next_open,1.464444444444445,,,,2.50,-9.88,0.08,7,,
EXECUTABLE,AGESA,mb_scanner,mb_1w__above_mb_birth,continuation,1w,CONTINUATION_SETUP,EXECUTABLE,neutral,clean_breakout_context;entry_ref_present;stop_ref_present;execution_risk_ok;regime_neutral,250.25,227.1375,16.874999999999996,next_open,1.3696296296296306,,,,9.98,-9.24,0.08,7,,
EXECUTABLE,AGESA,mb_scanner,mb_5h__above_mb_birth,accepted_continuation,5h,ACCEPTED_CONTINUATION_SETUP,EXECUTABLE,neutral,accepted_horizon_h1_20d;clean_breakout_context;entry_ref_present;stop_ref_present;execution_risk_ok;regime_neutral,250.25,239.71464285714285,5.617857142857147,next_open,1.875333757151939,,,,7.45,-4.21,0.01,39,,
EXECUTABLE,AGESA,mb_scanner,mb_5h__retest_bounce_first,retest,5h,RETEST_SETUP,EXECUTABLE,neutral,retest_confirmed;entry_ref_present;stop_ref_present;execution_risk_ok;regime_neutral,250.25,241.71464285714285,5.617857142857147,next_open,1.5193261284170378,,,,,,,,,
EXECUTABLE,CEMZY,mb_scanner,bb_1d__retest_bounce_first,retest,1d,RETEST_SETUP,EXECUTABLE,neutral,retest_confirmed;entry_ref_present;stop_ref_present;execution_risk_ok;regime_neutral,14.0,12.629,0.7699999999999999,next_open,1.7805194805194813,,,,,,,,,
EXECUTABLE,CEMZY,mb_scanner,bb_5h__above_mb_birth,continuation,5h,CONTINUATION_SETUP,EXECUTABLE,neutral,clean_breakout_context;entry_ref_present;stop_ref_present;execution_risk_ok;regime_neutral,13.69,12.926785714285714,0.5107142857142855,next_open,1.494405594405595,,,,0.99,-5.57,0.01,4,,
EXECUTABLE,CEMZY,mb_scanner,mb_1d__above_mb_birth,accepted_continuation,1d,ACCEPTED_CONTINUATION_SETUP,EXECUTABLE,neutral,accepted_horizon_h1_20d;clean_breakout_context;entry_ref_present;stop_ref_present;execution_risk_ok;regime_neutral,14.0,12.769,0.7699999999999999,next_open,1.5987012987012987,,,,7.93,-8.79,0.02,11,,
EXECUTABLE,CEMZY,mb_scanner,mb_5h__above_mb_birth,accepted_continuation,5h,ACCEPTED_CONTINUATION_SETUP,EXECUTABLE,neutral,accepted_horizon_h1_20d;clean_breakout_context;entry_ref_present;stop_ref_present;execution_risk_ok;regime_neutral,13.69,13.036785714285713,0.5107142857142855,next_open,1.2790209790209806,,,,11.67,-8.24,0.04,21,,
EXECUTABLE,KRONT,mb_scanner,bb_1d__above_mb_birth,continuation,1d,CONTINUATION_SETUP,EXECUTABLE,neutral,clean_breakout_context;entry_ref_present;stop_ref_present;execution_risk_ok;regime_neutral,20.42,19.023642857142857,1.187857142857143,next_open,1.175526157546604,,,,2.45,-6.84,0.01,4,,
EXECUTABLE,KRONT,mb_scanner,bb_5h__above_mb_birth,continuation,5h,CONTINUATION_SETUP,EXECUTABLE,neutral,clean_breakout_context;entry_ref_present;stop_ref_present;execution_risk_ok;regime_neutral,20.12,19.160142857142855,0.7328571428571432,next_open,1.309746588693961,,,,2.45,-4.77,0.01,7,,
EXECUTABLE,KRONT,mb_scanner,bb_5h__retest_bounce_first,retest,5h,RETEST_SETUP,EXECUTABLE,neutral,retest_confirmed;entry_ref_present;stop_ref_present;execution_risk_ok;regime_neutral,20.42,19.173642857142855,0.6878571428571433,next_open,1.8119418483904504,,,,,,,,,
EXECUTABLE,LILAK,mb_scanner,mb_1d__above_mb_birth,accepted_continuation,1d,ACCEPTED_CONTINUATION_SETUP,EXECUTABLE,neutral,accepted_horizon_h1_20d;clean_breakout_context;entry_ref_present;stop_ref_present;execution_risk_ok;regime_neutral,36.5,33.95357142857143,1.4214285714285724,next_open,1.7914572864321592,,,,2.79,-6.26,0.03,4,,
EXECUTABLE,LILAK,mb_scanner,mb_1d__above_mb_birth,accepted_continuation,1d,ACCEPTED_CONTINUATION_SETUP,EXECUTABLE,neutral,accepted_horizon_h1_20d;clean_breakout_context;entry_ref_present;stop_ref_present;execution_risk_ok;regime_neutral,36.5,34.21357142857143,1.4214285714285724,next_open,1.6085427135678392,,,,2.79,-6.26,0.03,4,,
EXECUTABLE,LILAK,mb_scanner,mb_5h__above_mb_birth,accepted_continuation,5h,ACCEPTED_CONTINUATION_SETUP,EXECUTABLE,neutral,accepted_horizon_h1_20d;clean_breakout_context;entry_ref_present;stop_ref_present;execution_risk_ok;regime_neutral,35.76,34.381142857142855,0.8628571428571422,next_open,1.598013245033114,,,,3.15,-3.86,0.03,7,,
EXECUTABLE,OYAKC,mb_scanner,mb_1d__above_mb_birth,accepted_continuation,1d,ACCEPTED_CONTINUATION_SETUP,EXECUTABLE,neutral,accepted_horizon_h1_20d;clean_breakout_context;entry_ref_present;stop_ref_present;execution_risk_ok;regime_neutral,21.24,20.433857142857143,0.6871428571428569,next_open,1.1731808731808715,,,,2.54,-3.80,0.02,8,,
EXECUTABLE,OYAKC,mb_scanner,mb_1d__above_mb_birth,accepted_continuation,1d,ACCEPTED_CONTINUATION_SETUP,EXECUTABLE,neutral,accepted_horizon_h1_20d;clean_breakout_context;entry_ref_present;stop_ref_present;execution_risk_ok;regime_neutral,21.24,20.293857142857142,0.6871428571428569,next_open,1.376923076923076,,,,2.54,-3.80,0.02,8,,
EXECUTABLE,OYAKC,mb_scanner,mb_5h__above_mb_birth,accepted_continuation,5h,ACCEPTED_CONTINUATION_SETUP,EXECUTABLE,neutral,accepted_horizon_h1_20d;clean_breakout_context;entry_ref_present;stop_ref_present;execution_risk_ok;regime_neutral,21.24,20.502,0.45999999999999985,next_open,1.6043478260869561,,,,3.32,-3.75,0.02,5,,
EXECUTABLE,VERUS,mb_scanner,mb_1d__above_mb_birth,accepted_continuation,1d,ACCEPTED_CONTINUATION_SETUP,EXECUTABLE,neutral,accepted_horizon_h1_20d;clean_breakout_context;entry_ref_present;stop_ref_present;execution_risk_ok;regime_neutral,618.0,594.9214285714286,16.928571428571427,next_open,1.363291139240506,,,,20.95,-2.31,0.02,12,,
EXECUTABLE,VERUS,mb_scanner,mb_5h__above_mb_birth,accepted_continuation,5h,ACCEPTED_CONTINUATION_SETUP,EXECUTABLE,neutral,accepted_horizon_h1_20d;clean_breakout_context;entry_ref_present;stop_ref_present;execution_risk_ok;regime_neutral,611.0,596.8714285714286,10.428571428571429,next_open,1.3547945205479401,,,D_PCT_30PLUS,32.90,-2.31,0.01,8,,
EXECUTABLE,VERUS,mb_scanner,mb_5h__retest_bounce_first,retest,5h,RETEST_SETUP,EXECUTABLE,neutral,retest_confirmed;entry_ref_present;stop_ref_present;execution_risk_ok;regime_neutral,618.0,596.775,10.75,next_open,1.974418604651165,,,,,,,,,
EXECUTABLE,AHGAZ,mb_scanner,mb_1d__above_mb_birth,accepted_continuation,1d,ACCEPTED_CONTINUATION_SETUP,EXECUTABLE,neutral,accepted_horizon_h1_20d;clean_breakout_context;entry_ref_present;stop_ref_present;execution_risk_ok;regime_neutral,33.44,30.909285714285716,1.4357142857142862,next_open,1.762686567164176,,,,9.37,-8.58,0.00,10,,
EXECUTABLE,AHGAZ,mb_scanner,mb_1d__above_mb_birth,accepted_continuation,1d,ACCEPTED_CONTINUATION_SETUP,EXECUTABLE,neutral,accepted_horizon_h1_20d;clean_breakout_context;entry_ref_present;stop_ref_present;execution_risk_ok;regime_neutral,33.44,30.569285714285716,1.4357142857142862,next_open,1.9995024875621858,,,,9.37,-8.58,0.00,10,,
EXECUTABLE,AKSA,mb_scanner,mb_1w__above_mb_birth,continuation,1w,CONTINUATION_SETUP,EXECUTABLE,neutral,clean_breakout_context;entry_ref_present;stop_ref_present;execution_risk_ok;regime_neutral,11.12,10.035142857142858,0.8828571428571428,next_open,1.2288025889967615,,,,6.31,-8.68,0.06,6,,
EXECUTABLE,AKSA,mb_scanner,mb_1w__above_mb_birth,continuation,1w,CONTINUATION_SETUP,EXECUTABLE,neutral,clean_breakout_context;entry_ref_present;stop_ref_present;execution_risk_ok;regime_neutral,11.12,10.155142857142858,0.8828571428571428,next_open,1.0928802588996749,,,,6.31,-8.68,0.06,6,,
EXECUTABLE,AVTUR,mb_scanner,mb_1d__above_mb_birth,accepted_continuation,1d,ACCEPTED_CONTINUATION_SETUP,EXECUTABLE,neutral,accepted_horizon_h1_20d;clean_breakout_context;entry_ref_present;stop_ref_present;execution_risk_ok;regime_neutral,17.99,17.089499999999997,1.035,next_open,0.870048309178745,,,,15.23,-5.01,0.05,4,,
EXECUTABLE,AVTUR,mb_scanner,mb_5h__above_mb_birth,accepted_continuation,5h,ACCEPTED_CONTINUATION_SETUP,EXECUTABLE,neutral,accepted_horizon_h1_20d;clean_breakout_context;entry_ref_present;stop_ref_present;execution_risk_ok;regime_neutral,17.99,17.183999999999997,0.7199999999999999,next_open,1.119444444444446,,,,7.61,-4.48,0.01,5,,
EXECUTABLE,AYEN,mb_scanner,mb_1w__above_mb_birth,continuation,1w,CONTINUATION_SETUP,EXECUTABLE,neutral,clean_breakout_context;entry_ref_present;stop_ref_present;execution_risk_ok;regime_neutral,38.44,31.480571428571427,4.731428571428571,next_open,1.4708937198067633,,,SIL_DEEP,29.01,-18.10,0.03,7,,
EXECUTABLE,AYEN,mb_scanner,mb_5h__above_mb_birth,accepted_continuation,5h,ACCEPTED_CONTINUATION_SETUP,EXECUTABLE,neutral,accepted_horizon_h1_20d;clean_breakout_context;entry_ref_present;stop_ref_present;execution_risk_ok;regime_neutral,39.12,37.061,2.3299999999999987,next_open,0.8836909871244629,,,,14.28,-8.36,0.02,4,,
EXECUTABLE,DERIM,mb_scanner,mb_1w__above_mb_birth,continuation,1w,CONTINUATION_SETUP,EXECUTABLE,neutral,clean_breakout_context;entry_ref_present;stop_ref_present;execution_risk_ok;regime_neutral,42.44,34.207,4.31,next_open,1.910208816705336,,,SIL_DEEP,16.62,-19.40,0.02,5,,
EXECUTABLE,DERIM,mb_scanner,mb_1w__retest_bounce_first,retest,1w,RETEST_SETUP,EXECUTABLE,neutral,retest_confirmed;entry_ref_present;stop_ref_present;execution_risk_ok;regime_neutral,42.44,34.107,4.31,next_open,1.933410672853828,,,,,,,,,
EXECUTABLE,ENERY,mb_scanner,mb_1w__above_mb_birth,continuation,1w,CONTINUATION_SETUP,EXECUTABLE,neutral,clean_breakout_context;entry_ref_present;stop_ref_present;execution_risk_ok;regime_neutral,9.46,8.381857142857143,0.7271428571428571,next_open,1.4827111984282917,,,SIL_DEEP,10.20,-11.40,0.06,6,,
EXECUTABLE,ENERY,mb_scanner,mb_5h__above_mb_birth,accepted_continuation,5h,ACCEPTED_CONTINUATION_SETUP,EXECUTABLE,neutral,accepted_horizon_h1_20d;clean_breakout_context;entry_ref_present;stop_ref_present;execution_risk_ok;regime_neutral,9.46,9.043714285714286,0.25428571428571445,next_open,1.6370786516853961,,,,2.89,-9.05,0.03,12,,
EXECUTABLE,EPLAS,mb_scanner,mb_1w__above_mb_birth,continuation,1w,CONTINUATION_SETUP,EXECUTABLE,neutral,clean_breakout_context;entry_ref_present;stop_ref_present;execution_risk_ok;regime_neutral,6.3,5.574285714285714,0.585714285714286,next_open,1.2390243902439024,,,SIL_DEEP,6.99,-11.52,0.04,6,,
EXECUTABLE,EPLAS,mb_scanner,mb_5h__above_mb_birth,accepted_continuation,5h,ACCEPTED_CONTINUATION_SETUP,EXECUTABLE,neutral,accepted_horizon_h1_20d;clean_breakout_context;entry_ref_present;stop_ref_present;execution_risk_ok;regime_neutral,6.07,5.874071428571428,0.18642857142857153,next_open,1.0509578544061347,,,,9.75,-6.65,0.00,19,,
EXECUTABLE,FADE,mb_scanner,bb_5h__above_mb_birth,continuation,5h,CONTINUATION_SETUP,EXECUTABLE,neutral,clean_breakout_context;entry_ref_present;stop_ref_present;execution_risk_ok;regime_neutral,17.23,15.743142857142857,0.8228571428571428,next_open,1.8069444444444454,,,,3.19,-8.63,0.03,6,,
EXECUTABLE,FADE,mb_scanner,mb_1d__retest_bounce_first,retest,1d,RETEST_SETUP,EXECUTABLE,neutral,retest_confirmed;entry_ref_present;stop_ref_present;execution_risk_ok;regime_neutral,17.5,15.339857142857142,1.1671428571428575,next_open,1.8507955936352516,,,,,,,,,
EXECUTABLE,KMPUR,mb_scanner,bb_5h__above_mb_birth,continuation,5h,CONTINUATION_SETUP,EXECUTABLE,neutral,clean_breakout_context;entry_ref_present;stop_ref_present;execution_risk_ok;regime_neutral,21.5,20.148142857142858,0.7728571428571426,next_open,1.749168207024029,,,,0.95,-6.29,0.01,7,,
EXECUTABLE,KMPUR,mb_scanner,mb_5h__above_mb_birth,accepted_continuation,5h,ACCEPTED_CONTINUATION_SETUP,EXECUTABLE,neutral,accepted_horizon_h1_20d;clean_breakout_context;entry_ref_present;stop_ref_present;execution_risk_ok;regime_neutral,21.5,20.488142857142854,0.7728571428571426,next_open,1.3092421441774533,,,,2.85,-4.71,0.01,4,,
EXECUTABLE,LUKSK,mb_scanner,mb_1d__retest_bounce_first,retest,1d,RETEST_SETUP,EXECUTABLE,neutral,retest_confirmed;entry_ref_present;stop_ref_present;execution_risk_ok;regime_neutral,103.9,92.79928571428572,6.335714285714287,next_open,1.7520856820744084,,,,,,,,,
EXECUTABLE,LUKSK,mb_scanner,mb_1d__retest_bounce_first,retest,1d,RETEST_SETUP,EXECUTABLE,neutral,retest_confirmed;entry_ref_present;stop_ref_present;execution_risk_ok;regime_neutral,103.9,94.24928571428572,6.335714285714287,next_open,1.523224351747463,,,,,,,,,
EXECUTABLE,LXGYO,mb_scanner,bb_5h__above_mb_birth,continuation,5h,CONTINUATION_SETUP,EXECUTABLE,neutral,clean_breakout_context;entry_ref_present;stop_ref_present;execution_risk_ok;regime_neutral,18.25,16.827785714285714,0.7407142857142853,next_open,1.9200578592092592,,,,2.23,-7.79,0.01,6,,
EXECUTABLE,LXGYO,mb_scanner,mb_1d__above_mb_birth,accepted_continuation,1d,ACCEPTED_CONTINUATION_SETUP,EXECUTABLE,neutral,accepted_horizon_h1_20d;clean_breakout_context;entry_ref_present;stop_ref_present;execution_risk_ok;regime_neutral,18.25,16.754285714285714,0.9857142857142852,next_open,1.5173913043478267,,,,21.12,-8.20,0.02,3,,
EXECUTABLE,MANAS,mb_scanner,mb_1w__above_mb_birth,continuation,1w,CONTINUATION_SETUP,EXECUTABLE,neutral,clean_breakout_context;entry_ref_present;stop_ref_present;execution_risk_ok;regime_neutral,28.06,22.489642857142858,5.367857142857143,next_open,1.0377245508982031,,,SIL_DEEP,21.74,-19.85,0.02,4,,
EXECUTABLE,MANAS,mb_scanner,mb_1w__above_mb_birth,continuation,1w,CONTINUATION_SETUP,EXECUTABLE,neutral,clean_breakout_context;entry_ref_present;stop_ref_present;execution_risk_ok;regime_neutral,28.06,21.389642857142857,5.367857142857143,next_open,1.2426480372588156,,,SIL_DEEP,21.74,-19.85,0.02,4,,
EXECUTABLE,MGROS,mb_scanner,bb_5h__above_mb_birth,continuation,5h,CONTINUATION_SETUP,EXECUTABLE,neutral,clean_breakout_context;entry_ref_present;stop_ref_present;execution_risk_ok;regime_neutral,677.5,654.1964285714286,12.678571428571429,next_open,1.8380281690140858,,,,2.58,-3.44,0.02,15,,
EXECUTABLE,MGROS,mb_scanner,mb_5h__above_mb_birth,accepted_continuation,5h,ACCEPTED_CONTINUATION_SETUP,EXECUTABLE,neutral,accepted_horizon_h1_20d;clean_breakout_context;entry_ref_present;stop_ref_present;execution_risk_ok;regime_neutral,677.5,662.1964285714286,12.678571428571429,next_open,1.207042253521128,,,,2.43,-2.26,0.01,5,,
EXECUTABLE,MTRYO,mb_scanner,mb_1d__above_mb_birth,accepted_continuation,1d,ACCEPTED_CONTINUATION_SETUP,EXECUTABLE,neutral,accepted_horizon_h1_20d;clean_breakout_context;entry_ref_present;stop_ref_present;execution_risk_ok;regime_neutral,10.39,9.696142857142856,0.5128571428571431,next_open,1.352924791086353,,,WEEKLY_BIRTH_ACTIVE,3.70,-6.68,0.00,22,mb_1w,
EXECUTABLE,MTRYO,mb_scanner,mb_5h__above_mb_birth,accepted_continuation,5h,ACCEPTED_CONTINUATION_SETUP,EXECUTABLE,neutral,accepted_horizon_h1_20d;clean_breakout_context;entry_ref_present;stop_ref_present;execution_risk_ok;regime_neutral,10.39,9.91392857142857,0.35357142857142854,next_open,1.3464646464646508,,,WEEKLY_BIRTH_ACTIVE,12.39,-4.58,0.02,8,mb_1w,
EXECUTABLE,OBASE,mb_scanner,bb_5h__retest_bounce_first,retest,5h,RETEST_SETUP,EXECUTABLE,neutral,retest_confirmed;entry_ref_present;stop_ref_present;execution_risk_ok;regime_neutral,39.72,36.71371428571428,1.9542857142857133,next_open,1.5383040935672536,,,,,,,,,
EXECUTABLE,OBASE,mb_scanner,mb_5h__retest_bounce_first,retest,5h,RETEST_SETUP,EXECUTABLE,neutral,retest_confirmed;entry_ref_present;stop_ref_present;execution_risk_ok;regime_neutral,39.72,37.21371428571428,1.9542857142857133,next_open,1.2824561403508792,,,,,,,,,
EXECUTABLE,ORGE,mb_scanner,bb_5h__above_mb_birth,continuation,5h,CONTINUATION_SETUP,EXECUTABLE,neutral,clean_breakout_context;entry_ref_present;stop_ref_present;execution_risk_ok;regime_neutral,111.9,103.68142857142857,4.72857142857143,next_open,1.7380664652567988,,,,3.87,-7.34,0.03,6,,
EXECUTABLE,ORGE,mb_scanner,mb_5h__retest_bounce_first,retest,5h,RETEST_SETUP,EXECUTABLE,neutral,retest_confirmed;entry_ref_present;stop_ref_present;execution_risk_ok;regime_neutral,109.0,100.59214285714286,4.692857142857144,next_open,1.791628614916285,,,,,,,,,
EXECUTABLE,PGSUS,mb_scanner,bb_5h__above_mb_birth,continuation,5h,CONTINUATION_SETUP,EXECUTABLE,neutral,clean_breakout_context;entry_ref_present;stop_ref_present;execution_risk_ok;regime_neutral,172.7,167.31714285714284,2.942857142857144,next_open,1.8291262135922342,,,,1.07,-4.71,0.01,8,,
EXECUTABLE,PGSUS,mb_scanner,mb_5h__above_mb_birth,accepted_continuation,5h,ACCEPTED_CONTINUATION_SETUP,EXECUTABLE,neutral,accepted_horizon_h1_20d;clean_breakout_context;entry_ref_present;stop_ref_present;execution_risk_ok;regime_neutral,172.7,168.81714285714284,2.942857142857144,next_open,1.3194174757281565,,,,2.26,-2.25,0.00,15,,
EXECUTABLE,REEDR,mb_scanner,mb_5h__above_mb_birth,accepted_continuation,5h,ACCEPTED_CONTINUATION_SETUP,EXECUTABLE,neutral,accepted_horizon_h1_20d;clean_breakout_context;entry_ref_present;stop_ref_present;execution_risk_ok;regime_neutral,7.5,7.154928571428572,0.28357142857142853,next_open,1.2168765743073031,,,,2.77,-4.60,0.03,7,,
EXECUTABLE,REEDR,mb_scanner,mb_5h__retest_bounce_first,retest,5h,RETEST_SETUP,EXECUTABLE,neutral,retest_confirmed;entry_ref_present;stop_ref_present;execution_risk_ok;regime_neutral,7.5,7.064928571428572,0.28357142857142853,next_open,1.5342569269521389,,,,,,,,,
EXECUTABLE,SKTAS,mb_scanner,mb_1d__retest_bounce_first,retest,1d,RETEST_SETUP,EXECUTABLE,neutral,retest_confirmed;entry_ref_present;stop_ref_present;execution_risk_ok;regime_neutral,3.42,3.1583571428571426,0.1721428571428571,next_open,1.519917012448134,,,,,,,,,
EXECUTABLE,SKTAS,mb_scanner,mb_1d__retest_bounce_first,retest,1d,RETEST_SETUP,EXECUTABLE,neutral,retest_confirmed;entry_ref_present;stop_ref_present;execution_risk_ok;regime_neutral,3.42,3.1383571428571426,0.1721428571428571,next_open,1.636099585062242,,,,,,,,,
EXECUTABLE,VAKBN,mb_scanner,bb_1d__above_mb_birth,continuation,1d,CONTINUATION_SETUP,EXECUTABLE,neutral,clean_breakout_context;entry_ref_present;stop_ref_present;execution_risk_ok;regime_neutral,32.62,31.099142857142855,1.6028571428571434,next_open,0.9488413547237071,,,,1.70,-4.66,0.03,4,,
EXECUTABLE,VAKBN,mb_scanner,bb_5h__above_mb_birth,continuation,5h,CONTINUATION_SETUP,EXECUTABLE,neutral,clean_breakout_context;entry_ref_present;stop_ref_present;execution_risk_ok;regime_neutral,33.38,31.253428571428568,1.0885714285714292,next_open,1.9535433070866186,,,,3.59,-6.37,0.01,6,,
EXECUTABLE,AEFES,mb_scanner,mb_5h__above_mb_birth,accepted_continuation,5h,ACCEPTED_CONTINUATION_SETUP,EXECUTABLE,neutral,accepted_horizon_h1_20d;clean_breakout_context;entry_ref_present;stop_ref_present;execution_risk_ok;regime_neutral,21.08,19.93957142857143,0.6014285714285715,next_open,1.8961995249406123,,,,5.89,-5.41,0.05,11,,
EXECUTABLE,AGHOL,mb_scanner,mb_5h__above_mb_birth,accepted_continuation,5h,ACCEPTED_CONTINUATION_SETUP,EXECUTABLE,neutral,accepted_horizon_h1_20d;clean_breakout_context;entry_ref_present;stop_ref_present;execution_risk_ok;regime_neutral,33.6,31.814428571428568,1.0185714285714287,next_open,1.7530154277699905,,,,3.75,-5.31,0.02,7,,
EXECUTABLE,AKFYE,mb_scanner,bb_1w__above_mb_birth,continuation,1w,CONTINUATION_SETUP,EXECUTABLE,neutral,clean_breakout_context;entry_ref_present;stop_ref_present;execution_risk_ok;regime_neutral,26.1,20.54435714285714,2.8521428571428564,next_open,1.947883796644129,,,SIL_DEEP,3.45,-18.41,0.03,5,,
EXECUTABLE,ALARK,mb_scanner,mb_1w__above_mb_birth,continuation,1w,CONTINUATION_SETUP,EXECUTABLE,neutral,clean_breakout_context;entry_ref_present;stop_ref_present;execution_risk_ok;regime_neutral,107.0,93.97785714285715,6.907142857142858,next_open,1.8853154084798336,,,,9.89,-4.59,0.02,6,,
EXECUTABLE,ALKLC,mb_scanner,mb_5h__retest_bounce_first,retest,5h,RETEST_SETUP,EXECUTABLE,neutral,retest_confirmed;entry_ref_present;stop_ref_present;execution_risk_ok;regime_neutral,348.0,315.73571428571427,16.714285714285715,next_open,1.9303418803418815,,,,,,,,,
EXECUTABLE,ATATP,mb_scanner,mb_5h__retest_bounce_first,retest,5h,RETEST_SETUP,EXECUTABLE,neutral,retest_confirmed;entry_ref_present;stop_ref_present;execution_risk_ok;regime_neutral,248.6,220.5507142857143,14.164285714285713,next_open,1.9802824004034285,,,,,,,,,
EXECUTABLE,AVGYO,mb_scanner,mb_5h__above_mb_birth,accepted_continuation,5h,ACCEPTED_CONTINUATION_SETUP,EXECUTABLE,neutral,accepted_horizon_h1_20d;clean_breakout_context;entry_ref_present;stop_ref_present;execution_risk_ok;regime_neutral,14.65,13.753714285714285,0.8542857142857144,next_open,1.0491638795986638,,,,21.08,-8.12,0.02,6,,
EXECUTABLE,BARMA,mb_scanner,mb_5h__above_mb_birth,accepted_continuation,5h,ACCEPTED_CONTINUATION_SETUP,EXECUTABLE,neutral,accepted_horizon_h1_20d;clean_breakout_context;entry_ref_present;stop_ref_present;execution_risk_ok;regime_neutral,69.55,66.24214285714287,2.192857142857143,next_open,1.5084690553745872,,,,12.86,-2.87,0.08,7,,
EXECUTABLE,BIMAS,mb_scanner,mb_5h__above_mb_birth,accepted_continuation,5h,ACCEPTED_CONTINUATION_SETUP,EXECUTABLE,neutral,accepted_horizon_h1_20d;clean_breakout_context;entry_ref_present;stop_ref_present;execution_risk_ok;regime_neutral,387.5,376.5357142857143,8.214285714285714,next_open,1.3347826086956533,,,,2.95,-2.83,0.01,6,,
EXECUTABLE,BRLSM,mb_scanner,mb_1w__above_mb_birth,continuation,1w,CONTINUATION_SETUP,EXECUTABLE,neutral,clean_breakout_context;entry_ref_present;stop_ref_present;execution_risk_ok;regime_neutral,20.24,17.88392857142857,2.9535714285714283,next_open,0.7977025392986701,,,D_PCT_30PLUS;SIL_DEEP,48.29,-16.35,0.20,4,,
EXECUTABLE,BRSAN,mb_scanner,mb_5h__above_mb_birth,accepted_continuation,5h,ACCEPTED_CONTINUATION_SETUP,EXECUTABLE,neutral,accepted_horizon_h1_20d;clean_breakout_context;entry_ref_present;stop_ref_present;execution_risk_ok;regime_neutral,631.5,603.3928571428571,30.357142857142858,next_open,0.9258823529411775,,,WEEKLY_BIRTH_ACTIVE,3.51,-4.45,0.01,3,bb_1w,
EXECUTABLE,BRYAT,mb_scanner,bb_5h__above_mb_birth,continuation,5h,CONTINUATION_SETUP,EXECUTABLE,neutral,clean_breakout_context;entry_ref_present;stop_ref_present;execution_risk_ok;regime_neutral,1986.0,1951.5785714285714,48.07142857142857,next_open,0.7160475482912334,,,,0.10,-2.42,0.00,4,,
EXECUTABLE,CCOLA,mb_scanner,mb_5h__above_mb_birth,accepted_continuation,5h,ACCEPTED_CONTINUATION_SETUP,EXECUTABLE,neutral,accepted_horizon_h1_20d;clean_breakout_context;entry_ref_present;stop_ref_present;execution_risk_ok;regime_neutral,81.35,77.63464285714285,2.2178571428571394,next_open,1.6752012882447695,,,,3.10,-4.57,0.01,7,,
EXECUTABLE,CIMSA,mb_scanner,bb_5h__above_mb_birth,continuation,5h,CONTINUATION_SETUP,EXECUTABLE,neutral,clean_breakout_context;entry_ref_present;stop_ref_present;execution_risk_ok;regime_neutral,50.1,48.19271428571429,1.2242857142857149,next_open,1.5578763127187847,,,,1.22,-3.61,0.01,8,,
EXECUTABLE,CRFSA,mb_scanner,mb_1w__retest_bounce_first,retest,1w,RETEST_SETUP,EXECUTABLE,neutral,retest_confirmed;entry_ref_present;stop_ref_present;execution_risk_ok;regime_neutral,147.9,114.49357142857143,20.021428571428572,next_open,1.668533713877988,,,,,,,,,
EXECUTABLE,DAGI,mb_scanner,mb_5h__above_mb_birth,accepted_continuation,5h,ACCEPTED_CONTINUATION_SETUP,EXECUTABLE,neutral,accepted_horizon_h1_20d;clean_breakout_context;entry_ref_present;stop_ref_present;execution_risk_ok;regime_neutral,7.69,7.1115,0.2949999999999999,next_open,1.9610169491525433,,,,3.83,-5.68,0.00,10,,
EXECUTABLE,DMRGD,mb_scanner,mb_5h__above_mb_birth,accepted_continuation,5h,ACCEPTED_CONTINUATION_SETUP,EXECUTABLE,neutral,accepted_horizon_h1_20d;clean_breakout_context;entry_ref_present;stop_ref_present;execution_risk_ok;regime_neutral,11.03,10.239857142857144,0.4671428571428571,next_open,1.6914373088684986,,,D_PCT_30PLUS,125.67,-7.16,0.01,13,,
EXECUTABLE,DOHOL,mb_scanner,mb_5h__above_mb_birth,accepted_continuation,5h,ACCEPTED_CONTINUATION_SETUP,EXECUTABLE,neutral,accepted_horizon_h1_20d;clean_breakout_context;entry_ref_present;stop_ref_present;execution_risk_ok;regime_neutral,22.18,21.34542857142857,0.6485714285714285,next_open,1.2867841409691645,,,,3.57,-3.76,0.00,6,,
EXECUTABLE,EKGYO,mb_scanner,mb_1d__retest_bounce_first,retest,1d,RETEST_SETUP,EXECUTABLE,neutral,retest_confirmed;entry_ref_present;stop_ref_present;execution_risk_ok;regime_neutral,19.91,18.85464285714286,0.8178571428571421,next_open,1.2903930131004346,,,,,,,,,
EXECUTABLE,FROTO,mb_scanner,mb_5h__above_mb_birth,accepted_continuation,5h,ACCEPTED_CONTINUATION_SETUP,EXECUTABLE,neutral,accepted_horizon_h1_20d;clean_breakout_context;entry_ref_present;stop_ref_present;execution_risk_ok;regime_neutral,86.7,85.96178571428571,1.960714285714287,next_open,0.37650273224044034,,,,1.33,-2.98,0.01,4,,
EXECUTABLE,GARAN,mb_scanner,mb_1d__above_mb_birth,accepted_continuation,1d,ACCEPTED_CONTINUATION_SETUP,EXECUTABLE,neutral,accepted_horizon_h1_20d;clean_breakout_context;entry_ref_present;stop_ref_present;execution_risk_ok;regime_neutral,135.9,126.55642857142855,5.4785714285714295,next_open,1.705475880052155,,,,4.32,-6.88,0.01,3,,
EXECUTABLE,GOZDE,mb_scanner,mb_5h__above_mb_birth,accepted_continuation,5h,ACCEPTED_CONTINUATION_SETUP,EXECUTABLE,neutral,accepted_horizon_h1_20d;clean_breakout_context;entry_ref_present;stop_ref_present;execution_risk_ok;regime_neutral,20.74,19.909357142857143,0.5021428571428567,next_open,1.6541963015647208,,,,3.78,-4.01,0.01,8,,
EXECUTABLE,ISFIN,mb_scanner,bb_5h__above_mb_birth,continuation,5h,CONTINUATION_SETUP,EXECUTABLE,neutral,clean_breakout_context;entry_ref_present;stop_ref_present;execution_risk_ok;regime_neutral,19.8,19.067714285714285,0.37428571428571444,next_open,1.9564885496183244,,,,1.50,-3.70,0.01,6,,
EXECUTABLE,KAPLM,mb_scanner,mb_1w__above_mb_birth,continuation,1w,CONTINUATION_SETUP,EXECUTABLE,neutral,clean_breakout_context;entry_ref_present;stop_ref_present;execution_risk_ok;regime_neutral,663.0,543.2,86.0,next_open,1.393023255813953,,,D_PCT_30PLUS;SIL_DEEP,90.90,-18.07,0.07,6,,
EXECUTABLE,KARTN,mb_scanner,mb_1w__above_mb_birth,continuation,1w,CONTINUATION_SETUP,EXECUTABLE,neutral,clean_breakout_context;entry_ref_present;stop_ref_present;execution_risk_ok;regime_neutral,122.5,98.10285714285715,15.65714285714286,next_open,1.5582116788321163,,,D_PCT_30PLUS;SIL_DEEP,90.37,-27.81,0.05,4,,
EXECUTABLE,KCAER,mb_scanner,mb_1d__above_mb_birth,accepted_continuation,1d,ACCEPTED_CONTINUATION_SETUP,EXECUTABLE,neutral,accepted_horizon_h1_20d;clean_breakout_context;entry_ref_present;stop_ref_present;execution_risk_ok;regime_neutral,15.3,14.151,0.8300000000000001,next_open,1.3843373493975912,,,D_PCT_30PLUS,36.88,-7.51,0.06,4,,
EXECUTABLE,KCHOL,mb_scanner,bb_5h__above_mb_birth,continuation,5h,CONTINUATION_SETUP,EXECUTABLE,neutral,clean_breakout_context;entry_ref_present;stop_ref_present;execution_risk_ok;regime_neutral,187.5,183.03,3.9000000000000035,next_open,1.1461538461538447,,,,1.60,-4.22,0.02,8,,
EXECUTABLE,KIMMR,mb_scanner,bb_1d__above_mb_birth,continuation,1d,CONTINUATION_SETUP,EXECUTABLE,neutral,clean_breakout_context;entry_ref_present;stop_ref_present;execution_risk_ok;regime_neutral,17.17,16.164714285714286,0.6842857142857144,next_open,1.4691022964509413,,,,0.18,-5.85,0.01,4,,
EXECUTABLE,KLGYO,mb_scanner,mb_5h__above_mb_birth,accepted_continuation,5h,ACCEPTED_CONTINUATION_SETUP,EXECUTABLE,neutral,accepted_horizon_h1_20d;clean_breakout_context;entry_ref_present;stop_ref_present;execution_risk_ok;regime_neutral,4.95,4.863785714285715,0.1207142857142858,next_open,0.7142011834319473,,,,2.06,-2.33,0.00,5,,
EXECUTABLE,KLSYN,mb_scanner,mb_5h__retest_bounce_first,retest,5h,RETEST_SETUP,EXECUTABLE,neutral,retest_confirmed;entry_ref_present;stop_ref_present;execution_risk_ok;regime_neutral,14.12,13.226857142857144,0.5771428571428575,next_open,1.5475247524752436,,,,,,,,,
EXECUTABLE,KRPLS,mb_scanner,mb_1w__above_mb_birth,continuation,1w,CONTINUATION_SETUP,EXECUTABLE,neutral,clean_breakout_context;entry_ref_present;stop_ref_present;execution_risk_ok;regime_neutral,9.11,8.770357142857142,0.8321428571428573,next_open,0.4081545064377687,,,,16.84,-6.50,0.06,6,,
EXECUTABLE,LOGO,mb_scanner,bb_5h__above_mb_birth,continuation,5h,CONTINUATION_SETUP,EXECUTABLE,neutral,clean_breakout_context;entry_ref_present;stop_ref_present;execution_risk_ok;regime_neutral,145.6,140.85357142857143,3.8214285714285694,next_open,1.2420560747663545,,,,2.25,-3.26,0.01,6,,
EXECUTABLE,MEPET,mb_scanner,mb_1d__retest_bounce_first,retest,1d,RETEST_SETUP,EXECUTABLE,neutral,retest_confirmed;entry_ref_present;stop_ref_present;execution_risk_ok;regime_neutral,29.12,25.09492857142857,2.083571428571429,next_open,1.9318135070277682,,,,,,,,,
EXECUTABLE,OTTO,mb_scanner,bb_5h__above_mb_birth,continuation,5h,CONTINUATION_SETUP,EXECUTABLE,neutral,clean_breakout_context;entry_ref_present;stop_ref_present;execution_risk_ok;regime_neutral,216.4,200.94785714285715,10.507142857142863,next_open,1.4706322229775657,,,,4.26,-9.73,0.04,7,,
EXECUTABLE,OZKGY,mb_scanner,mb_1w__above_mb_birth,continuation,1w,CONTINUATION_SETUP,EXECUTABLE,neutral,clean_breakout_context;entry_ref_present;stop_ref_present;execution_risk_ok;regime_neutral,14.25,11.979071428571428,1.1364285714285711,next_open,1.9983029541169084,,,SIL_DEEP,7.33,-12.37,0.03,6,,
EXECUTABLE,PENTA,mb_scanner,bb_5h__retest_bounce_first,retest,5h,RETEST_SETUP,EXECUTABLE,neutral,retest_confirmed;entry_ref_present;stop_ref_present;execution_risk_ok;regime_neutral,14.87,13.994285714285715,0.4857142857142859,next_open,1.8029411764705852,,,,,,,,,
EXECUTABLE,PLTUR,mb_scanner,bb_5h__above_mb_birth,continuation,5h,CONTINUATION_SETUP,EXECUTABLE,neutral,clean_breakout_context;entry_ref_present;stop_ref_present;execution_risk_ok;regime_neutral,22.34,21.861857142857144,0.527142857142857,next_open,0.9070460704607033,,,,0.81,-2.92,0.01,4,,
EXECUTABLE,POLTK,mb_scanner,bb_5h__above_mb_birth,continuation,5h,CONTINUATION_SETUP,EXECUTABLE,neutral,clean_breakout_context;entry_ref_present;stop_ref_present;execution_risk_ok;regime_neutral,5027.5,4810.321428571428,123.92857142857143,next_open,1.752449567723344,,,,0.30,-5.26,0.00,12,,
EXECUTABLE,PRZMA,mb_scanner,bb_5h__above_mb_birth,continuation,5h,CONTINUATION_SETUP,EXECUTABLE,neutral,clean_breakout_context;entry_ref_present;stop_ref_present;execution_risk_ok;regime_neutral,48.02,42.327999999999996,4.44,next_open,1.2819819819819835,,,SIL_DEEP,7.37,-11.85,0.07,6,,
EXECUTABLE,RGYAS,mb_scanner,mb_5h__above_mb_birth,accepted_continuation,5h,ACCEPTED_CONTINUATION_SETUP,EXECUTABLE,neutral,accepted_horizon_h1_20d;clean_breakout_context;entry_ref_present;stop_ref_present;execution_risk_ok;regime_neutral,202.4,195.71857142857144,4.2714285714285705,next_open,1.5642140468227421,,,,14.90,-6.44,0.04,34,,
EXECUTABLE,RYGYO,mb_scanner,mb_1d__above_mb_birth,accepted_continuation,1d,ACCEPTED_CONTINUATION_SETUP,EXECUTABLE,neutral,accepted_horizon_h1_20d;clean_breakout_context;entry_ref_present;stop_ref_present;execution_risk_ok;regime_neutral,32.64,31.639,1.67,next_open,0.5994011976047912,,,,1.25,-3.07,0.01,4,,
EXECUTABLE,SEKUR,mb_scanner,mb_1w__above_mb_birth,continuation,1w,CONTINUATION_SETUP,EXECUTABLE,neutral,clean_breakout_context;entry_ref_present;stop_ref_present;execution_risk_ok;regime_neutral,8.98,7.155857142857143,1.1471428571428572,next_open,1.590161892901619,,,D_PCT_30PLUS;SIL_DEEP,144.76,-20.31,0.12,5,,
EXECUTABLE,SISE,mb_scanner,bb_5h__above_mb_birth,continuation,5h,CONTINUATION_SETUP,EXECUTABLE,neutral,clean_breakout_context;entry_ref_present;stop_ref_present;execution_risk_ok;regime_neutral,44.76,43.353142857142856,1.0228571428571434,next_open,1.375418994413406,,,,0.99,-4.72,0.01,8,,
EXECUTABLE,SKYLP,mb_scanner,bb_1d__above_mb_birth,continuation,1d,CONTINUATION_SETUP,EXECUTABLE,neutral,clean_breakout_context;entry_ref_present;stop_ref_present;execution_risk_ok;regime_neutral,310.25,287.25357142857143,25.821428571428573,next_open,0.8905947441217148,,,SIL_DEEP,4.55,-10.16,0.04,4,,
EXECUTABLE,SNGYO,mb_scanner,mb_5h__above_mb_birth,accepted_continuation,5h,ACCEPTED_CONTINUATION_SETUP,EXECUTABLE,neutral,accepted_horizon_h1_20d;clean_breakout_context;entry_ref_present;stop_ref_present;execution_risk_ok;regime_neutral,3.64,3.539357142857143,0.10214285714285722,next_open,0.9853146853146857,,,,2.81,-4.08,0.02,4,,
EXECUTABLE,SOKM,mb_scanner,mb_5h__above_mb_birth,accepted_continuation,5h,ACCEPTED_CONTINUATION_SETUP,EXECUTABLE,neutral,accepted_horizon_h1_20d;clean_breakout_context;entry_ref_present;stop_ref_present;execution_risk_ok;regime_neutral,49.18,47.59142857142857,1.0285714285714274,next_open,1.544444444444445,,,,3.10,-3.35,0.02,5,,
EXECUTABLE,SVGYO,mb_scanner,mb_5h__above_mb_birth,accepted_continuation,5h,ACCEPTED_CONTINUATION_SETUP,EXECUTABLE,neutral,accepted_horizon_h1_20d;clean_breakout_context;entry_ref_present;stop_ref_present;execution_risk_ok;regime_neutral,20.48,19.68185714285714,0.7271428571428574,next_open,1.097642436149316,,,,5.95,-3.90,0.05,5,,
EXECUTABLE,TCELL,mb_scanner,mb_1d__above_mb_birth,accepted_continuation,1d,ACCEPTED_CONTINUATION_SETUP,EXECUTABLE,neutral,accepted_horizon_h1_20d;clean_breakout_context;entry_ref_present;stop_ref_present;execution_risk_ok;regime_neutral,110.7,103.32714285714285,4.242857142857145,next_open,1.7377104377104402,,,,7.43,-6.66,0.04,8,,
EXECUTABLE,TMPOL,mb_scanner,mb_1w__retest_bounce_first,retest,1w,RETEST_SETUP,EXECUTABLE,neutral,retest_confirmed;entry_ref_present;stop_ref_present;execution_risk_ok;regime_neutral,432.5,251.175,95.25,next_open,1.9036745406824145,,,,,,,,,
EXECUTABLE,TOASO,mb_scanner,bb_5h__above_mb_birth,continuation,5h,CONTINUATION_SETUP,EXECUTABLE,neutral,clean_breakout_context;entry_ref_present;stop_ref_present;execution_risk_ok;regime_neutral,295.5,280.62142857142857,7.928571428571429,next_open,1.8765765765765772,,,,1.37,-5.75,0.01,6,,
EXECUTABLE,TSKB,mb_scanner,bb_5h__above_mb_birth,continuation,5h,CONTINUATION_SETUP,EXECUTABLE,neutral,clean_breakout_context;entry_ref_present;stop_ref_present;execution_risk_ok;regime_neutral,11.8,11.38457142857143,0.2514285714285713,next_open,1.652272727272725,,,,0.96,-4.73,0.01,4,,
EXECUTABLE,TTRAK,mb_scanner,mb_5h__above_mb_birth,accepted_continuation,5h,ACCEPTED_CONTINUATION_SETUP,EXECUTABLE,neutral,accepted_horizon_h1_20d;clean_breakout_context;entry_ref_present;stop_ref_present;execution_risk_ok;regime_neutral,445.0,432.2142857142857,9.285714285714286,next_open,1.376923076923076,,,,2.97,-2.87,0.03,7,,
EXECUTABLE,UCAYM,mb_scanner,mb_5h__retest_bounce_first,retest,5h,RETEST_SETUP,EXECUTABLE,neutral,retest_confirmed;entry_ref_present;stop_ref_present;execution_risk_ok;regime_neutral,38.56,35.354142857142854,1.9528571428571415,next_open,1.6416239941477728,,,,,,,,,
EXECUTABLE,YONGA,mb_scanner,bb_5h__above_mb_birth,continuation,5h,CONTINUATION_SETUP,EXECUTABLE,neutral,clean_breakout_context;entry_ref_present;stop_ref_present;execution_risk_ok;regime_neutral,56.0,54.65392857142857,1.1535714285714274,next_open,1.1668730650154802,,,,6.31,-3.78,0.02,8,,
EXECUTABLE,ZEDUR,mb_scanner,mb_1w__above_mb_birth,continuation,1w,CONTINUATION_SETUP,EXECUTABLE,neutral,clean_breakout_context;entry_ref_present;stop_ref_present;execution_risk_ok;regime_neutral,10.16,9.290714285714285,0.9642857142857143,next_open,0.9014814814814819,,,SIL_DEEP,13.84,-13.09,0.02,6,,
SIZE_REDUCED,AEFES,mb_scanner,bb_5h__above_mb_birth,continuation,5h,CONTINUATION_SETUP,SIZE_REDUCED,neutral,clean_breakout_context;entry_ref_present;stop_ref_present;execution_risk_above_normal_below_reject;size_reduced;regime_neutral,21.08,19.77957142857143,0.6014285714285715,next_open,2.162232779097382,,,,2.39,-6.17,0.01,6,,
SIZE_REDUCED,AEFES,mb_scanner,bb_5h__above_mb_birth,continuation,5h,CONTINUATION_SETUP,SIZE_REDUCED,neutral,clean_breakout_context;entry_ref_present;stop_ref_present;execution_risk_above_normal_below_reject;size_reduced;regime_neutral,21.08,19.29957142857143,0.6014285714285715,next_open,2.9603325415676913,,,,2.39,-6.17,0.01,6,,
SIZE_REDUCED,AHGAZ,mb_scanner,bb_5h__retest_bounce_first,retest,5h,RETEST_SETUP,SIZE_REDUCED,neutral,retest_confirmed;entry_ref_present;stop_ref_present;execution_risk_above_normal_below_reject;size_reduced;regime_neutral,33.44,30.61471428571429,1.0842857142857139,next_open,2.605665349143606,,,,,,,,,
SIZE_REDUCED,AHGAZ,mb_scanner,mb_5h__above_mb_birth,accepted_continuation,5h,ACCEPTED_CONTINUATION_SETUP,SIZE_REDUCED,neutral,accepted_horizon_h1_20d;clean_breakout_context;entry_ref_present;stop_ref_present;execution_risk_above_normal_below_reject;size_reduced;regime_neutral,33.44,30.674714285714288,1.0842857142857139,next_open,2.5503293807641607,,,,9.37,-8.27,0.00,20,,
SIZE_REDUCED,AKBNK,mb_scanner,mb_1d__above_mb_birth,accepted_continuation,1d,ACCEPTED_CONTINUATION_SETUP,SIZE_REDUCED,neutral,accepted_horizon_h1_20d;clean_breakout_context;entry_ref_present;stop_ref_present;execution_risk_above_normal_below_reject;size_reduced;regime_neutral,72.6,63.558214285714286,3.139285714285714,next_open,2.8802047781569953,,,SIL_DEEP,4.11,-10.25,0.00,3,,
SIZE_REDUCED,AKBNK,mb_scanner,mb_1d__above_mb_birth,accepted_continuation,1d,ACCEPTED_CONTINUATION_SETUP,SIZE_REDUCED,neutral,accepted_horizon_h1_20d;clean_breakout_context;entry_ref_present;stop_ref_present;execution_risk_above_normal_below_reject;size_reduced;regime_neutral,72.6,65.15821428571428,3.139285714285714,next_open,2.370534698521047,,,SIL_DEEP,4.11,-10.25,0.00,3,,
SIZE_REDUCED,ALBRK,mb_scanner,bb_5h__above_mb_birth,continuation,5h,CONTINUATION_SETUP,SIZE_REDUCED,neutral,clean_breakout_context;entry_ref_present;stop_ref_present;execution_risk_above_normal_below_reject;size_reduced;regime_neutral,8.47,7.832714285714286,0.2242857142857142,next_open,2.841401273885352,,,,2.37,-7.52,0.02,11,,
SIZE_REDUCED,ALBRK,mb_scanner,mb_1d__above_mb_birth,accepted_continuation,1d,ACCEPTED_CONTINUATION_SETUP,SIZE_REDUCED,neutral,accepted_horizon_h1_20d;clean_breakout_context;entry_ref_present;stop_ref_present;execution_risk_above_normal_below_reject;size_reduced;regime_neutral,8.7,7.800571428571429,0.33142857142857124,next_open,2.7137931034482747,,,SIL_DEEP,5.48,-10.34,0.04,8,,
SIZE_REDUCED,ALBRK,mb_scanner,mb_5h__above_mb_birth,accepted_continuation,5h,ACCEPTED_CONTINUATION_SETUP,SIZE_REDUCED,neutral,accepted_horizon_h1_20d;clean_breakout_context;entry_ref_present;stop_ref_present;execution_risk_above_normal_below_reject;size_reduced;regime_neutral,8.47,7.942714285714286,0.2242857142857142,next_open,2.350955414012743,,,,8.52,-6.23,0.03,15,,
SIZE_REDUCED,ALKLC,mb_scanner,bb_5h__above_mb_birth,continuation,5h,CONTINUATION_SETUP,SIZE_REDUCED,neutral,clean_breakout_context;entry_ref_present;stop_ref_present;execution_risk_above_normal_below_reject;size_reduced;regime_neutral,348.0,312.98571428571427,16.714285714285715,next_open,2.094871794871796,,,SIL_DEEP,6.24,-10.06,0.06,6,,
SIZE_REDUCED,ATEKS,mb_scanner,bb_1d__above_mb_birth,continuation,1d,CONTINUATION_SETUP,SIZE_REDUCED,neutral,clean_breakout_context;entry_ref_present;stop_ref_present;execution_risk_above_normal_below_reject;size_reduced;regime_neutral,98.0,91.22964285714286,2.567857142857143,next_open,2.6365785813630014,,,,6.46,-3.66,0.08,11,,
SIZE_REDUCED,ATSYH,mb_scanner,mb_1w__above_mb_birth,continuation,1w,CONTINUATION_SETUP,SIZE_REDUCED,neutral,clean_breakout_context;entry_ref_present;stop_ref_present;execution_risk_above_normal_below_reject;size_reduced;regime_neutral,85.0,67.69407142857143,7.6864285714285705,next_open,2.251491497072762,,,D_PCT_30PLUS;SIL_DEEP,58.57,-20.36,0.05,4,,
SIZE_REDUCED,BARMA,mb_scanner,mb_1w__above_mb_birth,continuation,1w,CONTINUATION_SETUP,SIZE_REDUCED,neutral,clean_breakout_context;entry_ref_present;stop_ref_present;execution_risk_above_normal_below_reject;size_reduced;regime_neutral,73.1,57.75257142857143,5.99142857142857,next_open,2.561564139246542,,,,28.78,-4.78,0.03,4,,
SIZE_REDUCED,BASCM,mb_scanner,mb_1w__above_mb_birth,continuation,1w,CONTINUATION_SETUP,SIZE_REDUCED,neutral,clean_breakout_context;entry_ref_present;stop_ref_present;execution_risk_above_normal_below_reject;size_reduced;regime_neutral,16.0,13.277000000000001,0.9099999999999999,next_open,2.9923076923076914,,,SIL_DEEP,18.36,-17.02,0.04,18,,
SIZE_REDUCED,BVSAN,mb_scanner,bb_1d__retest_bounce_first,retest,1d,RETEST_SETUP,SIZE_REDUCED,neutral,retest_confirmed;entry_ref_present;stop_ref_present;execution_risk_above_normal_below_reject;size_reduced;regime_neutral,127.0,111.11214285714286,7.292857142857142,next_open,2.1785504407443685,,,,,,,,,
SIZE_REDUCED,BVSAN,mb_scanner,mb_5h__above_mb_birth,accepted_continuation,5h,ACCEPTED_CONTINUATION_SETUP,SIZE_REDUCED,neutral,accepted_horizon_h1_20d;clean_breakout_context;entry_ref_present;stop_ref_present;execution_risk_above_normal_below_reject;size_reduced;regime_neutral,127.0,118.01214285714285,4.292857142857144,next_open,2.0936772046589036,,,,2.54,-7.08,0.00,5,,
SIZE_REDUCED,CCOLA,mb_scanner,mb_1w__retest_bounce_first,retest,1w,RETEST_SETUP,SIZE_REDUCED,neutral,retest_confirmed;entry_ref_present;stop_ref_present;execution_risk_above_normal_below_reject;size_reduced;regime_neutral,82.5,64.505,6.650000000000001,next_open,2.706015037593985,,,,,,,,,
SIZE_REDUCED,CEMZY,mb_scanner,mb_5h__above_mb_birth,accepted_continuation,5h,ACCEPTED_CONTINUATION_SETUP,SIZE_REDUCED,neutral,accepted_horizon_h1_20d;clean_breakout_context;entry_ref_present;stop_ref_present;execution_risk_above_normal_below_reject;size_reduced;regime_neutral,14.0,12.847,0.5099999999999997,next_open,2.2607843137254924,,,,11.67,-8.24,0.04,21,,
SIZE_REDUCED,CLEBI,mb_scanner,bb_5h__above_mb_birth,continuation,5h,CONTINUATION_SETUP,SIZE_REDUCED,neutral,clean_breakout_context;entry_ref_present;stop_ref_present;execution_risk_above_normal_below_reject;size_reduced;regime_neutral,1660.0,1584.5714285714287,31.428571428571427,next_open,2.399999999999997,,,,0.92,-5.23,0.01,8,,
SIZE_REDUCED,DERIM,mb_scanner,bb_1w__retest_bounce_first,retest,1w,RETEST_SETUP,SIZE_REDUCED,neutral,retest_confirmed;entry_ref_present;stop_ref_present;execution_risk_above_normal_below_reject;size_reduced;regime_neutral,42.44,33.727000000000004,4.31,next_open,2.021577726218096,,,,,,,,,
SIZE_REDUCED,DMRGD,mb_scanner,bb_5h__above_mb_birth,continuation,5h,CONTINUATION_SETUP,SIZE_REDUCED,neutral,clean_breakout_context;entry_ref_present;stop_ref_present;execution_risk_above_normal_below_reject;size_reduced;regime_neutral,11.03,9.689857142857143,0.4671428571428571,next_open,2.86880733944954,,,SIL_DEEP,4.62,-12.15,0.03,7,,
SIZE_REDUCED,DMRGD,mb_scanner,mb_1d__above_mb_birth,accepted_continuation,1d,ACCEPTED_CONTINUATION_SETUP,SIZE_REDUCED,neutral,accepted_horizon_h1_20d;clean_breakout_context;entry_ref_present;stop_ref_present;execution_risk_above_normal_below_reject;size_reduced;regime_neutral,11.1,9.647714285714285,0.6742857142857143,next_open,2.153813559322035,,,D_PCT_30PLUS;SIL_DEEP,125.67,-13.08,0.07,7,,
SIZE_REDUCED,DOCO,mb_scanner,mb_1w__retest_bounce_first,retest,1w,RETEST_SETUP,SIZE_REDUCED,neutral,retest_confirmed;entry_ref_present;stop_ref_present;execution_risk_above_normal_below_reject;size_reduced;regime_neutral,10885.0,8885.875,988.75,next_open,2.0218710493046776,,,,,,,,,
SIZE_REDUCED,EDATA,mb_scanner,bb_5h__above_mb_birth,continuation,5h,CONTINUATION_SETUP,SIZE_REDUCED,neutral,clean_breakout_context;entry_ref_present;stop_ref_present;execution_risk_above_normal_below_reject;size_reduced;regime_neutral,18.56,16.231,0.9299999999999998,next_open,2.5043010752688146,,,SIL_DEEP,4.18,-19.18,0.00,13,,
SIZE_REDUCED,EKGYO,mb_scanner,bb_5h__above_mb_birth,continuation,5h,CONTINUATION_SETUP,SIZE_REDUCED,neutral,clean_breakout_context;entry_ref_present;stop_ref_present;execution_risk_above_normal_below_reject;size_reduced;regime_neutral,20.1,18.938928571428573,0.5035714285714283,next_open,2.30567375886525,,,,1.41,-5.78,0.01,7,,
SIZE_REDUCED,EKGYO,mb_scanner,mb_5h__retest_bounce_first,retest,5h,RETEST_SETUP,SIZE_REDUCED,neutral,retest_confirmed;entry_ref_present;stop_ref_present;execution_risk_above_normal_below_reject;size_reduced;regime_neutral,20.1,18.948928571428574,0.5035714285714283,next_open,2.2858156028368777,,,,,,,,,
SIZE_REDUCED,ENERY,mb_scanner,mb_1d__above_mb_birth,accepted_continuation,1d,ACCEPTED_CONTINUATION_SETUP,SIZE_REDUCED,neutral,accepted_horizon_h1_20d;clean_breakout_context;entry_ref_present;stop_ref_present;execution_risk_above_normal_below_reject;size_reduced;regime_neutral,9.46,8.490714285714285,0.36428571428571427,next_open,2.6607843137254954,,,SIL_DEEP,9.11,-11.62,0.02,8,,
SIZE_REDUCED,EPLAS,mb_scanner,bb_5h__retest_bounce_first,retest,5h,RETEST_SETUP,SIZE_REDUCED,neutral,retest_confirmed;entry_ref_present;stop_ref_present;execution_risk_above_normal_below_reject;size_reduced;regime_neutral,6.3,5.731285714285715,0.19571428571428573,next_open,2.9058394160583907,,,,,,,,,
SIZE_REDUCED,EPLAS,mb_scanner,mb_1d__above_mb_birth,accepted_continuation,1d,ACCEPTED_CONTINUATION_SETUP,SIZE_REDUCED,neutral,accepted_horizon_h1_20d;clean_breakout_context;entry_ref_present;stop_ref_present;execution_risk_above_normal_below_reject;size_reduced;regime_neutral,6.3,5.7275,0.27499999999999997,next_open,2.081818181818181,,,,9.21,-9.09,0.03,10,,
SIZE_REDUCED,EPLAS,mb_scanner,mb_5h__above_mb_birth,accepted_continuation,5h,ACCEPTED_CONTINUATION_SETUP,SIZE_REDUCED,neutral,accepted_horizon_h1_20d;clean_breakout_context;entry_ref_present;stop_ref_present;execution_risk_above_normal_below_reject;size_reduced;regime_neutral,6.3,5.881285714285715,0.19571428571428573,next_open,2.139416058394155,,,,9.75,-6.65,0.00,19,,
SIZE_REDUCED,ESCOM,mb_scanner,mb_1d__above_mb_birth,accepted_continuation,1d,ACCEPTED_CONTINUATION_SETUP,SIZE_REDUCED,neutral,accepted_horizon_h1_20d;clean_breakout_context;entry_ref_present;stop_ref_present;execution_risk_above_normal_below_reject;size_reduced;regime_neutral,5.68,4.8022857142857145,0.3257142857142856,next_open,2.694736842105262,,,SIL_DEEP,18.91,-15.45,0.01,8,,
SIZE_REDUCED,FADE,mb_scanner,mb_1d__retest_bounce_first,retest,1d,RETEST_SETUP,SIZE_REDUCED,neutral,retest_confirmed;entry_ref_present;stop_ref_present;execution_risk_above_normal_below_reject;size_reduced;regime_neutral,17.5,14.429857142857141,1.1671428571428575,next_open,2.630477356181151,,,,,,,,,
SIZE_REDUCED,FADE,mb_scanner,mb_1w__retest_bounce_first,retest,1w,RETEST_SETUP,SIZE_REDUCED,neutral,retest_confirmed;entry_ref_present;stop_ref_present;execution_risk_above_normal_below_reject;size_reduced;regime_neutral,17.5,13.244428571428571,1.618571428571429,next_open,2.629214474845542,,,,,,,,,
SIZE_REDUCED,FADE,mb_scanner,mb_5h__retest_bounce_first,retest,5h,RETEST_SETUP,SIZE_REDUCED,neutral,retest_confirmed;entry_ref_present;stop_ref_present;execution_risk_above_normal_below_reject;size_reduced;regime_neutral,17.23,15.413142857142857,0.8228571428571428,next_open,2.207986111111112,,,,,,,,,
SIZE_REDUCED,FADE,mb_scanner,mb_5h__retest_bounce_first,retest,5h,RETEST_SETUP,SIZE_REDUCED,neutral,retest_confirmed;entry_ref_present;stop_ref_present;execution_risk_above_normal_below_reject;size_reduced;regime_neutral,17.23,15.443142857142856,0.8228571428571428,next_open,2.1715277777777797,,,,,,,,,
SIZE_REDUCED,FRMPL,mb_scanner,bb_1d__retest_bounce_first,retest,1d,RETEST_SETUP,SIZE_REDUCED,neutral,retest_confirmed;entry_ref_present;stop_ref_present;execution_risk_above_normal_below_reject;size_reduced;regime_neutral,44.98,36.64642857142857,3.1785714285714275,next_open,2.6217977528089884,,,,,,,,,
SIZE_REDUCED,FRMPL,mb_scanner,mb_1d__above_mb_birth,accepted_continuation,1d,ACCEPTED_CONTINUATION_SETUP,SIZE_REDUCED,neutral,accepted_horizon_h1_20d;clean_breakout_context;entry_ref_present;stop_ref_present;execution_risk_above_normal_below_reject;size_reduced;regime_neutral,44.98,38.30642857142857,3.1785714285714275,next_open,2.0995505617977535,,,SIL_DEEP,20.20,-14.84,0.04,8,,
SIZE_REDUCED,FZLGY,mb_scanner,mb_1w__above_mb_birth,continuation,1w,CONTINUATION_SETUP,SIZE_REDUCED,neutral,clean_breakout_context;entry_ref_present;stop_ref_present;execution_risk_above_normal_below_reject;size_reduced;regime_neutral,17.95,12.644928571428572,2.2835714285714284,next_open,2.323146700031279,,,D_PCT_30PLUS;SIL_DEEP,48.09,-29.55,0.25,10,,
SIZE_REDUCED,GARAN,mb_scanner,mb_5h__above_mb_birth,accepted_continuation,5h,ACCEPTED_CONTINUATION_SETUP,SIZE_REDUCED,neutral,accepted_horizon_h1_20d;clean_breakout_context;entry_ref_present;stop_ref_present;execution_risk_above_normal_below_reject;size_reduced;regime_neutral,137.3,127.08785714285713,3.7071428571428595,next_open,2.754720616570332,,,,4.40,-7.44,0.01,6,,
SIZE_REDUCED,GLYHO,mb_scanner,mb_5h__above_mb_birth,accepted_continuation,5h,ACCEPTED_CONTINUATION_SETUP,SIZE_REDUCED,neutral,accepted_horizon_h1_20d;clean_breakout_context;entry_ref_present;stop_ref_present;execution_risk_above_normal_below_reject;size_reduced;regime_neutral,16.14,15.234285714285713,0.3857142857142861,next_open,2.3481481481481503,,,,4.45,-5.61,0.01,7,,
SIZE_REDUCED,GOKNR,mb_scanner,mb_1d__retest_bounce_first,retest,1d,RETEST_SETUP,SIZE_REDUCED,neutral,retest_confirmed;entry_ref_present;stop_ref_present;execution_risk_above_normal_below_reject;size_reduced;regime_neutral,26.86,23.104285714285712,1.3857142857142857,next_open,2.7103092783505165,,,,,,,,,
SIZE_REDUCED,GOKNR,mb_scanner,mb_1w__retest_bounce_first,retest,1w,RETEST_SETUP,SIZE_REDUCED,neutral,retest_confirmed;entry_ref_present;stop_ref_present;execution_risk_above_normal_below_reject;size_reduced;regime_neutral,26.86,21.861714285714285,2.1942857142857144,next_open,2.2778645833333333,,,,,,,,,
SIZE_REDUCED,GZNMI,mb_scanner,mb_1d__retest_bounce_first,retest,1d,RETEST_SETUP,SIZE_REDUCED,neutral,retest_confirmed;entry_ref_present;stop_ref_present;execution_risk_above_normal_below_reject;size_reduced;regime_neutral,68.85,54.481428571428566,5.228571428571428,next_open,2.7480874316939894,,,,,,,,,
SIZE_REDUCED,INFO,mb_scanner,mb_1d__above_mb_birth,accepted_continuation,1d,ACCEPTED_CONTINUATION_SETUP,SIZE_REDUCED,neutral,accepted_horizon_h1_20d;clean_breakout_context;entry_ref_present;stop_ref_present;execution_risk_above_normal_below_reject;size_reduced;regime_neutral,4.01,3.5355,0.21500000000000002,next_open,2.2069767441860457,,,SIL_DEEP,13.41,-10.72,0.02,8,,
SIZE_REDUCED,INFO,mb_scanner,mb_5h__above_mb_birth,accepted_continuation,5h,ACCEPTED_CONTINUATION_SETUP,SIZE_REDUCED,neutral,accepted_horizon_h1_20d;clean_breakout_context;entry_ref_present;stop_ref_present;execution_risk_above_normal_below_reject;size_reduced;regime_neutral,4.11,3.7739285714285713,0.1535714285714286,next_open,2.188372093023258,,,,22.96,-8.18,0.01,38,,
SIZE_REDUCED,KAPLM,mb_scanner,bb_1d__above_mb_birth,continuation,1d,CONTINUATION_SETUP,SIZE_REDUCED,neutral,clean_breakout_context;entry_ref_present;stop_ref_present;execution_risk_above_normal_below_reject;size_reduced;regime_neutral,663.0,521.9428571428572,51.857142857142854,next_open,2.720110192837465,,,SIL_DEEP,5.80,-21.28,0.05,17,,
SIZE_REDUCED,KCAER,mb_scanner,mb_5h__above_mb_birth,accepted_continuation,5h,ACCEPTED_CONTINUATION_SETUP,SIZE_REDUCED,neutral,accepted_horizon_h1_20d;clean_breakout_context;entry_ref_present;stop_ref_present;execution_risk_above_normal_below_reject;size_reduced;regime_neutral,15.21,13.902928571428571,0.6235714285714286,next_open,2.096105383734251,,,,11.96,-8.59,0.04,7,,
SIZE_REDUCED,KERVN,mb_scanner,mb_1w__above_mb_birth,continuation,1w,CONTINUATION_SETUP,SIZE_REDUCED,neutral,clean_breakout_context;entry_ref_present;stop_ref_present;execution_risk_above_normal_below_reject;size_reduced;regime_neutral,6.2,4.569214285714286,0.7692857142857144,next_open,2.119870009285051,,,D_PCT_30PLUS;SIL_DEEP,34.38,-21.22,0.01,4,,
SIZE_REDUCED,KIMMR,mb_scanner,bb_5h__above_mb_birth,continuation,5h,CONTINUATION_SETUP,SIZE_REDUCED,neutral,clean_breakout_context;entry_ref_present;stop_ref_present;execution_risk_above_normal_below_reject;size_reduced;regime_neutral,17.13,16.240142857142857,0.432857142857143,next_open,2.0557755775577538,,,,2.19,-5.19,0.01,5,,
SIZE_REDUCED,KLSYN,mb_scanner,bb_5h__above_mb_birth,continuation,5h,CONTINUATION_SETUP,SIZE_REDUCED,neutral,clean_breakout_context;entry_ref_present;stop_ref_present;execution_risk_above_normal_below_reject;size_reduced;regime_neutral,14.4,13.211142857142859,0.5628571428571432,next_open,2.112182741116748,,,WEEKLY_BIRTH_ACTIVE,3.98,-8.26,0.02,4,mb_1w,
SIZE_REDUCED,KRDMD,mb_scanner,bb_5h__above_mb_birth,continuation,5h,CONTINUATION_SETUP,SIZE_REDUCED,neutral,clean_breakout_context;entry_ref_present;stop_ref_present;execution_risk_above_normal_below_reject;size_reduced;regime_neutral,40.4,37.70242857142857,1.2585714285714293,next_open,2.1433598183881943,,,,1.09,-6.68,0.00,5,,
SIZE_REDUCED,KZBGY,mb_scanner,mb_1d__above_mb_birth,accepted_continuation,1d,ACCEPTED_CONTINUATION_SETUP,SIZE_REDUCED,neutral,accepted_horizon_h1_20d;clean_breakout_context;entry_ref_present;stop_ref_present;execution_risk_above_normal_below_reject;size_reduced;regime_neutral,3.24,2.815571428571429,0.1814285714285714,next_open,2.3393700787401572,,,SIL_DEEP,13.07,-13.10,0.08,11,,
SIZE_REDUCED,KZBGY,mb_scanner,mb_5h__above_mb_birth,accepted_continuation,5h,ACCEPTED_CONTINUATION_SETUP,SIZE_REDUCED,neutral,accepted_horizon_h1_20d;clean_breakout_context;entry_ref_present;stop_ref_present;execution_risk_above_normal_below_reject;size_reduced;regime_neutral,3.24,2.9161428571428574,0.11285714285714286,next_open,2.8696202531645567,,,,13.07,-10.00,0.01,21,,
SIZE_REDUCED,LILAK,mb_scanner,bb_5h__above_mb_birth,continuation,5h,CONTINUATION_SETUP,SIZE_REDUCED,neutral,clean_breakout_context;entry_ref_present;stop_ref_present;execution_risk_above_normal_below_reject;size_reduced;regime_neutral,36.5,33.99771428571428,0.8742857142857139,next_open,2.8620915032679806,,,,3.69,-6.86,0.00,16,,
SIZE_REDUCED,LUKSK,mb_scanner,bb_1d__retest_bounce_first,retest,1d,RETEST_SETUP,SIZE_REDUCED,neutral,retest_confirmed;entry_ref_present;stop_ref_present;execution_risk_above_normal_below_reject;size_reduced;regime_neutral,103.9,90.44928571428571,6.335714285714287,next_open,2.1229988726042857,,,,,,,,,
SIZE_REDUCED,LUKSK,mb_scanner,bb_5h__retest_bounce_first,retest,5h,RETEST_SETUP,SIZE_REDUCED,neutral,retest_confirmed;entry_ref_present;stop_ref_present;execution_risk_above_normal_below_reject;size_reduced;regime_neutral,103.9,93.21178571428572,3.9607142857142867,next_open,2.6985572587917024,,,,,,,,,
SIZE_REDUCED,LUKSK,mb_scanner,bb_5h__retest_bounce_first,retest,5h,RETEST_SETUP,SIZE_REDUCED,neutral,retest_confirmed;entry_ref_present;stop_ref_present;execution_risk_above_normal_below_reject;size_reduced;regime_neutral,103.9,93.51178571428572,3.9607142857142867,next_open,2.6228133453561755,,,,,,,,,
SIZE_REDUCED,LUKSK,mb_scanner,mb_5h__retest_bounce_first,retest,5h,RETEST_SETUP,SIZE_REDUCED,neutral,retest_confirmed;entry_ref_present;stop_ref_present;execution_risk_above_normal_below_reject;size_reduced;regime_neutral,103.9,93.51178571428572,3.9607142857142867,next_open,2.6228133453561755,,,,,,,,,
SIZE_REDUCED,MEPET,mb_scanner,bb_1d__above_mb_birth,continuation,1d,CONTINUATION_SETUP,SIZE_REDUCED,neutral,clean_breakout_context;entry_ref_present;stop_ref_present;execution_risk_above_normal_below_reject;size_reduced;regime_neutral,29.12,24.054928571428572,2.083571428571429,next_open,2.4309564621186146,,,SIL_DEEP,9.63,-17.39,0.03,45,,
SIZE_REDUCED,MEPET,mb_scanner,mb_1w__above_mb_birth,continuation,1w,CONTINUATION_SETUP,SIZE_REDUCED,neutral,clean_breakout_context;entry_ref_present;stop_ref_present;execution_risk_above_normal_below_reject;size_reduced;regime_neutral,29.12,20.3675,3.7749999999999995,next_open,2.3185430463576164,,,D_PCT_30PLUS;SIL_DEEP,94.53,-30.06,0.01,11,,
SIZE_REDUCED,MEPET,mb_scanner,mb_5h__above_mb_birth,accepted_continuation,5h,ACCEPTED_CONTINUATION_SETUP,SIZE_REDUCED,neutral,accepted_horizon_h1_20d;clean_breakout_context;entry_ref_present;stop_ref_present;execution_risk_above_normal_below_reject;size_reduced;regime_neutral,29.12,25.37142857142857,1.6285714285714286,next_open,2.3017543859649137,,,SIL_DEEP,8.97,-12.87,0.02,6,,
SIZE_REDUCED,MEPET,mb_scanner,mb_5h__retest_bounce_first,retest,5h,RETEST_SETUP,SIZE_REDUCED,neutral,retest_confirmed;entry_ref_present;stop_ref_present;execution_risk_above_normal_below_reject;size_reduced;regime_neutral,29.12,24.47142857142857,1.6285714285714286,next_open,2.8543859649122814,,,,,,,,,
SIZE_REDUCED,MTRKS,mb_scanner,mb_1d__above_mb_birth,accepted_continuation,1d,ACCEPTED_CONTINUATION_SETUP,SIZE_REDUCED,neutral,accepted_horizon_h1_20d;clean_breakout_context;entry_ref_present;stop_ref_present;execution_risk_above_normal_below_reject;size_reduced;regime_neutral,29.38,25.26314285714286,1.7228571428571429,next_open,2.389552238805968,,,SIL_DEEP;WEEKLY_BIRTH_ACTIVE,26.54,-14.01,0.04,8,bb_1w,
SIZE_REDUCED,MTRKS,mb_scanner,mb_5h__above_mb_birth,accepted_continuation,5h,ACCEPTED_CONTINUATION_SETUP,SIZE_REDUCED,neutral,accepted_horizon_h1_20d;clean_breakout_context;entry_ref_present;stop_ref_present;execution_risk_above_normal_below_reject;size_reduced;regime_neutral,29.38,26.89542857142857,1.148571428571429,next_open,2.1631840796019888,,,WEEKLY_BIRTH_ACTIVE,19.90,-8.46,0.01,16,bb_1w,
SIZE_REDUCED,OBASE,mb_scanner,bb_5h__retest_bounce_first,retest,5h,RETEST_SETUP,SIZE_REDUCED,neutral,retest_confirmed;entry_ref_present;stop_ref_present;execution_risk_above_normal_below_reject;size_reduced;regime_neutral,39.72,34.17371428571428,1.9542857142857133,next_open,2.838011695906435,,,,,,,,,
SIZE_REDUCED,ORGE,mb_scanner,mb_5h__retest_bounce_first,retest,5h,RETEST_SETUP,SIZE_REDUCED,neutral,retest_confirmed;entry_ref_present;stop_ref_present;execution_risk_above_normal_below_reject;size_reduced;regime_neutral,109.0,95.64214285714286,4.692857142857144,next_open,2.8464231354642306,,,,,,,,,
SIZE_REDUCED,OTTO,mb_scanner,bb_5h__above_mb_birth,continuation,5h,CONTINUATION_SETUP,SIZE_REDUCED,neutral,clean_breakout_context;entry_ref_present;stop_ref_present;execution_risk_above_normal_below_reject;size_reduced;regime_neutral,216.4,195.34785714285715,10.507142857142863,next_open,2.003602991162473,,,,4.26,-9.73,0.04,7,,
SIZE_REDUCED,OTTO,mb_scanner,mb_5h__above_mb_birth,accepted_continuation,5h,ACCEPTED_CONTINUATION_SETUP,SIZE_REDUCED,neutral,accepted_horizon_h1_20d;clean_breakout_context;entry_ref_present;stop_ref_present;execution_risk_above_normal_below_reject;size_reduced;regime_neutral,218.9,197.9457142857143,9.514285714285721,next_open,2.2024024024023996,,,,5.44,-8.53,0.00,5,,
SIZE_REDUCED,OYAKC,mb_scanner,bb_5h__retest_bounce_first,retest,5h,RETEST_SETUP,SIZE_REDUCED,neutral,retest_confirmed;entry_ref_present;stop_ref_present;execution_risk_above_normal_below_reject;size_reduced;regime_neutral,21.3,20.324571428571428,0.4514285714285712,next_open,2.1607594936708905,,,,,,,,,
SIZE_REDUCED,OYAKC,mb_scanner,mb_5h__retest_bounce_first,retest,5h,RETEST_SETUP,SIZE_REDUCED,neutral,retest_confirmed;entry_ref_present;stop_ref_present;execution_risk_above_normal_below_reject;size_reduced;regime_neutral,21.3,20.364571428571427,0.4514285714285712,next_open,2.0721518987341834,,,,,,,,,
SIZE_REDUCED,OZKGY,mb_scanner,bb_1w__above_mb_birth,continuation,1w,CONTINUATION_SETUP,SIZE_REDUCED,neutral,clean_breakout_context;entry_ref_present;stop_ref_present;execution_risk_above_normal_below_reject;size_reduced;regime_neutral,14.25,11.939071428571427,1.1364285714285711,next_open,2.0335009428032698,,,SIL_DEEP,8.17,-16.22,0.04,10,,
SIZE_REDUCED,PGSUS,mb_scanner,bb_5h__above_mb_birth,continuation,5h,CONTINUATION_SETUP,SIZE_REDUCED,neutral,clean_breakout_context;entry_ref_present;stop_ref_present;execution_risk_above_normal_below_reject;size_reduced;regime_neutral,172.0,164.56785714285715,3.107142857142859,next_open,2.391954022988502,,,,1.07,-4.71,0.01,8,,
SIZE_REDUCED,REEDR,mb_scanner,mb_5h__retest_bounce_first,retest,5h,RETEST_SETUP,SIZE_REDUCED,neutral,retest_confirmed;entry_ref_present;stop_ref_present;execution_risk_above_normal_below_reject;size_reduced;regime_neutral,7.83,7.149357142857143,0.3021428571428571,next_open,2.2527186761229308,,,,,,,,,
SIZE_REDUCED,RGYAS,mb_scanner,mb_5h__above_mb_birth,accepted_continuation,5h,ACCEPTED_CONTINUATION_SETUP,SIZE_REDUCED,neutral,accepted_horizon_h1_20d;clean_breakout_context;entry_ref_present;stop_ref_present;execution_risk_above_normal_below_reject;size_reduced;regime_neutral,205.5,192.25642857142856,4.478571428571428,next_open,2.95709728867624,,,,14.90,-6.44,0.04,34,,
SIZE_REDUCED,RGYAS,mb_scanner,mb_5h__retest_bounce_first,retest,5h,RETEST_SETUP,SIZE_REDUCED,neutral,retest_confirmed;entry_ref_present;stop_ref_present;execution_risk_above_normal_below_reject;size_reduced;regime_neutral,205.5,195.65642857142856,4.478571428571428,next_open,2.1979266347687423,,,,,,,,,
SIZE_REDUCED,SAHOL,mb_scanner,bb_1d__above_mb_birth,continuation,1d,CONTINUATION_SETUP,SIZE_REDUCED,neutral,clean_breakout_context;entry_ref_present;stop_ref_present;execution_risk_above_normal_below_reject;size_reduced;regime_neutral,95.95,86.24178571428571,3.3607142857142875,next_open,2.8887353878852284,,,SIL_DEEP,0.68,-10.12,0.00,17,,
SIZE_REDUCED,SAHOL,mb_scanner,mb_1d__above_mb_birth,accepted_continuation,1d,ACCEPTED_CONTINUATION_SETUP,SIZE_REDUCED,neutral,accepted_horizon_h1_20d;clean_breakout_context;entry_ref_present;stop_ref_present;execution_risk_above_normal_below_reject;size_reduced;regime_neutral,95.95,88.99178571428571,3.3607142857142875,next_open,2.070456960680128,,,,6.93,-7.25,0.02,8,,
SIZE_REDUCED,SAHOL,mb_scanner,mb_5h__above_mb_birth,accepted_continuation,5h,ACCEPTED_CONTINUATION_SETUP,SIZE_REDUCED,neutral,accepted_horizon_h1_20d;clean_breakout_context;entry_ref_present;stop_ref_present;execution_risk_above_normal_below_reject;size_reduced;regime_neutral,96.0,90.34892857142857,2.0035714285714303,next_open,2.8204991087343996,,,,2.83,-5.89,0.01,6,,
SIZE_REDUCED,SANFM,mb_scanner,mb_5h__above_mb_birth,accepted_continuation,5h,ACCEPTED_CONTINUATION_SETUP,SIZE_REDUCED,neutral,accepted_horizon_h1_20d;clean_breakout_context;entry_ref_present;stop_ref_present;execution_risk_above_normal_below_reject;size_reduced;regime_neutral,10.67,9.406714285714285,0.5442857142857143,next_open,2.320997375328085,,,SIL_DEEP,5.43,-10.62,0.05,4,,
SIZE_REDUCED,SANFM,mb_scanner,mb_5h__above_mb_birth,accepted_continuation,5h,ACCEPTED_CONTINUATION_SETUP,SIZE_REDUCED,neutral,accepted_horizon_h1_20d;clean_breakout_context;entry_ref_present;stop_ref_present;execution_risk_above_normal_below_reject;size_reduced;regime_neutral,10.67,9.536714285714284,0.5442857142857143,next_open,2.0821522309711313,,,SIL_DEEP,5.43,-10.62,0.05,4,,
SIZE_REDUCED,SKBNK,mb_scanner,mb_1d__above_mb_birth,accepted_continuation,1d,ACCEPTED_CONTINUATION_SETUP,SIZE_REDUCED,neutral,accepted_horizon_h1_20d;clean_breakout_context;entry_ref_present;stop_ref_present;execution_risk_above_normal_below_reject;size_reduced;regime_neutral,13.95,12.661928571428572,0.5935714285714283,next_open,2.170036101083032,,,,6.70,-9.23,0.06,12,,
SIZE_REDUCED,SKTAS,mb_scanner,mb_1d__retest_bounce_first,retest,1d,RETEST_SETUP,SIZE_REDUCED,neutral,retest_confirmed;entry_ref_present;stop_ref_present;execution_risk_above_normal_below_reject;size_reduced;regime_neutral,3.42,2.9883571428571427,0.1721428571428571,next_open,2.507468879668051,,,,,,,,,
SIZE_REDUCED,SKTAS,mb_scanner,mb_5h__retest_bounce_first,retest,5h,RETEST_SETUP,SIZE_REDUCED,neutral,retest_confirmed;entry_ref_present;stop_ref_present;execution_risk_above_normal_below_reject;size_reduced;regime_neutral,3.42,3.1785,0.10499999999999995,next_open,2.2999999999999994,,,,,,,,,
SIZE_REDUCED,SURGY,mb_scanner,mb_1w__above_mb_birth,continuation,1w,CONTINUATION_SETUP,SIZE_REDUCED,neutral,clean_breakout_context;entry_ref_present;stop_ref_present;execution_risk_above_normal_below_reject;size_reduced;regime_neutral,74.75,51.75607142857143,8.14642857142857,next_open,2.822577816747041,,,D_PCT_30PLUS;SIL_DEEP,79.94,-30.76,0.13,14,,
SIZE_REDUCED,TATEN,mb_scanner,bb_5h__above_mb_birth,continuation,5h,CONTINUATION_SETUP,SIZE_REDUCED,neutral,clean_breakout_context;entry_ref_present;stop_ref_present;execution_risk_above_normal_below_reject;size_reduced;regime_neutral,14.78,13.14257142857143,0.5914285714285715,next_open,2.7685990338164226,,,SIL_DEEP,2.68,-11.08,0.03,10,,
SIZE_REDUCED,TAVHL,mb_scanner,mb_1d__above_mb_birth,accepted_continuation,1d,ACCEPTED_CONTINUATION_SETUP,SIZE_REDUCED,neutral,accepted_horizon_h1_20d;clean_breakout_context;entry_ref_present;stop_ref_present;execution_risk_above_normal_below_reject;size_reduced;regime_neutral,275.0,250.715,10.950000000000001,next_open,2.2178082191780817,,,,5.46,-8.83,0.01,8,,
SIZE_REDUCED,TCELL,mb_scanner,bb_5h__above_mb_birth,continuation,5h,CONTINUATION_SETUP,SIZE_REDUCED,neutral,clean_breakout_context;entry_ref_present;stop_ref_present;execution_risk_above_normal_below_reject;size_reduced;regime_neutral,110.7,104.03714285714285,2.5428571428571445,next_open,2.6202247191011243,,,,3.04,-6.20,0.00,6,,
SIZE_REDUCED,TCELL,mb_scanner,bb_5h__above_mb_birth,continuation,5h,CONTINUATION_SETUP,SIZE_REDUCED,neutral,clean_breakout_context;entry_ref_present;stop_ref_present;execution_risk_above_normal_below_reject;size_reduced;regime_neutral,110.7,103.83714285714285,2.5428571428571445,next_open,2.698876404494384,,,,3.04,-6.20,0.00,6,,
SIZE_REDUCED,TCELL,mb_scanner,mb_5h__above_mb_birth,accepted_continuation,5h,ACCEPTED_CONTINUATION_SETUP,SIZE_REDUCED,neutral,accepted_horizon_h1_20d;clean_breakout_context;entry_ref_present;stop_ref_present;execution_risk_above_normal_below_reject;size_reduced;regime_neutral,110.7,104.03714285714285,2.5428571428571445,next_open,2.6202247191011243,,,,7.43,-6.02,0.03,15,,
SIZE_REDUCED,TCELL,mb_scanner,mb_5h__retest_bounce_first,retest,5h,RETEST_SETUP,SIZE_REDUCED,neutral,retest_confirmed;entry_ref_present;stop_ref_present;execution_risk_above_normal_below_reject;size_reduced;regime_neutral,110.7,104.33714285714285,2.5428571428571445,next_open,2.502247191011238,,,,,,,,,
SIZE_REDUCED,TLMAN,mb_scanner,mb_1d__retest_bounce_first,retest,1d,RETEST_SETUP,SIZE_REDUCED,neutral,retest_confirmed;entry_ref_present;stop_ref_present;execution_risk_above_normal_below_reject;size_reduced;regime_neutral,100.3,88.5925,5.525000000000001,next_open,2.1190045248868765,,,,,,,,,
SIZE_REDUCED,TSKB,mb_scanner,bb_5h__above_mb_birth,continuation,5h,CONTINUATION_SETUP,SIZE_REDUCED,neutral,clean_breakout_context;entry_ref_present;stop_ref_present;execution_risk_above_normal_below_reject;size_reduced;regime_neutral,11.95,11.41607142857143,0.24642857142857139,next_open,2.1666666666666603,,,,0.96,-4.73,0.01,4,,
SIZE_REDUCED,TTKOM,mb_scanner,mb_1w__retest_bounce_first,retest,1w,RETEST_SETUP,SIZE_REDUCED,neutral,retest_confirmed;entry_ref_present;stop_ref_present;execution_risk_above_normal_below_reject;size_reduced;regime_neutral,64.1,53.17107142857143,5.096428571428572,next_open,2.144428871758933,,,,,,,,,
SIZE_REDUCED,VAKBN,mb_scanner,bb_5h__retest_bounce_first,retest,5h,RETEST_SETUP,SIZE_REDUCED,neutral,retest_confirmed;entry_ref_present;stop_ref_present;execution_risk_above_normal_below_reject;size_reduced;regime_neutral,33.38,30.47342857142857,1.0885714285714292,next_open,2.670078740157482,,,,,,,,,
SIZE_REDUCED,VERTU,mb_scanner,bb_5h__above_mb_birth,continuation,5h,CONTINUATION_SETUP,SIZE_REDUCED,neutral,clean_breakout_context;entry_ref_present;stop_ref_present;execution_risk_above_normal_below_reject;size_reduced;regime_neutral,40.0,37.387571428571434,1.0414285714285707,next_open,2.5085048010973905,,,,1.54,-6.53,0.01,3,,
SIZE_REDUCED,YKBNK,mb_scanner,mb_1d__above_mb_birth,accepted_continuation,1d,ACCEPTED_CONTINUATION_SETUP,SIZE_REDUCED,neutral,accepted_horizon_h1_20d;clean_breakout_context;entry_ref_present;stop_ref_present;execution_risk_above_normal_below_reject;size_reduced;regime_neutral,38.1,34.28142857142857,1.7285714285714293,next_open,2.2090909090909094,,,SIL_DEEP,5.77,-10.02,0.01,3,,
WAIT_BETTER_ENTRY,AGESA,mb_scanner,bb_1d__above_mb_birth,continuation,1d,CONTINUATION_SETUP,WAIT_BETTER_ENTRY,neutral,clean_breakout_context;entry_ref_present;stop_ref_present;execution_risk_too_wide;wait_better_entry;regime_neutral,250.25,225.98749999999998,7.37500000000001,next_open,3.2898305084745743,,,,7.45,-9.70,0.01,20,,
WAIT_BETTER_ENTRY,AGESA,mb_scanner,bb_5h__retest_bounce_first,retest,5h,RETEST_SETUP,WAIT_BETTER_ENTRY,neutral,retest_confirmed;entry_ref_present;stop_ref_present;execution_risk_too_wide;wait_better_entry;regime_neutral,250.25,226.21464285714285,5.617857142857147,next_open,4.278385251112522,,,,,,,,,
WAIT_BETTER_ENTRY,AHGAZ,nyxexpansion,nyxexpansion__triggerA,trigger,1d,TRIGGERED_SETUP,WAIT_BETTER_ENTRY,neutral,clean_breakout_context;entry_ref_present;stop_ref_present;execution_risk_too_wide;wait_better_entry;regime_neutral,33.060001373291016,23.0,1.3600000653948103,next_open,7.397059477618908,,,,,,,,,
WAIT_BETTER_ENTRY,AKBNK,mb_scanner,mb_5h__above_mb_birth,accepted_continuation,5h,ACCEPTED_CONTINUATION_SETUP,WAIT_BETTER_ENTRY,neutral,accepted_horizon_h1_20d;clean_breakout_context;entry_ref_present;stop_ref_present;execution_risk_too_wide;wait_better_entry;regime_neutral,72.3,65.49785714285714,2.0071428571428576,next_open,3.388967971530247,,,,4.88,-9.41,0.01,6,,
WAIT_BETTER_ENTRY,ALARK,nyxexpansion,nyxexpansion__triggerA,trigger,1d,TRIGGERED_SETUP,WAIT_BETTER_ENTRY,neutral,clean_breakout_context;entry_ref_present;stop_ref_present;execution_risk_too_wide;wait_better_entry;regime_neutral,111.30000305175781,90.94999694824219,3.774999346051897,next_open,5.390731027489789,,,,,,,,,
WAIT_BETTER_ENTRY,ATSYH,nyxexpansion,nyxexpansion__triggerA,trigger,1d,TRIGGERED_SETUP,WAIT_BETTER_ENTRY,neutral,clean_breakout_context;entry_ref_present;stop_ref_present;execution_risk_too_wide;wait_better_entry;regime_neutral,85.0,51.0,3.9935711451939175,next_open,8.51368330846377,,,,,,,,,
WAIT_BETTER_ENTRY,AVGYO,nyxexpansion,nyxexpansion__triggerA,trigger,1d,TRIGGERED_SETUP,WAIT_BETTER_ENTRY,neutral,clean_breakout_context;entry_ref_present;stop_ref_present;execution_risk_too_wide;wait_better_entry;regime_neutral,14.779999732971191,11.890000343322754,0.7114285060337612,next_open,4.0622485114636255,,,,,,,,,
WAIT_BETTER_ENTRY,BARMA,nyxexpansion,nyxexpansion__triggerA,trigger,1d,TRIGGERED_SETUP,WAIT_BETTER_ENTRY,neutral,clean_breakout_context;entry_ref_present;stop_ref_present;execution_risk_too_wide;wait_better_entry;regime_neutral,72.44999694824219,52.900001525878906,2.956428255353655,next_open,6.612707542272039,,,,,,,,,
WAIT_BETTER_ENTRY,BRKO,mb_scanner,bb_1d__above_mb_birth,continuation,1d,CONTINUATION_SETUP,WAIT_BETTER_ENTRY,neutral,clean_breakout_context;entry_ref_present;stop_ref_present;execution_risk_too_wide;wait_better_entry;regime_neutral,13.75,9.949357142857144,0.6021428571428572,next_open,6.311862396204031,,,SIL_DEEP,8.06,-27.64,0.02,20,,
WAIT_BETTER_ENTRY,BRKO,mb_scanner,bb_5h__above_mb_birth,continuation,5h,CONTINUATION_SETUP,WAIT_BETTER_ENTRY,neutral,clean_breakout_context;entry_ref_present;stop_ref_present;execution_risk_too_wide;wait_better_entry;regime_neutral,13.75,10.016428571428571,0.3785714285714287,next_open,9.862264150943393,,,SIL_DEEP,2.36,-27.15,0.00,43,,
WAIT_BETTER_ENTRY,BVSAN,mb_scanner,bb_5h__retest_bounce_first,retest,5h,RETEST_SETUP,WAIT_BETTER_ENTRY,neutral,retest_confirmed;entry_ref_present;stop_ref_present;execution_risk_too_wide;wait_better_entry;regime_neutral,127.0,112.01214285714285,4.292857142857144,next_open,3.491347753743762,,,,,,,,,
WAIT_BETTER_ENTRY,BVSAN,nyxexpansion,nyxexpansion__triggerA,trigger,1d,TRIGGERED_SETUP,WAIT_BETTER_ENTRY,neutral,clean_breakout_context;entry_ref_present;stop_ref_present;execution_risk_too_wide;wait_better_entry;regime_neutral,125.9000015258789,109.69999694824219,4.571428571428571,next_open,3.5437510013580322,,,,,,,,,
WAIT_BETTER_ENTRY,CEMAS,mb_scanner,bb_5h__above_mb_birth,continuation,5h,CONTINUATION_SETUP,WAIT_BETTER_ENTRY,neutral,clean_breakout_context;entry_ref_present;stop_ref_present;execution_risk_too_wide;wait_better_entry;regime_neutral,4.95,4.452214285714286,0.1592857142857144,next_open,3.1251121076233175,,,,1.45,-9.51,0.01,12,,
WAIT_BETTER_ENTRY,CEMZY,mb_scanner,bb_5h__retest_bounce_first,retest,5h,RETEST_SETUP,WAIT_BETTER_ENTRY,neutral,retest_confirmed;entry_ref_present;stop_ref_present;execution_risk_too_wide;wait_better_entry;regime_neutral,14.0,12.277,0.5099999999999997,next_open,3.378431372549023,,,,,,,,,
WAIT_BETTER_ENTRY,DAGI,mb_scanner,bb_1w__retest_bounce_first,retest,1w,RETEST_SETUP,WAIT_BETTER_ENTRY,neutral,retest_confirmed;entry_ref_present;stop_ref_present;execution_risk_too_wide;wait_better_entry;regime_neutral,7.58,5.527785714285714,0.6407142857142857,next_open,3.203010033444817,,,,,,,,,
WAIT_BETTER_ENTRY,EDATA,mb_scanner,bb_5h__above_mb_birth,continuation,5h,CONTINUATION_SETUP,WAIT_BETTER_ENTRY,neutral,clean_breakout_context;entry_ref_present;stop_ref_present;execution_risk_too_wide;wait_better_entry;regime_neutral,18.56,15.001,0.9299999999999998,next_open,3.8268817204301073,,,SIL_DEEP,4.18,-19.18,0.00,13,,
WAIT_BETTER_ENTRY,EGSER,mb_scanner,bb_5h__retest_bounce_first,retest,5h,RETEST_SETUP,WAIT_BETTER_ENTRY,neutral,retest_confirmed;entry_ref_present;stop_ref_present;execution_risk_too_wide;wait_better_entry;regime_neutral,3.22,2.7997857142857145,0.10071428571428583,next_open,4.172340425531909,,,,,,,,,
WAIT_BETTER_ENTRY,EMNIS,nyxexpansion,nyxexpansion__triggerA,trigger,1d,TRIGGERED_SETUP,WAIT_BETTER_ENTRY,neutral,clean_breakout_context;entry_ref_present;stop_ref_present;execution_risk_too_wide;wait_better_entry;regime_neutral,159.5,143.89999389648438,3.271428789411272,next_open,4.768560499928538,,,,,,,,,
WAIT_BETTER_ENTRY,ENERY,mb_scanner,bb_1d__retest_bounce_first,retest,1d,RETEST_SETUP,WAIT_BETTER_ENTRY,neutral,retest_confirmed;entry_ref_present;stop_ref_present;execution_risk_too_wide;wait_better_entry;regime_neutral,9.46,8.120714285714286,0.36428571428571427,next_open,3.676470588235297,,,,,,,,,
WAIT_BETTER_ENTRY,ENERY,mb_scanner,bb_5h__above_mb_birth,continuation,5h,CONTINUATION_SETUP,WAIT_BETTER_ENTRY,neutral,clean_breakout_context;entry_ref_present;stop_ref_present;execution_risk_too_wide;wait_better_entry;regime_neutral,9.46,8.393714285714287,0.25428571428571445,next_open,4.193258426966287,,,SIL_DEEP,1.73,-11.27,0.00,8,,
WAIT_BETTER_ENTRY,ENERY,mb_scanner,bb_5h__above_mb_birth,continuation,5h,CONTINUATION_SETUP,WAIT_BETTER_ENTRY,neutral,clean_breakout_context;entry_ref_present;stop_ref_present;execution_risk_too_wide;wait_better_entry;regime_neutral,9.46,8.583714285714287,0.25428571428571445,next_open,3.4460674157303353,,,SIL_DEEP,1.73,-11.27,0.00,8,,
WAIT_BETTER_ENTRY,ENERY,mb_scanner,bb_5h__above_mb_birth,continuation,5h,CONTINUATION_SETUP,WAIT_BETTER_ENTRY,neutral,clean_breakout_context;entry_ref_present;stop_ref_present;execution_risk_too_wide;wait_better_entry;regime_neutral,9.46,8.363714285714286,0.25428571428571445,next_open,4.31123595505618,,,SIL_DEEP,1.73,-11.27,0.00,8,,
WAIT_BETTER_ENTRY,ENERY,mb_scanner,mb_1d__above_mb_birth,accepted_continuation,1d,ACCEPTED_CONTINUATION_SETUP,WAIT_BETTER_ENTRY,neutral,accepted_horizon_h1_20d;clean_breakout_context;entry_ref_present;stop_ref_present;execution_risk_too_wide;wait_better_entry;regime_neutral,9.46,8.360714285714286,0.36428571428571427,next_open,3.0176470588235316,,,SIL_DEEP,9.11,-11.62,0.02,8,,
WAIT_BETTER_ENTRY,ENERY,mb_scanner,mb_5h__above_mb_birth,accepted_continuation,5h,ACCEPTED_CONTINUATION_SETUP,WAIT_BETTER_ENTRY,neutral,accepted_horizon_h1_20d;clean_breakout_context;entry_ref_present;stop_ref_present;execution_risk_too_wide;wait_better_entry;regime_neutral,9.46,8.603714285714286,0.25428571428571445,next_open,3.367415730337078,,,,2.89,-9.05,0.03,12,,
WAIT_BETTER_ENTRY,EPLAS,mb_scanner,bb_5h__above_mb_birth,continuation,5h,CONTINUATION_SETUP,WAIT_BETTER_ENTRY,neutral,clean_breakout_context;entry_ref_present;stop_ref_present;execution_risk_too_wide;wait_better_entry;regime_neutral,6.3,5.481285714285715,0.19571428571428573,next_open,4.183211678832113,,,SIL_DEEP,2.65,-13.00,0.02,30,,
WAIT_BETTER_ENTRY,ESCOM,mb_scanner,bb_1d__above_mb_birth,continuation,1d,CONTINUATION_SETUP,WAIT_BETTER_ENTRY,neutral,clean_breakout_context;entry_ref_present;stop_ref_present;execution_risk_too_wide;wait_better_entry;regime_neutral,5.68,4.502285714285714,0.3257142857142856,next_open,3.615789473684212,,,SIL_DEEP,3.19,-20.73,0.02,17,,
WAIT_BETTER_ENTRY,ESCOM,mb_scanner,bb_5h__above_mb_birth,continuation,5h,CONTINUATION_SETUP,WAIT_BETTER_ENTRY,neutral,clean_breakout_context;entry_ref_present;stop_ref_present;execution_risk_too_wide;wait_better_entry;regime_neutral,5.62,4.537428571428571,0.20857142857142838,next_open,5.190410958904115,,,SIL_DEEP,3.38,-19.26,0.03,33,,
WAIT_BETTER_ENTRY,ESCOM,mb_scanner,mb_5h__above_mb_birth,accepted_continuation,5h,ACCEPTED_CONTINUATION_SETUP,WAIT_BETTER_ENTRY,neutral,accepted_horizon_h1_20d;clean_breakout_context;entry_ref_present;stop_ref_present;execution_risk_too_wide;wait_better_entry;regime_neutral,5.62,4.827428571428571,0.20857142857142838,next_open,3.8000000000000043,,,SIL_DEEP,18.91,-14.10,0.03,15,,
WAIT_BETTER_ENTRY,ESCOM,nyxexpansion,nyxexpansion__triggerA,trigger,1d,TRIGGERED_SETUP,WAIT_BETTER_ENTRY,neutral,clean_breakout_context;entry_ref_present;stop_ref_present;execution_risk_too_wide;wait_better_entry;regime_neutral,5.690000057220459,4.269999980926514,0.3350000722067697,next_open,4.2388052842492785,,,,,,,,,
WAIT_BETTER_ENTRY,ETYAT,nyxexpansion,nyxexpansion__triggerA,trigger,1d,TRIGGERED_SETUP,WAIT_BETTER_ENTRY,neutral,clean_breakout_context;entry_ref_present;stop_ref_present;execution_risk_too_wide;wait_better_entry;regime_neutral,12.989999771118164,7.260000228881836,0.7328569548470634,next_open,7.818714831507734,,,,,,,,,
WAIT_BETTER_ENTRY,FADE,mb_scanner,bb_1w__retest_bounce_first,retest,1w,RETEST_SETUP,WAIT_BETTER_ENTRY,neutral,retest_confirmed;entry_ref_present;stop_ref_present;execution_risk_too_wide;wait_better_entry;regime_neutral,17.5,12.474428571428572,1.618571428571429,next_open,3.1049426301853478,,,,,,,,,
WAIT_BETTER_ENTRY,FADE,mb_scanner,mb_5h__retest_bounce_first,retest,5h,RETEST_SETUP,WAIT_BETTER_ENTRY,neutral,retest_confirmed;entry_ref_present;stop_ref_present;execution_risk_too_wide;wait_better_entry;regime_neutral,17.23,14.493142857142857,0.8228571428571428,next_open,3.3260416666666677,,,,,,,,,
WAIT_BETTER_ENTRY,FRMPL,mb_scanner,bb_5h__above_mb_birth,continuation,5h,CONTINUATION_SETUP,WAIT_BETTER_ENTRY,neutral,clean_breakout_context;entry_ref_present;stop_ref_present;execution_risk_too_wide;wait_better_entry;regime_neutral,44.98,38.71671428571428,1.9442857142857133,next_open,3.2213813372520224,,,SIL_DEEP,9.39,-13.92,0.03,15,,
WAIT_BETTER_ENTRY,FRMPL,nyxexpansion,nyxexpansion__triggerA,trigger,1d,TRIGGERED_SETUP,WAIT_BETTER_ENTRY,neutral,clean_breakout_context;entry_ref_present;stop_ref_present;execution_risk_too_wide;wait_better_entry;regime_neutral,44.97999954223633,32.04,2.0499995858328672,next_open,6.312196173922205,,,,,,,,,
WAIT_BETTER_ENTRY,GARAN,mb_scanner,bb_5h__above_mb_birth,continuation,5h,CONTINUATION_SETUP,WAIT_BETTER_ENTRY,neutral,clean_breakout_context;entry_ref_present;stop_ref_present;execution_risk_too_wide;wait_better_entry;regime_neutral,137.3,126.08785714285715,3.7071428571428595,next_open,3.0244701348747594,,,,1.67,-8.17,0.01,32,,
WAIT_BETTER_ENTRY,GOKNR,mb_scanner,bb_1w__retest_bounce_first,retest,1w,RETEST_SETUP,WAIT_BETTER_ENTRY,neutral,retest_confirmed;entry_ref_present;stop_ref_present;execution_risk_too_wide;wait_better_entry;regime_neutral,26.86,19.271714285714285,2.1942857142857144,next_open,3.458203125,,,,,,,,,
WAIT_BETTER_ENTRY,GOKNR,mb_scanner,bb_1w__retest_bounce_first,retest,1w,RETEST_SETUP,WAIT_BETTER_ENTRY,neutral,retest_confirmed;entry_ref_present;stop_ref_present;execution_risk_too_wide;wait_better_entry;regime_neutral,26.86,19.901714285714284,2.1942857142857144,next_open,3.1710937500000003,,,,,,,,,
WAIT_BETTER_ENTRY,GOKNR,mb_scanner,mb_5h__above_mb_birth,accepted_continuation,5h,ACCEPTED_CONTINUATION_SETUP,WAIT_BETTER_ENTRY,neutral,accepted_horizon_h1_20d;clean_breakout_context;entry_ref_present;stop_ref_present;execution_risk_too_wide;wait_better_entry;regime_neutral,26.86,23.42685714285714,0.9771428571428569,next_open,3.5134502923976627,,,SIL_DEEP,12.82,-12.78,0.00,19,,
WAIT_BETTER_ENTRY,GOKNR,nyxexpansion,nyxexpansion__triggerA,trigger,1d,TRIGGERED_SETUP,WAIT_BETTER_ENTRY,neutral,clean_breakout_context;entry_ref_present;stop_ref_present;execution_risk_too_wide;wait_better_entry;regime_neutral,26.760000228881836,21.8799991607666,1.1099997929164342,next_open,4.396398178862204,,,,,,,,,
WAIT_BETTER_ENTRY,GZNMI,mb_scanner,bb_5h__retest_bounce_first,retest,5h,RETEST_SETUP,WAIT_BETTER_ENTRY,neutral,retest_confirmed;entry_ref_present;stop_ref_present;execution_risk_too_wide;wait_better_entry;regime_neutral,68.85,58.21857142857143,3.271428571428572,next_open,3.2497816593886437,,,,,,,,,
WAIT_BETTER_ENTRY,HURGZ,mb_scanner,mb_5h__retest_bounce_first,retest,5h,RETEST_SETUP,WAIT_BETTER_ENTRY,neutral,retest_confirmed;entry_ref_present;stop_ref_present;execution_risk_too_wide;wait_better_entry;regime_neutral,7.0,5.514928571428571,0.28357142857142853,next_open,5.237027707808565,,,,,,,,,
WAIT_BETTER_ENTRY,ICUGS,nyxexpansion,nyxexpansion__triggerA,trigger,1d,TRIGGERED_SETUP,WAIT_BETTER_ENTRY,neutral,clean_breakout_context;entry_ref_present;stop_ref_present;execution_risk_too_wide;wait_better_entry;regime_neutral,5.130000114440918,3.5999999046325684,0.3978571040289743,next_open,3.8456023389164518,,,,,,,,,
WAIT_BETTER_ENTRY,IEYHO,mb_scanner,mb_5h__above_mb_birth,accepted_continuation,5h,ACCEPTED_CONTINUATION_SETUP,WAIT_BETTER_ENTRY,neutral,accepted_horizon_h1_20d;clean_breakout_context;entry_ref_present;stop_ref_present;execution_risk_too_wide;wait_better_entry;regime_neutral,127.7,121.48071428571428,2.0642857142857136,next_open,3.0128027681660927,,,,8.76,-1.95,0.01,4,,
WAIT_BETTER_ENTRY,IEYHO,nyxexpansion,nyxexpansion__triggerA,trigger,1d,TRIGGERED_SETUP,WAIT_BETTER_ENTRY,neutral,clean_breakout_context;entry_ref_present;stop_ref_present;execution_risk_too_wide;wait_better_entry;regime_neutral,128.0,95.6500015258789,2.8392851693289622,next_open,11.393712341253382,,,,,,,,,
WAIT_BETTER_ENTRY,INFO,mb_scanner,bb_5h__above_mb_birth,continuation,5h,CONTINUATION_SETUP,WAIT_BETTER_ENTRY,neutral,clean_breakout_context;entry_ref_present;stop_ref_present;execution_risk_too_wide;wait_better_entry;regime_neutral,4.11,3.3839285714285716,0.1535714285714286,next_open,4.727906976744186,,,SIL_DEEP,5.24,-17.67,0.02,31,,
WAIT_BETTER_ENTRY,INFO,nyxexpansion,nyxexpansion__triggerA,trigger,1d,TRIGGERED_SETUP,WAIT_BETTER_ENTRY,neutral,clean_breakout_context;entry_ref_present;stop_ref_present;execution_risk_too_wide;wait_better_entry;regime_neutral,4.119999885559082,3.299999952316284,0.18999998910086496,next_open,4.315789369900889,,,,,,,,,
WAIT_BETTER_ENTRY,IZMDC,nyxexpansion,nyxexpansion__triggerA,trigger,1d,TRIGGERED_SETUP,WAIT_BETTER_ENTRY,neutral,clean_breakout_context;entry_ref_present;stop_ref_present;execution_risk_too_wide;wait_better_entry;regime_neutral,8.010000228881836,6.53000020980835,0.2642858028411865,next_open,5.599998195751898,,,,,,,,,
WAIT_BETTER_ENTRY,KAPLM,mb_scanner,bb_1w__retest_bounce_first,retest,1w,RETEST_SETUP,WAIT_BETTER_ENTRY,neutral,retest_confirmed;entry_ref_present;stop_ref_present;execution_risk_too_wide;wait_better_entry;regime_neutral,663.0,263.2,86.0,next_open,4.648837209302326,,,,,,,,,
WAIT_BETTER_ENTRY,KAPLM,mb_scanner,bb_5h__above_mb_birth,continuation,5h,CONTINUATION_SETUP,WAIT_BETTER_ENTRY,neutral,clean_breakout_context;entry_ref_present;stop_ref_present;execution_risk_too_wide;wait_better_entry;regime_neutral,638.5,508.6,28.0,next_open,4.639285714285713,,,SIL_DEEP,7.55,-20.18,0.02,32,,
WAIT_BETTER_ENTRY,KAPLM,mb_scanner,bb_5h__above_mb_birth,continuation,5h,CONTINUATION_SETUP,WAIT_BETTER_ENTRY,neutral,clean_breakout_context;entry_ref_present;stop_ref_present;execution_risk_too_wide;wait_better_entry;regime_neutral,663.0,529.2178571428572,27.607142857142858,next_open,4.845924967658473,,,SIL_DEEP,7.55,-20.18,0.02,32,,
WAIT_BETTER_ENTRY,KFEIN,mb_scanner,bb_1d__retest_bounce_first,retest,1d,RETEST_SETUP,WAIT_BETTER_ENTRY,neutral,retest_confirmed;entry_ref_present;stop_ref_present;execution_risk_too_wide;wait_better_entry;regime_neutral,10.98,8.271928571428571,0.8935714285714286,next_open,3.0306155075939256,,,,,,,,,
WAIT_BETTER_ENTRY,KFEIN,nyxexpansion,nyxexpansion__triggerA,trigger,1d,TRIGGERED_SETUP,WAIT_BETTER_ENTRY,neutral,clean_breakout_context;entry_ref_present;stop_ref_present;execution_risk_too_wide;wait_better_entry;regime_neutral,10.979999542236328,8.220000267028809,0.4357142448425293,next_open,6.33442516024466,,,,,,,,,
WAIT_BETTER_ENTRY,KLNMA,mb_scanner,bb_5h__retest_bounce_first,retest,5h,RETEST_SETUP,WAIT_BETTER_ENTRY,neutral,retest_confirmed;entry_ref_present;stop_ref_present;execution_risk_too_wide;wait_better_entry;regime_neutral,9.31,8.910785714285714,0.13071428571428548,next_open,3.0540983606557504,,,,,,,,,
WAIT_BETTER_ENTRY,KMPUR,nyxexpansion,nyxexpansion__triggerA,trigger,1d,TRIGGERED_SETUP,WAIT_BETTER_ENTRY,neutral,clean_breakout_context;entry_ref_present;stop_ref_present;execution_risk_too_wide;wait_better_entry;regime_neutral,21.459999084472656,17.459999084472656,1.1135716438293457,next_open,3.592045489093828,,,,,,,,,
WAIT_BETTER_ENTRY,LINK,nyxexpansion,nyxexpansion__triggerA,trigger,1d,TRIGGERED_SETUP,WAIT_BETTER_ENTRY,neutral,clean_breakout_context;entry_ref_present;stop_ref_present;execution_risk_too_wide;wait_better_entry;regime_neutral,7.510000228881836,4.929999828338623,0.3642857074737549,next_open,7.082354173143315,,,,,,,,,
WAIT_BETTER_ENTRY,LUKSK,mb_scanner,bb_5h__retest_bounce_first,retest,5h,RETEST_SETUP,WAIT_BETTER_ENTRY,neutral,retest_confirmed;entry_ref_present;stop_ref_present;execution_risk_too_wide;wait_better_entry;regime_neutral,103.9,91.16178571428571,3.9607142857142867,next_open,3.2161406672678097,,,,,,,,,
WAIT_BETTER_ENTRY,MEGMT,nyxexpansion,nyxexpansion__triggerA,trigger,1d,TRIGGERED_SETUP,WAIT_BETTER_ENTRY,neutral,clean_breakout_context;entry_ref_present;stop_ref_present;execution_risk_too_wide;wait_better_entry;regime_neutral,88.30000305175781,77.80000305175781,2.8857149396623885,next_open,3.638613036819374,,,,,,,,,
WAIT_BETTER_ENTRY,MEPET,mb_scanner,bb_5h__above_mb_birth,continuation,5h,CONTINUATION_SETUP,WAIT_BETTER_ENTRY,neutral,clean_breakout_context;entry_ref_present;stop_ref_present;execution_risk_too_wide;wait_better_entry;regime_neutral,29.12,23.51142857142857,1.6285714285714286,next_open,3.443859649122808,,,SIL_DEEP,4.09,-19.26,0.03,100,,
WAIT_BETTER_ENTRY,MEPET,mb_scanner,mb_5h__above_mb_birth,accepted_continuation,5h,ACCEPTED_CONTINUATION_SETUP,WAIT_BETTER_ENTRY,neutral,accepted_horizon_h1_20d;clean_breakout_context;entry_ref_present;stop_ref_present;execution_risk_too_wide;wait_better_entry;regime_neutral,29.12,24.09142857142857,1.6285714285714286,next_open,3.087719298245616,,,SIL_DEEP,8.97,-12.87,0.02,6,,
WAIT_BETTER_ENTRY,MEPET,nyxexpansion,nyxexpansion__triggerA,trigger,1d,TRIGGERED_SETUP,WAIT_BETTER_ENTRY,neutral,clean_breakout_context;entry_ref_present;stop_ref_present;execution_risk_too_wide;wait_better_entry;regime_neutral,28.959999084472656,22.520000457763672,1.4628572463989258,next_open,4.402342499626773,,,,,,,,,
WAIT_BETTER_ENTRY,MTRKS,mb_scanner,bb_1w__retest_bounce_first,retest,1w,RETEST_SETUP,WAIT_BETTER_ENTRY,neutral,retest_confirmed;entry_ref_present;stop_ref_present;execution_risk_too_wide;wait_better_entry;regime_neutral,29.38,20.46392857142857,2.2535714285714286,next_open,3.9564183835182245,,,,,,,,,
WAIT_BETTER_ENTRY,MTRKS,mb_scanner,bb_5h__above_mb_birth,continuation,5h,CONTINUATION_SETUP,WAIT_BETTER_ENTRY,neutral,clean_breakout_context;entry_ref_present;stop_ref_present;execution_risk_too_wide;wait_better_entry;regime_neutral,29.38,25.435428571428574,1.148571428571429,next_open,3.434328358208951,,,SIL_DEEP;WEEKLY_BIRTH_ACTIVE,2.72,-13.43,0.03,12,bb_1w,
WAIT_BETTER_ENTRY,MTRKS,nyxexpansion,nyxexpansion__triggerA,trigger,1d,TRIGGERED_SETUP,WAIT_BETTER_ENTRY,neutral,clean_breakout_context;entry_ref_present;stop_ref_present;execution_risk_too_wide;wait_better_entry;regime_neutral,29.079999923706055,21.3799991607666,1.2014288221086775,next_open,6.40903615865055,,,,,,,,,
WAIT_BETTER_ENTRY,ODINE,nyxexpansion,nyxexpansion__triggerA,trigger,1d,TRIGGERED_SETUP,WAIT_BETTER_ENTRY,neutral,clean_breakout_context;entry_ref_present;stop_ref_present;execution_risk_too_wide;wait_better_entry;regime_neutral,1588.0,840.0,81.71428571428571,next_open,9.153846153846155,,,,,,,,,
WAIT_BETTER_ENTRY,ORGE,nyxexpansion,nyxexpansion__triggerA,trigger,1d,TRIGGERED_SETUP,WAIT_BETTER_ENTRY,neutral,clean_breakout_context;entry_ref_present;stop_ref_present;execution_risk_too_wide;wait_better_entry;regime_neutral,109.80000305175781,75.0999984741211,4.746428898402622,next_open,7.310760430713449,,,,,,,,,
WAIT_BETTER_ENTRY,OSTIM,mb_scanner,bb_5h__above_mb_birth,continuation,5h,CONTINUATION_SETUP,WAIT_BETTER_ENTRY,neutral,clean_breakout_context;entry_ref_present;stop_ref_present;execution_risk_too_wide;wait_better_entry;regime_neutral,3.13,2.525714285714286,0.11428571428571435,next_open,5.287499999999995,,,SIL_DEEP,6.30,-19.31,0.01,40,,
WAIT_BETTER_ENTRY,OZATD,nyxexpansion,nyxexpansion__triggerA,trigger,1d,TRIGGERED_SETUP,WAIT_BETTER_ENTRY,neutral,clean_breakout_context;entry_ref_present;stop_ref_present;execution_risk_too_wide;wait_better_entry;regime_neutral,1621.0,232.10000610351562,113.76071384974888,next_open,12.208959902720848,,,,,,,,,
WAIT_BETTER_ENTRY,PARSN,mb_scanner,bb_5h__retest_bounce_first,retest,5h,RETEST_SETUP,WAIT_BETTER_ENTRY,neutral,retest_confirmed;entry_ref_present;stop_ref_present;execution_risk_too_wide;wait_better_entry;regime_neutral,85.85,78.03178571428572,2.5607142857142855,next_open,3.053138075313804,,,,,,,,,
WAIT_BETTER_ENTRY,PKART,nyxexpansion,nyxexpansion__triggerA,trigger,1d,TRIGGERED_SETUP,WAIT_BETTER_ENTRY,neutral,clean_breakout_context;entry_ref_present;stop_ref_present;execution_risk_too_wide;wait_better_entry;regime_neutral,128.8000030517578,76.19999694824219,6.174999237060547,next_open,8.518220664356638,,,,,,,,,
WAIT_BETTER_ENTRY,PRZMA,nyxexpansion,nyxexpansion__triggerA,trigger,1d,TRIGGERED_SETUP,WAIT_BETTER_ENTRY,neutral,clean_breakout_context;entry_ref_present;stop_ref_present;execution_risk_too_wide;wait_better_entry;regime_neutral,46.900001525878906,13.779999732971191,2.8278572218758717,next_open,11.712048803842158,,,,,,,,,
WAIT_BETTER_ENTRY,PSGYO,nyxexpansion,nyxexpansion__triggerA,trigger,1d,TRIGGERED_SETUP,WAIT_BETTER_ENTRY,neutral,clean_breakout_context;entry_ref_present;stop_ref_present;execution_risk_too_wide;wait_better_entry;regime_neutral,3.309999942779541,2.390000104904175,0.21499999931880406,next_open,4.279069026931398,,,,,,,,,
WAIT_BETTER_ENTRY,REEDR,mb_scanner,bb_5h__retest_bounce_first,retest,5h,RETEST_SETUP,WAIT_BETTER_ENTRY,neutral,retest_confirmed;entry_ref_present;stop_ref_present;execution_risk_too_wide;wait_better_entry;regime_neutral,7.83,6.389357142857143,0.3021428571428571,next_open,4.768085106382978,,,,,,,,,
WAIT_BETTER_ENTRY,RGYAS,mb_scanner,bb_5h__retest_bounce_first,retest,5h,RETEST_SETUP,WAIT_BETTER_ENTRY,neutral,retest_confirmed;entry_ref_present;stop_ref_present;execution_risk_too_wide;wait_better_entry;regime_neutral,202.4,179.91857142857143,4.2714285714285705,next_open,5.263210702341141,,,,,,,,,
WAIT_BETTER_ENTRY,RGYAS,mb_scanner,mb_1d__above_mb_birth,accepted_continuation,1d,ACCEPTED_CONTINUATION_SETUP,WAIT_BETTER_ENTRY,neutral,accepted_horizon_h1_20d;clean_breakout_context;entry_ref_present;stop_ref_present;execution_risk_too_wide;wait_better_entry;regime_neutral,205.5,179.03571428571428,7.214285714285714,next_open,3.6683168316831694,,,SIL_DEEP,13.40,-12.88,0.04,17,,
WAIT_BETTER_ENTRY,RGYAS,nyxexpansion,nyxexpansion__triggerA,trigger,1d,TRIGGERED_SETUP,WAIT_BETTER_ENTRY,neutral,clean_breakout_context;entry_ref_present;stop_ref_present;execution_risk_too_wide;wait_better_entry;regime_neutral,202.6999969482422,170.8000030517578,5.635711669921875,next_open,5.660331075263577,,,,,,,,,
WAIT_BETTER_ENTRY,SAHOL,mb_scanner,bb_5h__retest_bounce_first,retest,5h,RETEST_SETUP,WAIT_BETTER_ENTRY,neutral,retest_confirmed;entry_ref_present;stop_ref_present;execution_risk_too_wide;wait_better_entry;regime_neutral,96.0,86.89892857142857,2.0035714285714303,next_open,4.542424242424239,,,,,,,,,
WAIT_BETTER_ENTRY,SAHOL,mb_scanner,mb_5h__above_mb_birth,accepted_continuation,5h,ACCEPTED_CONTINUATION_SETUP,WAIT_BETTER_ENTRY,neutral,accepted_horizon_h1_20d;clean_breakout_context;entry_ref_present;stop_ref_present;execution_risk_too_wide;wait_better_entry;regime_neutral,96.0,89.54892857142858,2.0035714285714303,next_open,3.2197860962566796,,,,2.83,-5.89,0.01,6,,
WAIT_BETTER_ENTRY,SAYAS,nyxexpansion,nyxexpansion__triggerA,trigger,1d,TRIGGERED_SETUP,WAIT_BETTER_ENTRY,neutral,clean_breakout_context;entry_ref_present;stop_ref_present;execution_risk_too_wide;wait_better_entry;regime_neutral,56.29999923706055,40.5,2.522857121058873,next_open,6.2627404085527845,,,,,,,,,
WAIT_BETTER_ENTRY,SEKUR,nyxexpansion,nyxexpansion__triggerA,trigger,1d,TRIGGERED_SETUP,WAIT_BETTER_ENTRY,neutral,clean_breakout_context;entry_ref_present;stop_ref_present;execution_risk_too_wide;wait_better_entry;regime_neutral,9.010000228881836,7.230000019073486,0.531428507396153,next_open,3.3494631639725903,,,,,,,,,
WAIT_BETTER_ENTRY,SKBNK,mb_scanner,mb_5h__above_mb_birth,accepted_continuation,5h,ACCEPTED_CONTINUATION_SETUP,WAIT_BETTER_ENTRY,neutral,accepted_horizon_h1_20d;clean_breakout_context;entry_ref_present;stop_ref_present;execution_risk_too_wide;wait_better_entry;regime_neutral,13.94,12.7365,0.34500000000000014,next_open,3.4884057971014477,,,,7.88,-8.63,0.01,21,,
WAIT_BETTER_ENTRY,SKTAS,mb_scanner,bb_5h__retest_bounce_first,retest,5h,RETEST_SETUP,WAIT_BETTER_ENTRY,neutral,retest_confirmed;entry_ref_present;stop_ref_present;execution_risk_too_wide;wait_better_entry;regime_neutral,3.42,2.8085,0.10499999999999995,next_open,5.823809523809525,,,,,,,,,
WAIT_BETTER_ENTRY,TATGD,nyxexpansion,nyxexpansion__triggerA,trigger,1d,TRIGGERED_SETUP,WAIT_BETTER_ENTRY,neutral,clean_breakout_context;entry_ref_present;stop_ref_present;execution_risk_too_wide;wait_better_entry;regime_neutral,19.309999465942383,16.299999237060547,0.7814288139343262,next_open,3.8519186587542524,,,,,,,,,
WAIT_BETTER_ENTRY,TAVHL,mb_scanner,bb_5h__above_mb_birth,continuation,5h,CONTINUATION_SETUP,WAIT_BETTER_ENTRY,neutral,clean_breakout_context;entry_ref_present;stop_ref_present;execution_risk_too_wide;wait_better_entry;regime_neutral,275.25,248.28107142857144,7.396428571428572,next_open,3.6462095605987432,,,,1.70,-9.80,0.01,33,,
WAIT_BETTER_ENTRY,TAVHL,mb_scanner,mb_5h__above_mb_birth,accepted_continuation,5h,ACCEPTED_CONTINUATION_SETUP,WAIT_BETTER_ENTRY,neutral,accepted_horizon_h1_20d;clean_breakout_context;entry_ref_present;stop_ref_present;execution_risk_too_wide;wait_better_entry;regime_neutral,275.25,247.68107142857144,7.396428571428572,next_open,3.727329792370833,,,SIL_DEEP,8.46,-10.02,0.00,15,,
WAIT_BETTER_ENTRY,THYAO,mb_scanner,bb_5h__above_mb_birth,continuation,5h,CONTINUATION_SETUP,WAIT_BETTER_ENTRY,neutral,clean_breakout_context;entry_ref_present;stop_ref_present;execution_risk_too_wide;wait_better_entry;regime_neutral,307.75,291.6857142857143,5.214285714285714,next_open,3.080821917808214,,,,0.85,-5.60,0.01,8,,
WAIT_BETTER_ENTRY,THYAO,mb_scanner,bb_5h__above_mb_birth,continuation,5h,CONTINUATION_SETUP,WAIT_BETTER_ENTRY,neutral,clean_breakout_context;entry_ref_present;stop_ref_present;execution_risk_too_wide;wait_better_entry;regime_neutral,309.0,272.5107142857143,4.964285714285714,next_open,7.350359712230213,,,,0.85,-5.60,0.01,8,,
WAIT_BETTER_ENTRY,THYAO,mb_scanner,mb_5h__above_mb_birth,accepted_continuation,5h,ACCEPTED_CONTINUATION_SETUP,WAIT_BETTER_ENTRY,neutral,accepted_horizon_h1_20d;clean_breakout_context;entry_ref_present;stop_ref_present;execution_risk_too_wide;wait_better_entry;regime_neutral,309.0,293.2607142857143,4.964285714285714,next_open,3.1705035971222992,,,,2.92,-5.09,0.01,15,,
WAIT_BETTER_ENTRY,TKFEN,nyxexpansion,nyxexpansion__triggerA,trigger,1d,TRIGGERED_SETUP,WAIT_BETTER_ENTRY,neutral,clean_breakout_context;entry_ref_present;stop_ref_present;execution_risk_too_wide;wait_better_entry;regime_neutral,141.5,107.19999694824219,7.042857578822544,next_open,4.870182687620418,,,,,,,,,
WAIT_BETTER_ENTRY,ULUUN,mb_scanner,bb_5h__retest_bounce_first,retest,5h,RETEST_SETUP,WAIT_BETTER_ENTRY,neutral,retest_confirmed;entry_ref_present;stop_ref_present;execution_risk_too_wide;wait_better_entry;regime_neutral,8.27,7.278,0.23999999999999982,next_open,4.133333333333336,,,,,,,,,
WAIT_BETTER_ENTRY,VBTYZ,nyxexpansion,nyxexpansion__triggerA,trigger,1d,TRIGGERED_SETUP,WAIT_BETTER_ENTRY,neutral,clean_breakout_context;entry_ref_present;stop_ref_present;execution_risk_too_wide;wait_better_entry;regime_neutral,32.2400016784668,19.899999618530273,1.8000001907348633,next_open,6.8555559735238845,,,,,,,,,
WAIT_BETTER_ENTRY,VERUS,nyxexpansion,nyxexpansion__triggerA,trigger,1d,TRIGGERED_SETUP,WAIT_BETTER_ENTRY,neutral,clean_breakout_context;entry_ref_present;stop_ref_present;execution_risk_too_wide;wait_better_entry;regime_neutral,612.5,459.0,26.767857142857142,next_open,5.734489659773182,,,,,,,,,
WAIT_BETTER_ENTRY,YKBNK,mb_scanner,bb_5h__above_mb_birth,continuation,5h,CONTINUATION_SETUP,WAIT_BETTER_ENTRY,neutral,clean_breakout_context;entry_ref_present;stop_ref_present;execution_risk_too_wide;wait_better_entry;regime_neutral,38.1,31.778,1.1400000000000001,next_open,5.545614035087721,,,SIL_DEEP,1.01,-16.59,0.00,32,,
WAIT_BETTER_ENTRY,YKBNK,mb_scanner,bb_5h__retest_bounce_first,retest,5h,RETEST_SETUP,WAIT_BETTER_ENTRY,neutral,retest_confirmed;entry_ref_present;stop_ref_present;execution_risk_too_wide;wait_better_entry;regime_neutral,38.1,32.058,1.1400000000000001,next_open,5.300000000000001,,,,,,,,,
WAIT_BETTER_ENTRY,YKBNK,mb_scanner,mb_5h__above_mb_birth,accepted_continuation,5h,ACCEPTED_CONTINUATION_SETUP,WAIT_BETTER_ENTRY,neutral,accepted_horizon_h1_20d;clean_breakout_context;entry_ref_present;stop_ref_present;execution_risk_too_wide;wait_better_entry;regime_neutral,38.1,34.458,1.1400000000000001,next_open,3.1947368421052653,,,,5.77,-9.56,0.00,5,,
WAIT_RETEST,AEFES,mb_scanner,bb_5h__mit_touch_first,retest_pending,5h,RETEST_SETUP,WAIT_RETEST,neutral,retest_pending_context;no_entry_ref;regime_neutral,20.4,19.290142857142857,0.6328571428571428,next_open,,,,,,,,,,
WAIT_RETEST,AEFES,mb_scanner,bb_5h__mit_touch_first,retest_pending,5h,RETEST_SETUP,WAIT_RETEST,neutral,retest_pending_context;no_entry_ref;regime_neutral,20.4,19.770142857142858,0.6328571428571428,next_open,,,,,,,,,,
WAIT_RETEST,AEFES,mb_scanner,mb_5h__mit_touch_first,retest_pending,5h,RETEST_SETUP,WAIT_RETEST,neutral,retest_pending_context;no_entry_ref;regime_neutral,20.4,19.930142857142858,0.6328571428571428,next_open,,,,,,,,,,
WAIT_RETEST,AGESA,mb_scanner,mb_5h__mit_touch_first,retest_pending,5h,RETEST_SETUP,WAIT_RETEST,neutral,retest_pending_context;no_entry_ref;regime_neutral,246.7,241.86785714285713,5.107142857142863,next_open,,,,,,,,,,
WAIT_RETEST,AGHOL,mb_scanner,mb_5h__mit_touch_first,retest_pending,5h,RETEST_SETUP,WAIT_RETEST,neutral,retest_pending_context;no_entry_ref;regime_neutral,33.28,31.825571428571426,0.9814285714285713,next_open,,,,,,,,,,
WAIT_RETEST,AHGAZ,mb_scanner,bb_5h__mit_touch_first,retest_pending,5h,RETEST_SETUP,WAIT_RETEST,neutral,retest_pending_context;no_entry_ref;regime_neutral,31.92,30.641285714285715,0.9957142857142853,next_open,,,,,,,,,,
WAIT_RETEST,ALARK,mb_scanner,bb_1d__mit_touch_first,retest_pending,1d,RETEST_SETUP,WAIT_RETEST,neutral,retest_pending_context;no_entry_ref;regime_neutral,107.0,91.25821428571429,4.639285714285717,next_open,,,,,,,,,,
WAIT_RETEST,ALCTL,mb_scanner,mb_1w__mit_touch_first,retest_pending,1w,RETEST_SETUP,WAIT_RETEST,neutral,retest_pending_context;no_entry_ref;regime_neutral,153.1,120.9707142857143,14.76428571428572,next_open,,,,,,,,,,
WAIT_RETEST,ALGYO,mb_scanner,mb_1w__mit_touch_first,retest_pending,1w,RETEST_SETUP,WAIT_RETEST,neutral,retest_pending_context;no_entry_ref;regime_neutral,5.75,4.526571428571429,1.1114285714285714,next_open,,,,,,,,,,
WAIT_RETEST,ANGEN,mb_scanner,mb_1d__mit_touch_first,retest_pending,1d,RETEST_SETUP,WAIT_RETEST,neutral,retest_pending_context;no_entry_ref;regime_neutral,10.86,10.821,0.6299999999999997,next_open,,,,,,,,,,
WAIT_RETEST,ASELS,mb_scanner,bb_5h__mit_touch_first,retest_pending,5h,RETEST_SETUP,WAIT_RETEST,neutral,retest_pending_context;no_entry_ref;regime_neutral,381.0,353.43035714285713,12.732142857142858,next_open,,,,,,,,,,
WAIT_RETEST,ATATR,mb_scanner,mb_1d__mit_touch_first,retest_pending,1d,RETEST_SETUP,WAIT_RETEST,neutral,retest_pending_context;no_entry_ref;regime_neutral,18.05,16.700642857142856,1.4978571428571426,next_open,,,,,,,,,,
WAIT_RETEST,AVHOL,mb_scanner,mb_1d__mit_touch_first,retest_pending,1d,RETEST_SETUP,WAIT_RETEST,neutral,retest_pending_context;no_entry_ref;regime_neutral,49.1,47.97035714285715,3.4321428571428565,next_open,,,,,,,,,,
WAIT_RETEST,AVHOL,mb_scanner,mb_5h__mit_touch_first,retest_pending,5h,RETEST_SETUP,WAIT_RETEST,neutral,retest_pending_context;no_entry_ref;regime_neutral,49.12,48.230785714285716,3.0307142857142857,next_open,,,,,,,,,,
WAIT_RETEST,AYEN,mb_scanner,mb_5h__mit_touch_first,retest_pending,5h,RETEST_SETUP,WAIT_RETEST,neutral,retest_pending_context;no_entry_ref;regime_neutral,38.44,37.106857142857145,2.1771428571428553,next_open,,,,,,,,,,
WAIT_RETEST,AYES,mb_scanner,mb_1w__mit_touch_first,retest_pending,1w,RETEST_SETUP,WAIT_RETEST,neutral,retest_pending_context;no_entry_ref;regime_neutral,34.96,29.939285714285713,2.335714285714286,next_open,,,,,,,,,,
WAIT_RETEST,BIMAS,mb_scanner,mb_5h__mit_touch_first,retest_pending,5h,RETEST_SETUP,WAIT_RETEST,neutral,retest_pending_context;no_entry_ref;regime_neutral,380.0,376.43392857142857,8.553571428571429,next_open,,,,,,,,,,
WAIT_RETEST,BRKSN,mb_scanner,mb_1w__mit_touch_first,retest_pending,1w,RETEST_SETUP,WAIT_RETEST,neutral,retest_pending_context;no_entry_ref;regime_neutral,7.97,7.167357142857143,0.6421428571428572,next_open,,,,,,,,,,
WAIT_RETEST,BRKVY,mb_scanner,bb_1d__mit_touch_first,retest_pending,1d,RETEST_SETUP,WAIT_RETEST,neutral,retest_pending_context;no_entry_ref;regime_neutral,93.7,86.36178571428572,5.460714285714286,next_open,,,,,,,,,,
WAIT_RETEST,BRKVY,mb_scanner,bb_5h__mit_touch_first,retest_pending,5h,RETEST_SETUP,WAIT_RETEST,neutral,retest_pending_context;no_entry_ref;regime_neutral,93.7,89.79285714285714,3.8571428571428563,next_open,,,,,,,,,,
WAIT_RETEST,BRKVY,mb_scanner,mb_1d__mit_touch_first,retest_pending,1d,RETEST_SETUP,WAIT_RETEST,neutral,retest_pending_context;no_entry_ref;regime_neutral,93.7,89.31178571428572,5.460714285714286,next_open,,,,,,,,,,
WAIT_RETEST,BRKVY,mb_scanner,mb_5h__mit_touch_first,retest_pending,5h,RETEST_SETUP,WAIT_RETEST,neutral,retest_pending_context;no_entry_ref;regime_neutral,98.3,91.01392857142856,3.4535714285714283,next_open,,,,,,,,,,
WAIT_RETEST,BRSAN,mb_scanner,mb_5h__mit_touch_first,retest_pending,5h,RETEST_SETUP,WAIT_RETEST,neutral,retest_pending_context;no_entry_ref;regime_neutral,621.5,603.6714285714286,29.428571428571427,next_open,,,,,,,,,,
WAIT_RETEST,BURCE,mb_scanner,mb_1w__mit_touch_first,retest_pending,1w,RETEST_SETUP,WAIT_RETEST,neutral,retest_pending_context;no_entry_ref;regime_neutral,42.04,38.4005,8.264999999999999,next_open,,,,,,,,,,
WAIT_RETEST,BURVA,mb_scanner,mb_1w__mit_touch_first,retest_pending,1w,RETEST_SETUP,WAIT_RETEST,neutral,retest_pending_context;no_entry_ref;regime_neutral,997.0,970.8071428571428,200.64285714285714,next_open,,,,,,,,,,
WAIT_RETEST,BYDNR,mb_scanner,mb_1w__mit_touch_first,retest_pending,1w,RETEST_SETUP,WAIT_RETEST,neutral,retest_pending_context;no_entry_ref;regime_neutral,38.7,35.717571428571425,5.741428571428571,next_open,,,,,,,,,,
WAIT_RETEST,CUSAN,mb_scanner,mb_1w__mit_touch_first,retest_pending,1w,RETEST_SETUP,WAIT_RETEST,neutral,retest_pending_context;no_entry_ref;regime_neutral,24.1,22.918142857142854,3.2728571428571436,next_open,,,,,,,,,,
WAIT_RETEST,DAPGM,mb_scanner,bb_1d__mit_touch_first,retest_pending,1d,RETEST_SETUP,WAIT_RETEST,neutral,retest_pending_context;no_entry_ref;regime_neutral,10.66,9.688,0.9400000000000004,next_open,,,,,,,,,,
WAIT_RETEST,DCTTR,mb_scanner,bb_5h__mit_touch_first,retest_pending,5h,RETEST_SETUP,WAIT_RETEST,neutral,retest_pending_context;no_entry_ref;regime_neutral,12.16,11.765,0.4500000000000002,next_open,,,,,,,,,,
WAIT_RETEST,DOAS,mb_scanner,bb_1d__mit_touch_first,retest_pending,1d,RETEST_SETUP,WAIT_RETEST,neutral,retest_pending_context;no_entry_ref;regime_neutral,200.5,181.22,7.6000000000000005,next_open,,,,,,,,,,
WAIT_RETEST,DOAS,mb_scanner,bb_5h__mit_touch_first,retest_pending,5h,RETEST_SETUP,WAIT_RETEST,neutral,retest_pending_context;no_entry_ref;regime_neutral,204.9,188.22,5.6000000000000005,next_open,,,,,,,,,,
WAIT_RETEST,DOFER,mb_scanner,bb_1w__mit_touch_first,retest_pending,1w,RETEST_SETUP,WAIT_RETEST,neutral,retest_pending_context;no_entry_ref;regime_neutral,33.88,32.77242857142857,2.9585714285714286,next_open,,,,,,,,,,
WAIT_RETEST,DOHOL,mb_scanner,mb_5h__mit_touch_first,retest_pending,5h,RETEST_SETUP,WAIT_RETEST,neutral,retest_pending_context;no_entry_ref;regime_neutral,21.92,21.347571428571428,0.6414285714285712,next_open,,,,,,,,,,
WAIT_RETEST,DZGYO,mb_scanner,mb_1w__mit_touch_first,retest_pending,1w,RETEST_SETUP,WAIT_RETEST,neutral,retest_pending_context;no_entry_ref;regime_neutral,8.45,7.728928571428571,0.8035714285714286,next_open,,,,,,,,,,
WAIT_RETEST,EMNIS,mb_scanner,bb_1w__mit_touch_first,retest_pending,1w,RETEST_SETUP,WAIT_RETEST,neutral,retest_pending_context;no_entry_ref;regime_neutral,159.5,141.1914285714286,12.028571428571428,next_open,,,,,,,,,,
WAIT_RETEST,ENSRI,mb_scanner,mb_5h__mit_touch_first,retest_pending,5h,RETEST_SETUP,WAIT_RETEST,neutral,retest_pending_context;no_entry_ref;regime_neutral,10.29,9.808857142857143,1.0371428571428574,next_open,,,,,,,,,,
WAIT_RETEST,EUYO,mb_scanner,mb_1w__mit_touch_first,retest_pending,1w,RETEST_SETUP,WAIT_RETEST,neutral,retest_pending_context;no_entry_ref;regime_neutral,6.28,5.327423337428571,0.7419048085714284,next_open,,,,,,,,,,
WAIT_RETEST,EUYO,mb_scanner,mb_1w__mit_touch_first,retest_pending,1w,RETEST_SETUP,WAIT_RETEST,neutral,retest_pending_context;no_entry_ref;regime_neutral,6.28,5.357428557428571,0.7419048085714284,next_open,,,,,,,,,,
WAIT_RETEST,FENER,mb_scanner,bb_1w__mit_touch_first,retest_pending,1w,RETEST_SETUP,WAIT_RETEST,neutral,retest_pending_context;no_entry_ref;regime_neutral,3.3,2.4829285714285714,0.4235714285714286,next_open,,,,,,,,,,
WAIT_RETEST,GARAN,mb_scanner,bb_5h__mit_touch_first,retest_pending,5h,RETEST_SETUP,WAIT_RETEST,neutral,retest_pending_context;no_entry_ref;regime_neutral,135.9,126.075,3.750000000000003,next_open,,,,,,,,,,
WAIT_RETEST,GEDZA,mb_scanner,bb_1w__mit_touch_first,retest_pending,1w,RETEST_SETUP,WAIT_RETEST,neutral,retest_pending_context;no_entry_ref;regime_neutral,33.7,25.973285714285716,4.555714285714285,next_open,,,,,,,,,,
WAIT_RETEST,GESAN,mb_scanner,bb_5h__mit_touch_first,retest_pending,5h,RETEST_SETUP,WAIT_RETEST,neutral,retest_pending_context;no_entry_ref;regime_neutral,81.7,76.64571428571429,5.014285714285715,next_open,,,,,,,,,,
WAIT_RETEST,GLBMD,mb_scanner,mb_1d__mit_touch_first,retest_pending,1d,RETEST_SETUP,WAIT_RETEST,neutral,retest_pending_context;no_entry_ref;regime_neutral,12.48,12.08157142857143,0.5614285714285717,next_open,,,,,,,,,,
WAIT_RETEST,HATSN,mb_scanner,mb_5h__mit_touch_first,retest_pending,5h,RETEST_SETUP,WAIT_RETEST,neutral,retest_pending_context;no_entry_ref;regime_neutral,53.25,48.0825,3.5249999999999995,next_open,,,,,,,,,,
WAIT_RETEST,HEDEF,mb_scanner,mb_1d__mit_touch_first,retest_pending,1d,RETEST_SETUP,WAIT_RETEST,neutral,retest_pending_context;no_entry_ref;regime_neutral,115.0,108.05492956571429,6.483568114285714,next_open,,,,,,,,,,
WAIT_RETEST,HUNER,mb_scanner,bb_1w__mit_touch_first,retest_pending,1w,RETEST_SETUP,WAIT_RETEST,neutral,retest_pending_context;no_entry_ref;regime_neutral,3.77,3.0227142857142857,0.32428571428571434,next_open,,,,,,,,,,
WAIT_RETEST,HURGZ,mb_scanner,mb_1w__mit_touch_first,retest_pending,1w,RETEST_SETUP,WAIT_RETEST,neutral,retest_pending_context;no_entry_ref;regime_neutral,7.0,5.399571428571429,1.1014285714285716,next_open,,,,,,,,,,
WAIT_RETEST,ICBCT,mb_scanner,bb_5h__mit_touch_first,retest_pending,5h,RETEST_SETUP,WAIT_RETEST,neutral,retest_pending_context;no_entry_ref;regime_neutral,21.1,18.952571428571428,1.291428571428572,next_open,,,,,,,,,,
WAIT_RETEST,IDGYO,mb_scanner,bb_1w__mit_touch_first,retest_pending,1w,RETEST_SETUP,WAIT_RETEST,neutral,retest_pending_context;no_entry_ref;regime_neutral,4.99,3.6574285714285715,0.6085714285714285,next_open,,,,,,,,,,
WAIT_RETEST,IDGYO,mb_scanner,bb_5h__mit_touch_first,retest_pending,5h,RETEST_SETUP,WAIT_RETEST,neutral,retest_pending_context;no_entry_ref;regime_neutral,4.65,3.5770714285714287,0.3764285714285714,next_open,,,,,,,,,,
WAIT_RETEST,IDGYO,mb_scanner,mb_1d__mit_touch_first,retest_pending,1d,RETEST_SETUP,WAIT_RETEST,neutral,retest_pending_context;no_entry_ref;regime_neutral,4.99,3.730785714285714,0.43071428571428594,next_open,,,,,,,,,,
WAIT_RETEST,IDGYO,mb_scanner,mb_5h__mit_touch_first,retest_pending,5h,RETEST_SETUP,WAIT_RETEST,neutral,retest_pending_context;no_entry_ref;regime_neutral,4.65,3.7470714285714286,0.3764285714285714,next_open,,,,,,,,,,
WAIT_RETEST,IHAAS,mb_scanner,mb_1w__mit_touch_first,retest_pending,1w,RETEST_SETUP,WAIT_RETEST,neutral,retest_pending_context;no_entry_ref;regime_neutral,94.95,69.48714285714286,15.042857142857141,next_open,,,,,,,,,,
WAIT_RETEST,INFO,mb_scanner,bb_5h__mit_touch_first,retest_pending,5h,RETEST_SETUP,WAIT_RETEST,neutral,retest_pending_context;no_entry_ref;regime_neutral,4.01,3.3830714285714287,0.1564285714285714,next_open,,,,,,,,,,
WAIT_RETEST,INFO,mb_scanner,mb_5h__mit_touch_first,retest_pending,5h,RETEST_SETUP,WAIT_RETEST,neutral,retest_pending_context;no_entry_ref;regime_neutral,4.01,3.7730714285714284,0.1564285714285714,next_open,,,,,,,,,,
WAIT_RETEST,ISFIN,mb_scanner,bb_5h__mit_touch_first,retest_pending,5h,RETEST_SETUP,WAIT_RETEST,neutral,retest_pending_context;no_entry_ref;regime_neutral,19.7,19.06942857142857,0.3685714285714286,next_open,,,,,,,,,,
WAIT_RETEST,IZENR,mb_scanner,mb_1w__mit_touch_first,retest_pending,1w,RETEST_SETUP,WAIT_RETEST,neutral,retest_pending_context;no_entry_ref;regime_neutral,9.63,8.642428571428571,1.258571428571429,next_open,,,,,,,,,,
WAIT_RETEST,IZENR,mb_scanner,mb_1w__mit_touch_first,retest_pending,1w,RETEST_SETUP,WAIT_RETEST,neutral,retest_pending_context;no_entry_ref;regime_neutral,9.63,9.212428571428571,1.258571428571429,next_open,,,,,,,,,,
WAIT_RETEST,IZMDC,mb_scanner,bb_1w__mit_touch_first,retest_pending,1w,RETEST_SETUP,WAIT_RETEST,neutral,retest_pending_context;no_entry_ref;regime_neutral,7.92,5.929285714285714,0.7357142857142858,next_open,,,,,,,,,,
WAIT_RETEST,KCAER,mb_scanner,mb_5h__mit_touch_first,retest_pending,5h,RETEST_SETUP,WAIT_RETEST,neutral,retest_pending_context;no_entry_ref;regime_neutral,15.3,13.898,0.64,next_open,,,,,,,,,,
WAIT_RETEST,KFEIN,mb_scanner,bb_1w__mit_touch_first,retest_pending,1w,RETEST_SETUP,WAIT_RETEST,neutral,retest_pending_context;no_entry_ref;regime_neutral,10.98,7.791714285714286,1.1942857142857142,next_open,,,,,,,,,,
WAIT_RETEST,KMPUR,mb_scanner,bb_5h__mit_touch_first,retest_pending,5h,RETEST_SETUP,WAIT_RETEST,neutral,retest_pending_context;no_entry_ref;regime_neutral,21.1,20.14257142857143,0.791428571428571,next_open,,,,,,,,,,
WAIT_RETEST,KOPOL,mb_scanner,mb_1w__mit_touch_first,retest_pending,1w,RETEST_SETUP,WAIT_RETEST,neutral,retest_pending_context;no_entry_ref;regime_neutral,6.15,5.576357142857143,0.7121428571428571,next_open,,,,,,,,,,
WAIT_RETEST,KRDMD,mb_scanner,bb_5h__mit_touch_first,retest_pending,5h,RETEST_SETUP,WAIT_RETEST,neutral,retest_pending_context;no_entry_ref;regime_neutral,39.34,37.693,1.2900000000000007,next_open,,,,,,,,,,
WAIT_RETEST,KRGYO,mb_scanner,bb_1d__mit_touch_first,retest_pending,1d,RETEST_SETUP,WAIT_RETEST,neutral,retest_pending_context;no_entry_ref;regime_neutral,2.88,2.5629285714285714,0.12357142857142854,next_open,,,,,,,,,,
WAIT_RETEST,KRGYO,mb_scanner,bb_5h__mit_touch_first,retest_pending,5h,RETEST_SETUP,WAIT_RETEST,neutral,retest_pending_context;no_entry_ref;regime_neutral,2.88,2.6455,0.11499999999999996,next_open,,,,,,,,,,
WAIT_RETEST,KTSKR,mb_scanner,mb_1w__mit_touch_first,retest_pending,1w,RETEST_SETUP,WAIT_RETEST,neutral,retest_pending_context;no_entry_ref;regime_neutral,89.1,64.03464285714286,15.717857142857143,next_open,,,,,,,,,,
WAIT_RETEST,LYDYE,mb_scanner,mb_1w__mit_touch_first,retest_pending,1w,RETEST_SETUP,WAIT_RETEST,neutral,retest_pending_context;no_entry_ref;regime_neutral,13752.5,13233.517857142857,1621.607142857143,next_open,,,,,,,,,,
WAIT_RETEST,MAALT,mb_scanner,mb_1d__mit_touch_first,retest_pending,1d,RETEST_SETUP,WAIT_RETEST,neutral,retest_pending_context;no_entry_ref;regime_neutral,1133.0,1026.7357142857143,104.21428571428571,next_open,,,,,,,,,,
WAIT_RETEST,MARBL,mb_scanner,mb_1w__mit_touch_first,retest_pending,1w,RETEST_SETUP,WAIT_RETEST,neutral,retest_pending_context;no_entry_ref;regime_neutral,12.65,12.295357142857142,1.282142857142857,next_open,,,,,,,,,,
WAIT_RETEST,MERCN,mb_scanner,mb_1w__mit_touch_first,retest_pending,1w,RETEST_SETUP,WAIT_RETEST,neutral,retest_pending_context;no_entry_ref;regime_neutral,22.72,19.935928571428573,2.413571428571428,next_open,,,,,,,,,,
WAIT_RETEST,MGROS,mb_scanner,bb_5h__mit_touch_first,retest_pending,5h,RETEST_SETUP,WAIT_RETEST,neutral,retest_pending_context;no_entry_ref;regime_neutral,672.5,654.1321428571429,12.892857142857142,next_open,,,,,,,,,,
WAIT_RETEST,MGROS,mb_scanner,mb_5h__mit_touch_first,retest_pending,5h,RETEST_SETUP,WAIT_RETEST,neutral,retest_pending_context;no_entry_ref;regime_neutral,672.5,662.1321428571429,12.892857142857142,next_open,,,,,,,,,,
WAIT_RETEST,NETCD,mb_scanner,mb_5h__mit_touch_first,retest_pending,5h,RETEST_SETUP,WAIT_RETEST,neutral,retest_pending_context;no_entry_ref;regime_neutral,159.1,155.47642857142858,10.078571428571424,next_open,,,,,,,,,,
WAIT_RETEST,NIBAS,mb_scanner,bb_1w__mit_touch_first,retest_pending,1w,RETEST_SETUP,WAIT_RETEST,neutral,retest_pending_context;no_entry_ref;regime_neutral,4.54,3.0010000000000003,1.5299999999999996,next_open,,,,,,,,,,
WAIT_RETEST,OBASE,mb_scanner,mb_1w__mit_touch_first,retest_pending,1w,RETEST_SETUP,WAIT_RETEST,neutral,retest_pending_context;no_entry_ref;regime_neutral,40.26,31.87314285714286,3.822857142857143,next_open,,,,,,,,,,
WAIT_RETEST,OBASE,mb_scanner,mb_1w__mit_touch_first,retest_pending,1w,RETEST_SETUP,WAIT_RETEST,neutral,retest_pending_context;no_entry_ref;regime_neutral,40.26,35.353142857142856,3.822857142857143,next_open,,,,,,,,,,
WAIT_RETEST,OFSYM,mb_scanner,bb_1d__mit_touch_first,retest_pending,1d,RETEST_SETUP,WAIT_RETEST,neutral,retest_pending_context;no_entry_ref;regime_neutral,57.55,55.580714285714286,3.5642857142857145,next_open,,,,,,,,,,
WAIT_RETEST,ONCSM,mb_scanner,bb_1d__mit_touch_first,retest_pending,1d,RETEST_SETUP,WAIT_RETEST,neutral,retest_pending_context;no_entry_ref;regime_neutral,259.0,236.03571428571428,21.214285714285715,next_open,,,,,,,,,,
WAIT_RETEST,ONCSM,mb_scanner,bb_5h__mit_touch_first,retest_pending,5h,RETEST_SETUP,WAIT_RETEST,neutral,retest_pending_context;no_entry_ref;regime_neutral,261.0,240.34464285714287,11.517857142857142,next_open,,,,,,,,,,
WAIT_RETEST,ONRYT,mb_scanner,bb_1w__mit_touch_first,retest_pending,1w,RETEST_SETUP,WAIT_RETEST,neutral,retest_pending_context;no_entry_ref;regime_neutral,65.5,53.45285714285714,8.15714285714286,next_open,,,,,,,,,,
WAIT_RETEST,OSTIM,mb_scanner,bb_1d__mit_touch_first,retest_pending,1d,RETEST_SETUP,WAIT_RETEST,neutral,retest_pending_context;no_entry_ref;regime_neutral,2.75,2.5132857142857143,0.15571428571428575,next_open,,,,,,,,,,
WAIT_RETEST,OSTIM,mb_scanner,bb_5h__mit_touch_first,retest_pending,5h,RETEST_SETUP,WAIT_RETEST,neutral,retest_pending_context;no_entry_ref;regime_neutral,2.75,2.519285714285714,0.13571428571428581,next_open,,,,,,,,,,
WAIT_RETEST,OYYAT,mb_scanner,bb_1w__mit_touch_first,retest_pending,1w,RETEST_SETUP,WAIT_RETEST,neutral,retest_pending_context;no_entry_ref;regime_neutral,42.62,37.58121428571428,6.929285714285714,next_open,,,,,,,,,,
WAIT_RETEST,OZRDN,mb_scanner,mb_1w__mit_touch_first,retest_pending,1w,RETEST_SETUP,WAIT_RETEST,neutral,retest_pending_context;no_entry_ref;regime_neutral,30.2,30.106285714285715,6.645714285714285,next_open,,,,,,,,,,
WAIT_RETEST,PETKM,mb_scanner,mb_1w__mit_touch_first,retest_pending,1w,RETEST_SETUP,WAIT_RETEST,neutral,retest_pending_context;no_entry_ref;regime_neutral,19.39,18.37242857142857,2.758571428571429,next_open,,,,,,,,,,
WAIT_RETEST,PGSUS,mb_scanner,bb_5h__mit_touch_first,retest_pending,5h,RETEST_SETUP,WAIT_RETEST,neutral,retest_pending_context;no_entry_ref;regime_neutral,172.0,167.26785714285714,3.107142857142859,next_open,,,,,,,,,,
WAIT_RETEST,PGSUS,mb_scanner,mb_5h__mit_touch_first,retest_pending,5h,RETEST_SETUP,WAIT_RETEST,neutral,retest_pending_context;no_entry_ref;regime_neutral,172.0,168.76785714285714,3.107142857142859,next_open,,,,,,,,,,
WAIT_RETEST,QUAGR,mb_scanner,mb_1w__mit_touch_first,retest_pending,1w,RETEST_SETUP,WAIT_RETEST,neutral,retest_pending_context;no_entry_ref;regime_neutral,3.96,3.3450714285714285,0.5164285714285715,next_open,,,,,,,,,,
WAIT_RETEST,SASA,mb_scanner,bb_5h__mit_touch_first,retest_pending,5h,RETEST_SETUP,WAIT_RETEST,neutral,retest_pending_context;no_entry_ref;regime_neutral,2.6,2.4549285714285713,0.08357142857142853,next_open,,,,,,,,,,
WAIT_RETEST,SEGYO,mb_scanner,mb_1w__mit_touch_first,retest_pending,1w,RETEST_SETUP,WAIT_RETEST,neutral,retest_pending_context;no_entry_ref;regime_neutral,4.82,4.435928571428572,0.6135714285714285,next_open,,,,,,,,,,
WAIT_RETEST,SKBNK,mb_scanner,mb_5h__mit_touch_first,retest_pending,5h,RETEST_SETUP,WAIT_RETEST,neutral,retest_pending_context;no_entry_ref;regime_neutral,13.95,12.739285714285714,0.3357142857142859,next_open,,,,,,,,,,
WAIT_RETEST,SKYLP,mb_scanner,bb_5h__mit_touch_first,retest_pending,5h,RETEST_SETUP,WAIT_RETEST,neutral,retest_pending_context;no_entry_ref;regime_neutral,313.5,290.5267857142857,14.910714285714286,next_open,,,,,,,,,,
WAIT_RETEST,SKYLP,mb_scanner,mb_1w__mit_touch_first,retest_pending,1w,RETEST_SETUP,WAIT_RETEST,neutral,retest_pending_context;no_entry_ref;regime_neutral,310.25,242.31214285714285,49.792857142857144,next_open,,,,,,,,,,
WAIT_RETEST,SKYMD,mb_scanner,mb_1w__mit_touch_first,retest_pending,1w,RETEST_SETUP,WAIT_RETEST,neutral,retest_pending_context;no_entry_ref;regime_neutral,13.43,12.270428571428573,1.4985714285714289,next_open,,,,,,,,,,
WAIT_RETEST,SMART,mb_scanner,mb_1w__mit_touch_first,retest_pending,1w,RETEST_SETUP,WAIT_RETEST,neutral,retest_pending_context;no_entry_ref;regime_neutral,33.48,31.371999999999996,5.96,next_open,,,,,,,,,,
WAIT_RETEST,SURGY,mb_scanner,mb_1w__mit_touch_first,retest_pending,1w,RETEST_SETUP,WAIT_RETEST,neutral,retest_pending_context;no_entry_ref;regime_neutral,74.75,63.55607142857143,8.14642857142857,next_open,,,,,,,,,,
WAIT_RETEST,TATGD,mb_scanner,mb_1w__mit_touch_first,retest_pending,1w,RETEST_SETUP,WAIT_RETEST,neutral,retest_pending_context;no_entry_ref;regime_neutral,19.45,15.233357142857143,2.2221428571428574,next_open,,,,,,,,,,
WAIT_RETEST,THYAO,mb_scanner,bb_5h__mit_touch_first,retest_pending,5h,RETEST_SETUP,WAIT_RETEST,neutral,retest_pending_context;no_entry_ref;regime_neutral,307.75,272.4357142857143,5.214285714285714,next_open,,,,,,,,,,
WAIT_RETEST,TLMAN,mb_scanner,mb_1w__mit_touch_first,retest_pending,1w,RETEST_SETUP,WAIT_RETEST,neutral,retest_pending_context;no_entry_ref;regime_neutral,100.3,92.475,7.749999999999999,next_open,,,,,,,,,,
WAIT_RETEST,TRCAS,mb_scanner,bb_1d__mit_touch_first,retest_pending,1d,RETEST_SETUP,WAIT_RETEST,neutral,retest_pending_context;no_entry_ref;regime_neutral,41.68,38.93457142857143,1.5514285714285698,next_open,,,,,,,,,,
WAIT_RETEST,TRCAS,mb_scanner,mb_5h__mit_touch_first,retest_pending,5h,RETEST_SETUP,WAIT_RETEST,neutral,retest_pending_context;no_entry_ref;regime_neutral,41.7,40.48957142857143,1.1014285714285705,next_open,,,,,,,,,,
WAIT_RETEST,TSKB,mb_scanner,bb_5h__mit_touch_first,retest_pending,5h,RETEST_SETUP,WAIT_RETEST,neutral,retest_pending_context;no_entry_ref;regime_neutral,11.8,11.41457142857143,0.2514285714285713,next_open,,,,,,,,,,
WAIT_RETEST,TTRAK,mb_scanner,mb_5h__mit_touch_first,retest_pending,5h,RETEST_SETUP,WAIT_RETEST,neutral,retest_pending_context;no_entry_ref;regime_neutral,441.25,432.225,9.25,next_open,,,,,,,,,,
WAIT_RETEST,TURSG,mb_scanner,bb_5h__mit_touch_first,retest_pending,5h,RETEST_SETUP,WAIT_RETEST,neutral,retest_pending_context;no_entry_ref;regime_neutral,12.91,12.474785714285716,0.25071428571428545,next_open,,,,,,,,,,
WAIT_RETEST,TURSG,mb_scanner,mb_1d__mit_touch_first,retest_pending,1d,RETEST_SETUP,WAIT_RETEST,neutral,retest_pending_context;no_entry_ref;regime_neutral,12.89,12.401928571428572,0.4935714285714287,next_open,,,,,,,,,,
WAIT_RETEST,VAKBN,mb_scanner,bb_5h__mit_touch_first,retest_pending,5h,RETEST_SETUP,WAIT_RETEST,neutral,retest_pending_context;no_entry_ref;regime_neutral,32.62,31.26285714285714,1.057142857142858,next_open,,,,,,,,,,
WAIT_RETEST,YIGIT,mb_scanner,bb_1w__mit_touch_first,retest_pending,1w,RETEST_SETUP,WAIT_RETEST,neutral,retest_pending_context;no_entry_ref;regime_neutral,23.64,21.412714285714284,2.2242857142857146,next_open,,,,,,,,,,
WAIT_RETEST,YIGIT,mb_scanner,mb_1w__mit_touch_first,retest_pending,1w,RETEST_SETUP,WAIT_RETEST,neutral,retest_pending_context;no_entry_ref;regime_neutral,23.64,23.112714285714286,2.2242857142857146,next_open,,,,,,,,,,
WAIT_RETEST,YKBNK,mb_scanner,bb_5h__mit_touch_first,retest_pending,5h,RETEST_SETUP,WAIT_RETEST,neutral,retest_pending_context;no_entry_ref;regime_neutral,38.1,31.78442857142857,1.1185714285714283,next_open,,,,,,,,,,
PAPER_ONLY,ARMGD,horizontal_base,horizontal_base__trigger,trigger,1d,TRIGGERED_SETUP,PAPER_ONLY,neutral,clean_breakout_context;entry_ref_present;stop_ref_present;execution_risk_too_wide;wait_better_entry;regime_neutral,146.3000030517578,110.36100006103516,8.371428489685059,next_open,4.2930550066819855,paper_execution_v0_trigger_retest,,,,,,,,
PAPER_ONLY,BARMA,horizontal_base,horizontal_base__extended,extended,1d,EXTENDED_CONTEXT,PAPER_ONLY,neutral,extended_context;no_entry_ref;regime_neutral,66.69999694824219,53.871498107910156,3.6321427822113037,next_open,,paper_execution_v0,,,,,,,,
PAPER_ONLY,HALKB,horizontal_base,horizontal_base__extended,extended,1d,EXTENDED_CONTEXT,PAPER_ONLY,neutral,extended_context;no_entry_ref;regime_neutral,47.84000015258789,38.02980041503906,2.5299999713897705,next_open,,paper_execution_v0,,,,,,,,
PAPER_ONLY,KAPLM,horizontal_base,horizontal_base__trigger,trigger,1d,TRIGGERED_SETUP,PAPER_ONLY,neutral,clean_breakout_context;entry_ref_present;stop_ref_present;execution_risk_above_normal_below_reject;size_reduced;regime_neutral,663.0,524.125,51.85714340209961,next_open,2.6780302748873974,paper_execution_v0_trigger_retest,,,,,,,,
PAPER_ONLY,KUVVA,horizontal_base,horizontal_base__extended,extended,1d,EXTENDED_CONTEXT,PAPER_ONLY,neutral,extended_context;no_entry_ref;regime_neutral,166.0,117.12699890136719,10.121428489685059,next_open,,paper_execution_v0,,,,,,,,
PAPER_ONLY,MARKA,horizontal_base,horizontal_base__extended,extended,1d,EXTENDED_CONTEXT,PAPER_ONLY,neutral,extended_context;no_entry_ref;regime_neutral,69.6500015258789,49.45500183105469,4.685714244842529,next_open,,paper_execution_v0,,,,,,,,
PAPER_ONLY,PARSN,horizontal_base,horizontal_base__trigger,trigger,1d,TRIGGERED_SETUP,PAPER_ONLY,neutral,clean_breakout_context;entry_ref_present;stop_ref_present;execution_risk_above_normal_below_reject;size_reduced;regime_neutral,86.5,77.75499725341797,3.692857027053833,next_open,2.3680859243984345,paper_execution_v0_trigger_retest,,,,,,,,
PAPER_ONLY,SDTTR,horizontal_base,horizontal_base__extended,extended,1d,EXTENDED_CONTEXT,PAPER_ONLY,neutral,extended_context;no_entry_ref;regime_neutral,257.5,204.0989990234375,17.089284896850586,next_open,,paper_execution_v0,,,,,,,,
