topn,date,day_score
1,2020-06-01,0.620372
1,2020-06-02,0.569605
1,2020-06-03,0.560857
1,2020-06-04,0.598597
1,2020-06-05,0.633222
1,2020-06-08,0.677814
1,2020-06-09,0.679604
1,2020-06-10,0.645958
1,2020-06-11,0.592915
1,2020-06-12,0.583125
1,2020-06-15,0.611511
1,2020-06-16,0.595226
1,2020-06-17,0.670857
1,2020-06-18,0.651539
1,2020-06-19,0.553433
1,2020-06-22,0.627628
1,2020-06-23,0.661484
1,2020-06-24,0.586623
1,2020-06-25,0.665269
1,2020-06-26,0.599493
1,2020-06-29,0.611912
1,2020-06-30,0.611394
1,2020-07-01,0.621574
1,2020-07-02,0.617724
1,2020-07-03,0.608054
1,2020-07-06,0.658412
1,2020-07-07,0.666776
1,2020-07-08,0.617651
1,2020-07-09,0.59737
1,2020-07-10,0.600235
1,2020-07-13,0.692232
1,2020-07-14,0.580036
1,2020-07-16,0.614562
1,2020-07-17,0.692336
1,2020-07-20,0.726925
1,2020-07-21,0.726925
1,2020-07-22,0.601154
1,2020-07-23,0.61155
1,2020-07-24,0.655419
1,2020-07-27,0.744235
1,2020-07-28,0.64228
1,2020-07-29,0.649554
1,2020-07-30,0.691424
1,2020-08-04,0.742672
1,2020-08-05,0.731829
1,2020-08-06,0.735214
1,2020-08-07,0.65591
1,2020-08-10,0.641679
1,2020-08-11,0.719459
1,2020-08-12,0.637518
1,2020-08-13,0.572206
1,2020-08-14,0.538042
1,2020-08-17,0.575211
1,2020-08-18,0.631645
1,2020-08-19,0.598728
1,2020-08-20,0.614081
1,2020-08-21,0.526488
1,2020-08-24,0.643055
1,2020-08-25,0.534471
1,2020-08-26,0.642475
1,2020-08-27,0.609487
1,2020-08-28,0.554188
1,2020-08-31,0.621723
1,2020-09-01,0.66302
1,2020-09-02,0.680876
1,2020-09-03,0.671731
1,2020-09-04,0.565012
1,2020-09-07,0.685893
1,2020-09-08,0.687363
1,2020-09-09,0.743046
1,2020-09-10,0.510812
1,2020-09-11,0.550542
1,2020-09-14,0.52706
1,2020-09-15,0.562286
1,2020-09-16,0.580879
1,2020-09-17,0.558994
1,2020-09-18,0.619238
1,2020-09-21,0.684667
1,2020-09-22,0.620168
1,2020-09-23,0.622389
1,2020-09-24,0.529555
1,2020-09-25,0.580975
1,2020-09-28,0.638243
1,2020-09-29,0.708803
1,2020-09-30,0.756904
1,2020-10-01,0.524324
1,2020-10-02,0.539396
1,2020-10-05,0.631288
1,2020-10-06,0.733024
1,2020-10-07,0.669029
1,2020-10-08,0.733828
1,2020-10-09,0.705359
1,2020-10-12,0.742387
1,2020-10-13,0.639915
1,2020-10-14,0.593787
1,2020-10-15,0.672615
1,2020-10-16,0.742137
1,2020-10-19,0.742137
1,2020-10-20,0.708506
1,2020-10-21,0.617562
1,2020-10-22,0.581183
1,2020-10-23,0.532313
1,2020-10-26,0.582718
1,2020-10-27,0.6905
1,2020-10-28,0.654726
1,2020-10-30,0.697136
1,2020-11-02,0.574731
1,2020-11-03,0.569065
1,2020-11-04,0.579017
1,2020-11-05,0.559151
1,2020-11-06,0.562693
1,2020-11-09,0.53807
1,2020-11-10,0.555781
1,2020-11-11,0.54745
1,2020-11-12,0.520065
1,2020-11-13,0.592708
1,2020-11-16,0.583741
1,2020-11-17,0.582126
1,2020-11-18,0.614777
1,2020-11-19,0.559602
1,2020-11-20,0.592504
1,2020-11-23,0.607369
1,2020-11-24,0.623926
1,2020-11-25,0.555751
1,2020-11-26,0.740264
1,2020-11-27,0.724897
1,2020-11-30,0.633062
1,2020-12-01,0.611161
1,2020-12-02,0.610225
1,2020-12-03,0.663584
1,2020-12-04,0.601929
1,2020-12-07,0.539263
1,2020-12-08,0.551053
1,2020-12-09,0.667742
1,2020-12-10,0.654195
1,2020-12-11,0.667133
1,2020-12-14,0.6194
1,2020-12-15,0.555691
1,2020-12-16,0.556663
1,2020-12-17,0.567944
1,2020-12-18,0.669155
1,2020-12-21,0.733489
1,2020-12-22,0.572626
1,2020-12-23,0.735741
1,2020-12-24,0.718482
1,2020-12-25,0.551215
1,2020-12-28,0.589129
1,2020-12-29,0.610486
1,2020-12-30,0.610826
1,2020-12-31,0.704722
1,2021-01-04,0.561546
1,2021-01-05,0.581859
1,2021-01-06,0.569116
1,2021-01-07,0.601978
1,2021-01-08,0.716895
1,2021-01-11,0.545675
1,2021-01-12,0.555264
1,2021-01-13,0.544438
1,2021-01-14,0.573729
1,2021-01-15,0.585143
1,2021-01-18,0.623697
1,2021-01-19,0.597221
1,2021-01-20,0.638423
1,2021-01-21,0.591189
1,2021-01-22,0.570198
1,2021-01-25,0.60809
1,2021-01-26,0.613393
1,2021-01-27,0.570153
1,2021-01-28,0.591675
1,2021-01-29,0.598391
1,2021-02-01,0.606093
1,2021-02-02,0.617641
1,2021-02-03,0.53646
1,2021-02-04,0.573982
1,2021-02-05,0.555419
1,2021-02-08,0.585522
1,2021-02-09,0.53631
1,2021-02-10,0.556947
1,2021-02-11,0.549061
1,2021-02-12,0.578412
1,2021-02-15,0.605586
1,2021-02-16,0.598842
1,2021-02-17,0.63649
1,2021-02-18,0.63649
1,2021-02-19,0.673285
1,2021-02-22,0.586466
1,2021-02-23,0.513966
1,2021-02-24,0.653942
1,2021-02-25,0.57999
1,2021-02-26,0.588874
1,2021-03-01,0.615723
1,2021-03-02,0.534662
1,2021-03-03,0.533657
1,2021-03-04,0.591702
1,2021-03-05,0.543158
1,2021-03-08,0.638512
1,2021-03-09,0.657617
1,2021-03-10,0.725185
1,2021-03-11,0.559774
1,2021-03-12,0.559585
1,2021-03-15,0.574033
1,2021-03-16,0.591189
1,2021-03-17,0.604341
1,2021-03-18,0.563976
1,2021-03-19,0.593611
1,2021-03-22,0.660433
1,2021-03-23,0.66583
1,2021-03-24,0.640151
1,2021-03-25,0.64691
1,2021-03-26,0.665998
1,2021-03-29,0.616745
1,2021-03-30,0.625175
1,2021-03-31,0.701439
1,2021-04-01,0.71879
1,2021-04-02,0.544285
1,2021-04-05,0.658378
1,2021-04-06,0.66411
1,2021-04-07,0.564141
1,2021-04-08,0.675118
1,2021-04-09,0.692747
1,2021-04-12,0.735287
1,2021-04-13,0.737745
1,2021-04-14,0.55491
1,2021-04-15,0.53859
1,2021-04-16,0.574389
1,2021-04-19,0.634667
1,2021-04-20,0.558428
1,2021-04-21,0.681209
1,2021-04-22,0.589662
1,2021-04-26,0.61478
1,2021-04-27,0.642026
1,2021-04-28,0.559823
1,2021-04-29,0.677335
1,2021-04-30,0.650393
1,2021-05-03,0.625412
1,2021-05-04,0.694542
1,2021-05-05,0.554107
1,2021-05-06,0.530247
1,2021-05-07,0.556859
1,2021-05-10,0.651531
1,2021-05-11,0.613592
1,2021-05-12,0.619569
1,2021-05-17,0.565865
1,2021-05-18,0.567828
1,2021-05-20,0.546637
1,2021-05-21,0.572115
1,2021-05-24,0.548843
1,2021-05-25,0.576847
1,2021-05-26,0.562423
1,2021-05-27,0.556606
1,2021-05-28,0.55193
1,2021-05-31,0.571492
1,2021-06-01,0.553351
1,2021-06-02,0.550516
1,2021-06-03,0.547593
1,2021-06-04,0.554371
1,2021-06-07,0.538143
1,2021-06-08,0.52736
1,2021-06-09,0.51712
1,2021-06-10,0.620227
1,2021-06-11,0.518131
1,2021-06-14,0.529073
1,2021-06-15,0.545068
1,2021-06-16,0.532058
1,2021-06-17,0.556913
1,2021-06-18,0.574074
1,2021-06-21,0.556281
1,2021-06-22,0.535692
1,2021-06-23,0.548665
1,2021-06-24,0.558645
1,2021-06-25,0.544918
1,2021-06-28,0.565293
1,2021-06-29,0.54733
1,2021-06-30,0.611501
1,2021-07-01,0.535392
1,2021-07-02,0.544493
1,2021-07-05,0.570298
1,2021-07-06,0.516787
1,2021-07-07,0.516635
1,2021-07-08,0.514009
1,2021-07-09,0.533816
1,2021-07-12,0.556832
1,2021-07-13,0.599169
1,2021-07-14,0.580294
1,2021-07-16,0.548453
1,2021-07-19,0.581134
1,2021-07-26,0.560352
1,2021-07-27,0.509267
1,2021-07-28,0.53874
1,2021-07-29,0.516056
1,2021-07-30,0.594621
1,2021-08-02,0.522251
1,2021-08-03,0.52968
1,2021-08-04,0.523132
1,2021-08-05,0.524726
1,2021-08-06,0.525464
1,2021-08-09,0.537475
1,2021-08-10,0.551564
1,2021-08-11,0.571441
1,2021-08-12,0.556553
1,2021-08-13,0.57388
1,2021-08-16,0.559604
1,2021-08-17,0.54451
1,2021-08-18,0.564215
1,2021-08-19,0.565319
1,2021-08-20,0.540306
1,2021-08-23,0.560801
1,2021-08-24,0.536982
1,2021-08-25,0.538568
1,2021-08-26,0.543423
1,2021-08-27,0.543541
1,2021-08-31,0.560751
1,2021-09-01,0.542951
1,2021-09-02,0.562893
1,2021-09-03,0.512094
1,2021-09-06,0.526387
1,2021-09-07,0.52308
1,2021-09-08,0.522217
1,2021-09-09,0.536869
1,2021-09-10,0.511399
1,2021-09-13,0.523648
1,2021-09-14,0.541192
1,2021-09-15,0.550359
1,2021-09-16,0.575496
1,2021-09-17,0.568683
1,2021-09-20,0.568525
1,2021-09-21,0.573112
1,2021-09-22,0.560355
1,2021-09-23,0.55623
1,2021-09-24,0.561281
1,2021-09-27,0.544459
1,2021-09-28,0.564665
1,2021-09-29,0.55339
1,2021-09-30,0.531191
1,2021-10-01,0.530578
1,2021-10-04,0.549246
1,2021-10-05,0.52676
1,2021-10-06,0.568409
1,2021-10-07,0.587817
1,2021-10-08,0.592831
1,2021-10-11,0.594967
1,2021-10-12,0.535924
1,2021-10-13,0.552305
1,2021-10-14,0.574189
1,2021-10-15,0.545407
1,2021-10-18,0.589315
1,2021-10-19,0.562096
1,2021-10-20,0.576212
1,2021-10-21,0.537322
1,2021-10-22,0.570236
1,2021-10-25,0.658995
1,2021-10-26,0.585127
1,2021-10-27,0.565709
1,2021-10-28,0.566164
1,2021-11-01,0.736359
1,2021-11-02,0.589567
1,2021-11-03,0.537169
1,2021-11-04,0.644697
1,2021-11-05,0.54744
1,2021-11-08,0.706514
1,2021-11-09,0.729721
1,2021-11-10,0.573231
1,2021-11-11,0.584564
1,2021-11-12,0.584013
1,2021-11-15,0.742033
1,2021-11-16,0.562796
1,2021-11-17,0.624574
1,2021-11-18,0.576617
1,2021-11-19,0.586148
1,2021-11-22,0.571732
1,2021-11-23,0.568556
1,2021-11-24,0.581368
1,2021-11-25,0.565603
1,2021-11-26,0.577373
1,2021-11-29,0.672508
1,2021-11-30,0.575688
1,2021-12-01,0.6044
1,2021-12-02,0.593718
1,2021-12-03,0.587779
1,2021-12-06,0.679827
1,2021-12-07,0.567487
1,2021-12-08,0.596158
1,2021-12-09,0.568566
1,2021-12-10,0.56435
1,2021-12-13,0.569588
1,2021-12-14,0.555544
1,2021-12-15,0.574012
1,2021-12-16,0.598862
1,2021-12-17,0.513013
1,2021-12-20,0.583752
1,2021-12-21,0.577058
1,2021-12-22,0.599449
1,2021-12-23,0.646803
1,2021-12-24,0.608518
1,2021-12-27,0.551557
1,2021-12-28,0.595233
1,2021-12-29,0.555833
1,2021-12-30,0.59628
1,2021-12-31,0.539231
1,2022-01-03,0.5491
1,2022-01-04,0.548034
1,2022-01-05,0.555311
1,2022-01-06,0.561581
1,2022-01-07,0.593908
1,2022-01-10,0.55733
1,2022-01-11,0.55874
1,2022-01-12,0.556874
1,2022-01-13,0.583519
1,2022-01-14,0.577287
1,2022-01-17,0.570413
1,2022-01-18,0.523934
1,2022-01-19,0.564898
1,2022-01-20,0.532748
1,2022-01-21,0.526911
1,2022-01-24,0.544954
1,2022-01-25,0.564408
1,2022-01-26,0.614985
1,2022-01-27,0.620532
1,2022-01-28,0.544662
1,2022-01-31,0.568966
1,2022-02-01,0.606447
1,2022-02-02,0.511002
1,2022-02-03,0.559041
1,2022-02-04,0.585743
1,2022-02-07,0.556856
1,2022-02-08,0.572694
1,2022-02-09,0.602276
1,2022-02-10,0.601179
1,2022-02-11,0.556119
1,2022-02-14,0.577256
1,2022-02-15,0.621891
1,2022-02-16,0.630322
1,2022-02-17,0.590838
1,2022-02-18,0.582099
1,2022-02-21,0.574591
1,2022-02-22,0.585024
1,2022-02-23,0.560661
1,2022-02-24,0.660517
1,2022-02-25,0.58958
1,2022-02-28,0.592674
1,2022-03-01,0.656637
1,2022-03-02,0.68707
1,2022-03-03,0.531372
1,2022-03-04,0.556374
1,2022-03-07,0.549623
1,2022-03-08,0.570002
1,2022-03-09,0.613677
1,2022-03-10,0.537238
1,2022-03-11,0.55694
1,2022-03-14,0.580164
1,2022-03-15,0.602389
1,2022-03-16,0.563827
1,2022-03-17,0.59603
1,2022-03-18,0.570846
1,2022-03-21,0.611541
1,2022-03-22,0.597791
1,2022-03-23,0.657178
1,2022-03-24,0.63802
1,2022-03-25,0.655335
1,2022-03-28,0.667927
1,2022-03-29,0.631795
1,2022-03-30,0.665264
1,2022-03-31,0.670013
1,2022-04-01,0.662661
1,2022-04-04,0.678817
1,2022-04-05,0.673137
1,2022-04-06,0.678817
1,2022-04-07,0.718428
1,2022-04-08,0.65052
1,2022-04-11,0.596612
1,2022-04-12,0.581787
1,2022-04-13,0.621197
1,2022-04-14,0.595674
1,2022-04-15,0.646842
1,2022-04-18,0.575863
1,2022-04-19,0.563792
1,2022-04-20,0.560815
1,2022-04-21,0.580502
1,2022-04-22,0.534976
1,2022-04-25,0.550304
1,2022-04-26,0.538346
1,2022-04-27,0.553728
1,2022-04-28,0.657213
1,2022-04-29,0.547518
1,2022-05-05,0.563366
1,2022-05-06,0.554834
1,2022-05-09,0.626748
1,2022-05-10,0.560968
1,2022-05-11,0.555388
1,2022-05-12,0.569454
1,2022-05-13,0.677037
1,2022-05-16,0.540707
1,2022-05-17,0.561661
1,2022-05-18,0.570538
1,2022-05-20,0.573204
1,2022-05-23,0.63156
1,2022-05-24,0.63919
1,2022-05-25,0.595991
1,2022-05-26,0.611048
1,2022-05-27,0.545936
1,2022-05-30,0.675628
1,2022-05-31,0.672316
1,2022-06-01,0.673666
1,2022-06-02,0.618156
1,2022-06-03,0.657975
1,2022-06-06,0.568393
1,2022-06-07,0.671482
1,2022-06-08,0.535877
1,2022-06-09,0.640219
1,2022-06-10,0.710103
1,2022-06-13,0.587164
1,2022-06-14,0.62772
1,2022-06-15,0.644983
1,2022-06-16,0.603058
1,2022-06-17,0.626909
1,2022-06-20,0.571569
1,2022-06-21,0.577384
1,2022-06-22,0.584438
1,2022-06-23,0.591675
1,2022-06-24,0.573567
1,2022-06-27,0.624292
1,2022-06-28,0.545766
1,2022-06-29,0.591936
1,2022-06-30,0.574623
1,2022-07-01,0.676467
1,2022-07-04,0.61538
1,2022-07-05,0.590022
1,2022-07-06,0.544472
1,2022-07-07,0.555527
1,2022-07-08,0.677042
1,2022-07-13,0.647792
1,2022-07-14,0.567583
1,2022-07-18,0.639445
1,2022-07-19,0.664331
1,2022-07-20,0.553436
1,2022-07-21,0.604174
1,2022-07-22,0.560758
1,2022-07-25,0.664924
1,2022-07-26,0.565639
1,2022-07-27,0.634847
1,2022-07-28,0.586923
1,2022-07-29,0.608235
1,2022-08-01,0.691873
1,2022-08-02,0.66411
1,2022-08-03,0.684363
1,2022-08-04,0.680876
1,2022-08-05,0.663584
1,2022-08-08,0.642558
1,2022-08-09,0.574969
1,2022-08-10,0.679972
1,2022-08-11,0.712382
1,2022-08-12,0.728533
1,2022-08-15,0.758232
1,2022-08-16,0.634962
1,2022-08-17,0.697136
1,2022-08-18,0.595063
1,2022-08-19,0.582428
1,2022-08-22,0.607729
1,2022-08-23,0.648495
1,2022-08-24,0.550777
1,2022-08-25,0.60809
1,2022-08-26,0.607676
1,2022-08-29,0.596446
1,2022-08-31,0.67827
1,2022-09-01,0.663939
1,2022-09-02,0.699146
1,2022-09-05,0.70741
1,2022-09-06,0.707168
1,2022-09-07,0.576659
1,2022-09-08,0.725152
1,2022-09-09,0.753302
1,2022-09-12,0.753348
1,2022-09-13,0.522976
1,2022-09-14,0.601626
1,2022-09-15,0.584505
1,2022-09-16,0.589705
1,2022-09-19,0.532603
1,2022-09-20,0.60645
1,2022-09-21,0.605771
1,2022-09-22,0.569567
1,2022-09-23,0.618092
1,2022-09-26,0.594543
1,2022-09-27,0.621776
1,2022-09-28,0.544349
1,2022-09-29,0.597426
1,2022-09-30,0.606547
1,2022-10-03,0.649859
1,2022-10-04,0.622193
1,2022-10-05,0.64595
1,2022-10-06,0.586636
1,2022-10-07,0.600017
1,2022-10-10,0.694905
1,2022-10-11,0.714328
1,2022-10-12,0.621144
1,2022-10-13,0.59076
1,2022-10-14,0.672072
1,2022-10-17,0.672773
1,2022-10-18,0.598819
1,2022-10-19,0.684329
1,2022-10-20,0.676962
1,2022-10-21,0.593587
1,2022-10-24,0.589529
1,2022-10-25,0.623915
1,2022-10-26,0.624663
1,2022-10-27,0.59009
1,2022-10-28,0.63859
1,2022-10-31,0.708889
1,2022-11-01,0.689733
1,2022-11-02,0.597039
1,2022-11-03,0.59104
1,2022-11-04,0.62207
1,2022-11-07,0.658588
1,2022-11-08,0.715951
1,2022-11-09,0.714626
1,2022-11-10,0.578631
1,2022-11-11,0.719459
1,2022-11-14,0.754278
1,2022-11-15,0.721488
1,2022-11-16,0.715105
1,2022-11-17,0.544334
1,2022-11-18,0.627986
1,2022-11-21,0.71148
1,2022-11-22,0.725953
1,2022-11-23,0.664034
1,2022-11-24,0.585109
1,2022-11-25,0.610839
1,2022-11-28,0.579386
1,2022-11-29,0.621511
1,2022-11-30,0.631595
1,2022-12-01,0.734187
1,2022-12-02,0.565801
1,2022-12-05,0.669975
1,2022-12-06,0.707209
1,2022-12-07,0.555293
1,2022-12-08,0.585198
1,2022-12-09,0.731572
1,2022-12-12,0.640049
1,2022-12-13,0.61847
1,2022-12-14,0.585984
1,2022-12-15,0.66524
1,2022-12-16,0.659076
1,2022-12-19,0.629888
1,2022-12-20,0.617177
1,2022-12-21,0.651048
1,2022-12-22,0.582763
1,2022-12-23,0.607729
1,2022-12-26,0.628901
1,2022-12-27,0.589972
1,2022-12-28,0.526146
1,2022-12-29,0.65475
1,2022-12-30,0.568379
1,2023-01-02,0.699417
1,2023-01-03,0.56985
1,2023-01-04,0.531574
1,2023-01-05,0.58003
1,2023-01-06,0.651677
1,2023-01-09,0.659048
1,2023-01-10,0.614332
1,2023-01-11,0.662009
1,2023-01-12,0.622176
1,2023-01-13,0.611145
1,2023-01-16,0.633258
1,2023-01-17,0.56202
1,2023-01-18,0.515662
1,2023-01-19,0.540852
1,2023-01-20,0.537059
1,2023-01-23,0.65583
1,2023-01-24,0.532523
1,2023-01-25,0.5279
1,2023-01-26,0.525756
1,2023-01-27,0.576791
1,2023-01-30,0.540488
1,2023-01-31,0.556644
1,2023-02-01,0.626268
1,2023-02-02,0.616054
1,2023-02-03,0.598933
1,2023-02-06,0.597075
1,2023-02-07,0.66962
1,2023-02-08,0.529626
1,2023-02-15,0.720148
1,2023-02-16,0.704243
1,2023-02-17,0.641081
1,2023-02-20,0.708997
1,2023-02-21,0.742387
1,2023-02-22,0.533482
1,2023-02-23,0.553487
1,2023-02-24,0.623094
1,2023-02-27,0.704212
1,2023-02-28,0.537522
1,2023-03-01,0.590691
1,2023-03-02,0.511136
1,2023-03-03,0.558714
1,2023-03-06,0.556822
1,2023-03-07,0.542358
1,2023-03-08,0.555057
1,2023-03-09,0.61499
1,2023-03-10,0.53042
1,2023-03-13,0.645954
1,2023-03-14,0.512359
1,2023-03-15,0.578271
1,2023-03-16,0.524923
1,2023-03-17,0.535599
1,2023-03-20,0.637537
1,2023-03-21,0.59388
1,2023-03-22,0.53878
1,2023-03-23,0.527059
1,2023-03-24,0.515267
1,2023-03-27,0.532959
1,2023-03-28,0.584062
1,2023-03-29,0.56536
1,2023-03-30,0.574282
1,2023-03-31,0.56428
1,2023-04-03,0.567751
1,2023-04-04,0.575663
1,2023-04-05,0.535541
1,2023-04-06,0.521617
1,2023-04-07,0.552596
1,2023-04-10,0.624732
1,2023-04-11,0.527432
1,2023-04-12,0.525093
1,2023-04-13,0.528483
1,2023-04-14,0.553669
1,2023-04-17,0.523553
1,2023-04-18,0.541325
1,2023-04-19,0.597299
1,2023-04-20,0.564064
1,2023-04-24,0.652641
1,2023-04-25,0.553317
1,2023-04-26,0.600782
1,2023-04-27,0.563528
1,2023-04-28,0.621767
1,2023-05-02,0.649086
1,2023-05-03,0.668147
1,2023-05-04,0.652142
1,2023-05-05,0.656806
1,2023-05-08,0.595697
1,2023-05-09,0.588834
1,2023-05-10,0.582618
1,2023-05-11,0.606491
1,2023-05-12,0.545421
1,2023-05-15,0.585422
1,2023-05-16,0.571905
1,2023-05-17,0.562194
1,2023-05-18,0.580151
1,2023-05-22,0.57916
1,2023-05-23,0.556022
1,2023-05-24,0.536808
1,2023-05-25,0.630336
1,2023-05-26,0.612536
1,2023-05-29,0.602303
1,2023-05-30,0.548044
1,2023-05-31,0.559582
1,2023-06-01,0.532761
1,2023-06-02,0.710887
1,2023-06-05,0.597612
1,2023-06-06,0.522814
1,2023-06-07,0.529409
1,2023-06-08,0.533182
1,2023-06-09,0.585035
1,2023-06-12,0.649945
1,2023-06-13,0.546037
1,2023-06-14,0.593504
1,2023-06-15,0.571791
1,2023-06-16,0.562226
1,2023-06-19,0.507127
1,2023-06-20,0.506707
1,2023-06-21,0.509222
1,2023-06-22,0.569936
1,2023-06-23,0.533082
1,2023-06-26,0.557281
1,2023-06-27,0.556323
1,2023-07-03,0.597355
1,2023-07-04,0.566017
1,2023-07-05,0.540329
1,2023-07-06,0.548698
1,2023-07-07,0.552106
1,2023-07-10,0.562434
1,2023-07-11,0.562943
1,2023-07-12,0.560648
1,2023-07-13,0.595072
1,2023-07-14,0.544985
1,2023-07-17,0.601303
1,2023-07-18,0.596766
1,2023-07-19,0.61276
1,2023-07-20,0.613976
1,2023-07-21,0.636744
1,2023-07-24,0.669083
1,2023-07-25,0.569206
1,2023-07-26,0.597971
1,2023-07-27,0.623364
1,2023-07-28,0.664634
1,2023-07-31,0.688203
1,2023-08-01,0.57726
1,2023-08-02,0.647626
1,2023-08-03,0.666356
1,2023-08-04,0.573998
1,2023-08-07,0.610511
1,2023-08-08,0.66411
1,2023-08-09,0.639806
1,2023-08-10,0.621224
1,2023-08-11,0.627381
1,2023-08-14,0.60269
1,2023-08-15,0.641366
1,2023-08-16,0.620619
1,2023-08-17,0.633611
1,2023-08-18,0.615077
1,2023-08-21,0.669926
1,2023-08-22,0.71044
1,2023-08-23,0.648014
1,2023-08-24,0.656484
1,2023-08-25,0.653289
1,2023-08-28,0.626416
1,2023-08-29,0.691624
1,2023-08-31,0.700081
1,2023-09-01,0.691624
1,2023-09-04,0.678228
1,2023-09-05,0.676962
1,2023-09-06,0.676962
1,2023-09-07,0.662114
1,2023-09-08,0.6299
1,2023-09-11,0.692243
1,2023-09-12,0.707783
1,2023-09-13,0.669403
1,2023-09-14,0.624109
1,2023-09-15,0.671673
1,2023-09-18,0.670211
1,2023-09-19,0.692747
1,2023-09-20,0.68603
1,2023-09-21,0.66255
1,2023-09-22,0.684329
1,2023-09-25,0.722611
1,2023-09-26,0.687539
1,2023-09-27,0.679477
1,2023-09-28,0.569071
1,2023-09-29,0.609837
1,2023-10-02,0.743159
1,2023-10-03,0.635749
1,2023-10-04,0.599806
1,2023-10-05,0.68651
1,2023-10-06,0.610619
1,2023-10-09,0.614119
1,2023-10-10,0.651668
1,2023-10-11,0.549475
1,2023-10-12,0.66261
1,2023-10-13,0.547466
1,2023-10-16,0.56824
1,2023-10-17,0.660098
1,2023-10-18,0.564819
1,2023-10-19,0.633094
1,2023-10-20,0.611249
1,2023-10-23,0.729547
1,2023-10-24,0.613649
1,2023-10-25,0.666071
1,2023-10-26,0.6706
1,2023-10-27,0.623782
1,2023-10-30,0.618695
1,2023-10-31,0.611461
1,2023-11-01,0.586291
1,2023-11-02,0.553454
1,2023-11-03,0.570781
1,2023-11-06,0.544555
1,2023-11-07,0.520766
1,2023-11-08,0.533919
1,2023-11-09,0.527685
1,2023-11-10,0.546827
1,2023-11-13,0.726166
1,2023-11-14,0.622709
1,2023-11-15,0.517003
1,2023-11-16,0.535423
1,2023-11-17,0.579462
1,2023-11-20,0.560467
1,2023-11-21,0.527067
1,2023-11-22,0.497803
1,2023-11-23,0.518572
1,2023-11-24,0.530378
1,2023-11-27,0.554376
1,2023-11-28,0.5177
1,2023-11-29,0.505875
1,2023-11-30,0.53123
1,2023-12-01,0.611743
1,2023-12-04,0.710525
1,2023-12-05,0.58753
1,2023-12-06,0.570272
1,2023-12-07,0.590387
1,2023-12-08,0.549698
1,2023-12-11,0.573861
1,2023-12-12,0.61155
1,2023-12-13,0.610373
1,2023-12-14,0.554644
1,2023-12-15,0.55093
1,2023-12-18,0.566817
1,2023-12-19,0.561185
1,2023-12-20,0.576539
1,2023-12-21,0.57128
1,2023-12-22,0.583113
1,2023-12-25,0.597915
1,2023-12-26,0.625468
1,2023-12-27,0.63413
1,2023-12-28,0.628952
1,2023-12-29,0.58879
1,2024-01-02,0.591708
1,2024-01-03,0.551433
1,2024-01-04,0.535092
1,2024-01-05,0.556597
1,2024-01-08,0.570252
1,2024-01-09,0.709637
1,2024-01-10,0.567421
1,2024-01-11,0.550699
1,2024-01-12,0.532568
1,2024-01-15,0.566139
1,2024-01-16,0.545241
1,2024-01-17,0.542782
1,2024-01-18,0.555107
1,2024-01-19,0.558384
1,2024-01-22,0.584354
1,2024-01-23,0.541459
1,2024-01-24,0.54057
1,2024-01-25,0.553326
1,2024-01-26,0.535834
1,2024-01-29,0.561615
1,2024-01-30,0.56383
1,2024-01-31,0.552315
1,2024-02-01,0.559255
1,2024-02-02,0.543273
1,2024-02-05,0.597151
1,2024-02-06,0.691952
1,2024-02-07,0.593863
1,2024-02-08,0.583308
1,2024-02-09,0.576313
1,2024-02-12,0.586177
1,2024-02-13,0.566152
1,2024-02-14,0.589031
1,2024-02-15,0.5964
1,2024-02-16,0.546706
1,2024-02-19,0.609801
1,2024-02-20,0.616435
1,2024-02-21,0.594622
1,2024-02-22,0.546789
1,2024-02-23,0.591238
1,2024-02-26,0.642782
1,2024-02-27,0.687214
1,2024-02-28,0.580444
1,2024-02-29,0.609158
1,2024-03-01,0.609531
1,2024-03-04,0.631493
1,2024-03-05,0.586638
1,2024-03-06,0.601788
1,2024-03-07,0.645784
1,2024-03-08,0.525481
1,2024-03-11,0.619762
1,2024-03-12,0.544753
1,2024-03-13,0.562676
1,2024-03-14,0.631006
1,2024-03-15,0.52728
1,2024-03-18,0.558151
1,2024-03-19,0.608416
1,2024-03-20,0.545538
1,2024-03-21,0.540221
1,2024-03-22,0.561219
1,2024-03-25,0.528149
1,2024-03-26,0.563582
1,2024-03-27,0.564071
1,2024-03-28,0.682183
1,2024-03-29,0.56655
1,2024-04-01,0.525378
1,2024-04-02,0.555729
1,2024-04-03,0.52866
1,2024-04-04,0.549874
1,2024-04-05,0.624875
1,2024-04-08,0.572631
1,2024-04-09,0.525975
1,2024-04-15,0.589609
1,2024-04-16,0.591707
1,2024-04-17,0.603805
1,2024-04-18,0.541949
1,2024-04-19,0.611459
1,2024-04-22,0.583723
1,2024-04-24,0.551633
1,2024-04-25,0.5279
1,2024-04-26,0.543089
1,2024-04-29,0.56507
1,2024-04-30,0.558599
1,2024-05-02,0.612794
1,2024-05-03,0.534337
1,2024-05-06,0.531123
1,2024-05-07,0.52993
1,2024-05-08,0.541715
1,2024-05-09,0.553889
1,2024-05-10,0.533947
1,2024-05-13,0.533338
1,2024-05-14,0.594504
1,2024-05-15,0.559228
1,2024-05-16,0.575767
1,2024-05-17,0.5415
1,2024-05-20,0.565693
1,2024-05-21,0.514229
1,2024-05-22,0.598193
1,2024-05-23,0.538553
1,2024-05-24,0.531146
1,2024-05-27,0.559711
1,2024-05-28,0.543051
1,2024-05-29,0.544511
1,2024-05-30,0.585981
1,2024-05-31,0.532165
1,2024-06-03,0.605063
1,2024-06-04,0.619788
1,2024-06-05,0.618948
1,2024-06-06,0.551341
1,2024-06-07,0.575649
1,2024-06-10,0.572748
1,2024-06-11,0.598374
1,2024-06-12,0.608011
1,2024-06-13,0.548709
1,2024-06-14,0.583386
1,2024-06-20,0.582287
1,2024-06-21,0.543412
1,2024-06-24,0.646299
1,2024-06-25,0.603657
1,2024-06-26,0.549792
1,2024-06-27,0.602861
1,2024-06-28,0.650451
1,2024-07-01,0.547504
1,2024-07-02,0.596189
1,2024-07-03,0.595725
1,2024-07-04,0.547639
1,2024-07-05,0.626287
1,2024-07-08,0.563225
1,2024-07-09,0.694937
1,2024-07-10,0.58249
1,2024-07-11,0.599484
1,2024-07-12,0.580985
1,2024-07-16,0.601271
1,2024-07-17,0.611388
1,2024-07-18,0.567196
1,2024-07-19,0.593755
1,2024-07-22,0.544604
1,2024-07-23,0.547657
1,2024-07-24,0.56256
1,2024-07-25,0.533536
1,2024-07-26,0.54206
1,2024-07-29,0.567181
1,2024-07-30,0.548953
1,2024-07-31,0.547866
1,2024-08-01,0.55735
1,2024-08-02,0.556147
1,2024-08-05,0.644124
1,2024-08-06,0.649565
1,2024-08-07,0.571769
1,2024-08-08,0.556646
1,2024-08-09,0.646341
1,2024-08-12,0.641891
1,2024-08-13,0.601066
1,2024-08-14,0.634184
1,2024-08-15,0.557323
1,2024-08-16,0.559994
1,2024-08-19,0.576721
1,2024-08-20,0.545883
1,2024-08-21,0.552052
1,2024-08-22,0.576931
1,2024-08-23,0.58643
1,2024-08-26,0.611313
1,2024-08-27,0.542285
1,2024-08-28,0.569596
1,2024-08-29,0.573963
1,2024-09-02,0.598109
1,2024-09-03,0.586863
1,2024-09-04,0.592166
1,2024-09-05,0.589927
1,2024-09-06,0.575175
1,2024-09-09,0.576262
1,2024-09-10,0.588315
1,2024-09-11,0.599434
1,2024-09-12,0.56334
1,2024-09-13,0.636175
1,2024-09-16,0.541144
1,2024-09-17,0.53075
1,2024-09-18,0.539953
1,2024-09-19,0.558324
1,2024-09-20,0.57041
1,2024-09-23,0.568543
1,2024-09-24,0.55284
1,2024-09-25,0.55709
1,2024-09-26,0.530513
1,2024-09-27,0.546346
1,2024-09-30,0.548958
1,2024-10-01,0.594705
1,2024-10-02,0.634449
1,2024-10-03,0.624435
1,2024-10-04,0.60062
1,2024-10-07,0.667994
1,2024-10-08,0.597109
1,2024-10-09,0.579596
1,2024-10-10,0.628628
1,2024-10-11,0.577208
1,2024-10-14,0.658765
1,2024-10-15,0.612173
1,2024-10-16,0.558484
1,2024-10-17,0.547977
1,2024-10-18,0.571053
1,2024-10-21,0.581863
1,2024-10-22,0.559514
1,2024-10-23,0.592672
1,2024-10-24,0.56278
1,2024-10-25,0.5742
1,2024-10-28,0.592946
1,2024-10-30,0.563217
1,2024-10-31,0.570858
1,2024-11-01,0.537766
1,2024-11-04,0.552638
1,2024-11-05,0.609862
1,2024-11-06,0.578591
1,2024-11-07,0.532109
1,2024-11-08,0.562092
1,2024-11-11,0.516834
1,2024-11-12,0.558261
1,2024-11-13,0.537015
1,2024-11-14,0.557237
1,2024-11-15,0.562096
1,2024-11-18,0.564685
1,2024-11-19,0.539725
1,2024-11-20,0.535678
1,2024-11-21,0.549394
1,2024-11-22,0.585452
1,2024-11-25,0.569555
1,2024-11-26,0.530516
1,2024-11-27,0.519511
1,2024-11-28,0.518991
1,2024-11-29,0.56267
1,2024-12-02,0.546783
1,2024-12-03,0.5964
1,2024-12-04,0.548993
1,2024-12-05,0.540137
1,2024-12-06,0.565351
1,2024-12-09,0.700357
1,2024-12-10,0.546918
1,2024-12-11,0.536625
1,2024-12-12,0.588876
1,2024-12-13,0.554463
1,2024-12-16,0.558173
1,2024-12-17,0.556699
1,2024-12-18,0.536624
1,2024-12-19,0.538477
1,2024-12-20,0.569263
1,2024-12-23,0.579701
1,2024-12-24,0.593705
1,2024-12-25,0.531036
1,2024-12-26,0.555104
1,2024-12-27,0.536652
1,2024-12-30,0.543562
1,2024-12-31,0.540888
1,2025-01-02,0.576043
1,2025-01-03,0.596153
1,2025-01-06,0.560817
1,2025-01-07,0.538876
1,2025-01-08,0.546557
1,2025-01-09,0.563631
1,2025-01-10,0.551203
1,2025-01-13,0.55993
1,2025-01-14,0.574012
1,2025-01-15,0.5666
1,2025-01-16,0.69905
1,2025-01-17,0.591918
1,2025-01-20,0.5949
1,2025-01-21,0.536623
1,2025-01-22,0.676962
1,2025-01-23,0.684363
1,2025-01-24,0.544066
1,2025-01-27,0.539338
1,2025-01-28,0.528251
1,2025-01-29,0.530426
1,2025-01-30,0.544622
1,2025-01-31,0.531093
1,2025-02-03,0.541243
1,2025-02-04,0.680727
1,2025-02-05,0.691208
1,2025-02-06,0.590437
1,2025-02-07,0.604342
1,2025-02-10,0.530669
1,2025-02-11,0.530505
1,2025-02-12,0.580877
1,2025-02-13,0.522684
1,2025-02-14,0.528882
1,2025-02-17,0.698519
1,2025-02-18,0.689559
1,2025-02-19,0.589196
1,2025-02-20,0.652023
1,2025-02-21,0.565778
1,2025-02-24,0.687654
1,2025-02-25,0.660043
1,2025-02-26,0.551013
1,2025-02-27,0.566623
1,2025-02-28,0.707446
1,2025-03-03,0.54145
1,2025-03-04,0.566519
1,2025-03-05,0.556981
1,2025-03-06,0.608443
1,2025-03-07,0.660166
1,2025-03-10,0.703724
1,2025-03-11,0.561997
1,2025-03-12,0.56038
1,2025-03-13,0.58603
1,2025-03-14,0.645619
1,2025-03-17,0.643017
1,2025-03-18,0.568235
1,2025-03-19,0.62106
1,2025-03-20,0.635978
1,2025-03-21,0.668182
1,2025-03-24,0.646718
1,2025-03-25,0.615184
1,2025-03-26,0.668322
1,2025-03-27,0.582938
1,2025-03-28,0.578099
1,2025-04-02,0.665473
1,2025-04-03,0.672944
1,2025-04-04,0.690596
1,2025-04-07,0.694686
1,2025-04-08,0.557682
1,2025-04-09,0.6939
1,2025-04-10,0.700772
1,2025-04-11,0.668684
1,2025-04-14,0.629588
1,2025-04-15,0.662864
1,2025-04-16,0.606587
1,2025-04-17,0.650232
1,2025-04-18,0.673773
1,2025-04-21,0.680775
1,2025-04-22,0.690307
1,2025-04-24,0.682664
1,2025-04-25,0.617701
1,2025-04-28,0.617701
1,2025-04-29,0.627717
1,2025-04-30,0.690332
1,2025-05-02,0.693235
1,2025-05-05,0.699185
1,2025-05-06,0.713818
1,2025-05-07,0.701044
1,2025-05-08,0.601721
1,2025-05-09,0.571616
1,2025-05-12,0.582132
1,2025-05-13,0.560094
1,2025-05-14,0.568885
1,2025-05-15,0.520224
1,2025-05-16,0.579356
1,2025-05-20,0.540072
1,2025-05-21,0.72359
1,2025-05-22,0.592526
1,2025-05-23,0.583863
1,2025-05-26,0.544172
1,2025-05-27,0.557814
1,2025-05-28,0.55174
1,2025-05-29,0.581336
1,2025-05-30,0.563042
1,2025-06-02,0.601842
1,2025-06-03,0.614321
1,2025-06-04,0.556037
1,2025-06-05,0.561549
1,2025-06-10,0.560552
1,2025-06-11,0.607573
1,2025-06-12,0.711029
1,2025-06-13,0.541942
1,2025-06-16,0.57018
1,2025-06-17,0.592538
1,2025-06-18,0.705657
1,2025-06-19,0.620015
1,2025-06-20,0.550001
1,2025-06-23,0.580713
1,2025-06-24,0.58451
1,2025-06-25,0.548777
1,2025-06-26,0.540931
1,2025-06-27,0.544669
1,2025-06-30,0.634908
1,2025-07-01,0.651968
1,2025-07-02,0.650896
1,2025-07-03,0.710258
1,2025-07-04,0.617947
1,2025-07-07,0.600658
1,2025-07-08,0.605087
1,2025-07-09,0.615728
1,2025-07-10,0.615728
1,2025-07-11,0.652807
1,2025-07-14,0.668636
1,2025-07-16,0.695702
1,2025-07-17,0.731422
1,2025-07-18,0.741719
1,2025-07-21,0.741131
1,2025-07-22,0.74751
1,2025-07-23,0.568845
1,2025-07-24,0.67495
1,2025-07-25,0.752135
1,2025-07-28,0.752135
1,2025-07-29,0.73818
1,2025-07-30,0.549205
1,2025-07-31,0.704212
1,2025-08-01,0.56302
1,2025-08-04,0.696331
1,2025-08-05,0.640329
1,2025-08-06,0.692049
1,2025-08-07,0.698182
1,2025-08-08,0.563178
1,2025-08-11,0.720657
1,2025-08-12,0.72767
1,2025-08-13,0.707061
1,2025-08-14,0.739964
1,2025-08-15,0.724134
1,2025-08-18,0.597136
1,2025-08-19,0.588045
1,2025-08-20,0.60387
1,2025-08-21,0.626659
1,2025-08-22,0.634197
1,2025-08-25,0.61517
1,2025-08-26,0.585708
1,2025-08-27,0.543261
1,2025-08-28,0.608413
1,2025-08-29,0.554884
1,2025-09-01,0.636088
1,2025-09-02,0.567996
1,2025-09-03,0.583082
1,2025-09-04,0.614676
1,2025-09-05,0.639988
1,2025-09-08,0.617859
1,2025-09-09,0.641886
1,2025-09-10,0.620438
1,2025-09-11,0.572021
1,2025-09-12,0.596542
1,2025-09-15,0.638065
1,2025-09-16,0.61396
1,2025-09-17,0.544681
1,2025-09-18,0.562792
1,2025-09-19,0.561808
1,2025-09-22,0.576821
1,2025-09-23,0.571955
1,2025-09-24,0.590328
1,2025-09-25,0.561295
1,2025-09-26,0.591411
1,2025-09-29,0.595328
1,2025-09-30,0.59986
1,2025-10-01,0.566245
1,2025-10-02,0.601429
1,2025-10-03,0.669123
1,2025-10-06,0.64755
1,2025-10-07,0.598447
1,2025-10-08,0.704308
1,2025-10-09,0.664859
1,2025-10-10,0.629245
1,2025-10-13,0.596665
1,2025-10-14,0.649107
1,2025-10-15,0.710897
1,2025-10-16,0.615047
1,2025-10-17,0.60721
1,2025-10-20,0.585101
1,2025-10-21,0.58184
1,2025-10-22,0.604474
1,2025-10-23,0.560745
1,2025-10-24,0.575646
1,2025-10-27,0.56578
1,2025-10-28,0.563653
1,2025-10-30,0.543929
1,2025-10-31,0.587308
1,2025-11-03,0.588586
1,2025-11-04,0.594607
1,2025-11-05,0.674319
1,2025-11-06,0.645492
1,2025-11-07,0.677217
1,2025-11-10,0.653208
1,2025-11-11,0.577918
1,2025-11-12,0.580164
1,2025-11-13,0.639461
1,2025-11-14,0.576575
1,2025-11-17,0.563478
1,2025-11-18,0.567979
1,2025-11-19,0.670211
1,2025-11-20,0.568676
1,2025-11-21,0.600762
1,2025-11-24,0.704774
1,2025-11-25,0.608217
1,2025-11-26,0.63042
1,2025-11-27,0.602462
1,2025-11-28,0.60418
1,2025-12-01,0.607958
1,2025-12-02,0.643463
1,2025-12-03,0.63835
1,2025-12-04,0.60422
1,2025-12-05,0.561568
1,2025-12-08,0.62703
1,2025-12-09,0.610932
1,2025-12-10,0.593554
1,2025-12-11,0.5905
1,2025-12-12,0.591586
1,2025-12-15,0.603638
1,2025-12-16,0.624248
1,2025-12-17,0.624248
1,2025-12-18,0.61989
1,2025-12-19,0.602354
1,2025-12-22,0.572591
1,2025-12-23,0.608313
1,2025-12-24,0.572775
1,2025-12-25,0.595531
1,2025-12-26,0.588828
1,2025-12-29,0.585636
1,2025-12-30,0.548402
1,2025-12-31,0.599657
1,2026-01-02,0.639447
1,2026-01-05,0.596227
1,2026-01-06,0.559164
1,2026-01-07,0.594046
1,2026-01-08,0.588102
1,2026-01-09,0.58907
1,2026-01-12,0.600849
1,2026-01-13,0.580251
1,2026-01-14,0.620507
1,2026-01-15,0.634528
1,2026-01-16,0.62647
1,2026-01-19,0.584047
1,2026-01-20,0.627356
1,2026-01-21,0.592163
1,2026-01-22,0.66411
1,2026-01-23,0.637188
1,2026-01-26,0.640193
1,2026-01-27,0.658974
1,2026-01-28,0.638773
1,2026-01-29,0.603611
1,2026-01-30,0.591412
1,2026-02-02,0.568661
1,2026-02-03,0.600146
1,2026-02-04,0.57456
1,2026-02-05,0.59596
1,2026-02-06,0.564657
1,2026-02-09,0.591889
1,2026-02-10,0.598156
1,2026-02-11,0.590243
1,2026-02-12,0.63579
1,2026-02-13,0.642619
1,2026-02-16,0.611478
1,2026-02-17,0.573472
1,2026-02-18,0.593537
1,2026-02-19,0.575242
1,2026-02-20,0.614836
1,2026-02-23,0.637933
1,2026-02-24,0.640735
1,2026-02-25,0.578233
1,2026-02-26,0.585858
1,2026-02-27,0.582748
1,2026-03-02,0.593358
1,2026-03-03,0.647839
1,2026-03-04,0.619303
1,2026-03-05,0.7418
1,2026-03-06,0.727375
1,2026-03-09,0.735781
1,2026-03-10,0.630362
1,2026-03-11,0.677034
1,2026-03-12,0.573711
1,2026-03-13,0.574257
1,2026-03-16,0.666553
1,2026-03-17,0.617386
1,2026-03-18,0.578426
1,2026-03-19,0.552364
1,2026-03-23,0.58834
1,2026-03-24,0.596167
1,2026-03-25,0.637733
1,2026-03-26,0.606588
1,2026-03-27,0.743558
1,2026-03-30,0.744254
1,2026-03-31,0.595391
1,2026-04-01,0.581762
1,2026-04-02,0.577583
1,2026-04-03,0.595373
1,2026-04-06,0.603071
1,2026-04-07,0.595934
1,2026-04-08,0.606382
1,2026-04-09,0.607426
1,2026-04-10,0.649099
1,2026-04-13,0.607067
1,2026-04-14,0.636854
1,2026-04-15,0.630033
1,2026-04-16,0.612291
1,2026-04-17,0.616569
1,2026-04-20,0.580894
1,2026-04-21,0.605098
1,2026-04-22,0.572764
1,2026-04-24,0.635856
1,2026-04-27,0.658344
1,2026-04-28,0.634639
1,2026-04-29,0.703977
1,2026-04-30,0.621455
1,2026-05-04,0.676338
1,2026-05-05,0.753888
1,2026-05-06,0.602049
1,2026-05-07,0.636809
1,2026-05-08,0.644736
1,2026-05-11,0.629123
1,2026-05-12,0.654195
1,2026-05-13,0.65181
1,2026-05-14,0.65633
1,2026-05-15,0.621308
1,2026-05-18,0.60649
1,2026-05-20,0.723066
1,2026-05-21,0.650389
1,2026-05-22,0.664806
1,2026-05-25,0.72094
1,2026-05-26,0.644899
1,2026-06-01,0.625789
1,2026-06-02,0.662226
1,2026-06-03,0.63266
1,2026-06-04,0.702537
1,2026-06-05,0.589415
1,2026-06-08,0.564652
1,2026-06-09,0.634757
1,2026-06-10,0.667871
1,2026-06-11,0.648289
1,2026-06-12,0.573573
1,2026-06-15,0.603541
1,2026-06-16,0.60764
1,2026-06-17,0.646717
1,2026-06-18,0.644849
1,2026-06-19,0.595181
1,2026-06-22,0.684216
1,2026-06-23,0.604302
1,2026-06-24,0.67481
1,2026-06-25,0.64923
1,2026-06-26,0.660734
1,2026-06-29,0.659173
1,2026-06-30,0.669528
1,2026-07-01,0.660479
1,2026-07-02,0.657794
1,2026-07-03,0.668206
1,2026-07-06,0.678765
1,2026-07-07,0.687055
1,2026-07-08,0.679835
1,2026-07-09,0.655722
1,2026-07-10,0.677746
1,2026-07-13,0.669369
1,2026-07-14,0.684284
2,2020-06-01,0.606675
2,2020-06-02,0.553303
2,2020-06-03,0.560718
2,2020-06-04,0.578554
2,2020-06-05,0.594255
2,2020-06-08,0.61338
2,2020-06-09,0.62933
2,2020-06-10,0.62269
2,2020-06-11,0.576828
2,2020-06-12,0.573889
2,2020-06-15,0.592839
2,2020-06-16,0.573532
2,2020-06-17,0.636733
2,2020-06-18,0.618373
2,2020-06-19,0.547627
2,2020-06-22,0.602939
2,2020-06-23,0.620771
2,2020-06-24,0.584849
2,2020-06-25,0.6149
2,2020-06-26,0.599216
2,2020-06-29,0.610735
2,2020-06-30,0.607022
2,2020-07-01,0.616089
2,2020-07-02,0.603176
2,2020-07-03,0.598722
2,2020-07-06,0.645757
2,2020-07-07,0.633639
2,2020-07-08,0.606478
2,2020-07-09,0.593846
2,2020-07-10,0.599848
2,2020-07-13,0.688752
2,2020-07-14,0.578262
2,2020-07-16,0.614107
2,2020-07-17,0.659334
2,2020-07-20,0.671063
2,2020-07-21,0.679089
2,2020-07-22,0.598219
2,2020-07-23,0.606429
2,2020-07-24,0.629288
2,2020-07-27,0.675756
2,2020-07-28,0.589389
2,2020-07-29,0.642103
2,2020-07-30,0.665002
2,2020-08-04,0.721657
2,2020-08-05,0.674079
2,2020-08-06,0.701062
2,2020-08-07,0.647462
2,2020-08-10,0.639103
2,2020-08-11,0.64767
2,2020-08-12,0.628874
2,2020-08-13,0.570689
2,2020-08-14,0.532058
2,2020-08-17,0.569267
2,2020-08-18,0.602277
2,2020-08-19,0.587966
2,2020-08-20,0.610684
2,2020-08-21,0.519815
2,2020-08-24,0.618919
2,2020-08-25,0.523502
2,2020-08-26,0.602806
2,2020-08-27,0.588261
2,2020-08-28,0.543602
2,2020-08-31,0.581604
2,2020-09-01,0.608544
2,2020-09-02,0.666369
2,2020-09-03,0.614934
2,2020-09-04,0.562398
2,2020-09-07,0.647841
2,2020-09-08,0.647425
2,2020-09-09,0.695506
2,2020-09-10,0.510364
2,2020-09-11,0.550452
2,2020-09-14,0.526692
2,2020-09-15,0.542555
2,2020-09-16,0.564373
2,2020-09-17,0.555637
2,2020-09-18,0.584831
2,2020-09-21,0.664477
2,2020-09-22,0.588415
2,2020-09-23,0.603879
2,2020-09-24,0.528409
2,2020-09-25,0.56175
2,2020-09-28,0.627138
2,2020-09-29,0.687854
2,2020-09-30,0.709363
2,2020-10-01,0.519424
2,2020-10-02,0.535817
2,2020-10-05,0.625864
2,2020-10-06,0.692659
2,2020-10-07,0.653647
2,2020-10-08,0.687239
2,2020-10-09,0.690575
2,2020-10-12,0.723873
2,2020-10-13,0.620618
2,2020-10-14,0.558822
2,2020-10-15,0.657545
2,2020-10-16,0.716703
2,2020-10-19,0.72401
2,2020-10-20,0.705842
2,2020-10-21,0.581572
2,2020-10-22,0.57459
2,2020-10-23,0.531334
2,2020-10-26,0.580608
2,2020-10-27,0.685405
2,2020-10-28,0.611569
2,2020-10-30,0.643046
2,2020-11-02,0.57373
2,2020-11-03,0.556861
2,2020-11-04,0.568631
2,2020-11-05,0.559132
2,2020-11-06,0.543372
2,2020-11-09,0.535234
2,2020-11-10,0.546982
2,2020-11-11,0.544829
2,2020-11-12,0.51975
2,2020-11-13,0.591466
2,2020-11-16,0.564284
2,2020-11-17,0.555751
2,2020-11-18,0.588814
2,2020-11-19,0.558891
2,2020-11-20,0.574254
2,2020-11-23,0.570369
2,2020-11-24,0.592146
2,2020-11-25,0.552551
2,2020-11-26,0.672304
2,2020-11-27,0.634955
2,2020-11-30,0.60332
2,2020-12-01,0.599444
2,2020-12-02,0.581945
2,2020-12-03,0.626493
2,2020-12-04,0.572182
2,2020-12-07,0.531323
2,2020-12-08,0.543561
2,2020-12-09,0.651943
2,2020-12-10,0.588617
2,2020-12-11,0.611134
2,2020-12-14,0.588783
2,2020-12-15,0.550038
2,2020-12-16,0.543281
2,2020-12-17,0.56776
2,2020-12-18,0.618375
2,2020-12-21,0.655105
2,2020-12-22,0.568938
2,2020-12-23,0.648276
2,2020-12-24,0.621685
2,2020-12-25,0.540115
2,2020-12-28,0.565752
2,2020-12-29,0.576688
2,2020-12-30,0.598808
2,2020-12-31,0.621959
2,2021-01-04,0.559108
2,2021-01-05,0.558504
2,2021-01-06,0.56292
2,2021-01-07,0.573768
2,2021-01-08,0.66693
2,2021-01-11,0.545364
2,2021-01-12,0.552411
2,2021-01-13,0.53704
2,2021-01-14,0.568119
2,2021-01-15,0.569448
2,2021-01-18,0.603281
2,2021-01-19,0.581705
2,2021-01-20,0.602727
2,2021-01-21,0.563405
2,2021-01-22,0.568963
2,2021-01-25,0.605284
2,2021-01-26,0.582539
2,2021-01-27,0.558105
2,2021-01-28,0.590581
2,2021-01-29,0.574916
2,2021-02-01,0.584922
2,2021-02-02,0.591504
2,2021-02-03,0.534039
2,2021-02-04,0.551653
2,2021-02-05,0.545381
2,2021-02-08,0.567732
2,2021-02-09,0.534214
2,2021-02-10,0.553216
2,2021-02-11,0.54656
2,2021-02-12,0.553721
2,2021-02-15,0.569271
2,2021-02-16,0.578914
2,2021-02-17,0.58633
2,2021-02-18,0.627073
2,2021-02-19,0.625769
2,2021-02-22,0.559804
2,2021-02-23,0.513157
2,2021-02-24,0.60296
2,2021-02-25,0.56859
2,2021-02-26,0.579398
2,2021-03-01,0.590894
2,2021-03-02,0.533718
2,2021-03-03,0.530849
2,2021-03-04,0.566792
2,2021-03-05,0.542893
2,2021-03-08,0.5927
2,2021-03-09,0.599411
2,2021-03-10,0.716619
2,2021-03-11,0.55153
2,2021-03-12,0.550144
2,2021-03-15,0.567702
2,2021-03-16,0.574747
2,2021-03-17,0.563654
2,2021-03-18,0.547819
2,2021-03-19,0.57444
2,2021-03-22,0.655532
2,2021-03-23,0.664791
2,2021-03-24,0.63317
2,2021-03-25,0.646573
2,2021-03-26,0.660797
2,2021-03-29,0.613368
2,2021-03-30,0.587
2,2021-03-31,0.677817
2,2021-04-01,0.686492
2,2021-04-02,0.532717
2,2021-04-05,0.603307
2,2021-04-06,0.61669
2,2021-04-07,0.547119
2,2021-04-08,0.627487
2,2021-04-09,0.623396
2,2021-04-12,0.640999
2,2021-04-13,0.663532
2,2021-04-14,0.550805
2,2021-04-15,0.534332
2,2021-04-16,0.559754
2,2021-04-19,0.604853
2,2021-04-20,0.556476
2,2021-04-21,0.666847
2,2021-04-22,0.578987
2,2021-04-26,0.605542
2,2021-04-27,0.624087
2,2021-04-28,0.555724
2,2021-04-29,0.613882
2,2021-04-30,0.598228
2,2021-05-03,0.615765
2,2021-05-04,0.619191
2,2021-05-05,0.541648
2,2021-05-06,0.526599
2,2021-05-07,0.548689
2,2021-05-10,0.607153
2,2021-05-11,0.58984
2,2021-05-12,0.614255
2,2021-05-17,0.554306
2,2021-05-18,0.549861
2,2021-05-20,0.542385
2,2021-05-21,0.56561
2,2021-05-24,0.540171
2,2021-05-25,0.571453
2,2021-05-26,0.553951
2,2021-05-27,0.543002
2,2021-05-28,0.545123
2,2021-05-31,0.561316
2,2021-06-01,0.550821
2,2021-06-02,0.545672
2,2021-06-03,0.540393
2,2021-06-04,0.54967
2,2021-06-07,0.537665
2,2021-06-08,0.521817
2,2021-06-09,0.515092
2,2021-06-10,0.571933
2,2021-06-11,0.517364
2,2021-06-14,0.514023
2,2021-06-15,0.542578
2,2021-06-16,0.529755
2,2021-06-17,0.551672
2,2021-06-18,0.571008
2,2021-06-21,0.556251
2,2021-06-22,0.529895
2,2021-06-23,0.534217
2,2021-06-24,0.548195
2,2021-06-25,0.53807
2,2021-06-28,0.554539
2,2021-06-29,0.546877
2,2021-06-30,0.601073
2,2021-07-01,0.534123
2,2021-07-02,0.538988
2,2021-07-05,0.555312
2,2021-07-06,0.516449
2,2021-07-07,0.515706
2,2021-07-08,0.511642
2,2021-07-09,0.52573
2,2021-07-12,0.553955
2,2021-07-13,0.581515
2,2021-07-14,0.560422
2,2021-07-16,0.538784
2,2021-07-19,0.557613
2,2021-07-26,0.546952
2,2021-07-27,0.508498
2,2021-07-28,0.530821
2,2021-07-29,0.514423
2,2021-07-30,0.556401
2,2021-08-02,0.521585
2,2021-08-03,0.529228
2,2021-08-04,0.517477
2,2021-08-05,0.520839
2,2021-08-06,0.517743
2,2021-08-09,0.536115
2,2021-08-10,0.534997
2,2021-08-11,0.561101
2,2021-08-12,0.551738
2,2021-08-13,0.558529
2,2021-08-16,0.547829
2,2021-08-17,0.53816
2,2021-08-18,0.559302
2,2021-08-19,0.541722
2,2021-08-20,0.5335
2,2021-08-23,0.550345
2,2021-08-24,0.531712
2,2021-08-25,0.530126
2,2021-08-26,0.524479
2,2021-08-27,0.540108
2,2021-08-31,0.550868
2,2021-09-01,0.536258
2,2021-09-02,0.555373
2,2021-09-03,0.510206
2,2021-09-06,0.52242
2,2021-09-07,0.511959
2,2021-09-08,0.513813
2,2021-09-09,0.531118
2,2021-09-10,0.505997
2,2021-09-13,0.523243
2,2021-09-14,0.526185
2,2021-09-15,0.538537
2,2021-09-16,0.553501
2,2021-09-17,0.556629
2,2021-09-20,0.56142
2,2021-09-21,0.566577
2,2021-09-22,0.553935
2,2021-09-23,0.545889
2,2021-09-24,0.557802
2,2021-09-27,0.539541
2,2021-09-28,0.558144
2,2021-09-29,0.534684
2,2021-09-30,0.526536
2,2021-10-01,0.52672
2,2021-10-04,0.534691
2,2021-10-05,0.525173
2,2021-10-06,0.562951
2,2021-10-07,0.583805
2,2021-10-08,0.568947
2,2021-10-11,0.562564
2,2021-10-12,0.534434
2,2021-10-13,0.551346
2,2021-10-14,0.564188
2,2021-10-15,0.539987
2,2021-10-18,0.569345
2,2021-10-19,0.558322
2,2021-10-20,0.559807
2,2021-10-21,0.534427
2,2021-10-22,0.565877
2,2021-10-25,0.624935
2,2021-10-26,0.578391
2,2021-10-27,0.560544
2,2021-10-28,0.562149
2,2021-11-01,0.643829
2,2021-11-02,0.559927
2,2021-11-03,0.536864
2,2021-11-04,0.616352
2,2021-11-05,0.544786
2,2021-11-08,0.647379
2,2021-11-09,0.643816
2,2021-11-10,0.563234
2,2021-11-11,0.567987
2,2021-11-12,0.575265
2,2021-11-15,0.694413
2,2021-11-16,0.556647
2,2021-11-17,0.610849
2,2021-11-18,0.571752
2,2021-11-19,0.582614
2,2021-11-22,0.571034
2,2021-11-23,0.55689
2,2021-11-24,0.58077
2,2021-11-25,0.563273
2,2021-11-26,0.562014
2,2021-11-29,0.630525
2,2021-11-30,0.564234
2,2021-12-01,0.587862
2,2021-12-02,0.582078
2,2021-12-03,0.571637
2,2021-12-06,0.640962
2,2021-12-07,0.564747
2,2021-12-08,0.576052
2,2021-12-09,0.561486
2,2021-12-10,0.563742
2,2021-12-13,0.564215
2,2021-12-14,0.552551
2,2021-12-15,0.563365
2,2021-12-16,0.595814
2,2021-12-17,0.51035
2,2021-12-20,0.569779
2,2021-12-21,0.572459
2,2021-12-22,0.594573
2,2021-12-23,0.639138
2,2021-12-24,0.608476
2,2021-12-27,0.551012
2,2021-12-28,0.591539
2,2021-12-29,0.55487
2,2021-12-30,0.584752
2,2021-12-31,0.532868
2,2022-01-03,0.535513
2,2022-01-04,0.534581
2,2022-01-05,0.544688
2,2022-01-06,0.538405
2,2022-01-07,0.576393
2,2022-01-10,0.544742
2,2022-01-11,0.539883
2,2022-01-12,0.547252
2,2022-01-13,0.577151
2,2022-01-14,0.574009
2,2022-01-17,0.566888
2,2022-01-18,0.503776
2,2022-01-19,0.563892
2,2022-01-20,0.53211
2,2022-01-21,0.525428
2,2022-01-24,0.543489
2,2022-01-25,0.555014
2,2022-01-26,0.58767
2,2022-01-27,0.614756
2,2022-01-28,0.54462
2,2022-01-31,0.554558
2,2022-02-01,0.568026
2,2022-02-02,0.509904
2,2022-02-03,0.542358
2,2022-02-04,0.560344
2,2022-02-07,0.547852
2,2022-02-08,0.544509
2,2022-02-09,0.573325
2,2022-02-10,0.576558
2,2022-02-11,0.552491
2,2022-02-14,0.557786
2,2022-02-15,0.607953
2,2022-02-16,0.593468
2,2022-02-17,0.570362
2,2022-02-18,0.578298
2,2022-02-21,0.552449
2,2022-02-22,0.582905
2,2022-02-23,0.547301
2,2022-02-24,0.654773
2,2022-02-25,0.588552
2,2022-02-28,0.591281
2,2022-03-01,0.615143
2,2022-03-02,0.626587
2,2022-03-03,0.529149
2,2022-03-04,0.545968
2,2022-03-07,0.545061
2,2022-03-08,0.553251
2,2022-03-09,0.596992
2,2022-03-10,0.534322
2,2022-03-11,0.551387
2,2022-03-14,0.568381
2,2022-03-15,0.57786
2,2022-03-16,0.549899
2,2022-03-17,0.581218
2,2022-03-18,0.567506
2,2022-03-21,0.59009
2,2022-03-22,0.584733
2,2022-03-23,0.626567
2,2022-03-24,0.59602
2,2022-03-25,0.621053
2,2022-03-28,0.60488
2,2022-03-29,0.582905
2,2022-03-30,0.602777
2,2022-03-31,0.621194
2,2022-04-01,0.610243
2,2022-04-04,0.620442
2,2022-04-05,0.621594
2,2022-04-06,0.641202
2,2022-04-07,0.657484
2,2022-04-08,0.622272
2,2022-04-11,0.595466
2,2022-04-12,0.574872
2,2022-04-13,0.580037
2,2022-04-14,0.58442
2,2022-04-15,0.601779
2,2022-04-18,0.564561
2,2022-04-19,0.547122
2,2022-04-20,0.555989
2,2022-04-21,0.564919
2,2022-04-22,0.52974
2,2022-04-25,0.540304
2,2022-04-26,0.536539
2,2022-04-27,0.544295
2,2022-04-28,0.613299
2,2022-04-29,0.540749
2,2022-05-05,0.55129
2,2022-05-06,0.5445
2,2022-05-09,0.594895
2,2022-05-10,0.558648
2,2022-05-11,0.546205
2,2022-05-12,0.563676
2,2022-05-13,0.640266
2,2022-05-16,0.540023
2,2022-05-17,0.542495
2,2022-05-18,0.558944
2,2022-05-20,0.565983
2,2022-05-23,0.604785
2,2022-05-24,0.584126
2,2022-05-25,0.589724
2,2022-05-26,0.585843
2,2022-05-27,0.541767
2,2022-05-30,0.618338
2,2022-05-31,0.62044
2,2022-06-01,0.618097
2,2022-06-02,0.594588
2,2022-06-03,0.642307
2,2022-06-06,0.564827
2,2022-06-07,0.631444
2,2022-06-08,0.529052
2,2022-06-09,0.627234
2,2022-06-10,0.641359
2,2022-06-13,0.563805
2,2022-06-14,0.59512
2,2022-06-15,0.6247
2,2022-06-16,0.581912
2,2022-06-17,0.626143
2,2022-06-20,0.570137
2,2022-06-21,0.567128
2,2022-06-22,0.580428
2,2022-06-23,0.588803
2,2022-06-24,0.549
2,2022-06-27,0.592741
2,2022-06-28,0.542981
2,2022-06-29,0.582164
2,2022-06-30,0.574028
2,2022-07-01,0.671557
2,2022-07-04,0.604337
2,2022-07-05,0.5859
2,2022-07-06,0.541773
2,2022-07-07,0.553058
2,2022-07-08,0.622765
2,2022-07-13,0.609227
2,2022-07-14,0.556289
2,2022-07-18,0.62207
2,2022-07-19,0.608405
2,2022-07-20,0.549206
2,2022-07-21,0.576811
2,2022-07-22,0.550714
2,2022-07-25,0.631366
2,2022-07-26,0.549944
2,2022-07-27,0.601137
2,2022-07-28,0.585276
2,2022-07-29,0.59386
2,2022-08-01,0.681802
2,2022-08-02,0.626758
2,2022-08-03,0.677287
2,2022-08-04,0.651728
2,2022-08-05,0.604872
2,2022-08-08,0.602866
2,2022-08-09,0.563604
2,2022-08-10,0.676294
2,2022-08-11,0.675036
2,2022-08-12,0.664691
2,2022-08-15,0.690052
2,2022-08-16,0.620781
2,2022-08-17,0.643145
2,2022-08-18,0.59448
2,2022-08-19,0.577517
2,2022-08-22,0.603908
2,2022-08-23,0.633435
2,2022-08-24,0.547861
2,2022-08-25,0.600672
2,2022-08-26,0.604956
2,2022-08-29,0.579089
2,2022-08-31,0.651882
2,2022-09-01,0.614607
2,2022-09-02,0.695915
2,2022-09-05,0.705533
2,2022-09-06,0.700401
2,2022-09-07,0.573212
2,2022-09-08,0.700113
2,2022-09-09,0.741692
2,2022-09-12,0.719943
2,2022-09-13,0.519924
2,2022-09-14,0.595861
2,2022-09-15,0.57524
2,2022-09-16,0.584623
2,2022-09-19,0.528612
2,2022-09-20,0.602458
2,2022-09-21,0.600157
2,2022-09-22,0.559731
2,2022-09-23,0.610708
2,2022-09-26,0.565448
2,2022-09-27,0.602183
2,2022-09-28,0.539903
2,2022-09-29,0.583058
2,2022-09-30,0.589279
2,2022-10-03,0.63707
2,2022-10-04,0.614956
2,2022-10-05,0.617792
2,2022-10-06,0.577829
2,2022-10-07,0.575592
2,2022-10-10,0.644117
2,2022-10-11,0.647505
2,2022-10-12,0.590192
2,2022-10-13,0.590266
2,2022-10-14,0.660327
2,2022-10-17,0.670696
2,2022-10-18,0.57045
2,2022-10-19,0.648345
2,2022-10-20,0.633589
2,2022-10-21,0.586969
2,2022-10-24,0.574894
2,2022-10-25,0.608079
2,2022-10-26,0.623421
2,2022-10-27,0.587279
2,2022-10-28,0.61188
2,2022-10-31,0.702396
2,2022-11-01,0.681188
2,2022-11-02,0.579348
2,2022-11-03,0.587634
2,2022-11-04,0.599493
2,2022-11-07,0.629694
2,2022-11-08,0.711419
2,2022-11-09,0.707962
2,2022-11-10,0.577884
2,2022-11-11,0.676482
2,2022-11-14,0.735114
2,2022-11-15,0.718057
2,2022-11-16,0.694251
2,2022-11-17,0.534951
2,2022-11-18,0.625884
2,2022-11-21,0.700746
2,2022-11-22,0.705896
2,2022-11-23,0.658865
2,2022-11-24,0.584649
2,2022-11-25,0.608902
2,2022-11-28,0.579343
2,2022-11-29,0.608017
2,2022-11-30,0.619868
2,2022-12-01,0.668125
2,2022-12-02,0.559479
2,2022-12-05,0.632997
2,2022-12-06,0.681274
2,2022-12-07,0.551831
2,2022-12-08,0.580761
2,2022-12-09,0.675652
2,2022-12-12,0.621778
2,2022-12-13,0.615411
2,2022-12-14,0.578833
2,2022-12-15,0.646864
2,2022-12-16,0.639836
2,2022-12-19,0.619453
2,2022-12-20,0.598318
2,2022-12-21,0.608434
2,2022-12-22,0.578035
2,2022-12-23,0.5981
2,2022-12-26,0.601314
2,2022-12-27,0.562594
2,2022-12-28,0.524483
2,2022-12-29,0.631561
2,2022-12-30,0.563484
2,2023-01-02,0.652505
2,2023-01-03,0.55948
2,2023-01-04,0.529458
2,2023-01-05,0.574988
2,2023-01-06,0.604981
2,2023-01-09,0.656434
2,2023-01-10,0.61047
2,2023-01-11,0.655086
2,2023-01-12,0.609415
2,2023-01-13,0.599586
2,2023-01-16,0.615705
2,2023-01-17,0.556684
2,2023-01-18,0.513041
2,2023-01-19,0.531659
2,2023-01-20,0.535345
2,2023-01-23,0.616653
2,2023-01-24,0.525687
2,2023-01-25,0.525434
2,2023-01-26,0.521961
2,2023-01-27,0.5553
2,2023-01-30,0.538165
2,2023-01-31,0.556451
2,2023-02-01,0.625323
2,2023-02-02,0.615139
2,2023-02-03,0.595922
2,2023-02-06,0.593344
2,2023-02-07,0.666057
2,2023-02-08,0.52952
2,2023-02-15,0.702511
2,2023-02-16,0.635978
2,2023-02-17,0.612396
2,2023-02-20,0.689774
2,2023-02-21,0.71942
2,2023-02-22,0.517462
2,2023-02-23,0.552548
2,2023-02-24,0.590728
2,2023-02-27,0.642968
2,2023-02-28,0.533395
2,2023-03-01,0.585212
2,2023-03-02,0.50849
2,2023-03-03,0.53914
2,2023-03-06,0.5491
2,2023-03-07,0.541393
2,2023-03-08,0.553305
2,2023-03-09,0.601603
2,2023-03-10,0.526334
2,2023-03-13,0.601593
2,2023-03-14,0.511085
2,2023-03-15,0.570247
2,2023-03-16,0.523915
2,2023-03-17,0.530439
2,2023-03-20,0.61488
2,2023-03-21,0.586309
2,2023-03-22,0.538396
2,2023-03-23,0.524636
2,2023-03-24,0.51365
2,2023-03-27,0.525915
2,2023-03-28,0.584033
2,2023-03-29,0.561717
2,2023-03-30,0.559151
2,2023-03-31,0.559405
2,2023-04-03,0.563212
2,2023-04-04,0.564554
2,2023-04-05,0.527048
2,2023-04-06,0.519112
2,2023-04-07,0.549993
2,2023-04-10,0.590167
2,2023-04-11,0.52064
2,2023-04-12,0.516846
2,2023-04-13,0.523492
2,2023-04-14,0.545781
2,2023-04-17,0.516524
2,2023-04-18,0.528318
2,2023-04-19,0.583302
2,2023-04-20,0.553902
2,2023-04-24,0.587354
2,2023-04-25,0.546038
2,2023-04-26,0.592393
2,2023-04-27,0.556582
2,2023-04-28,0.619948
2,2023-05-02,0.645448
2,2023-05-03,0.666881
2,2023-05-04,0.651051
2,2023-05-05,0.645363
2,2023-05-08,0.59054
2,2023-05-09,0.587723
2,2023-05-10,0.576344
2,2023-05-11,0.605947
2,2023-05-12,0.543969
2,2023-05-15,0.580972
2,2023-05-16,0.571611
2,2023-05-17,0.561425
2,2023-05-18,0.578039
2,2023-05-22,0.571149
2,2023-05-23,0.538226
2,2023-05-24,0.533669
2,2023-05-25,0.601076
2,2023-05-26,0.569717
2,2023-05-29,0.594856
2,2023-05-30,0.543902
2,2023-05-31,0.538662
2,2023-06-01,0.52886
2,2023-06-02,0.624487
2,2023-06-05,0.592581
2,2023-06-06,0.518672
2,2023-06-07,0.527397
2,2023-06-08,0.531782
2,2023-06-09,0.568667
2,2023-06-12,0.595451
2,2023-06-13,0.531376
2,2023-06-14,0.58693
2,2023-06-15,0.567928
2,2023-06-16,0.553818
2,2023-06-19,0.504703
2,2023-06-20,0.50504
2,2023-06-21,0.504675
2,2023-06-22,0.549229
2,2023-06-23,0.530379
2,2023-06-26,0.548047
2,2023-06-27,0.555635
2,2023-07-03,0.593989
2,2023-07-04,0.564104
2,2023-07-05,0.537777
2,2023-07-06,0.546965
2,2023-07-07,0.551236
2,2023-07-10,0.556273
2,2023-07-11,0.549642
2,2023-07-12,0.553568
2,2023-07-13,0.568538
2,2023-07-14,0.539469
2,2023-07-17,0.597835
2,2023-07-18,0.594283
2,2023-07-19,0.607189
2,2023-07-20,0.605075
2,2023-07-21,0.618724
2,2023-07-24,0.661639
2,2023-07-25,0.560982
2,2023-07-26,0.597821
2,2023-07-27,0.621042
2,2023-07-28,0.645281
2,2023-07-31,0.671199
2,2023-08-01,0.566445
2,2023-08-02,0.641183
2,2023-08-03,0.661195
2,2023-08-04,0.568758
2,2023-08-07,0.598556
2,2023-08-08,0.644342
2,2023-08-09,0.626814
2,2023-08-10,0.577191
2,2023-08-11,0.616198
2,2023-08-14,0.601999
2,2023-08-15,0.609763
2,2023-08-16,0.609444
2,2023-08-17,0.619247
2,2023-08-18,0.604864
2,2023-08-21,0.657665
2,2023-08-22,0.684707
2,2023-08-23,0.615089
2,2023-08-24,0.650807
2,2023-08-25,0.641875
2,2023-08-28,0.614835
2,2023-08-29,0.65391
2,2023-08-31,0.670909
2,2023-09-01,0.682454
2,2023-09-04,0.640278
2,2023-09-05,0.657623
2,2023-09-06,0.639035
2,2023-09-07,0.65154
2,2023-09-08,0.622466
2,2023-09-11,0.673024
2,2023-09-12,0.705274
2,2023-09-13,0.642044
2,2023-09-14,0.621836
2,2023-09-15,0.665864
2,2023-09-18,0.659706
2,2023-09-19,0.669992
2,2023-09-20,0.675477
2,2023-09-21,0.651351
2,2023-09-22,0.681406
2,2023-09-25,0.699786
2,2023-09-26,0.675604
2,2023-09-27,0.672548
2,2023-09-28,0.561095
2,2023-09-29,0.5985
2,2023-10-02,0.741483
2,2023-10-03,0.620349
2,2023-10-04,0.593972
2,2023-10-05,0.652651
2,2023-10-06,0.587427
2,2023-10-09,0.599518
2,2023-10-10,0.64804
2,2023-10-11,0.546045
2,2023-10-12,0.644218
2,2023-10-13,0.543054
2,2023-10-16,0.559871
2,2023-10-17,0.652117
2,2023-10-18,0.56442
2,2023-10-19,0.601268
2,2023-10-20,0.604735
2,2023-10-23,0.661448
2,2023-10-24,0.588821
2,2023-10-25,0.66465
2,2023-10-26,0.646095
2,2023-10-27,0.585954
2,2023-10-30,0.581886
2,2023-10-31,0.603149
2,2023-11-01,0.585517
2,2023-11-02,0.547124
2,2023-11-03,0.550492
2,2023-11-06,0.543317
2,2023-11-07,0.518444
2,2023-11-08,0.532113
2,2023-11-09,0.526628
2,2023-11-10,0.537855
2,2023-11-13,0.630805
2,2023-11-14,0.579916
2,2023-11-15,0.516352
2,2023-11-16,0.533389
2,2023-11-17,0.562737
2,2023-11-20,0.552595
2,2023-11-21,0.523961
2,2023-11-22,0.497777
2,2023-11-23,0.508623
2,2023-11-24,0.529806
2,2023-11-27,0.551815
2,2023-11-28,0.51404
2,2023-11-29,0.504489
2,2023-11-30,0.521474
2,2023-12-01,0.573861
2,2023-12-04,0.618631
2,2023-12-05,0.575998
2,2023-12-06,0.562549
2,2023-12-07,0.573287
2,2023-12-08,0.546309
2,2023-12-11,0.566911
2,2023-12-12,0.586716
2,2023-12-13,0.610138
2,2023-12-14,0.549773
2,2023-12-15,0.545388
2,2023-12-18,0.565063
2,2023-12-19,0.557873
2,2023-12-20,0.56873
2,2023-12-21,0.561493
2,2023-12-22,0.57396
2,2023-12-25,0.595365
2,2023-12-26,0.619526
2,2023-12-27,0.628242
2,2023-12-28,0.619044
2,2023-12-29,0.565911
2,2024-01-02,0.590203
2,2024-01-03,0.540805
2,2024-01-04,0.533429
2,2024-01-05,0.548254
2,2024-01-08,0.554871
2,2024-01-09,0.655421
2,2024-01-10,0.561356
2,2024-01-11,0.542051
2,2024-01-12,0.532066
2,2024-01-15,0.556363
2,2024-01-16,0.541951
2,2024-01-17,0.535892
2,2024-01-18,0.542073
2,2024-01-19,0.557523
2,2024-01-22,0.565889
2,2024-01-23,0.533998
2,2024-01-24,0.5351
2,2024-01-25,0.545111
2,2024-01-26,0.531297
2,2024-01-29,0.555783
2,2024-01-30,0.549469
2,2024-01-31,0.547401
2,2024-02-01,0.547527
2,2024-02-02,0.533477
2,2024-02-05,0.574571
2,2024-02-06,0.646146
2,2024-02-07,0.558644
2,2024-02-08,0.567409
2,2024-02-09,0.56819
2,2024-02-12,0.570592
2,2024-02-13,0.56419
2,2024-02-14,0.584418
2,2024-02-15,0.586099
2,2024-02-16,0.5351
2,2024-02-19,0.577534
2,2024-02-20,0.601623
2,2024-02-21,0.563002
2,2024-02-22,0.539537
2,2024-02-23,0.568798
2,2024-02-26,0.597755
2,2024-02-27,0.642086
2,2024-02-28,0.5638
2,2024-02-29,0.604916
2,2024-03-01,0.570462
2,2024-03-04,0.622323
2,2024-03-05,0.570603
2,2024-03-06,0.594732
2,2024-03-07,0.629396
2,2024-03-08,0.522717
2,2024-03-11,0.58581
2,2024-03-12,0.538691
2,2024-03-13,0.546439
2,2024-03-14,0.579199
2,2024-03-15,0.523014
2,2024-03-18,0.553951
2,2024-03-19,0.604962
2,2024-03-20,0.531312
2,2024-03-21,0.538131
2,2024-03-22,0.557888
2,2024-03-25,0.526653
2,2024-03-26,0.561165
2,2024-03-27,0.561838
2,2024-03-28,0.623418
2,2024-03-29,0.55116
2,2024-04-01,0.523927
2,2024-04-02,0.5438
2,2024-04-03,0.527622
2,2024-04-04,0.541755
2,2024-04-05,0.617784
2,2024-04-08,0.568878
2,2024-04-09,0.522806
2,2024-04-15,0.564804
2,2024-04-16,0.57117
2,2024-04-17,0.572029
2,2024-04-18,0.537825
2,2024-04-19,0.580268
2,2024-04-22,0.554139
2,2024-04-24,0.549902
2,2024-04-25,0.523759
2,2024-04-26,0.539
2,2024-04-29,0.554108
2,2024-04-30,0.54275
2,2024-05-02,0.57638
2,2024-05-03,0.531648
2,2024-05-06,0.527481
2,2024-05-07,0.527265
2,2024-05-08,0.540616
2,2024-05-09,0.538704
2,2024-05-10,0.528261
2,2024-05-13,0.531383
2,2024-05-14,0.592893
2,2024-05-15,0.543842
2,2024-05-16,0.568327
2,2024-05-17,0.539525
2,2024-05-20,0.557775
2,2024-05-21,0.513935
2,2024-05-22,0.584342
2,2024-05-23,0.537049
2,2024-05-24,0.530588
2,2024-05-27,0.559669
2,2024-05-28,0.54142
2,2024-05-29,0.542895
2,2024-05-30,0.573123
2,2024-05-31,0.529068
2,2024-06-03,0.580361
2,2024-06-04,0.580327
2,2024-06-05,0.582949
2,2024-06-06,0.545609
2,2024-06-07,0.570298
2,2024-06-10,0.56978
2,2024-06-11,0.587849
2,2024-06-12,0.590265
2,2024-06-13,0.540314
2,2024-06-14,0.556642
2,2024-06-20,0.571156
2,2024-06-21,0.542725
2,2024-06-24,0.593862
2,2024-06-25,0.592181
2,2024-06-26,0.549608
2,2024-06-27,0.598095
2,2024-06-28,0.619666
2,2024-07-01,0.546105
2,2024-07-02,0.582044
2,2024-07-03,0.583883
2,2024-07-04,0.547546
2,2024-07-05,0.594051
2,2024-07-08,0.553194
2,2024-07-09,0.633677
2,2024-07-10,0.572766
2,2024-07-11,0.584168
2,2024-07-12,0.572948
2,2024-07-16,0.577102
2,2024-07-17,0.590407
2,2024-07-18,0.56318
2,2024-07-19,0.568563
2,2024-07-22,0.544521
2,2024-07-23,0.545924
2,2024-07-24,0.56005
2,2024-07-25,0.526394
2,2024-07-26,0.539137
2,2024-07-29,0.554356
2,2024-07-30,0.531307
2,2024-07-31,0.54418
2,2024-08-01,0.543422
2,2024-08-02,0.551769
2,2024-08-05,0.639518
2,2024-08-06,0.649267
2,2024-08-07,0.57162
2,2024-08-08,0.556222
2,2024-08-09,0.630789
2,2024-08-12,0.639988
2,2024-08-13,0.580122
2,2024-08-14,0.611599
2,2024-08-15,0.55329
2,2024-08-16,0.559955
2,2024-08-19,0.557138
2,2024-08-20,0.534554
2,2024-08-21,0.538904
2,2024-08-22,0.556762
2,2024-08-23,0.567464
2,2024-08-26,0.605241
2,2024-08-27,0.540693
2,2024-08-28,0.555615
2,2024-08-29,0.554463
2,2024-09-02,0.566451
2,2024-09-03,0.563541
2,2024-09-04,0.556962
2,2024-09-05,0.569381
2,2024-09-06,0.552248
2,2024-09-09,0.563052
2,2024-09-10,0.583617
2,2024-09-11,0.592957
2,2024-09-12,0.558374
2,2024-09-13,0.581839
2,2024-09-16,0.533296
2,2024-09-17,0.525255
2,2024-09-18,0.532156
2,2024-09-19,0.557829
2,2024-09-20,0.559391
2,2024-09-23,0.551879
2,2024-09-24,0.547711
2,2024-09-25,0.538051
2,2024-09-26,0.528102
2,2024-09-27,0.539957
2,2024-09-30,0.539912
2,2024-10-01,0.578837
2,2024-10-02,0.626295
2,2024-10-03,0.615499
2,2024-10-04,0.588937
2,2024-10-07,0.628463
2,2024-10-08,0.581503
2,2024-10-09,0.579032
2,2024-10-10,0.611994
2,2024-10-11,0.576845
2,2024-10-14,0.636306
2,2024-10-15,0.582616
2,2024-10-16,0.555633
2,2024-10-17,0.538875
2,2024-10-18,0.561521
2,2024-10-21,0.576714
2,2024-10-22,0.549896
2,2024-10-23,0.576361
2,2024-10-24,0.544981
2,2024-10-25,0.552096
2,2024-10-28,0.583473
2,2024-10-30,0.543957
2,2024-10-31,0.543769
2,2024-11-01,0.529241
2,2024-11-04,0.550953
2,2024-11-05,0.58776
2,2024-11-06,0.577689
2,2024-11-07,0.527517
2,2024-11-08,0.54957
2,2024-11-11,0.516403
2,2024-11-12,0.548406
2,2024-11-13,0.526161
2,2024-11-14,0.549244
2,2024-11-15,0.554601
2,2024-11-18,0.557446
2,2024-11-19,0.535693
2,2024-11-20,0.534018
2,2024-11-21,0.543103
2,2024-11-22,0.577653
2,2024-11-25,0.546389
2,2024-11-26,0.528553
2,2024-11-27,0.518553
2,2024-11-28,0.518983
2,2024-11-29,0.544684
2,2024-12-02,0.542774
2,2024-12-03,0.578193
2,2024-12-04,0.54483
2,2024-12-05,0.539254
2,2024-12-06,0.560503
2,2024-12-09,0.620822
2,2024-12-10,0.534444
2,2024-12-11,0.533661
2,2024-12-12,0.575575
2,2024-12-13,0.552599
2,2024-12-16,0.550158
2,2024-12-17,0.537608
2,2024-12-18,0.523011
2,2024-12-19,0.525032
2,2024-12-20,0.553796
2,2024-12-23,0.560638
2,2024-12-24,0.562333
2,2024-12-25,0.530928
2,2024-12-26,0.544987
2,2024-12-27,0.535679
2,2024-12-30,0.53881
2,2024-12-31,0.533313
2,2025-01-02,0.555371
2,2025-01-03,0.565519
2,2025-01-06,0.556963
2,2025-01-07,0.529468
2,2025-01-08,0.537642
2,2025-01-09,0.559123
2,2025-01-10,0.551181
2,2025-01-13,0.555705
2,2025-01-14,0.572745
2,2025-01-15,0.556205
2,2025-01-16,0.631564
2,2025-01-17,0.589663
2,2025-01-20,0.585516
2,2025-01-21,0.53448
2,2025-01-22,0.62636
2,2025-01-23,0.644391
2,2025-01-24,0.535693
2,2025-01-27,0.537074
2,2025-01-28,0.527369
2,2025-01-29,0.523896
2,2025-01-30,0.539202
2,2025-01-31,0.5303
2,2025-02-03,0.541188
2,2025-02-04,0.613641
2,2025-02-05,0.630977
2,2025-02-06,0.562875
2,2025-02-07,0.565899
2,2025-02-10,0.525213
2,2025-02-11,0.528849
2,2025-02-12,0.574506
2,2025-02-13,0.521815
2,2025-02-14,0.525382
2,2025-02-17,0.627707
2,2025-02-18,0.611295
2,2025-02-19,0.571694
2,2025-02-20,0.595736
2,2025-02-21,0.564111
2,2025-02-24,0.613831
2,2025-02-25,0.623008
2,2025-02-26,0.549987
2,2025-02-27,0.554011
2,2025-02-28,0.632583
2,2025-03-03,0.537412
2,2025-03-04,0.558158
2,2025-03-05,0.551181
2,2025-03-06,0.603606
2,2025-03-07,0.614522
2,2025-03-10,0.636435
2,2025-03-11,0.557442
2,2025-03-12,0.558954
2,2025-03-13,0.585874
2,2025-03-14,0.611894
2,2025-03-17,0.604332
2,2025-03-18,0.557842
2,2025-03-19,0.616783
2,2025-03-20,0.630396
2,2025-03-21,0.667024
2,2025-03-24,0.645693
2,2025-03-25,0.613742
2,2025-03-26,0.638377
2,2025-03-27,0.581081
2,2025-03-28,0.576545
2,2025-04-02,0.63531
2,2025-04-03,0.615843
2,2025-04-04,0.620345
2,2025-04-07,0.652972
2,2025-04-08,0.548646
2,2025-04-09,0.629021
2,2025-04-10,0.681828
2,2025-04-11,0.637829
2,2025-04-14,0.619144
2,2025-04-15,0.625524
2,2025-04-16,0.587549
2,2025-04-17,0.613414
2,2025-04-18,0.617958
2,2025-04-21,0.638992
2,2025-04-22,0.635765
2,2025-04-24,0.613501
2,2025-04-25,0.595422
2,2025-04-28,0.60925
2,2025-04-29,0.613026
2,2025-04-30,0.629306
2,2025-05-02,0.675094
2,2025-05-05,0.643469
2,2025-05-06,0.693652
2,2025-05-07,0.630004
2,2025-05-08,0.594669
2,2025-05-09,0.557644
2,2025-05-12,0.569874
2,2025-05-13,0.552071
2,2025-05-14,0.54544
2,2025-05-15,0.517982
2,2025-05-16,0.561267
2,2025-05-20,0.530838
2,2025-05-21,0.635669
2,2025-05-22,0.590865
2,2025-05-23,0.557647
2,2025-05-26,0.531864
2,2025-05-27,0.549544
2,2025-05-28,0.541972
2,2025-05-29,0.570615
2,2025-05-30,0.555646
2,2025-06-02,0.580551
2,2025-06-03,0.5712
2,2025-06-04,0.552016
2,2025-06-05,0.556236
2,2025-06-10,0.555462
2,2025-06-11,0.570537
2,2025-06-12,0.618526
2,2025-06-13,0.540898
2,2025-06-16,0.554458
2,2025-06-17,0.572378
2,2025-06-18,0.652739
2,2025-06-19,0.590789
2,2025-06-20,0.540076
2,2025-06-23,0.565537
2,2025-06-24,0.576999
2,2025-06-25,0.541908
2,2025-06-26,0.528391
2,2025-06-27,0.541809
2,2025-06-30,0.609641
2,2025-07-01,0.632173
2,2025-07-02,0.646384
2,2025-07-03,0.628846
2,2025-07-04,0.578672
2,2025-07-07,0.589736
2,2025-07-08,0.601251
2,2025-07-09,0.601232
2,2025-07-10,0.61302
2,2025-07-11,0.60639
2,2025-07-14,0.631352
2,2025-07-16,0.616738
2,2025-07-17,0.64003
2,2025-07-18,0.656835
2,2025-07-21,0.690857
2,2025-07-22,0.725423
2,2025-07-23,0.551435
2,2025-07-24,0.605859
2,2025-07-25,0.645667
2,2025-07-28,0.645448
2,2025-07-29,0.667967
2,2025-07-30,0.548627
2,2025-07-31,0.662943
2,2025-08-01,0.555093
2,2025-08-04,0.660548
2,2025-08-05,0.61954
2,2025-08-06,0.654501
2,2025-08-07,0.632735
2,2025-08-08,0.559421
2,2025-08-11,0.698392
2,2025-08-12,0.667923
2,2025-08-13,0.640553
2,2025-08-14,0.734602
2,2025-08-15,0.662019
2,2025-08-18,0.579452
2,2025-08-19,0.573544
2,2025-08-20,0.580642
2,2025-08-21,0.611979
2,2025-08-22,0.614434
2,2025-08-25,0.613033
2,2025-08-26,0.570126
2,2025-08-27,0.540046
2,2025-08-28,0.603828
2,2025-08-29,0.548339
2,2025-09-01,0.624881
2,2025-09-02,0.55928
2,2025-09-03,0.582049
2,2025-09-04,0.610592
2,2025-09-05,0.600799
2,2025-09-08,0.601904
2,2025-09-09,0.626798
2,2025-09-10,0.59323
2,2025-09-11,0.570159
2,2025-09-12,0.582273
2,2025-09-15,0.617435
2,2025-09-16,0.59731
2,2025-09-17,0.53582
2,2025-09-18,0.561739
2,2025-09-19,0.549886
2,2025-09-22,0.574724
2,2025-09-23,0.560431
2,2025-09-24,0.583024
2,2025-09-25,0.560271
2,2025-09-26,0.579468
2,2025-09-29,0.566768
2,2025-09-30,0.573407
2,2025-10-01,0.55856
2,2025-10-02,0.56235
2,2025-10-03,0.616317
2,2025-10-06,0.632071
2,2025-10-07,0.57671
2,2025-10-08,0.632681
2,2025-10-09,0.624009
2,2025-10-10,0.621644
2,2025-10-13,0.579315
2,2025-10-14,0.635901
2,2025-10-15,0.674811
2,2025-10-16,0.612268
2,2025-10-17,0.604941
2,2025-10-20,0.582773
2,2025-10-21,0.570856
2,2025-10-22,0.580261
2,2025-10-23,0.555772
2,2025-10-24,0.567497
2,2025-10-27,0.565612
2,2025-10-28,0.563052
2,2025-10-30,0.54051
2,2025-10-31,0.572738
2,2025-11-03,0.58292
2,2025-11-04,0.593597
2,2025-11-05,0.622212
2,2025-11-06,0.637707
2,2025-11-07,0.619415
2,2025-11-10,0.650524
2,2025-11-11,0.570785
2,2025-11-12,0.57723
2,2025-11-13,0.599636
2,2025-11-14,0.574238
2,2025-11-17,0.550308
2,2025-11-18,0.558667
2,2025-11-19,0.601978
2,2025-11-20,0.545878
2,2025-11-21,0.599058
2,2025-11-24,0.62491
2,2025-11-25,0.598895
2,2025-11-26,0.586462
2,2025-11-27,0.601666
2,2025-11-28,0.602642
2,2025-12-01,0.602346
2,2025-12-02,0.606464
2,2025-12-03,0.598091
2,2025-12-04,0.574019
2,2025-12-05,0.545981
2,2025-12-08,0.597226
2,2025-12-09,0.604561
2,2025-12-10,0.564948
2,2025-12-11,0.565866
2,2025-12-12,0.573559
2,2025-12-15,0.58051
2,2025-12-16,0.602729
2,2025-12-17,0.612046
2,2025-12-18,0.58754
2,2025-12-19,0.592836
2,2025-12-22,0.570458
2,2025-12-23,0.599767
2,2025-12-24,0.567516
2,2025-12-25,0.577777
2,2025-12-26,0.583879
2,2025-12-29,0.568038
2,2025-12-30,0.543578
2,2025-12-31,0.591378
2,2026-01-02,0.615263
2,2026-01-05,0.578786
2,2026-01-06,0.554453
2,2026-01-07,0.560599
2,2026-01-08,0.580798
2,2026-01-09,0.585171
2,2026-01-12,0.589002
2,2026-01-13,0.573299
2,2026-01-14,0.590703
2,2026-01-15,0.609542
2,2026-01-16,0.604333
2,2026-01-19,0.582818
2,2026-01-20,0.601862
2,2026-01-21,0.580962
2,2026-01-22,0.653473
2,2026-01-23,0.612956
2,2026-01-26,0.637755
2,2026-01-27,0.615206
2,2026-01-28,0.60905
2,2026-01-29,0.57993
2,2026-01-30,0.588343
2,2026-02-02,0.561098
2,2026-02-03,0.588357
2,2026-02-04,0.554458
2,2026-02-05,0.573952
2,2026-02-06,0.55818
2,2026-02-09,0.588853
2,2026-02-10,0.58151
2,2026-02-11,0.579187
2,2026-02-12,0.620554
2,2026-02-13,0.618202
2,2026-02-16,0.607561
2,2026-02-17,0.566504
2,2026-02-18,0.578245
2,2026-02-19,0.574001
2,2026-02-20,0.604637
2,2026-02-23,0.635182
2,2026-02-24,0.617342
2,2026-02-25,0.577959
2,2026-02-26,0.568535
2,2026-02-27,0.578204
2,2026-03-02,0.58917
2,2026-03-03,0.643409
2,2026-03-04,0.603652
2,2026-03-05,0.667004
2,2026-03-06,0.690849
2,2026-03-09,0.695411
2,2026-03-10,0.611187
2,2026-03-11,0.642612
2,2026-03-12,0.569913
2,2026-03-13,0.5649
2,2026-03-16,0.605124
2,2026-03-17,0.601503
2,2026-03-18,0.567788
2,2026-03-19,0.548579
2,2026-03-23,0.583351
2,2026-03-24,0.56929
2,2026-03-25,0.605675
2,2026-03-26,0.584504
2,2026-03-27,0.678711
2,2026-03-30,0.675489
2,2026-03-31,0.573376
2,2026-04-01,0.576622
2,2026-04-02,0.571363
2,2026-04-03,0.594052
2,2026-04-06,0.58672
2,2026-04-07,0.592635
2,2026-04-08,0.59418
2,2026-04-09,0.597125
2,2026-04-10,0.624184
2,2026-04-13,0.606612
2,2026-04-14,0.620755
2,2026-04-15,0.62255
2,2026-04-16,0.604006
2,2026-04-17,0.604548
2,2026-04-20,0.578264
2,2026-04-21,0.594943
2,2026-04-22,0.5655
2,2026-04-24,0.622509
2,2026-04-27,0.636645
2,2026-04-28,0.607197
2,2026-04-29,0.665419
2,2026-04-30,0.612837
2,2026-05-04,0.628491
2,2026-05-05,0.68544
2,2026-05-06,0.601233
2,2026-05-07,0.621064
2,2026-05-08,0.623959
2,2026-05-11,0.607066
2,2026-05-12,0.645732
2,2026-05-13,0.650024
2,2026-05-14,0.646946
2,2026-05-15,0.597023
2,2026-05-18,0.592972
2,2026-05-20,0.686875
2,2026-05-21,0.647938
2,2026-05-22,0.652277
2,2026-05-25,0.699372
2,2026-05-26,0.622296
2,2026-06-01,0.613754
2,2026-06-02,0.642848
2,2026-06-03,0.606941
2,2026-06-04,0.632443
2,2026-06-05,0.571608
2,2026-06-08,0.562631
2,2026-06-09,0.613957
2,2026-06-10,0.642553
2,2026-06-11,0.636382
2,2026-06-12,0.573084
2,2026-06-15,0.602155
2,2026-06-16,0.606574
2,2026-06-17,0.632316
2,2026-06-18,0.60937
2,2026-06-19,0.582215
2,2026-06-22,0.654071
2,2026-06-23,0.603254
2,2026-06-24,0.627631
2,2026-06-25,0.616394
2,2026-06-26,0.625806
2,2026-06-29,0.632483
2,2026-06-30,0.6618
2,2026-07-01,0.659826
2,2026-07-02,0.644608
2,2026-07-03,0.639126
2,2026-07-06,0.639264
2,2026-07-07,0.65275
2,2026-07-08,0.644553
2,2026-07-09,0.652192
2,2026-07-10,0.660503
2,2026-07-13,0.664958
2,2026-07-14,0.67194
3,2020-06-01,0.601052
3,2020-06-02,0.547727
3,2020-06-03,0.560256
3,2020-06-04,0.570239
3,2020-06-05,0.578396
3,2020-06-08,0.588852
3,2020-06-09,0.600298
3,2020-06-10,0.596767
3,2020-06-11,0.568093
3,2020-06-12,0.565929
3,2020-06-15,0.582011
3,2020-06-16,0.565085
3,2020-06-17,0.602376
3,2020-06-18,0.596804
3,2020-06-19,0.543754
3,2020-06-22,0.589641
3,2020-06-23,0.600649
3,2020-06-24,0.580394
3,2020-06-25,0.594412
3,2020-06-26,0.59741
3,2020-06-29,0.606808
3,2020-06-30,0.604446
3,2020-07-01,0.606458
3,2020-07-02,0.597927
3,2020-07-03,0.592658
3,2020-07-06,0.638416
3,2020-07-07,0.618479
3,2020-07-08,0.5956
3,2020-07-09,0.581391
3,2020-07-10,0.598258
3,2020-07-13,0.685374
3,2020-07-14,0.577213
3,2020-07-16,0.60967
3,2020-07-17,0.64626
3,2020-07-20,0.650019
3,2020-07-21,0.65917
3,2020-07-22,0.596958
3,2020-07-23,0.603903
3,2020-07-24,0.617484
3,2020-07-27,0.651675
3,2020-07-28,0.571589
3,2020-07-29,0.626933
3,2020-07-30,0.654186
3,2020-08-04,0.699179
3,2020-08-05,0.649384
3,2020-08-06,0.688872
3,2020-08-07,0.644505
3,2020-08-10,0.629911
3,2020-08-11,0.623103
3,2020-08-12,0.612106
3,2020-08-13,0.569349
3,2020-08-14,0.528725
3,2020-08-17,0.558909
3,2020-08-18,0.581424
3,2020-08-19,0.583209
3,2020-08-20,0.595262
3,2020-08-21,0.515514
3,2020-08-24,0.601917
3,2020-08-25,0.518931
3,2020-08-26,0.580747
3,2020-08-27,0.575941
3,2020-08-28,0.536358
3,2020-08-31,0.565265
3,2020-09-01,0.58963
3,2020-09-02,0.644377
3,2020-09-03,0.584604
3,2020-09-04,0.554358
3,2020-09-07,0.618343
3,2020-09-08,0.632735
3,2020-09-09,0.676419
3,2020-09-10,0.508754
3,2020-09-11,0.54406
3,2020-09-14,0.526205
3,2020-09-15,0.532666
3,2020-09-16,0.548049
3,2020-09-17,0.549381
3,2020-09-18,0.570719
3,2020-09-21,0.61606
3,2020-09-22,0.577656
3,2020-09-23,0.578713
3,2020-09-24,0.527167
3,2020-09-25,0.548907
3,2020-09-28,0.606023
3,2020-09-29,0.66684
3,2020-09-30,0.658173
3,2020-10-01,0.51599
3,2020-10-02,0.533749
3,2020-10-05,0.619079
3,2020-10-06,0.647012
3,2020-10-07,0.643314
3,2020-10-08,0.662497
3,2020-10-09,0.659112
3,2020-10-12,0.688798
3,2020-10-13,0.610793
3,2020-10-14,0.546713
3,2020-10-15,0.631154
3,2020-10-16,0.657995
3,2020-10-19,0.713703
3,2020-10-20,0.700863
3,2020-10-21,0.564324
3,2020-10-22,0.559106
3,2020-10-23,0.52863
3,2020-10-26,0.577057
3,2020-10-27,0.652051
3,2020-10-28,0.59661
3,2020-10-30,0.622519
3,2020-11-02,0.570972
3,2020-11-03,0.551494
3,2020-11-04,0.561483
3,2020-11-05,0.553265
3,2020-11-06,0.533967
3,2020-11-09,0.533512
3,2020-11-10,0.542881
3,2020-11-11,0.543955
3,2020-11-12,0.517147
3,2020-11-13,0.582544
3,2020-11-16,0.5573
3,2020-11-17,0.536341
3,2020-11-18,0.579071
3,2020-11-19,0.55856
3,2020-11-20,0.566737
3,2020-11-23,0.554899
3,2020-11-24,0.579225
3,2020-11-25,0.549173
3,2020-11-26,0.649532
3,2020-11-27,0.59926
3,2020-11-30,0.571081
3,2020-12-01,0.584446
3,2020-12-02,0.566402
3,2020-12-03,0.602251
3,2020-12-04,0.5616
3,2020-12-07,0.525914
3,2020-12-08,0.534058
3,2020-12-09,0.604169
3,2020-12-10,0.561439
3,2020-12-11,0.587727
3,2020-12-14,0.574826
3,2020-12-15,0.547128
3,2020-12-16,0.53833
3,2020-12-17,0.565475
3,2020-12-18,0.597164
3,2020-12-21,0.612384
3,2020-12-22,0.567536
3,2020-12-23,0.617395
3,2020-12-24,0.587081
3,2020-12-25,0.531616
3,2020-12-28,0.555437
3,2020-12-29,0.560164
3,2020-12-30,0.583112
3,2020-12-31,0.594171
3,2021-01-04,0.557023
3,2021-01-05,0.550713
3,2021-01-06,0.560715
3,2021-01-07,0.562923
3,2021-01-08,0.631754
3,2021-01-11,0.540646
3,2021-01-12,0.549902
3,2021-01-13,0.534178
3,2021-01-14,0.55135
3,2021-01-15,0.545239
3,2021-01-18,0.592982
3,2021-01-19,0.567509
3,2021-01-20,0.584488
3,2021-01-21,0.549848
3,2021-01-22,0.566095
3,2021-01-25,0.600602
3,2021-01-26,0.568527
3,2021-01-27,0.553324
3,2021-01-28,0.589992
3,2021-01-29,0.566458
3,2021-02-01,0.575851
3,2021-02-02,0.57458
3,2021-02-03,0.531626
3,2021-02-04,0.54418
3,2021-02-05,0.540288
3,2021-02-08,0.559653
3,2021-02-09,0.533038
3,2021-02-10,0.546727
3,2021-02-11,0.545393
3,2021-02-12,0.541063
3,2021-02-15,0.555916
3,2021-02-16,0.567869
3,2021-02-17,0.564981
3,2021-02-18,0.621307
3,2021-02-19,0.609778
3,2021-02-22,0.54329
3,2021-02-23,0.512806
3,2021-02-24,0.584787
3,2021-02-25,0.564003
3,2021-02-26,0.575784
3,2021-03-01,0.582551
3,2021-03-02,0.532105
3,2021-03-03,0.528917
3,2021-03-04,0.55382
3,2021-03-05,0.542662
3,2021-03-08,0.572178
3,2021-03-09,0.577522
3,2021-03-10,0.659321
3,2021-03-11,0.543863
3,2021-03-12,0.544487
3,2021-03-15,0.561007
3,2021-03-16,0.56394
3,2021-03-17,0.548528
3,2021-03-18,0.535899
3,2021-03-19,0.56272
3,2021-03-22,0.651369
3,2021-03-23,0.662718
3,2021-03-24,0.629844
3,2021-03-25,0.646278
3,2021-03-26,0.657371
3,2021-03-29,0.603756
3,2021-03-30,0.572816
3,2021-03-31,0.644019
3,2021-04-01,0.648214
3,2021-04-02,0.526102
3,2021-04-05,0.580531
3,2021-04-06,0.595619
3,2021-04-07,0.537116
3,2021-04-08,0.599822
3,2021-04-09,0.593237
3,2021-04-12,0.609376
3,2021-04-13,0.629459
3,2021-04-14,0.546784
3,2021-04-15,0.531729
3,2021-04-16,0.552455
3,2021-04-19,0.593868
3,2021-04-20,0.553376
3,2021-04-21,0.637532
3,2021-04-22,0.574323
3,2021-04-26,0.596441
3,2021-04-27,0.599051
3,2021-04-28,0.553682
3,2021-04-29,0.588846
3,2021-04-30,0.577379
3,2021-05-03,0.603655
3,2021-05-04,0.588568
3,2021-05-05,0.536805
3,2021-05-06,0.525246
3,2021-05-07,0.544842
3,2021-05-10,0.588047
3,2021-05-11,0.570747
3,2021-05-12,0.593608
3,2021-05-17,0.547359
3,2021-05-18,0.542192
3,2021-05-20,0.536046
3,2021-05-21,0.556824
3,2021-05-24,0.531962
3,2021-05-25,0.562086
3,2021-05-26,0.551042
3,2021-05-27,0.536316
3,2021-05-28,0.54227
3,2021-05-31,0.555417
3,2021-06-01,0.544243
3,2021-06-02,0.541966
3,2021-06-03,0.535364
3,2021-06-04,0.543681
3,2021-06-07,0.533366
3,2021-06-08,0.519306
3,2021-06-09,0.512887
3,2021-06-10,0.55555
3,2021-06-11,0.51659
3,2021-06-14,0.508935
3,2021-06-15,0.536266
3,2021-06-16,0.528691
3,2021-06-17,0.546277
3,2021-06-18,0.565952
3,2021-06-21,0.55621
3,2021-06-22,0.527212
3,2021-06-23,0.52859
3,2021-06-24,0.54122
3,2021-06-25,0.534515
3,2021-06-28,0.550628
3,2021-06-29,0.544707
3,2021-06-30,0.588559
3,2021-07-01,0.532763
3,2021-07-02,0.535865
3,2021-07-05,0.545104
3,2021-07-06,0.515104
3,2021-07-07,0.513988
3,2021-07-08,0.507624
3,2021-07-09,0.52115
3,2021-07-12,0.551538
3,2021-07-13,0.573573
3,2021-07-14,0.551296
3,2021-07-16,0.535329
3,2021-07-19,0.549029
3,2021-07-26,0.542429
3,2021-07-27,0.508238
3,2021-07-28,0.524153
3,2021-07-29,0.512986
3,2021-07-30,0.542436
3,2021-08-02,0.518736
3,2021-08-03,0.524903
3,2021-08-04,0.514723
3,2021-08-05,0.517671
3,2021-08-06,0.515108
3,2021-08-09,0.531566
3,2021-08-10,0.528168
3,2021-08-11,0.545445
3,2021-08-12,0.547083
3,2021-08-13,0.543384
3,2021-08-16,0.543262
3,2021-08-17,0.533147
3,2021-08-18,0.541775
3,2021-08-19,0.53046
3,2021-08-20,0.528599
3,2021-08-23,0.543957
3,2021-08-24,0.527127
3,2021-08-25,0.524804
3,2021-08-26,0.517036
3,2021-08-27,0.535793
3,2021-08-31,0.538655
3,2021-09-01,0.530887
3,2021-09-02,0.550774
3,2021-09-03,0.507775
3,2021-09-06,0.519788
3,2021-09-07,0.507307
3,2021-09-08,0.506854
3,2021-09-09,0.524166
3,2021-09-10,0.502122
3,2021-09-13,0.51959
3,2021-09-14,0.520854
3,2021-09-15,0.526282
3,2021-09-16,0.541924
3,2021-09-17,0.551976
3,2021-09-20,0.556354
3,2021-09-21,0.561161
3,2021-09-22,0.549452
3,2021-09-23,0.541198
3,2021-09-24,0.552824
3,2021-09-27,0.536883
3,2021-09-28,0.551484
3,2021-09-29,0.527848
3,2021-09-30,0.523775
3,2021-10-01,0.524844
3,2021-10-04,0.529143
3,2021-10-05,0.524187
3,2021-10-06,0.557248
3,2021-10-07,0.566855
3,2021-10-08,0.560271
3,2021-10-11,0.551741
3,2021-10-12,0.533888
3,2021-10-13,0.546041
3,2021-10-14,0.559255
3,2021-10-15,0.534403
3,2021-10-18,0.562637
3,2021-10-19,0.55178
3,2021-10-20,0.552776
3,2021-10-21,0.533267
3,2021-10-22,0.562084
3,2021-10-25,0.602983
3,2021-10-26,0.564933
3,2021-10-27,0.555525
3,2021-10-28,0.558199
3,2021-11-01,0.612086
3,2021-11-02,0.548834
3,2021-11-03,0.536256
3,2021-11-04,0.604843
3,2021-11-05,0.542285
3,2021-11-08,0.620718
3,2021-11-09,0.608573
3,2021-11-10,0.557841
3,2021-11-11,0.561615
3,2021-11-12,0.57219
3,2021-11-15,0.664399
3,2021-11-16,0.549631
3,2021-11-17,0.600299
3,2021-11-18,0.570029
3,2021-11-19,0.58037
3,2021-11-22,0.569647
3,2021-11-23,0.547925
3,2021-11-24,0.580454
3,2021-11-25,0.556265
3,2021-11-26,0.551429
3,2021-11-29,0.614252
3,2021-11-30,0.556187
3,2021-12-01,0.579992
3,2021-12-02,0.576738
3,2021-12-03,0.563002
3,2021-12-06,0.617541
3,2021-12-07,0.563182
3,2021-12-08,0.568066
3,2021-12-09,0.557926
3,2021-12-10,0.557209
3,2021-12-13,0.56087
3,2021-12-14,0.549515
3,2021-12-15,0.558559
3,2021-12-16,0.585573
3,2021-12-17,0.505362
3,2021-12-20,0.555292
3,2021-12-21,0.568741
3,2021-12-22,0.591243
3,2021-12-23,0.629396
3,2021-12-24,0.600485
3,2021-12-27,0.548696
3,2021-12-28,0.588595
3,2021-12-29,0.55366
3,2021-12-30,0.577255
3,2021-12-31,0.530484
3,2022-01-03,0.53084
3,2022-01-04,0.528121
3,2022-01-05,0.540774
3,2022-01-06,0.530268
3,2022-01-07,0.563441
3,2022-01-10,0.536201
3,2022-01-11,0.529648
3,2022-01-12,0.537672
3,2022-01-13,0.569718
3,2022-01-14,0.569577
3,2022-01-17,0.562569
3,2022-01-18,0.496091
3,2022-01-19,0.5592
3,2022-01-20,0.527537
3,2022-01-21,0.522832
3,2022-01-24,0.539282
3,2022-01-25,0.54387
3,2022-01-26,0.575891
3,2022-01-27,0.606735
3,2022-01-28,0.53708
3,2022-01-31,0.547494
3,2022-02-01,0.549661
3,2022-02-02,0.506512
3,2022-02-03,0.53615
3,2022-02-04,0.551501
3,2022-02-07,0.542879
3,2022-02-08,0.534479
3,2022-02-09,0.557941
3,2022-02-10,0.562373
3,2022-02-11,0.547233
3,2022-02-14,0.548129
3,2022-02-15,0.585982
3,2022-02-16,0.576328
3,2022-02-17,0.552444
3,2022-02-18,0.571082
3,2022-02-21,0.542314
3,2022-02-22,0.569958
3,2022-02-23,0.541778
3,2022-02-24,0.648147
3,2022-02-25,0.586173
3,2022-02-28,0.581878
3,2022-03-01,0.596446
3,2022-03-02,0.605909
3,2022-03-03,0.528182
3,2022-03-04,0.540674
3,2022-03-07,0.542699
3,2022-03-08,0.54354
3,2022-03-09,0.583825
3,2022-03-10,0.5319
3,2022-03-11,0.548697
3,2022-03-14,0.561021
3,2022-03-15,0.563793
3,2022-03-16,0.544256
3,2022-03-17,0.571442
3,2022-03-18,0.565459
3,2022-03-21,0.581554
3,2022-03-22,0.579049
3,2022-03-23,0.607226
3,2022-03-24,0.573833
3,2022-03-25,0.596463
3,2022-03-28,0.582572
3,2022-03-29,0.566497
3,2022-03-30,0.581656
3,2022-03-31,0.599364
3,2022-04-01,0.58571
3,2022-04-04,0.598033
3,2022-04-05,0.594108
3,2022-04-06,0.604554
3,2022-04-07,0.628758
3,2022-04-08,0.604308
3,2022-04-11,0.586386
3,2022-04-12,0.565509
3,2022-04-13,0.564387
3,2022-04-14,0.573463
3,2022-04-15,0.585292
3,2022-04-18,0.556339
3,2022-04-19,0.538867
3,2022-04-20,0.552951
3,2022-04-21,0.558377
3,2022-04-22,0.527137
3,2022-04-25,0.536856
3,2022-04-26,0.534084
3,2022-04-27,0.538129
3,2022-04-28,0.588069
3,2022-04-29,0.534804
3,2022-05-05,0.543612
3,2022-05-06,0.540706
3,2022-05-09,0.577117
3,2022-05-10,0.554259
3,2022-05-11,0.537415
3,2022-05-12,0.559961
3,2022-05-13,0.619622
3,2022-05-16,0.539622
3,2022-05-17,0.534359
3,2022-05-18,0.551532
3,2022-05-20,0.561425
3,2022-05-23,0.591967
3,2022-05-24,0.564066
3,2022-05-25,0.578065
3,2022-05-26,0.575086
3,2022-05-27,0.535707
3,2022-05-30,0.599135
3,2022-05-31,0.593657
3,2022-06-01,0.599038
3,2022-06-02,0.583117
3,2022-06-03,0.626601
3,2022-06-06,0.56243
3,2022-06-07,0.614116
3,2022-06-08,0.521706
3,2022-06-09,0.608876
3,2022-06-10,0.615672
3,2022-06-13,0.555695
3,2022-06-14,0.577225
3,2022-06-15,0.612421
3,2022-06-16,0.573535
3,2022-06-17,0.603715
3,2022-06-20,0.567496
3,2022-06-21,0.563147
3,2022-06-22,0.57698
3,2022-06-23,0.580881
3,2022-06-24,0.539793
3,2022-06-27,0.579383
3,2022-06-28,0.541982
3,2022-06-29,0.576428
3,2022-06-30,0.564388
3,2022-07-01,0.644703
3,2022-07-04,0.598522
3,2022-07-05,0.57842
3,2022-07-06,0.540398
3,2022-07-07,0.552163
3,2022-07-08,0.600089
3,2022-07-13,0.594259
3,2022-07-14,0.545791
3,2022-07-18,0.603319
3,2022-07-19,0.586393
3,2022-07-20,0.544115
3,2022-07-21,0.566197
3,2022-07-22,0.547003
3,2022-07-25,0.611751
3,2022-07-26,0.54275
3,2022-07-27,0.589335
3,2022-07-28,0.569787
3,2022-07-29,0.581004
3,2022-08-01,0.649442
3,2022-08-02,0.594072
3,2022-08-03,0.65402
3,2022-08-04,0.622696
3,2022-08-05,0.58464
3,2022-08-08,0.588444
3,2022-08-09,0.559689
3,2022-08-10,0.642668
3,2022-08-11,0.641578
3,2022-08-12,0.625092
3,2022-08-15,0.659843
3,2022-08-16,0.605923
3,2022-08-17,0.624743
3,2022-08-18,0.585098
3,2022-08-19,0.570724
3,2022-08-22,0.598742
3,2022-08-23,0.622996
3,2022-08-24,0.538229
3,2022-08-25,0.597425
3,2022-08-26,0.602044
3,2022-08-29,0.568531
3,2022-08-31,0.626298
3,2022-09-01,0.594475
3,2022-09-02,0.669109
3,2022-09-05,0.68842
3,2022-09-06,0.689859
3,2022-09-07,0.565661
3,2022-09-08,0.683651
3,2022-09-09,0.720751
3,2022-09-12,0.698623
3,2022-09-13,0.51764
3,2022-09-14,0.592706
3,2022-09-15,0.560903
3,2022-09-16,0.575747
3,2022-09-19,0.523726
3,2022-09-20,0.585287
3,2022-09-21,0.589304
3,2022-09-22,0.546983
3,2022-09-23,0.60668
3,2022-09-26,0.554354
3,2022-09-27,0.579619
3,2022-09-28,0.535802
3,2022-09-29,0.575688
3,2022-09-30,0.578025
3,2022-10-03,0.630456
3,2022-10-04,0.6028
3,2022-10-05,0.588412
3,2022-10-06,0.574036
3,2022-10-07,0.566485
3,2022-10-10,0.62115
3,2022-10-11,0.62098
3,2022-10-12,0.578576
3,2022-10-13,0.579282
3,2022-10-14,0.65109
3,2022-10-17,0.650398
3,2022-10-18,0.560017
3,2022-10-19,0.635318
3,2022-10-20,0.615161
3,2022-10-21,0.584073
3,2022-10-24,0.566003
3,2022-10-25,0.601802
3,2022-10-26,0.62096
3,2022-10-27,0.575294
3,2022-10-28,0.602349
3,2022-10-31,0.683122
3,2022-11-01,0.650363
3,2022-11-02,0.569394
3,2022-11-03,0.581327
3,2022-11-04,0.588935
3,2022-11-07,0.618626
3,2022-11-08,0.692957
3,2022-11-09,0.684284
3,2022-11-10,0.57757
3,2022-11-11,0.658412
3,2022-11-14,0.721281
3,2022-11-15,0.704
3,2022-11-16,0.671656
3,2022-11-17,0.527583
3,2022-11-18,0.613095
3,2022-11-21,0.666441
3,2022-11-22,0.680305
3,2022-11-23,0.652917
3,2022-11-24,0.576195
3,2022-11-25,0.607033
3,2022-11-28,0.575226
3,2022-11-29,0.596945
3,2022-11-30,0.612151
3,2022-12-01,0.644625
3,2022-12-02,0.556576
3,2022-12-05,0.615268
3,2022-12-06,0.648508
3,2022-12-07,0.540406
3,2022-12-08,0.578861
3,2022-12-09,0.652943
3,2022-12-12,0.614715
3,2022-12-13,0.609605
3,2022-12-14,0.565999
3,2022-12-15,0.629858
3,2022-12-16,0.627359
3,2022-12-19,0.615397
3,2022-12-20,0.591321
3,2022-12-21,0.593796
3,2022-12-22,0.573913
3,2022-12-23,0.593053
3,2022-12-26,0.588073
3,2022-12-27,0.549709
3,2022-12-28,0.522914
3,2022-12-29,0.621763
3,2022-12-30,0.558762
3,2023-01-02,0.635234
3,2023-01-03,0.547827
3,2023-01-04,0.527811
3,2023-01-05,0.571334
3,2023-01-06,0.586981
3,2023-01-09,0.626168
3,2023-01-10,0.605978
3,2023-01-11,0.651933
3,2023-01-12,0.604198
3,2023-01-13,0.595139
3,2023-01-16,0.606947
3,2023-01-17,0.547116
3,2023-01-18,0.512063
3,2023-01-19,0.527822
3,2023-01-20,0.531928
3,2023-01-23,0.576064
3,2023-01-24,0.523271
3,2023-01-25,0.52422
3,2023-01-26,0.51827
3,2023-01-27,0.547003
3,2023-01-30,0.534977
3,2023-01-31,0.555649
3,2023-02-01,0.623913
3,2023-02-02,0.610172
3,2023-02-03,0.581062
3,2023-02-06,0.587998
3,2023-02-07,0.660722
3,2023-02-08,0.527925
3,2023-02-15,0.683215
3,2023-02-16,0.609162
3,2023-02-17,0.596079
3,2023-02-20,0.661541
3,2023-02-21,0.705062
3,2023-02-22,0.509353
3,2023-02-23,0.552104
3,2023-02-24,0.559972
3,2023-02-27,0.609329
3,2023-02-28,0.52703
3,2023-03-01,0.580367
3,2023-03-02,0.506587
3,2023-03-03,0.531077
3,2023-03-06,0.541976
3,2023-03-07,0.539283
3,2023-03-08,0.545267
3,2023-03-09,0.591985
3,2023-03-10,0.524872
3,2023-03-13,0.582474
3,2023-03-14,0.504257
3,2023-03-15,0.553179
3,2023-03-16,0.522568
3,2023-03-17,0.523447
3,2023-03-20,0.601672
3,2023-03-21,0.578995
3,2023-03-22,0.533584
3,2023-03-23,0.522211
3,2023-03-24,0.51296
3,2023-03-27,0.522443
3,2023-03-28,0.583919
3,2023-03-29,0.556318
3,2023-03-30,0.552564
3,2023-03-31,0.556524
3,2023-04-03,0.560861
3,2023-04-04,0.555677
3,2023-04-05,0.523566
3,2023-04-06,0.518252
3,2023-04-07,0.545852
3,2023-04-10,0.571739
3,2023-04-11,0.517849
3,2023-04-12,0.513999
3,2023-04-13,0.519023
3,2023-04-14,0.536384
3,2023-04-17,0.513907
3,2023-04-18,0.523773
3,2023-04-19,0.566441
3,2023-04-20,0.546096
3,2023-04-24,0.562861
3,2023-04-25,0.541506
3,2023-04-26,0.587714
3,2023-04-27,0.548593
3,2023-04-28,0.6172
3,2023-05-02,0.643169
3,2023-05-03,0.661804
3,2023-05-04,0.643221
3,2023-05-05,0.635297
3,2023-05-08,0.58761
3,2023-05-09,0.58495
3,2023-05-10,0.571701
3,2023-05-11,0.605027
3,2023-05-12,0.541782
3,2023-05-15,0.578328
3,2023-05-16,0.568646
3,2023-05-17,0.55686
3,2023-05-18,0.572431
3,2023-05-22,0.568019
3,2023-05-23,0.531899
3,2023-05-24,0.529572
3,2023-05-25,0.578437
3,2023-05-26,0.552703
3,2023-05-29,0.579176
3,2023-05-30,0.538835
3,2023-05-31,0.529819
3,2023-06-01,0.526894
3,2023-06-02,0.592331
3,2023-06-05,0.587915
3,2023-06-06,0.516116
3,2023-06-07,0.526027
3,2023-06-08,0.53014
3,2023-06-09,0.562885
3,2023-06-12,0.574827
3,2023-06-13,0.525487
3,2023-06-14,0.568824
3,2023-06-15,0.565589
3,2023-06-16,0.542676
3,2023-06-19,0.501634
3,2023-06-20,0.503844
3,2023-06-21,0.501063
3,2023-06-22,0.539992
3,2023-06-23,0.529174
3,2023-06-26,0.541931
3,2023-06-27,0.554746
3,2023-07-03,0.583562
3,2023-07-04,0.558978
3,2023-07-05,0.53685
3,2023-07-06,0.544957
3,2023-07-07,0.545919
3,2023-07-10,0.55384
3,2023-07-11,0.544095
3,2023-07-12,0.544721
3,2023-07-13,0.558272
3,2023-07-14,0.536283
3,2023-07-17,0.595914
3,2023-07-18,0.573721
3,2023-07-19,0.602962
3,2023-07-20,0.595384
3,2023-07-21,0.598704
3,2023-07-24,0.644578
3,2023-07-25,0.55217
3,2023-07-26,0.586956
3,2023-07-27,0.613014
3,2023-07-28,0.636582
3,2023-07-31,0.661763
3,2023-08-01,0.557108
3,2023-08-02,0.624072
3,2023-08-03,0.64887
3,2023-08-04,0.56143
3,2023-08-07,0.58824
3,2023-08-08,0.634969
3,2023-08-09,0.619254
3,2023-08-10,0.560362
3,2023-08-11,0.605617
3,2023-08-14,0.600656
3,2023-08-15,0.597228
3,2023-08-16,0.600881
3,2023-08-17,0.611152
3,2023-08-18,0.582758
3,2023-08-21,0.64707
3,2023-08-22,0.659933
3,2023-08-23,0.601666
3,2023-08-24,0.642183
3,2023-08-25,0.616859
3,2023-08-28,0.61019
3,2023-08-29,0.63939
3,2023-08-31,0.651344
3,2023-09-01,0.653903
3,2023-09-04,0.612391
3,2023-09-05,0.638545
3,2023-09-06,0.622916
3,2023-09-07,0.643443
3,2023-09-08,0.618026
3,2023-09-11,0.661624
3,2023-09-12,0.688929
3,2023-09-13,0.624708
3,2023-09-14,0.619187
3,2023-09-15,0.654032
3,2023-09-18,0.621773
3,2023-09-19,0.661604
3,2023-09-20,0.667708
3,2023-09-21,0.644658
3,2023-09-22,0.679925
3,2023-09-25,0.685697
3,2023-09-26,0.667792
3,2023-09-27,0.656243
3,2023-09-28,0.558256
3,2023-09-29,0.586794
3,2023-10-02,0.739476
3,2023-10-03,0.60329
3,2023-10-04,0.571511
3,2023-10-05,0.632983
3,2023-10-06,0.567484
3,2023-10-09,0.5865
3,2023-10-10,0.641896
3,2023-10-11,0.544218
3,2023-10-12,0.63262
3,2023-10-13,0.540682
3,2023-10-16,0.55701
3,2023-10-17,0.638317
3,2023-10-18,0.560491
3,2023-10-19,0.587293
3,2023-10-20,0.600713
3,2023-10-23,0.637428
3,2023-10-24,0.578943
3,2023-10-25,0.65732
3,2023-10-26,0.630493
3,2023-10-27,0.573034
3,2023-10-30,0.565729
3,2023-10-31,0.596616
3,2023-11-01,0.580363
3,2023-11-02,0.542334
3,2023-11-03,0.542729
3,2023-11-06,0.542064
3,2023-11-07,0.516758
3,2023-11-08,0.530574
3,2023-11-09,0.525587
3,2023-11-10,0.532752
3,2023-11-13,0.596554
3,2023-11-14,0.560132
3,2023-11-15,0.514934
3,2023-11-16,0.532436
3,2023-11-17,0.552684
3,2023-11-20,0.54113
3,2023-11-21,0.520299
3,2023-11-22,0.496453
3,2023-11-23,0.502747
3,2023-11-24,0.527379
3,2023-11-27,0.548491
3,2023-11-28,0.511649
3,2023-11-29,0.503615
3,2023-11-30,0.516304
3,2023-12-01,0.553766
3,2023-12-04,0.587842
3,2023-12-05,0.568466
3,2023-12-06,0.555738
3,2023-12-07,0.56613
3,2023-12-08,0.542828
3,2023-12-11,0.562007
3,2023-12-12,0.573534
3,2023-12-13,0.609945
3,2023-12-14,0.547944
3,2023-12-15,0.54218
3,2023-12-18,0.564102
3,2023-12-19,0.551896
3,2023-12-20,0.56398
3,2023-12-21,0.557836
3,2023-12-22,0.569217
3,2023-12-25,0.594198
3,2023-12-26,0.61618
3,2023-12-27,0.618549
3,2023-12-28,0.601104
3,2023-12-29,0.555483
3,2024-01-02,0.579441
3,2024-01-03,0.536773
3,2024-01-04,0.526624
3,2024-01-05,0.541075
3,2024-01-08,0.549299
3,2024-01-09,0.617393
3,2024-01-10,0.551092
3,2024-01-11,0.535198
3,2024-01-12,0.531284
3,2024-01-15,0.551642
3,2024-01-16,0.533899
3,2024-01-17,0.532242
3,2024-01-18,0.537716
3,2024-01-19,0.544907
3,2024-01-22,0.558621
3,2024-01-23,0.527824
3,2024-01-24,0.533074
3,2024-01-25,0.538055
3,2024-01-26,0.529521
3,2024-01-29,0.552638
3,2024-01-30,0.54112
3,2024-01-31,0.540493
3,2024-02-01,0.543148
3,2024-02-02,0.528967
3,2024-02-05,0.565363
3,2024-02-06,0.624921
3,2024-02-07,0.545923
3,2024-02-08,0.561733
3,2024-02-09,0.563316
3,2024-02-12,0.561406
3,2024-02-13,0.545869
3,2024-02-14,0.574661
3,2024-02-15,0.568037
3,2024-02-16,0.530693
3,2024-02-19,0.555182
3,2024-02-20,0.577983
3,2024-02-21,0.550403
3,2024-02-22,0.536974
3,2024-02-23,0.558081
3,2024-02-26,0.579037
3,2024-02-27,0.6089
3,2024-02-28,0.553915
3,2024-02-29,0.597624
3,2024-03-01,0.556863
3,2024-03-04,0.612005
3,2024-03-05,0.561702
3,2024-03-06,0.587986
3,2024-03-07,0.619186
3,2024-03-08,0.520708
3,2024-03-11,0.56435
3,2024-03-12,0.534876
3,2024-03-13,0.536955
3,2024-03-14,0.559727
3,2024-03-15,0.519459
3,2024-03-18,0.551621
3,2024-03-19,0.583358
3,2024-03-20,0.526291
3,2024-03-21,0.533378
3,2024-03-22,0.54789
3,2024-03-25,0.523379
3,2024-03-26,0.559415
3,2024-03-27,0.55732
3,2024-03-28,0.596713
3,2024-03-29,0.545335
3,2024-04-01,0.523375
3,2024-04-02,0.538283
3,2024-04-03,0.526146
3,2024-04-04,0.538319
3,2024-04-05,0.598433
3,2024-04-08,0.563995
3,2024-04-09,0.520793
3,2024-04-15,0.551332
3,2024-04-16,0.557485
3,2024-04-17,0.55313
3,2024-04-18,0.533823
3,2024-04-19,0.568171
3,2024-04-22,0.541457
3,2024-04-24,0.543704
3,2024-04-25,0.522143
3,2024-04-26,0.535382
3,2024-04-29,0.546471
3,2024-04-30,0.537333
3,2024-05-02,0.563813
3,2024-05-03,0.529971
3,2024-05-06,0.524546
3,2024-05-07,0.526178
3,2024-05-08,0.534238
3,2024-05-09,0.532154
3,2024-05-10,0.525473
3,2024-05-13,0.52989
3,2024-05-14,0.579279
3,2024-05-15,0.538495
3,2024-05-16,0.557708
3,2024-05-17,0.538635
3,2024-05-20,0.548247
3,2024-05-21,0.5135
3,2024-05-22,0.576962
3,2024-05-23,0.53328
3,2024-05-24,0.528939
3,2024-05-27,0.557603
3,2024-05-28,0.540542
3,2024-05-29,0.54069
3,2024-05-30,0.555133
3,2024-05-31,0.52766
3,2024-06-03,0.564157
3,2024-06-04,0.565311
3,2024-06-05,0.570579
3,2024-06-06,0.542252
3,2024-06-07,0.56378
3,2024-06-10,0.566324
3,2024-06-11,0.575577
3,2024-06-12,0.575795
3,2024-06-13,0.537195
3,2024-06-14,0.546402
3,2024-06-20,0.559753
3,2024-06-21,0.541039
3,2024-06-24,0.575244
3,2024-06-25,0.5866
3,2024-06-26,0.540428
3,2024-06-27,0.592629
3,2024-06-28,0.607078
3,2024-07-01,0.544367
3,2024-07-02,0.573061
3,2024-07-03,0.568067
3,2024-07-04,0.54624
3,2024-07-05,0.580053
3,2024-07-08,0.545822
3,2024-07-09,0.607832
3,2024-07-10,0.569239
3,2024-07-11,0.574111
3,2024-07-12,0.570153
3,2024-07-16,0.56766
3,2024-07-17,0.570893
3,2024-07-18,0.556732
3,2024-07-19,0.556734
3,2024-07-22,0.544343
3,2024-07-23,0.544771
3,2024-07-24,0.55182
3,2024-07-25,0.521238
3,2024-07-26,0.533216
3,2024-07-29,0.54788
3,2024-07-30,0.525378
3,2024-07-31,0.537809
3,2024-08-01,0.536528
3,2024-08-02,0.549108
3,2024-08-05,0.637596
3,2024-08-06,0.647945
3,2024-08-07,0.569619
3,2024-08-08,0.555438
3,2024-08-09,0.62436
3,2024-08-12,0.632908
3,2024-08-13,0.572327
3,2024-08-14,0.603405
3,2024-08-15,0.549765
3,2024-08-16,0.559486
3,2024-08-19,0.548449
3,2024-08-20,0.529269
3,2024-08-21,0.533724
3,2024-08-22,0.544704
3,2024-08-23,0.56057
3,2024-08-26,0.602278
3,2024-08-27,0.539359
3,2024-08-28,0.549861
3,2024-08-29,0.540875
3,2024-09-02,0.555156
3,2024-09-03,0.555368
3,2024-09-04,0.543253
3,2024-09-05,0.558131
3,2024-09-06,0.542114
3,2024-09-09,0.554758
3,2024-09-10,0.580198
3,2024-09-11,0.590517
3,2024-09-12,0.556511
3,2024-09-13,0.563456
3,2024-09-16,0.530068
3,2024-09-17,0.52266
3,2024-09-18,0.529383
3,2024-09-19,0.556887
3,2024-09-20,0.553284
3,2024-09-23,0.541518
3,2024-09-24,0.540639
3,2024-09-25,0.530067
3,2024-09-26,0.52687
3,2024-09-27,0.537691
3,2024-09-30,0.53466
3,2024-10-01,0.570128
3,2024-10-02,0.622127
3,2024-10-03,0.611079
3,2024-10-04,0.582815
3,2024-10-07,0.614326
3,2024-10-08,0.575131
3,2024-10-09,0.578542
3,2024-10-10,0.599092
3,2024-10-11,0.576163
3,2024-10-14,0.624889
3,2024-10-15,0.569999
3,2024-10-16,0.549768
3,2024-10-17,0.533277
3,2024-10-18,0.556832
3,2024-10-21,0.572701
3,2024-10-22,0.546504
3,2024-10-23,0.570622
3,2024-10-24,0.535178
3,2024-10-25,0.539301
3,2024-10-28,0.573024
3,2024-10-30,0.534438
3,2024-10-31,0.531584
3,2024-11-01,0.519505
3,2024-11-04,0.547163
3,2024-11-05,0.572141
3,2024-11-06,0.573641
3,2024-11-07,0.522944
3,2024-11-08,0.545159
3,2024-11-11,0.51567
3,2024-11-12,0.543984
3,2024-11-13,0.522343
3,2024-11-14,0.545159
3,2024-11-15,0.544638
3,2024-11-18,0.546034
3,2024-11-19,0.532635
3,2024-11-20,0.52755
3,2024-11-21,0.539083
3,2024-11-22,0.571073
3,2024-11-25,0.538467
3,2024-11-26,0.525984
3,2024-11-27,0.517578
3,2024-11-28,0.517222
3,2024-11-29,0.537635
3,2024-12-02,0.538463
3,2024-12-03,0.570862
3,2024-12-04,0.538545
3,2024-12-05,0.536051
3,2024-12-06,0.549728
3,2024-12-09,0.591934
3,2024-12-10,0.527394
3,2024-12-11,0.528297
3,2024-12-12,0.564873
3,2024-12-13,0.546212
3,2024-12-16,0.540849
3,2024-12-17,0.529242
3,2024-12-18,0.517947
3,2024-12-19,0.518611
3,2024-12-20,0.546551
3,2024-12-23,0.55215
3,2024-12-24,0.545694
3,2024-12-25,0.528728
3,2024-12-26,0.540459
3,2024-12-27,0.534279
3,2024-12-30,0.535344
3,2024-12-31,0.529687
3,2025-01-02,0.546
3,2025-01-03,0.554849
3,2025-01-06,0.55241
3,2025-01-07,0.522166
3,2025-01-08,0.533135
3,2025-01-09,0.551074
3,2025-01-10,0.547873
3,2025-01-13,0.551378
3,2025-01-14,0.56831
3,2025-01-15,0.552656
3,2025-01-16,0.601128
3,2025-01-17,0.585269
3,2025-01-20,0.575211
3,2025-01-21,0.532145
3,2025-01-22,0.602855
3,2025-01-23,0.618082
3,2025-01-24,0.52825
3,2025-01-27,0.536208
3,2025-01-28,0.525224
3,2025-01-29,0.520214
3,2025-01-30,0.533312
3,2025-01-31,0.528046
3,2025-02-03,0.540392
3,2025-02-04,0.582922
3,2025-02-05,0.609337
3,2025-02-06,0.552238
3,2025-02-07,0.550713
3,2025-02-10,0.52305
3,2025-02-11,0.522238
3,2025-02-12,0.567443
3,2025-02-13,0.521057
3,2025-02-14,0.523333
3,2025-02-17,0.600034
3,2025-02-18,0.583249
3,2025-02-19,0.565196
3,2025-02-20,0.573852
3,2025-02-21,0.561322
3,2025-02-24,0.586909
3,2025-02-25,0.609382
3,2025-02-26,0.548233
3,2025-02-27,0.54704
3,2025-02-28,0.605784
3,2025-03-03,0.535566
3,2025-03-04,0.552674
3,2025-03-05,0.548332
3,2025-03-06,0.591964
3,2025-03-07,0.587908
3,2025-03-10,0.599363
3,2025-03-11,0.555431
3,2025-03-12,0.556523
3,2025-03-13,0.578227
3,2025-03-14,0.593202
3,2025-03-17,0.590387
3,2025-03-18,0.553558
3,2025-03-19,0.607583
3,2025-03-20,0.619979
3,2025-03-21,0.664866
3,2025-03-24,0.645071
3,2025-03-25,0.612497
3,2025-03-26,0.619924
3,2025-03-27,0.576901
3,2025-03-28,0.57129
3,2025-04-02,0.608931
3,2025-04-03,0.590173
3,2025-04-04,0.595521
3,2025-04-07,0.634818
3,2025-04-08,0.542623
3,2025-04-09,0.605232
3,2025-04-10,0.653389
3,2025-04-11,0.617874
3,2025-04-14,0.614523
3,2025-04-15,0.596689
3,2025-04-16,0.574954
3,2025-04-17,0.598156
3,2025-04-18,0.592774
3,2025-04-21,0.603941
3,2025-04-22,0.608962
3,2025-04-24,0.587467
3,2025-04-25,0.574795
3,2025-04-28,0.584106
3,2025-04-29,0.604243
3,2025-04-30,0.608561
3,2025-05-02,0.647852
3,2025-05-05,0.619402
3,2025-05-06,0.654881
3,2025-05-07,0.604193
3,2025-05-08,0.587791
3,2025-05-09,0.552957
3,2025-05-12,0.5572
3,2025-05-13,0.545089
3,2025-05-14,0.53671
3,2025-05-15,0.509262
3,2025-05-16,0.547163
3,2025-05-20,0.523545
3,2025-05-21,0.60178
3,2025-05-22,0.571098
3,2025-05-23,0.547621
3,2025-05-26,0.52723
3,2025-05-27,0.544909
3,2025-05-28,0.536657
3,2025-05-29,0.557482
3,2025-05-30,0.551044
3,2025-06-02,0.573113
3,2025-06-03,0.556344
3,2025-06-04,0.545724
3,2025-06-05,0.553499
3,2025-06-10,0.547125
3,2025-06-11,0.553475
3,2025-06-12,0.585105
3,2025-06-13,0.538843
3,2025-06-16,0.545742
3,2025-06-17,0.564378
3,2025-06-18,0.62812
3,2025-06-19,0.580491
3,2025-06-20,0.534878
3,2025-06-23,0.560325
3,2025-06-24,0.572563
3,2025-06-25,0.538788
3,2025-06-26,0.522873
3,2025-06-27,0.538755
3,2025-06-30,0.59732
3,2025-07-01,0.614777
3,2025-07-02,0.611008
3,2025-07-03,0.594974
3,2025-07-04,0.564495
3,2025-07-07,0.570635
3,2025-07-08,0.575833
3,2025-07-09,0.58935
3,2025-07-10,0.60413
3,2025-07-11,0.589156
3,2025-07-14,0.605247
3,2025-07-16,0.589841
3,2025-07-17,0.607903
3,2025-07-18,0.626123
3,2025-07-21,0.650029
3,2025-07-22,0.68518
3,2025-07-23,0.544683
3,2025-07-24,0.581183
3,2025-07-25,0.607595
3,2025-07-28,0.604853
3,2025-07-29,0.621545
3,2025-07-30,0.545389
3,2025-07-31,0.641372
3,2025-08-01,0.551539
3,2025-08-04,0.615067
3,2025-08-05,0.598307
3,2025-08-06,0.615575
3,2025-08-07,0.609746
3,2025-08-08,0.549274
3,2025-08-11,0.663907
3,2025-08-12,0.628864
3,2025-08-13,0.615208
3,2025-08-14,0.671411
3,2025-08-15,0.627091
3,2025-08-18,0.572882
3,2025-08-19,0.56621
3,2025-08-20,0.571005
3,2025-08-21,0.60215
3,2025-08-22,0.596394
3,2025-08-25,0.612216
3,2025-08-26,0.564536
3,2025-08-27,0.5327
3,2025-08-28,0.594419
3,2025-08-29,0.54227
3,2025-09-01,0.60677
3,2025-09-02,0.556117
3,2025-09-03,0.575712
3,2025-09-04,0.605722
3,2025-09-05,0.583131
3,2025-09-08,0.595699
3,2025-09-09,0.617286
3,2025-09-10,0.580061
3,2025-09-11,0.569104
3,2025-09-12,0.576918
3,2025-09-15,0.604398
3,2025-09-16,0.588721
3,2025-09-17,0.529945
3,2025-09-18,0.551545
3,2025-09-19,0.545882
3,2025-09-22,0.573247
3,2025-09-23,0.552127
3,2025-09-24,0.580549
3,2025-09-25,0.554916
3,2025-09-26,0.570526
3,2025-09-29,0.557075
3,2025-09-30,0.563882
3,2025-10-01,0.54671
3,2025-10-02,0.548376
3,2025-10-03,0.597015
3,2025-10-06,0.617014
3,2025-10-07,0.565728
3,2025-10-08,0.600814
3,2025-10-09,0.609689
3,2025-10-10,0.609478
3,2025-10-13,0.57286
3,2025-10-14,0.624619
3,2025-10-15,0.645671
3,2025-10-16,0.605271
3,2025-10-17,0.602023
3,2025-10-20,0.578197
3,2025-10-21,0.564509
3,2025-10-22,0.569551
3,2025-10-23,0.544793
3,2025-10-24,0.557911
3,2025-10-27,0.564714
3,2025-10-28,0.558615
3,2025-10-30,0.536545
3,2025-10-31,0.565931
3,2025-11-03,0.580376
3,2025-11-04,0.582459
3,2025-11-05,0.603313
3,2025-11-06,0.622867
3,2025-11-07,0.587503
3,2025-11-10,0.64773
3,2025-11-11,0.566737
3,2025-11-12,0.562438
3,2025-11-13,0.57884
3,2025-11-14,0.564469
3,2025-11-17,0.544294
3,2025-11-18,0.552225
3,2025-11-19,0.575122
3,2025-11-20,0.535682
3,2025-11-21,0.596472
3,2025-11-24,0.597742
3,2025-11-25,0.591309
3,2025-11-26,0.568126
3,2025-11-27,0.577757
3,2025-11-28,0.600438
3,2025-12-01,0.599431
3,2025-12-02,0.586677
3,2025-12-03,0.576965
3,2025-12-04,0.554123
3,2025-12-05,0.538754
3,2025-12-08,0.579242
3,2025-12-09,0.594374
3,2025-12-10,0.554345
3,2025-12-11,0.554381
3,2025-12-12,0.56208
3,2025-12-15,0.570086
3,2025-12-16,0.58989
3,2025-12-17,0.600464
3,2025-12-18,0.572619
3,2025-12-19,0.581
3,2025-12-22,0.563032
3,2025-12-23,0.592278
3,2025-12-24,0.563418
3,2025-12-25,0.566295
3,2025-12-26,0.580922
3,2025-12-29,0.561195
3,2025-12-30,0.536546
3,2025-12-31,0.574151
3,2026-01-02,0.593542
3,2026-01-05,0.571682
3,2026-01-06,0.548065
3,2026-01-07,0.545148
3,2026-01-08,0.574537
3,2026-01-09,0.579957
3,2026-01-12,0.581442
3,2026-01-13,0.569959
3,2026-01-14,0.577731
3,2026-01-15,0.597846
3,2026-01-16,0.592479
3,2026-01-19,0.581544
3,2026-01-20,0.586337
3,2026-01-21,0.573574
3,2026-01-22,0.632004
3,2026-01-23,0.59332
3,2026-01-26,0.62042
3,2026-01-27,0.594585
3,2026-01-28,0.594106
3,2026-01-29,0.57159
3,2026-01-30,0.573875
3,2026-02-02,0.553974
3,2026-02-03,0.579769
3,2026-02-04,0.545461
3,2026-02-05,0.566155
3,2026-02-06,0.554469
3,2026-02-09,0.584466
3,2026-02-10,0.568404
3,2026-02-11,0.572636
3,2026-02-12,0.614864
3,2026-02-13,0.60603
3,2026-02-16,0.60113
3,2026-02-17,0.562946
3,2026-02-18,0.571069
3,2026-02-19,0.571552
3,2026-02-20,0.591882
3,2026-02-23,0.628085
3,2026-02-24,0.599736
3,2026-02-25,0.568373
3,2026-02-26,0.560973
3,2026-02-27,0.559157
3,2026-03-02,0.586298
3,2026-03-03,0.635127
3,2026-03-04,0.598372
3,2026-03-05,0.639409
3,2026-03-06,0.676209
3,2026-03-09,0.661021
3,2026-03-10,0.60234
3,2026-03-11,0.62335
3,2026-03-12,0.565633
3,2026-03-13,0.560725
3,2026-03-16,0.578793
3,2026-03-17,0.587712
3,2026-03-18,0.562228
3,2026-03-19,0.541297
3,2026-03-23,0.574758
3,2026-03-24,0.560043
3,2026-03-25,0.593731
3,2026-03-26,0.575651
3,2026-03-27,0.643036
3,2026-03-30,0.639192
3,2026-03-31,0.563825
3,2026-04-01,0.573344
3,2026-04-02,0.569066
3,2026-04-03,0.588203
3,2026-04-06,0.569676
3,2026-04-07,0.580151
3,2026-04-08,0.580777
3,2026-04-09,0.591964
3,2026-04-10,0.613438
3,2026-04-13,0.605114
3,2026-04-14,0.605782
3,2026-04-15,0.616248
3,2026-04-16,0.599769
3,2026-04-17,0.599114
3,2026-04-20,0.577099
3,2026-04-21,0.58563
3,2026-04-22,0.560816
3,2026-04-24,0.617656
3,2026-04-27,0.625486
3,2026-04-28,0.591694
3,2026-04-29,0.648047
3,2026-04-30,0.608712
3,2026-05-04,0.598621
3,2026-05-05,0.643345
3,2026-05-06,0.599162
3,2026-05-07,0.615761
3,2026-05-08,0.61233
3,2026-05-11,0.597439
3,2026-05-12,0.635381
3,2026-05-13,0.636752
3,2026-05-14,0.637418
3,2026-05-15,0.582032
3,2026-05-18,0.585982
3,2026-05-20,0.666076
3,2026-05-21,0.646026
3,2026-05-22,0.64709
3,2026-05-25,0.680763
3,2026-05-26,0.603649
3,2026-06-01,0.607893
3,2026-06-02,0.63053
3,2026-06-03,0.595468
3,2026-06-04,0.600652
3,2026-06-05,0.563275
3,2026-06-08,0.555659
3,2026-06-09,0.606846
3,2026-06-10,0.627772
3,2026-06-11,0.62434
3,2026-06-12,0.570586
3,2026-06-15,0.592491
3,2026-06-16,0.596842
3,2026-06-17,0.613849
3,2026-06-18,0.596092
3,2026-06-19,0.575584
3,2026-06-22,0.637195
3,2026-06-23,0.602876
3,2026-06-24,0.606593
3,2026-06-25,0.599146
3,2026-06-26,0.602762
3,2026-06-29,0.620935
3,2026-06-30,0.628774
3,2026-07-01,0.645029
3,2026-07-02,0.631974
3,2026-07-03,0.628705
3,2026-07-06,0.60465
3,2026-07-07,0.63411
3,2026-07-08,0.631429
3,2026-07-09,0.63286
3,2026-07-10,0.638098
3,2026-07-13,0.658649
3,2026-07-14,0.667412
4,2020-06-01,0.592945
4,2020-06-02,0.544185
4,2020-06-03,0.556919
4,2020-06-04,0.56271
4,2020-06-05,0.567477
4,2020-06-08,0.57497
4,2020-06-09,0.584364
4,2020-06-10,0.582403
4,2020-06-11,0.559883
4,2020-06-12,0.560916
4,2020-06-15,0.576227
4,2020-06-16,0.559564
4,2020-06-17,0.584879
4,2020-06-18,0.583935
4,2020-06-19,0.541617
4,2020-06-22,0.581498
4,2020-06-23,0.587744
4,2020-06-24,0.574906
4,2020-06-25,0.583337
4,2020-06-26,0.596106
4,2020-06-29,0.603713
4,2020-06-30,0.598015
4,2020-07-01,0.598845
4,2020-07-02,0.594952
4,2020-07-03,0.588801
4,2020-07-06,0.632911
4,2020-07-07,0.609487
4,2020-07-08,0.589291
4,2020-07-09,0.573186
4,2020-07-10,0.595019
4,2020-07-13,0.682155
4,2020-07-14,0.576364
4,2020-07-16,0.606826
4,2020-07-17,0.636235
4,2020-07-20,0.636445
4,2020-07-21,0.631982
4,2020-07-22,0.588511
4,2020-07-23,0.595857
4,2020-07-24,0.605809
4,2020-07-27,0.634044
4,2020-07-28,0.562234
4,2020-07-29,0.616088
4,2020-07-30,0.644839
4,2020-08-04,0.68545
4,2020-08-05,0.636583
4,2020-08-06,0.682686
4,2020-08-07,0.640989
4,2020-08-10,0.618026
4,2020-08-11,0.608341
4,2020-08-12,0.599553
4,2020-08-13,0.565828
4,2020-08-14,0.526513
4,2020-08-17,0.551736
4,2020-08-18,0.568929
4,2020-08-19,0.570504
4,2020-08-20,0.587027
4,2020-08-21,0.512918
4,2020-08-24,0.593164
4,2020-08-25,0.516314
4,2020-08-26,0.56873
4,2020-08-27,0.567977
4,2020-08-28,0.530823
4,2020-08-31,0.553681
4,2020-09-01,0.57383
4,2020-09-02,0.629357
4,2020-09-03,0.569177
4,2020-09-04,0.550035
4,2020-09-07,0.598495
4,2020-09-08,0.624308
4,2020-09-09,0.662672
4,2020-09-10,0.506915
4,2020-09-11,0.539187
4,2020-09-14,0.523452
4,2020-09-15,0.526793
4,2020-09-16,0.539557
4,2020-09-17,0.54154
4,2020-09-18,0.562381
4,2020-09-21,0.590686
4,2020-09-22,0.571083
4,2020-09-23,0.565931
4,2020-09-24,0.525115
4,2020-09-25,0.539477
4,2020-09-28,0.593839
4,2020-09-29,0.628059
4,2020-09-30,0.627379
4,2020-10-01,0.512949
4,2020-10-02,0.531971
4,2020-10-05,0.614249
4,2020-10-06,0.621354
4,2020-10-07,0.625078
4,2020-10-08,0.645788
4,2020-10-09,0.633274
4,2020-10-12,0.666279
4,2020-10-13,0.595644
4,2020-10-14,0.540076
4,2020-10-15,0.616508
4,2020-10-16,0.627959
4,2020-10-19,0.684004
4,2020-10-20,0.679959
4,2020-10-21,0.554663
4,2020-10-22,0.54956
4,2020-10-23,0.525415
4,2020-10-26,0.573565
4,2020-10-27,0.627602
4,2020-10-28,0.587686
4,2020-10-30,0.611779
4,2020-11-02,0.568889
4,2020-11-03,0.548172
4,2020-11-04,0.554933
4,2020-11-05,0.544001
4,2020-11-06,0.528142
4,2020-11-09,0.531938
4,2020-11-10,0.537618
4,2020-11-11,0.541572
4,2020-11-12,0.513979
4,2020-11-13,0.574147
4,2020-11-16,0.55184
4,2020-11-17,0.524343
4,2020-11-18,0.574063
4,2020-11-19,0.557891
4,2020-11-20,0.560008
4,2020-11-23,0.545725
4,2020-11-24,0.571146
4,2020-11-25,0.540589
4,2020-11-26,0.637644
4,2020-11-27,0.576112
4,2020-11-30,0.554568
4,2020-12-01,0.573797
4,2020-12-02,0.557132
4,2020-12-03,0.586877
4,2020-12-04,0.551925
4,2020-12-07,0.523165
4,2020-12-08,0.528363
4,2020-12-09,0.579539
4,2020-12-10,0.547699
4,2020-12-11,0.574031
4,2020-12-14,0.566461
4,2020-12-15,0.544732
4,2020-12-16,0.533662
4,2020-12-17,0.562732
4,2020-12-18,0.583495
4,2020-12-21,0.590602
4,2020-12-22,0.55982
4,2020-12-23,0.600793
4,2020-12-24,0.569583
4,2020-12-25,0.526337
4,2020-12-28,0.547739
4,2020-12-29,0.551253
4,2020-12-30,0.57469
4,2020-12-31,0.580201
4,2021-01-04,0.555005
4,2021-01-05,0.539633
4,2021-01-06,0.558052
4,2021-01-07,0.556871
4,2021-01-08,0.610702
4,2021-01-11,0.536097
4,2021-01-12,0.547603
4,2021-01-13,0.529976
4,2021-01-14,0.5419
4,2021-01-15,0.532683
4,2021-01-18,0.586303
4,2021-01-19,0.559028
4,2021-01-20,0.57442
4,2021-01-21,0.541788
4,2021-01-22,0.5567
4,2021-01-25,0.595419
4,2021-01-26,0.556694
4,2021-01-27,0.548068
4,2021-01-28,0.588773
4,2021-01-29,0.560995
4,2021-02-01,0.56764
4,2021-02-02,0.564681
4,2021-02-03,0.529004
4,2021-02-04,0.540015
4,2021-02-05,0.535543
4,2021-02-08,0.554305
4,2021-02-09,0.532224
4,2021-02-10,0.542258
4,2021-02-11,0.541717
4,2021-02-12,0.534457
4,2021-02-15,0.549196
4,2021-02-16,0.556664
4,2021-02-17,0.552738
4,2021-02-18,0.61412
4,2021-02-19,0.59378
4,2021-02-22,0.534571
4,2021-02-23,0.512076
4,2021-02-24,0.574619
4,2021-02-25,0.561144
4,2021-02-26,0.572566
4,2021-03-01,0.57652
4,2021-03-02,0.530431
4,2021-03-03,0.527556
4,2021-03-04,0.546829
4,2021-03-05,0.537988
4,2021-03-08,0.561007
4,2021-03-09,0.563965
4,2021-03-10,0.626134
4,2021-03-11,0.539397
4,2021-03-12,0.540904
4,2021-03-15,0.557087
4,2021-03-16,0.556529
4,2021-03-17,0.540329
4,2021-03-18,0.529788
4,2021-03-19,0.554169
4,2021-03-22,0.648543
4,2021-03-23,0.660913
4,2021-03-24,0.627171
4,2021-03-25,0.645453
4,2021-03-26,0.654306
4,2021-03-29,0.598647
4,2021-03-30,0.565674
4,2021-03-31,0.615535
4,2021-04-01,0.621971
4,2021-04-02,0.522313
4,2021-04-05,0.568483
4,2021-04-06,0.584798
4,2021-04-07,0.530634
4,2021-04-08,0.5821
4,2021-04-09,0.57807
4,2021-04-12,0.591228
4,2021-04-13,0.610384
4,2021-04-14,0.544048
4,2021-04-15,0.530251
4,2021-04-16,0.548066
4,2021-04-19,0.585261
4,2021-04-20,0.551232
4,2021-04-21,0.621819
4,2021-04-22,0.571335
4,2021-04-26,0.590901
4,2021-04-27,0.584351
4,2021-04-28,0.550614
4,2021-04-29,0.574569
4,2021-04-30,0.565731
4,2021-05-03,0.597069
4,2021-05-04,0.571616
4,2021-05-05,0.533072
4,2021-05-06,0.524409
4,2021-05-07,0.542747
4,2021-05-10,0.577723
4,2021-05-11,0.557144
4,2021-05-12,0.579382
4,2021-05-17,0.543112
4,2021-05-18,0.53738
4,2021-05-20,0.530771
4,2021-05-21,0.548604
4,2021-05-24,0.525687
4,2021-05-25,0.556423
4,2021-05-26,0.546931
4,2021-05-27,0.530209
4,2021-05-28,0.538844
4,2021-05-31,0.551526
4,2021-06-01,0.540819
4,2021-06-02,0.537146
4,2021-06-03,0.529278
4,2021-06-04,0.540119
4,2021-06-07,0.530762
4,2021-06-08,0.517277
4,2021-06-09,0.510259
4,2021-06-10,0.546621
4,2021-06-11,0.514714
4,2021-06-14,0.505417
4,2021-06-15,0.531477
4,2021-06-16,0.526554
4,2021-06-17,0.543169
4,2021-06-18,0.562321
4,2021-06-21,0.554726
4,2021-06-22,0.525641
4,2021-06-23,0.525189
4,2021-06-24,0.537616
4,2021-06-25,0.532235
4,2021-06-28,0.548449
4,2021-06-29,0.543001
4,2021-06-30,0.581458
4,2021-07-01,0.531596
4,2021-07-02,0.533439
4,2021-07-05,0.539158
4,2021-07-06,0.51037
4,2021-07-07,0.511804
4,2021-07-08,0.504083
4,2021-07-09,0.517788
4,2021-07-12,0.549416
4,2021-07-13,0.568813
4,2021-07-14,0.543317
4,2021-07-16,0.530049
4,2021-07-19,0.543377
4,2021-07-26,0.539639
4,2021-07-27,0.507214
4,2021-07-28,0.520202
4,2021-07-29,0.511734
4,2021-07-30,0.53473
4,2021-08-02,0.514397
4,2021-08-03,0.521554
4,2021-08-04,0.513068
4,2021-08-05,0.515901
4,2021-08-06,0.513503
4,2021-08-09,0.527081
4,2021-08-10,0.523471
4,2021-08-11,0.531671
4,2021-08-12,0.54175
4,2021-08-13,0.535497
4,2021-08-16,0.539361
4,2021-08-17,0.529943
4,2021-08-18,0.532711
4,2021-08-19,0.523704
4,2021-08-20,0.523911
4,2021-08-23,0.538552
4,2021-08-24,0.523245
4,2021-08-25,0.519966
4,2021-08-26,0.512369
4,2021-08-27,0.530855
4,2021-08-31,0.532401
4,2021-09-01,0.528079
4,2021-09-02,0.541576
4,2021-09-03,0.506097
4,2021-09-06,0.517999
4,2021-09-07,0.503259
4,2021-09-08,0.502653
4,2021-09-09,0.520669
4,2021-09-10,0.499019
4,2021-09-13,0.514513
4,2021-09-14,0.517367
4,2021-09-15,0.518862
4,2021-09-16,0.536101
4,2021-09-17,0.546661
4,2021-09-20,0.553648
4,2021-09-21,0.558318
4,2021-09-22,0.54567
4,2021-09-23,0.537485
4,2021-09-24,0.549581
4,2021-09-27,0.533831
4,2021-09-28,0.548025
4,2021-09-29,0.523177
4,2021-09-30,0.521846
4,2021-10-01,0.523472
4,2021-10-04,0.52559
4,2021-10-05,0.520936
4,2021-10-06,0.554265
4,2021-10-07,0.55561
4,2021-10-08,0.55493
4,2021-10-11,0.544775
4,2021-10-12,0.533441
4,2021-10-13,0.542875
4,2021-10-14,0.552013
4,2021-10-15,0.530581
4,2021-10-18,0.557066
4,2021-10-19,0.546173
4,2021-10-20,0.549137
4,2021-10-21,0.531728
4,2021-10-22,0.559888
4,2021-10-25,0.59052
4,2021-10-26,0.555662
4,2021-10-27,0.552462
4,2021-10-28,0.556216
4,2021-11-01,0.595496
4,2021-11-02,0.542518
4,2021-11-03,0.534528
4,2021-11-04,0.596181
4,2021-11-05,0.539583
4,2021-11-08,0.606455
4,2021-11-09,0.588079
4,2021-11-10,0.554951
4,2021-11-11,0.557662
4,2021-11-12,0.570165
4,2021-11-15,0.648459
4,2021-11-16,0.542212
4,2021-11-17,0.59263
4,2021-11-18,0.568796
4,2021-11-19,0.577895
4,2021-11-22,0.568724
4,2021-11-23,0.541825
4,2021-11-24,0.580064
4,2021-11-25,0.552652
4,2021-11-26,0.545443
4,2021-11-29,0.603195
4,2021-11-30,0.551787
4,2021-12-01,0.57529
4,2021-12-02,0.573443
4,2021-12-03,0.558544
4,2021-12-06,0.605446
4,2021-12-07,0.561861
4,2021-12-08,0.562299
4,2021-12-09,0.55543
4,2021-12-10,0.552821
4,2021-12-13,0.557926
4,2021-12-14,0.547391
4,2021-12-15,0.553603
4,2021-12-16,0.579729
4,2021-12-17,0.502808
4,2021-12-20,0.546303
4,2021-12-21,0.566054
4,2021-12-22,0.589244
4,2021-12-23,0.622179
4,2021-12-24,0.596016
4,2021-12-27,0.546635
4,2021-12-28,0.583477
4,2021-12-29,0.552021
4,2021-12-30,0.568574
4,2021-12-31,0.529075
4,2022-01-03,0.528075
4,2022-01-04,0.524277
4,2022-01-05,0.535074
4,2022-01-06,0.525303
4,2022-01-07,0.554971
4,2022-01-10,0.531493
4,2022-01-11,0.523456
4,2022-01-12,0.531521
4,2022-01-13,0.555003
4,2022-01-14,0.566861
4,2022-01-17,0.559602
4,2022-01-18,0.491249
4,2022-01-19,0.556817
4,2022-01-20,0.519584
4,2022-01-21,0.521419
4,2022-01-24,0.536596
4,2022-01-25,0.536637
4,2022-01-26,0.563323
4,2022-01-27,0.594607
4,2022-01-28,0.529867
4,2022-01-31,0.543308
4,2022-02-01,0.540421
4,2022-02-02,0.504538
4,2022-02-03,0.528504
4,2022-02-04,0.541912
4,2022-02-07,0.540347
4,2022-02-08,0.529205
4,2022-02-09,0.54909
4,2022-02-10,0.55347
4,2022-02-11,0.542864
4,2022-02-14,0.540367
4,2022-02-15,0.574833
4,2022-02-16,0.564287
4,2022-02-17,0.538767
4,2022-02-18,0.566099
4,2022-02-21,0.536007
4,2022-02-22,0.55913
4,2022-02-23,0.536244
4,2022-02-24,0.644435
4,2022-02-25,0.584141
4,2022-02-28,0.575797
4,2022-03-01,0.586267
4,2022-03-02,0.589393
4,2022-03-03,0.527189
4,2022-03-04,0.536309
4,2022-03-07,0.540176
4,2022-03-08,0.537143
4,2022-03-09,0.575268
4,2022-03-10,0.528212
4,2022-03-11,0.544712
4,2022-03-14,0.555696
4,2022-03-15,0.555547
4,2022-03-16,0.539698
4,2022-03-17,0.566475
4,2022-03-18,0.558276
4,2022-03-21,0.574994
4,2022-03-22,0.570735
4,2022-03-23,0.596097
4,2022-03-24,0.562528
4,2022-03-25,0.582239
4,2022-03-28,0.57028
4,2022-03-29,0.556999
4,2022-03-30,0.570736
4,2022-03-31,0.581156
4,2022-04-01,0.572712
4,2022-04-04,0.583857
4,2022-04-05,0.577421
4,2022-04-06,0.584278
4,2022-04-07,0.613911
4,2022-04-08,0.594154
4,2022-04-11,0.576549
4,2022-04-12,0.560168
4,2022-04-13,0.555702
4,2022-04-14,0.566948
4,2022-04-15,0.57647
4,2022-04-18,0.551609
4,2022-04-19,0.534716
4,2022-04-20,0.551302
4,2022-04-21,0.554688
4,2022-04-22,0.523185
4,2022-04-25,0.534039
4,2022-04-26,0.532233
4,2022-04-27,0.534994
4,2022-04-28,0.575027
4,2022-04-29,0.531717
4,2022-05-05,0.539651
4,2022-05-06,0.536986
4,2022-05-09,0.566074
4,2022-05-10,0.549497
4,2022-05-11,0.530992
4,2022-05-12,0.557826
4,2022-05-13,0.598312
4,2022-05-16,0.536862
4,2022-05-17,0.530126
4,2022-05-18,0.546654
4,2022-05-20,0.558667
4,2022-05-23,0.578573
4,2022-05-24,0.553111
4,2022-05-25,0.565124
4,2022-05-26,0.567701
4,2022-05-27,0.532463
4,2022-05-30,0.587594
4,2022-05-31,0.577559
4,2022-06-01,0.588636
4,2022-06-02,0.576452
4,2022-06-03,0.609059
4,2022-06-06,0.560771
4,2022-06-07,0.601523
4,2022-06-08,0.517319
4,2022-06-09,0.599408
4,2022-06-10,0.600303
4,2022-06-13,0.550733
4,2022-06-14,0.567735
4,2022-06-15,0.599176
4,2022-06-16,0.56611
4,2022-06-17,0.59033
4,2022-06-20,0.563632
4,2022-06-21,0.559908
4,2022-06-22,0.573729
4,2022-06-23,0.572686
4,2022-06-24,0.534563
4,2022-06-27,0.571017
4,2022-06-28,0.54086
4,2022-06-29,0.572884
4,2022-06-30,0.559041
4,2022-07-01,0.621739
4,2022-07-04,0.594689
4,2022-07-05,0.574541
4,2022-07-06,0.538945
4,2022-07-07,0.549725
4,2022-07-08,0.588344
4,2022-07-13,0.581349
4,2022-07-14,0.538893
4,2022-07-18,0.586677
4,2022-07-19,0.572947
4,2022-07-20,0.53909
4,2022-07-21,0.554672
4,2022-07-22,0.537623
4,2022-07-25,0.597166
4,2022-07-26,0.538466
4,2022-07-27,0.583263
4,2022-07-28,0.560638
4,2022-07-29,0.573403
4,2022-08-01,0.629685
4,2022-08-02,0.575874
4,2022-08-03,0.631442
4,2022-08-04,0.607568
4,2022-08-05,0.573782
4,2022-08-08,0.580723
4,2022-08-09,0.554936
4,2022-08-10,0.624184
4,2022-08-11,0.622797
4,2022-08-12,0.604954
4,2022-08-15,0.640538
4,2022-08-16,0.597568
4,2022-08-17,0.613712
4,2022-08-18,0.57941
4,2022-08-19,0.566811
4,2022-08-22,0.593839
4,2022-08-23,0.613499
4,2022-08-24,0.533259
4,2022-08-25,0.591943
4,2022-08-26,0.598659
4,2022-08-29,0.562868
4,2022-08-31,0.612821
4,2022-09-01,0.583047
4,2022-09-02,0.654216
4,2022-09-05,0.675813
4,2022-09-06,0.682045
4,2022-09-07,0.560654
4,2022-09-08,0.65016
4,2022-09-09,0.685884
4,2022-09-12,0.679901
4,2022-09-13,0.515254
4,2022-09-14,0.591019
4,2022-09-15,0.552395
4,2022-09-16,0.571171
4,2022-09-19,0.520701
4,2022-09-20,0.573619
4,2022-09-21,0.579449
4,2022-09-22,0.540378
4,2022-09-23,0.602603
4,2022-09-26,0.548155
4,2022-09-27,0.565309
4,2022-09-28,0.531832
4,2022-09-29,0.571874
4,2022-09-30,0.569656
4,2022-10-03,0.625319
4,2022-10-04,0.593753
4,2022-10-05,0.573675
4,2022-10-06,0.569656
4,2022-10-07,0.561865
4,2022-10-10,0.607394
4,2022-10-11,0.603345
4,2022-10-12,0.570181
4,2022-10-13,0.571894
4,2022-10-14,0.635805
4,2022-10-17,0.639079
4,2022-10-18,0.554429
4,2022-10-19,0.615953
4,2022-10-20,0.605606
4,2022-10-21,0.579489
4,2022-10-24,0.561459
4,2022-10-25,0.597485
4,2022-10-26,0.614357
4,2022-10-27,0.56843
4,2022-10-28,0.597129
4,2022-10-31,0.668271
4,2022-11-01,0.626264
4,2022-11-02,0.564006
4,2022-11-03,0.577236
4,2022-11-04,0.582953
4,2022-11-07,0.609903
4,2022-11-08,0.657271
4,2022-11-09,0.668559
4,2022-11-10,0.574964
4,2022-11-11,0.646873
4,2022-11-14,0.705626
4,2022-11-15,0.675296
4,2022-11-16,0.644718
4,2022-11-17,0.522777
4,2022-11-18,0.605148
4,2022-11-21,0.644326
4,2022-11-22,0.663488
4,2022-11-23,0.637771
4,2022-11-24,0.571539
4,2022-11-25,0.605088
4,2022-11-28,0.571421
4,2022-11-29,0.589872
4,2022-11-30,0.605691
4,2022-12-01,0.632639
4,2022-12-02,0.554663
4,2022-12-05,0.606346
4,2022-12-06,0.628933
4,2022-12-07,0.534041
4,2022-12-08,0.577848
4,2022-12-09,0.636389
4,2022-12-12,0.609307
4,2022-12-13,0.605783
4,2022-12-14,0.558272
4,2022-12-15,0.619976
4,2022-12-16,0.619296
4,2022-12-19,0.61132
4,2022-12-20,0.587661
4,2022-12-21,0.584136
4,2022-12-22,0.569198
4,2022-12-23,0.585959
4,2022-12-26,0.58106
4,2022-12-27,0.542846
4,2022-12-28,0.521454
4,2022-12-29,0.614516
4,2022-12-30,0.553329
4,2023-01-02,0.624882
4,2023-01-03,0.54156
4,2023-01-04,0.526379
4,2023-01-05,0.568419
4,2023-01-06,0.576172
4,2023-01-09,0.610675
4,2023-01-10,0.603627
4,2023-01-11,0.649754
4,2023-01-12,0.599527
4,2023-01-13,0.592061
4,2023-01-16,0.601633
4,2023-01-17,0.541823
4,2023-01-18,0.510819
4,2023-01-19,0.525827
4,2023-01-20,0.53009
4,2023-01-23,0.555745
4,2023-01-24,0.521626
4,2023-01-25,0.520826
4,2023-01-26,0.516201
4,2023-01-27,0.541478
4,2023-01-30,0.533326
4,2023-01-31,0.552732
4,2023-02-01,0.622633
4,2023-02-02,0.606864
4,2023-02-03,0.571798
4,2023-02-06,0.584525
4,2023-02-07,0.65804
4,2023-02-08,0.525733
4,2023-02-15,0.67197
4,2023-02-16,0.594585
4,2023-02-17,0.581028
4,2023-02-20,0.645046
4,2023-02-21,0.684362
4,2023-02-22,0.504871
4,2023-02-23,0.544669
4,2023-02-24,0.542879
4,2023-02-27,0.583675
4,2023-02-28,0.52154
4,2023-03-01,0.573771
4,2023-03-02,0.50517
4,2023-03-03,0.526088
4,2023-03-06,0.537573
4,2023-03-07,0.535817
4,2023-03-08,0.540687
4,2023-03-09,0.586409
4,2023-03-10,0.52186
4,2023-03-13,0.570249
4,2023-03-14,0.500628
4,2023-03-15,0.544212
4,2023-03-16,0.521568
4,2023-03-17,0.519924
4,2023-03-20,0.592906
4,2023-03-21,0.575165
4,2023-03-22,0.529664
4,2023-03-23,0.519911
4,2023-03-24,0.512518
4,2023-03-27,0.52007
4,2023-03-28,0.583793
4,2023-03-29,0.550279
4,2023-03-30,0.549099
4,2023-03-31,0.554168
4,2023-04-03,0.558867
4,2023-04-04,0.550317
4,2023-04-05,0.521297
4,2023-04-06,0.517589
4,2023-04-07,0.543227
4,2023-04-10,0.557804
4,2023-04-11,0.51415
4,2023-04-12,0.512385
4,2023-04-13,0.516626
4,2023-04-14,0.531507
4,2023-04-17,0.510942
4,2023-04-18,0.519144
4,2023-04-19,0.555832
4,2023-04-20,0.541242
4,2023-04-24,0.54696
4,2023-04-25,0.536103
4,2023-04-26,0.58037
4,2023-04-27,0.544395
4,2023-04-28,0.615519
4,2023-05-02,0.640403
4,2023-05-03,0.659132
4,2023-05-04,0.635008
4,2023-05-05,0.628706
4,2023-05-08,0.585748
4,2023-05-09,0.581769
4,2023-05-10,0.566839
4,2023-05-11,0.600068
4,2023-05-12,0.537424
4,2023-05-15,0.575243
4,2023-05-16,0.566161
4,2023-05-17,0.548305
4,2023-05-18,0.569314
4,2023-05-22,0.566414
4,2023-05-23,0.528157
4,2023-05-24,0.527307
4,2023-05-25,0.564578
4,2023-05-26,0.543445
4,2023-05-29,0.56886
4,2023-05-30,0.535156
4,2023-05-31,0.524016
4,2023-06-01,0.525786
4,2023-06-02,0.575326
4,2023-06-05,0.580548
4,2023-06-06,0.514809
4,2023-06-07,0.524343
4,2023-06-08,0.528985
4,2023-06-09,0.558598
4,2023-06-12,0.563413
4,2023-06-13,0.52034
4,2023-06-14,0.554599
4,2023-06-15,0.562799
4,2023-06-16,0.534654
4,2023-06-19,0.498971
4,2023-06-20,0.502167
4,2023-06-21,0.499215
4,2023-06-22,0.534539
4,2023-06-23,0.527895
4,2023-06-26,0.537832
4,2023-06-27,0.552015
4,2023-07-03,0.57679
4,2023-07-04,0.555642
4,2023-07-05,0.535061
4,2023-07-06,0.539916
4,2023-07-07,0.542729
4,2023-07-10,0.549478
4,2023-07-11,0.538301
4,2023-07-12,0.539324
4,2023-07-13,0.551465
4,2023-07-14,0.534636
4,2023-07-17,0.594266
4,2023-07-18,0.560463
4,2023-07-19,0.599884
4,2023-07-20,0.584421
4,2023-07-21,0.587659
4,2023-07-24,0.633868
4,2023-07-25,0.545684
4,2023-07-26,0.580812
4,2023-07-27,0.606538
4,2023-07-28,0.625222
4,2023-07-31,0.643373
4,2023-08-01,0.548081
4,2023-08-02,0.612738
4,2023-08-03,0.640612
4,2023-08-04,0.55718
4,2023-08-07,0.580859
4,2023-08-08,0.621078
4,2023-08-09,0.61362
4,2023-08-10,0.551762
4,2023-08-11,0.5991
4,2023-08-14,0.599522
4,2023-08-15,0.587872
4,2023-08-16,0.591431
4,2023-08-17,0.604639
4,2023-08-18,0.566002
4,2023-08-21,0.637185
4,2023-08-22,0.639734
4,2023-08-23,0.59374
4,2023-08-24,0.622432
4,2023-08-25,0.603101
4,2023-08-28,0.603315
4,2023-08-29,0.631147
4,2023-08-31,0.635323
4,2023-09-01,0.638672
4,2023-09-04,0.594697
4,2023-09-05,0.626224
4,2023-09-06,0.612326
4,2023-09-07,0.630366
4,2023-09-08,0.604051
4,2023-09-11,0.653898
4,2023-09-12,0.667036
4,2023-09-13,0.603613
4,2023-09-14,0.611665
4,2023-09-15,0.636053
4,2023-09-18,0.600653
4,2023-09-19,0.652467
4,2023-09-20,0.646939
4,2023-09-21,0.635697
4,2023-09-22,0.66894
4,2023-09-25,0.670896
4,2023-09-26,0.64952
4,2023-09-27,0.644808
4,2023-09-28,0.554737
4,2023-09-29,0.57481
4,2023-10-02,0.714748
4,2023-10-03,0.593375
4,2023-10-04,0.558006
4,2023-10-05,0.610736
4,2023-10-06,0.555504
4,2023-10-09,0.577208
4,2023-10-10,0.635485
4,2023-10-11,0.541488
4,2023-10-12,0.610519
4,2023-10-13,0.534306
4,2023-10-16,0.555296
4,2023-10-17,0.620929
4,2023-10-18,0.555051
4,2023-10-19,0.578188
4,2023-10-20,0.597228
4,2023-10-23,0.617976
4,2023-10-24,0.572256
4,2023-10-25,0.653052
4,2023-10-26,0.617584
4,2023-10-27,0.565115
4,2023-10-30,0.556592
4,2023-10-31,0.592577
4,2023-11-01,0.577088
4,2023-11-02,0.539512
4,2023-11-03,0.538232
4,2023-11-06,0.539618
4,2023-11-07,0.513034
4,2023-11-08,0.526915
4,2023-11-09,0.524425
4,2023-11-10,0.529567
4,2023-11-13,0.578861
4,2023-11-14,0.549103
4,2023-11-15,0.512772
4,2023-11-16,0.529366
4,2023-11-17,0.543415
4,2023-11-20,0.5333
4,2023-11-21,0.517973
4,2023-11-22,0.494328
4,2023-11-23,0.498459
4,2023-11-24,0.524348
4,2023-11-27,0.545293
4,2023-11-28,0.510289
4,2023-11-29,0.503084
4,2023-11-30,0.512988
4,2023-12-01,0.543151
4,2023-12-04,0.571868
4,2023-12-05,0.557509
4,2023-12-06,0.550663
4,2023-12-07,0.557167
4,2023-12-08,0.538102
4,2023-12-11,0.559465
4,2023-12-12,0.56572
4,2023-12-13,0.60285
4,2023-12-14,0.545778
4,2023-12-15,0.54017
4,2023-12-18,0.562657
4,2023-12-19,0.548868
4,2023-12-20,0.561565
4,2023-12-21,0.553596
4,2023-12-22,0.566413
4,2023-12-25,0.593208
4,2023-12-26,0.6144
4,2023-12-27,0.609687
4,2023-12-28,0.591726
4,2023-12-29,0.549242
4,2024-01-02,0.570924
4,2024-01-03,0.533823
4,2024-01-04,0.522908
4,2024-01-05,0.535117
4,2024-01-08,0.543563
4,2024-01-09,0.594151
4,2024-01-10,0.545297
4,2024-01-11,0.530379
4,2024-01-12,0.528909
4,2024-01-15,0.548441
4,2024-01-16,0.529171
4,2024-01-17,0.529668
4,2024-01-18,0.531788
4,2024-01-19,0.537972
4,2024-01-22,0.548231
4,2024-01-23,0.524176
4,2024-01-24,0.531978
4,2024-01-25,0.53373
4,2024-01-26,0.527514
4,2024-01-29,0.548468
4,2024-01-30,0.534766
4,2024-01-31,0.536052
4,2024-02-01,0.539068
4,2024-02-02,0.526697
4,2024-02-05,0.560196
4,2024-02-06,0.613147
4,2024-02-07,0.539552
4,2024-02-08,0.557939
4,2024-02-09,0.55377
4,2024-02-12,0.556479
4,2024-02-13,0.53564
4,2024-02-14,0.56674
4,2024-02-15,0.558077
4,2024-02-16,0.528194
4,2024-02-19,0.54324
4,2024-02-20,0.565912
4,2024-02-21,0.543573
4,2024-02-22,0.53449
4,2024-02-23,0.551657
4,2024-02-26,0.566398
4,2024-02-27,0.591822
4,2024-02-28,0.547522
4,2024-02-29,0.58649
4,2024-03-01,0.549514
4,2024-03-04,0.594849
4,2024-03-05,0.553559
4,2024-03-06,0.578052
4,2024-03-07,0.605803
4,2024-03-08,0.518625
4,2024-03-11,0.55085
4,2024-03-12,0.532406
4,2024-03-13,0.530658
4,2024-03-14,0.54915
4,2024-03-15,0.516394
4,2024-03-18,0.549084
4,2024-03-19,0.571029
4,2024-03-20,0.523209
4,2024-03-21,0.528627
4,2024-03-22,0.540969
4,2024-03-25,0.520957
4,2024-03-26,0.557405
4,2024-03-27,0.551618
4,2024-03-28,0.581833
4,2024-03-29,0.541249
4,2024-04-01,0.522461
4,2024-04-02,0.535143
4,2024-04-03,0.524573
4,2024-04-04,0.536086
4,2024-04-05,0.586482
4,2024-04-08,0.559166
4,2024-04-09,0.51972
4,2024-04-15,0.543706
4,2024-04-16,0.547728
4,2024-04-17,0.541245
4,2024-04-18,0.531416
4,2024-04-19,0.561789
4,2024-04-22,0.534296
4,2024-04-24,0.539626
4,2024-04-25,0.520116
4,2024-04-26,0.531924
4,2024-04-29,0.541933
4,2024-04-30,0.534411
4,2024-05-02,0.555532
4,2024-05-03,0.528708
4,2024-05-06,0.52307
4,2024-05-07,0.525159
4,2024-05-08,0.53028
4,2024-05-09,0.52885
4,2024-05-10,0.523208
4,2024-05-13,0.527712
4,2024-05-14,0.571011
4,2024-05-15,0.534918
4,2024-05-16,0.550938
4,2024-05-17,0.53736
4,2024-05-20,0.542576
4,2024-05-21,0.513142
4,2024-05-22,0.567703
4,2024-05-23,0.530367
4,2024-05-24,0.528115
4,2024-05-27,0.553137
4,2024-05-28,0.538371
4,2024-05-29,0.539315
4,2024-05-30,0.545879
4,2024-05-31,0.526446
4,2024-06-03,0.556033
4,2024-06-04,0.556437
4,2024-06-05,0.562983
4,2024-06-06,0.540047
4,2024-06-07,0.559835
4,2024-06-10,0.564539
4,2024-06-11,0.565805
4,2024-06-12,0.567447
4,2024-06-13,0.534584
4,2024-06-14,0.540533
4,2024-06-20,0.553517
4,2024-06-21,0.540076
4,2024-06-24,0.565007
4,2024-06-25,0.580871
4,2024-06-26,0.534864
4,2024-06-27,0.58718
4,2024-06-28,0.588681
4,2024-07-01,0.542641
4,2024-07-02,0.565459
4,2024-07-03,0.559638
4,2024-07-04,0.545164
4,2024-07-05,0.56811
4,2024-07-08,0.541508
4,2024-07-09,0.59292
4,2024-07-10,0.564874
4,2024-07-11,0.567953
4,2024-07-12,0.568542
4,2024-07-16,0.562927
4,2024-07-17,0.560634
4,2024-07-18,0.553431
4,2024-07-19,0.550517
4,2024-07-22,0.542992
4,2024-07-23,0.543313
4,2024-07-24,0.544505
4,2024-07-25,0.518457
4,2024-07-26,0.529664
4,2024-07-29,0.539187
4,2024-07-30,0.521921
4,2024-07-31,0.534451
4,2024-08-01,0.533059
4,2024-08-02,0.546455
4,2024-08-05,0.636613
4,2024-08-06,0.644816
4,2024-08-07,0.567609
4,2024-08-08,0.554465
4,2024-08-09,0.620873
4,2024-08-12,0.628543
4,2024-08-13,0.568142
4,2024-08-14,0.597274
4,2024-08-15,0.547175
4,2024-08-16,0.55695
4,2024-08-19,0.543749
4,2024-08-20,0.525959
4,2024-08-21,0.529658
4,2024-08-22,0.538517
4,2024-08-23,0.556726
4,2024-08-26,0.598311
4,2024-08-27,0.537633
4,2024-08-28,0.546578
4,2024-08-29,0.532947
4,2024-09-02,0.547894
4,2024-09-03,0.545661
4,2024-09-04,0.533945
4,2024-09-05,0.548989
4,2024-09-06,0.536856
4,2024-09-09,0.546369
4,2024-09-10,0.570787
4,2024-09-11,0.58822
4,2024-09-12,0.555485
4,2024-09-13,0.553517
4,2024-09-16,0.527779
4,2024-09-17,0.518805
4,2024-09-18,0.527688
4,2024-09-19,0.552557
4,2024-09-20,0.547037
4,2024-09-23,0.535483
4,2024-09-24,0.534827
4,2024-09-25,0.525803
4,2024-09-26,0.525792
4,2024-09-27,0.532865
4,2024-09-30,0.530619
4,2024-10-01,0.564838
4,2024-10-02,0.619868
4,2024-10-03,0.607643
4,2024-10-04,0.578962
4,2024-10-07,0.603179
4,2024-10-08,0.571713
4,2024-10-09,0.575909
4,2024-10-10,0.589328
4,2024-10-11,0.574376
4,2024-10-14,0.61909
4,2024-10-15,0.563436
4,2024-10-16,0.545802
4,2024-10-17,0.529615
4,2024-10-18,0.554232
4,2024-10-21,0.570625
4,2024-10-22,0.54254
4,2024-10-23,0.567127
4,2024-10-24,0.528847
4,2024-10-25,0.532889
4,2024-10-28,0.564965
4,2024-10-30,0.526552
4,2024-10-31,0.522673
4,2024-11-01,0.514303
4,2024-11-04,0.54415
4,2024-11-05,0.562414
4,2024-11-06,0.559752
4,2024-11-07,0.520588
4,2024-11-08,0.542486
4,2024-11-11,0.515299
4,2024-11-12,0.539647
4,2024-11-13,0.520278
4,2024-11-14,0.54279
4,2024-11-15,0.538974
4,2024-11-18,0.540083
4,2024-11-19,0.528436
4,2024-11-20,0.523893
4,2024-11-21,0.536467
4,2024-11-22,0.565231
4,2024-11-25,0.533303
4,2024-11-26,0.523439
4,2024-11-27,0.515511
4,2024-11-28,0.515789
4,2024-11-29,0.533515
4,2024-12-02,0.536016
4,2024-12-03,0.560941
4,2024-12-04,0.530978
4,2024-12-05,0.534439
4,2024-12-06,0.541619
4,2024-12-09,0.575949
4,2024-12-10,0.523197
4,2024-12-11,0.524435
4,2024-12-12,0.555761
4,2024-12-13,0.54301
4,2024-12-16,0.531187
4,2024-12-17,0.523167
4,2024-12-18,0.511673
4,2024-12-19,0.513902
4,2024-12-20,0.541205
4,2024-12-23,0.546481
4,2024-12-24,0.537309
4,2024-12-25,0.52715
4,2024-12-26,0.537679
4,2024-12-27,0.530223
4,2024-12-30,0.531047
4,2024-12-31,0.527727
4,2025-01-02,0.541233
4,2025-01-03,0.545797
4,2025-01-06,0.545607
4,2025-01-07,0.51826
4,2025-01-08,0.52585
4,2025-01-09,0.544315
4,2025-01-10,0.541843
4,2025-01-13,0.545593
4,2025-01-14,0.561041
4,2025-01-15,0.548652
4,2025-01-16,0.584091
4,2025-01-17,0.575769
4,2025-01-20,0.565927
4,2025-01-21,0.530893
4,2025-01-22,0.587409
4,2025-01-23,0.595631
4,2025-01-24,0.522825
4,2025-01-27,0.53384
4,2025-01-28,0.522989
4,2025-01-29,0.517503
4,2025-01-30,0.529481
4,2025-01-31,0.526241
4,2025-02-03,0.539131
4,2025-02-04,0.566153
4,2025-02-05,0.59841
4,2025-02-06,0.54592
4,2025-02-07,0.543114
4,2025-02-10,0.521373
4,2025-02-11,0.518619
4,2025-02-12,0.563299
4,2025-02-13,0.518076
4,2025-02-14,0.521785
4,2025-02-17,0.579686
4,2025-02-18,0.568488
4,2025-02-19,0.55888
4,2025-02-20,0.560571
4,2025-02-21,0.559853
4,2025-02-24,0.572809
4,2025-02-25,0.600679
4,2025-02-26,0.546823
4,2025-02-27,0.543548
4,2025-02-28,0.588285
4,2025-03-03,0.532383
4,2025-03-04,0.548962
4,2025-03-05,0.546838
4,2025-03-06,0.585703
4,2025-03-07,0.574555
4,2025-03-10,0.578845
4,2025-03-11,0.550029
4,2025-03-12,0.553315
4,2025-03-13,0.574261
4,2025-03-14,0.583761
4,2025-03-17,0.579456
4,2025-03-18,0.550847
4,2025-03-19,0.602152
4,2025-03-20,0.611144
4,2025-03-21,0.663787
4,2025-03-24,0.644445
4,2025-03-25,0.608589
4,2025-03-26,0.610519
4,2025-03-27,0.57355
4,2025-03-28,0.566804
4,2025-04-02,0.592005
4,2025-04-03,0.577175
4,2025-04-04,0.582662
4,2025-04-07,0.615641
4,2025-04-08,0.5386
4,2025-04-09,0.59154
4,2025-04-10,0.629558
4,2025-04-11,0.604939
4,2025-04-14,0.604763
4,2025-04-15,0.580564
4,2025-04-16,0.565682
4,2025-04-17,0.589742
4,2025-04-18,0.577586
4,2025-04-21,0.584661
4,2025-04-22,0.589394
4,2025-04-24,0.573892
4,2025-04-25,0.563394
4,2025-04-28,0.570897
4,2025-04-29,0.587665
4,2025-04-30,0.594323
4,2025-05-02,0.629271
4,2025-05-05,0.606751
4,2025-05-06,0.62681
4,2025-05-07,0.589036
4,2025-05-08,0.578314
4,2025-05-09,0.549975
4,2025-05-12,0.550221
4,2025-05-13,0.538685
4,2025-05-14,0.53192
4,2025-05-15,0.504797
4,2025-05-16,0.539466
4,2025-05-20,0.51866
4,2025-05-21,0.582602
4,2025-05-22,0.557659
4,2025-05-23,0.541213
4,2025-05-26,0.524547
4,2025-05-27,0.536551
4,2025-05-28,0.53239
4,2025-05-29,0.549938
4,2025-05-30,0.546934
4,2025-06-02,0.569384
4,2025-06-03,0.548888
4,2025-06-04,0.541459
4,2025-06-05,0.55073
4,2025-06-10,0.542496
4,2025-06-11,0.540911
4,2025-06-12,0.567016
4,2025-06-13,0.536751
4,2025-06-16,0.540873
4,2025-06-17,0.552564
4,2025-06-18,0.6079
4,2025-06-19,0.57379
4,2025-06-20,0.530397
4,2025-06-23,0.557012
4,2025-06-24,0.568944
4,2025-06-25,0.536993
4,2025-06-26,0.52
4,2025-06-27,0.534179
4,2025-06-30,0.590778
4,2025-07-01,0.596944
4,2025-07-02,0.593317
4,2025-07-03,0.575999
4,2025-07-04,0.556856
4,2025-07-07,0.560368
4,2025-07-08,0.562804
4,2025-07-09,0.582761
4,2025-07-10,0.589928
4,2025-07-11,0.577254
4,2025-07-14,0.589037
4,2025-07-16,0.572955
4,2025-07-17,0.591554
4,2025-07-18,0.605059
4,2025-07-21,0.628463
4,2025-07-22,0.651086
4,2025-07-23,0.540607
4,2025-07-24,0.568354
4,2025-07-25,0.58806
4,2025-07-28,0.582556
4,2025-07-29,0.598055
4,2025-07-30,0.543439
4,2025-07-31,0.615448
4,2025-08-01,0.547209
4,2025-08-04,0.592
4,2025-08-05,0.586161
4,2025-08-06,0.594616
4,2025-08-07,0.596375
4,2025-08-08,0.543103
4,2025-08-11,0.644212
4,2025-08-12,0.608439
4,2025-08-13,0.600024
4,2025-08-14,0.636872
4,2025-08-15,0.607109
4,2025-08-18,0.569144
4,2025-08-19,0.558275
4,2025-08-20,0.564044
4,2025-08-21,0.592306
4,2025-08-22,0.579087
4,2025-08-25,0.607894
4,2025-08-26,0.557348
4,2025-08-27,0.527362
4,2025-08-28,0.578912
4,2025-08-29,0.537483
4,2025-09-01,0.589984
4,2025-09-02,0.553229
4,2025-09-03,0.570751
4,2025-09-04,0.596529
4,2025-09-05,0.573342
4,2025-09-08,0.591015
4,2025-09-09,0.610017
4,2025-09-10,0.57231
4,2025-09-11,0.567638
4,2025-09-12,0.574027
4,2025-09-15,0.594518
4,2025-09-16,0.578742
4,2025-09-17,0.523216
4,2025-09-18,0.544526
4,2025-09-19,0.543459
4,2025-09-22,0.571234
4,2025-09-23,0.546398
4,2025-09-24,0.567294
4,2025-09-25,0.547143
4,2025-09-26,0.562256
4,2025-09-29,0.54985
4,2025-09-30,0.551628
4,2025-10-01,0.540255
4,2025-10-02,0.541111
4,2025-10-03,0.583081
4,2025-10-06,0.599822
4,2025-10-07,0.560083
4,2025-10-08,0.583651
4,2025-10-09,0.599613
4,2025-10-10,0.600021
4,2025-10-13,0.568484
4,2025-10-14,0.61545
4,2025-10-15,0.627436
4,2025-10-16,0.600552
4,2025-10-17,0.598154
4,2025-10-20,0.573477
4,2025-10-21,0.561097
4,2025-10-22,0.564147
4,2025-10-23,0.538943
4,2025-10-24,0.550251
4,2025-10-27,0.559208
4,2025-10-28,0.55588
4,2025-10-30,0.534022
4,2025-10-31,0.562126
4,2025-11-03,0.57365
4,2025-11-04,0.574547
4,2025-11-05,0.590642
4,2025-11-06,0.606908
4,2025-11-07,0.569163
4,2025-11-10,0.630076
4,2025-11-11,0.564537
4,2025-11-12,0.554902
4,2025-11-13,0.566635
4,2025-11-14,0.557275
4,2025-11-17,0.540288
4,2025-11-18,0.547939
4,2025-11-19,0.560122
4,2025-11-20,0.529529
4,2025-11-21,0.592993
4,2025-11-24,0.579782
4,2025-11-25,0.573183
4,2025-11-26,0.558666
4,2025-11-27,0.56138
4,2025-11-28,0.593793
4,2025-12-01,0.588895
4,2025-12-02,0.575202
4,2025-12-03,0.564497
4,2025-12-04,0.543768
4,2025-12-05,0.534274
4,2025-12-08,0.569597
4,2025-12-09,0.582538
4,2025-12-10,0.548237
4,2025-12-11,0.547954
4,2025-12-12,0.554008
4,2025-12-15,0.55784
4,2025-12-16,0.579457
4,2025-12-17,0.588993
4,2025-12-18,0.5627
4,2025-12-19,0.56854
4,2025-12-22,0.554409
4,2025-12-23,0.58171
4,2025-12-24,0.559014
4,2025-12-25,0.558486
4,2025-12-26,0.570237
4,2025-12-29,0.555091
4,2025-12-30,0.532758
4,2025-12-31,0.564116
4,2026-01-02,0.579407
4,2026-01-05,0.565629
4,2026-01-06,0.544795
4,2026-01-07,0.537366
4,2026-01-08,0.568312
4,2026-01-09,0.575502
4,2026-01-12,0.575434
4,2026-01-13,0.565677
4,2026-01-14,0.569928
4,2026-01-15,0.591325
4,2026-01-16,0.585489
4,2026-01-19,0.579282
4,2026-01-20,0.578351
4,2026-01-21,0.567158
4,2026-01-22,0.614909
4,2026-01-23,0.580335
4,2026-01-26,0.601159
4,2026-01-27,0.580177
4,2026-01-28,0.586359
4,2026-01-29,0.567117
4,2026-01-30,0.566226
4,2026-02-02,0.550223
4,2026-02-03,0.575248
4,2026-02-04,0.540537
4,2026-02-05,0.556299
4,2026-02-06,0.55169
4,2026-02-09,0.581146
4,2026-02-10,0.561182
4,2026-02-11,0.567536
4,2026-02-12,0.60322
4,2026-02-13,0.592983
4,2026-02-16,0.594215
4,2026-02-17,0.558991
4,2026-02-18,0.56688
4,2026-02-19,0.569112
4,2026-02-20,0.58271
4,2026-02-23,0.617476
4,2026-02-24,0.585648
4,2026-02-25,0.563112
4,2026-02-26,0.556574
4,2026-02-27,0.547934
4,2026-03-02,0.58317
4,2026-03-03,0.625469
4,2026-03-04,0.59445
4,2026-03-05,0.623465
4,2026-03-06,0.66874
4,2026-03-09,0.642125
4,2026-03-10,0.594108
4,2026-03-11,0.604318
4,2026-03-12,0.559545
4,2026-03-13,0.554535
4,2026-03-16,0.564169
4,2026-03-17,0.580723
4,2026-03-18,0.557113
4,2026-03-19,0.537603
4,2026-03-23,0.568066
4,2026-03-24,0.554607
4,2026-03-25,0.583876
4,2026-03-26,0.568276
4,2026-03-27,0.622025
4,2026-03-30,0.618748
4,2026-03-31,0.558488
4,2026-04-01,0.565611
4,2026-04-02,0.566839
4,2026-04-03,0.58416
4,2026-04-06,0.561101
4,2026-04-07,0.573439
4,2026-04-08,0.565735
4,2026-04-09,0.584554
4,2026-04-10,0.608014
4,2026-04-13,0.599999
4,2026-04-14,0.593114
4,2026-04-15,0.611305
4,2026-04-16,0.593379
4,2026-04-17,0.59527
4,2026-04-20,0.575654
4,2026-04-21,0.579442
4,2026-04-22,0.555618
4,2026-04-24,0.614804
4,2026-04-27,0.616411
4,2026-04-28,0.581953
4,2026-04-29,0.637287
4,2026-04-30,0.600766
4,2026-05-04,0.582953
4,2026-05-05,0.621806
4,2026-05-06,0.591373
4,2026-05-07,0.613058
4,2026-05-08,0.598355
4,2026-05-11,0.590134
4,2026-05-12,0.628534
4,2026-05-13,0.622065
4,2026-05-14,0.621934
4,2026-05-15,0.574447
4,2026-05-18,0.58002
4,2026-05-20,0.65085
4,2026-05-21,0.644597
4,2026-05-22,0.639088
4,2026-05-25,0.661427
4,2026-05-26,0.587983
4,2026-06-01,0.597202
4,2026-06-02,0.620516
4,2026-06-03,0.574396
4,2026-06-04,0.582421
4,2026-06-05,0.554792
4,2026-06-08,0.550732
4,2026-06-09,0.598297
4,2026-06-10,0.614811
4,2026-06-11,0.607958
4,2026-06-12,0.565646
4,2026-06-15,0.586203
4,2026-06-16,0.588819
4,2026-06-17,0.599951
4,2026-06-18,0.587763
4,2026-06-19,0.568146
4,2026-06-22,0.625869
4,2026-06-23,0.598603
4,2026-06-24,0.595957
4,2026-06-25,0.585753
4,2026-06-26,0.59019
4,2026-06-29,0.614832
4,2026-06-30,0.611339
4,2026-07-01,0.635705
4,2026-07-02,0.624766
4,2026-07-03,0.612088
4,2026-07-06,0.585652
4,2026-07-07,0.618794
4,2026-07-08,0.623572
4,2026-07-09,0.621358
4,2026-07-10,0.616134
4,2026-07-13,0.65352
4,2026-07-14,0.635421
6,2020-06-01,0.583058
6,2020-06-02,0.539436
6,2020-06-03,0.552204
6,2020-06-04,0.554996
6,2020-06-05,0.555055
6,2020-06-08,0.559506
6,2020-06-09,0.566572
6,2020-06-10,0.56793
6,2020-06-11,0.551043
6,2020-06-12,0.554888
6,2020-06-15,0.567954
6,2020-06-16,0.551224
6,2020-06-17,0.56638
6,2020-06-18,0.567611
6,2020-06-19,0.536448
6,2020-06-22,0.57256
6,2020-06-23,0.571901
6,2020-06-24,0.566392
6,2020-06-25,0.57133
6,2020-06-26,0.588334
6,2020-06-29,0.597278
6,2020-06-30,0.588688
6,2020-07-01,0.588254
6,2020-07-02,0.59128
6,2020-07-03,0.584228
6,2020-07-06,0.625578
6,2020-07-07,0.596657
6,2020-07-08,0.577437
6,2020-07-09,0.56109
6,2020-07-10,0.588814
6,2020-07-13,0.661083
6,2020-07-14,0.574761
6,2020-07-16,0.601443
6,2020-07-17,0.625703
6,2020-07-20,0.621368
6,2020-07-21,0.602388
6,2020-07-22,0.57837
6,2020-07-23,0.586022
6,2020-07-24,0.593334
6,2020-07-27,0.611488
6,2020-07-28,0.550728
6,2020-07-29,0.599166
6,2020-07-30,0.625297
6,2020-08-04,0.670225
6,2020-08-05,0.622921
6,2020-08-06,0.674196
6,2020-08-07,0.636261
6,2020-08-10,0.604642
6,2020-08-11,0.590704
6,2020-08-12,0.583422
6,2020-08-13,0.560808
6,2020-08-14,0.522879
6,2020-08-17,0.539389
6,2020-08-18,0.548178
6,2020-08-19,0.555729
6,2020-08-20,0.571179
6,2020-08-21,0.508109
6,2020-08-24,0.581112
6,2020-08-25,0.512359
6,2020-08-26,0.549611
6,2020-08-27,0.555462
6,2020-08-28,0.52261
6,2020-08-31,0.539457
6,2020-09-01,0.553932
6,2020-09-02,0.604184
6,2020-09-03,0.549068
6,2020-09-04,0.538763
6,2020-09-07,0.577505
6,2020-09-08,0.61117
6,2020-09-09,0.62932
6,2020-09-10,0.50426
6,2020-09-11,0.529918
6,2020-09-14,0.518259
6,2020-09-15,0.519469
6,2020-09-16,0.530704
6,2020-09-17,0.532311
6,2020-09-18,0.549128
6,2020-09-21,0.558583
6,2020-09-22,0.558546
6,2020-09-23,0.550722
6,2020-09-24,0.518073
6,2020-09-25,0.527682
6,2020-09-28,0.57098
6,2020-09-29,0.583834
6,2020-09-30,0.594781
6,2020-10-01,0.507321
6,2020-10-02,0.529406
6,2020-10-05,0.600101
6,2020-10-06,0.592912
6,2020-10-07,0.600481
6,2020-10-08,0.614959
6,2020-10-09,0.60292
6,2020-10-12,0.640425
6,2020-10-13,0.578424
6,2020-10-14,0.531093
6,2020-10-15,0.587788
6,2020-10-16,0.596585
6,2020-10-19,0.653738
6,2020-10-20,0.654578
6,2020-10-21,0.539817
6,2020-10-22,0.537496
6,2020-10-23,0.517551
6,2020-10-26,0.568343
6,2020-10-27,0.600466
6,2020-10-28,0.577299
6,2020-10-30,0.59926
6,2020-11-02,0.564485
6,2020-11-03,0.543996
6,2020-11-04,0.546635
6,2020-11-05,0.53423
6,2020-11-06,0.522035
6,2020-11-09,0.529716
6,2020-11-10,0.530518
6,2020-11-11,0.538883
6,2020-11-12,0.507313
6,2020-11-13,0.565278
6,2020-11-16,0.542152
6,2020-11-17,0.511527
6,2020-11-18,0.564635
6,2020-11-19,0.553556
6,2020-11-20,0.549945
6,2020-11-23,0.535113
6,2020-11-24,0.55759
6,2020-11-25,0.531411
6,2020-11-26,0.617987
6,2020-11-27,0.551778
6,2020-11-30,0.535675
6,2020-12-01,0.559354
6,2020-12-02,0.545214
6,2020-12-03,0.568547
6,2020-12-04,0.537182
6,2020-12-07,0.517412
6,2020-12-08,0.521093
6,2020-12-09,0.553964
6,2020-12-10,0.531478
6,2020-12-11,0.558966
6,2020-12-14,0.557771
6,2020-12-15,0.539128
6,2020-12-16,0.526994
6,2020-12-17,0.558908
6,2020-12-18,0.569097
6,2020-12-21,0.566714
6,2020-12-22,0.551037
6,2020-12-23,0.583495
6,2020-12-24,0.548923
6,2020-12-25,0.520744
6,2020-12-28,0.539255
6,2020-12-29,0.539681
6,2020-12-30,0.559821
6,2020-12-31,0.565211
6,2021-01-04,0.546832
6,2021-01-05,0.527961
6,2021-01-06,0.554188
6,2021-01-07,0.550239
6,2021-01-08,0.586989
6,2021-01-11,0.528596
6,2021-01-12,0.544524
6,2021-01-13,0.524706
6,2021-01-14,0.53135
6,2021-01-15,0.519668
6,2021-01-18,0.57722
6,2021-01-19,0.547504
6,2021-01-20,0.561227
6,2021-01-21,0.530056
6,2021-01-22,0.544273
6,2021-01-25,0.57966
6,2021-01-26,0.544293
6,2021-01-27,0.542584
6,2021-01-28,0.580028
6,2021-01-29,0.551796
6,2021-02-01,0.558741
6,2021-02-02,0.550803
6,2021-02-03,0.52598
6,2021-02-04,0.532941
6,2021-02-05,0.525242
6,2021-02-08,0.545431
6,2021-02-09,0.524119
6,2021-02-10,0.53248
6,2021-02-11,0.535117
6,2021-02-12,0.527473
6,2021-02-15,0.540065
6,2021-02-16,0.544397
6,2021-02-17,0.538001
6,2021-02-18,0.598049
6,2021-02-19,0.57437
6,2021-02-22,0.52223
6,2021-02-23,0.509419
6,2021-02-24,0.563537
6,2021-02-25,0.556761
6,2021-02-26,0.567341
6,2021-03-01,0.56721
6,2021-03-02,0.526612
6,2021-03-03,0.521981
6,2021-03-04,0.538071
6,2021-03-05,0.530887
6,2021-03-08,0.548284
6,2021-03-09,0.548513
6,2021-03-10,0.591326
6,2021-03-11,0.529806
6,2021-03-12,0.53296
6,2021-03-15,0.543779
6,2021-03-16,0.548398
6,2021-03-17,0.529674
6,2021-03-18,0.517637
6,2021-03-19,0.545028
6,2021-03-22,0.643545
6,2021-03-23,0.657299
6,2021-03-24,0.62263
6,2021-03-25,0.642316
6,2021-03-26,0.650441
6,2021-03-29,0.591804
6,2021-03-30,0.557471
6,2021-03-31,0.585781
6,2021-04-01,0.592669
6,2021-04-02,0.516076
6,2021-04-05,0.553632
6,2021-04-06,0.563018
6,2021-04-07,0.520907
6,2021-04-08,0.562442
6,2021-04-09,0.560165
6,2021-04-12,0.570699
6,2021-04-13,0.585643
6,2021-04-14,0.53965
6,2021-04-15,0.527997
6,2021-04-16,0.542541
6,2021-04-19,0.572886
6,2021-04-20,0.547724
6,2021-04-21,0.601952
6,2021-04-22,0.56541
6,2021-04-26,0.577559
6,2021-04-27,0.565025
6,2021-04-28,0.540495
6,2021-04-29,0.559614
6,2021-04-30,0.552916
6,2021-05-03,0.582104
6,2021-05-04,0.553485
6,2021-05-05,0.525582
6,2021-05-06,0.522502
6,2021-05-07,0.539093
6,2021-05-10,0.563664
6,2021-05-11,0.542798
6,2021-05-12,0.562164
6,2021-05-17,0.538467
6,2021-05-18,0.532067
6,2021-05-20,0.524597
6,2021-05-21,0.538487
6,2021-05-24,0.518424
6,2021-05-25,0.547419
6,2021-05-26,0.539408
6,2021-05-27,0.523314
6,2021-05-28,0.533735
6,2021-05-31,0.54136
6,2021-06-01,0.534458
6,2021-06-02,0.529697
6,2021-06-03,0.521676
6,2021-06-04,0.533776
6,2021-06-07,0.524649
6,2021-06-08,0.514173
6,2021-06-09,0.507091
6,2021-06-10,0.535527
6,2021-06-11,0.510846
6,2021-06-14,0.500352
6,2021-06-15,0.520677
6,2021-06-16,0.523718
6,2021-06-17,0.538656
6,2021-06-18,0.557886
6,2021-06-21,0.550713
6,2021-06-22,0.522753
6,2021-06-23,0.521249
6,2021-06-24,0.532087
6,2021-06-25,0.528383
6,2021-06-28,0.544566
6,2021-06-29,0.537173
6,2021-06-30,0.572138
6,2021-07-01,0.529089
6,2021-07-02,0.530275
6,2021-07-05,0.532892
6,2021-07-06,0.505019
6,2021-07-07,0.509483
6,2021-07-08,0.498903
6,2021-07-09,0.513712
6,2021-07-12,0.544054
6,2021-07-13,0.562295
6,2021-07-14,0.53434
6,2021-07-16,0.524381
6,2021-07-19,0.535693
6,2021-07-26,0.535929
6,2021-07-27,0.505914
6,2021-07-28,0.511206
6,2021-07-29,0.51011
6,2021-07-30,0.522852
6,2021-08-02,0.509255
6,2021-08-03,0.517889
6,2021-08-04,0.509691
6,2021-08-05,0.513818
6,2021-08-06,0.51048
6,2021-08-09,0.520988
6,2021-08-10,0.51827
6,2021-08-11,0.517463
6,2021-08-12,0.533403
6,2021-08-13,0.526918
6,2021-08-16,0.533186
6,2021-08-17,0.525048
6,2021-08-18,0.522136
6,2021-08-19,0.516753
6,2021-08-20,0.518008
6,2021-08-23,0.532522
6,2021-08-24,0.516149
6,2021-08-25,0.514304
6,2021-08-26,0.507025
6,2021-08-27,0.524612
6,2021-08-31,0.525435
6,2021-09-01,0.52436
6,2021-09-02,0.531293
6,2021-09-03,0.50143
6,2021-09-06,0.515077
6,2021-09-07,0.497931
6,2021-09-08,0.497607
6,2021-09-09,0.516881
6,2021-09-10,0.494422
6,2021-09-13,0.50878
6,2021-09-14,0.511417
6,2021-09-15,0.510618
6,2021-09-16,0.528486
6,2021-09-17,0.531398
6,2021-09-20,0.549859
6,2021-09-21,0.554158
6,2021-09-22,0.53788
6,2021-09-23,0.530247
6,2021-09-24,0.544882
6,2021-09-27,0.530341
6,2021-09-28,0.544201
6,2021-09-29,0.518059
6,2021-09-30,0.517673
6,2021-10-01,0.521125
6,2021-10-04,0.519913
6,2021-10-05,0.516954
6,2021-10-06,0.550417
6,2021-10-07,0.5433
6,2021-10-08,0.544084
6,2021-10-11,0.535874
6,2021-10-12,0.529892
6,2021-10-13,0.533577
6,2021-10-14,0.53951
6,2021-10-15,0.524194
6,2021-10-18,0.550901
6,2021-10-19,0.538445
6,2021-10-20,0.540246
6,2021-10-21,0.529866
6,2021-10-22,0.55723
6,2021-10-25,0.573764
6,2021-10-26,0.544627
6,2021-10-27,0.547951
6,2021-10-28,0.553159
6,2021-11-01,0.576139
6,2021-11-02,0.534231
6,2021-11-03,0.530647
6,2021-11-04,0.583381
6,2021-11-05,0.535935
6,2021-11-08,0.589928
6,2021-11-09,0.566507
6,2021-11-10,0.549794
6,2021-11-11,0.551848
6,2021-11-12,0.566822
6,2021-11-15,0.630114
6,2021-11-16,0.534242
6,2021-11-17,0.582854
6,2021-11-18,0.566768
6,2021-11-19,0.572208
6,2021-11-22,0.566979
6,2021-11-23,0.535093
6,2021-11-24,0.574676
6,2021-11-25,0.546917
6,2021-11-26,0.536243
6,2021-11-29,0.590508
6,2021-11-30,0.544292
6,2021-12-01,0.567591
6,2021-12-02,0.56366
6,2021-12-03,0.553341
6,2021-12-06,0.589913
6,2021-12-07,0.557643
6,2021-12-08,0.551432
6,2021-12-09,0.548765
6,2021-12-10,0.547119
6,2021-12-13,0.552135
6,2021-12-14,0.543982
6,2021-12-15,0.543831
6,2021-12-16,0.573702
6,2021-12-17,0.496507
6,2021-12-20,0.536325
6,2021-12-21,0.56118
6,2021-12-22,0.585472
6,2021-12-23,0.613789
6,2021-12-24,0.585059
6,2021-12-27,0.543968
6,2021-12-28,0.574501
6,2021-12-29,0.548573
6,2021-12-30,0.558979
6,2021-12-31,0.526292
6,2022-01-03,0.524338
6,2022-01-04,0.517508
6,2022-01-05,0.52867
6,2022-01-06,0.519795
6,2022-01-07,0.541431
6,2022-01-10,0.526471
6,2022-01-11,0.517176
6,2022-01-12,0.523037
6,2022-01-13,0.537499
6,2022-01-14,0.561215
6,2022-01-17,0.552448
6,2022-01-18,0.486249
6,2022-01-19,0.554051
6,2022-01-20,0.51084
6,2022-01-21,0.519254
6,2022-01-24,0.53218
6,2022-01-25,0.528894
6,2022-01-26,0.5467
6,2022-01-27,0.573344
6,2022-01-28,0.520146
6,2022-01-31,0.532139
6,2022-02-01,0.528998
6,2022-02-02,0.500645
6,2022-02-03,0.51914
6,2022-02-04,0.527156
6,2022-02-07,0.532552
6,2022-02-08,0.521835
6,2022-02-09,0.53849
6,2022-02-10,0.539097
6,2022-02-11,0.535853
6,2022-02-14,0.53025
6,2022-02-15,0.562019
6,2022-02-16,0.549836
6,2022-02-17,0.521645
6,2022-02-18,0.559494
6,2022-02-21,0.528199
6,2022-02-22,0.545172
6,2022-02-23,0.52546
6,2022-02-24,0.637423
6,2022-02-25,0.579249
6,2022-02-28,0.568879
6,2022-03-01,0.57388
6,2022-03-02,0.569107
6,2022-03-03,0.525322
6,2022-03-04,0.530076
6,2022-03-07,0.536117
6,2022-03-08,0.529687
6,2022-03-09,0.560294
6,2022-03-10,0.522405
6,2022-03-11,0.537834
6,2022-03-14,0.548463
6,2022-03-15,0.541719
6,2022-03-16,0.532425
6,2022-03-17,0.557703
6,2022-03-18,0.549216
6,2022-03-21,0.56664
6,2022-03-22,0.561712
6,2022-03-23,0.575354
6,2022-03-24,0.550208
6,2022-03-25,0.567586
6,2022-03-28,0.554512
6,2022-03-29,0.543769
6,2022-03-30,0.557784
6,2022-03-31,0.562561
6,2022-04-01,0.559431
6,2022-04-04,0.566991
6,2022-04-05,0.559364
6,2022-04-06,0.563619
6,2022-04-07,0.594492
6,2022-04-08,0.578331
6,2022-04-11,0.562875
6,2022-04-12,0.551542
6,2022-04-13,0.542334
6,2022-04-14,0.556922
6,2022-04-15,0.565716
6,2022-04-18,0.545962
6,2022-04-19,0.530175
6,2022-04-20,0.546908
6,2022-04-21,0.550313
6,2022-04-22,0.517128
6,2022-04-25,0.529894
6,2022-04-26,0.523745
6,2022-04-27,0.530368
6,2022-04-28,0.557356
6,2022-04-29,0.527301
6,2022-05-05,0.53386
6,2022-05-06,0.532051
6,2022-05-09,0.553467
6,2022-05-10,0.543761
6,2022-05-11,0.523274
6,2022-05-12,0.547627
6,2022-05-13,0.574638
6,2022-05-16,0.533165
6,2022-05-17,0.525809
6,2022-05-18,0.538515
6,2022-05-20,0.551665
6,2022-05-23,0.56056
6,2022-05-24,0.541449
6,2022-05-25,0.549058
6,2022-05-26,0.558342
6,2022-05-27,0.526501
6,2022-05-30,0.574687
6,2022-05-31,0.560283
6,2022-06-01,0.575223
6,2022-06-02,0.566162
6,2022-06-03,0.588071
6,2022-06-06,0.557102
6,2022-06-07,0.581791
6,2022-06-08,0.510783
6,2022-06-09,0.58414
6,2022-06-10,0.581582
6,2022-06-13,0.542841
6,2022-06-14,0.554995
6,2022-06-15,0.580434
6,2022-06-16,0.555799
6,2022-06-17,0.575869
6,2022-06-20,0.558382
6,2022-06-21,0.55485
6,2022-06-22,0.560186
6,2022-06-23,0.556749
6,2022-06-24,0.529273
6,2022-06-27,0.558127
6,2022-06-28,0.532595
6,2022-06-29,0.569166
6,2022-06-30,0.551482
6,2022-07-01,0.591897
6,2022-07-04,0.581483
6,2022-07-05,0.569611
6,2022-07-06,0.53729
6,2022-07-07,0.544477
6,2022-07-08,0.572608
6,2022-07-13,0.566871
6,2022-07-14,0.531525
6,2022-07-18,0.566586
6,2022-07-19,0.558966
6,2022-07-20,0.533019
6,2022-07-21,0.538167
6,2022-07-22,0.526895
6,2022-07-25,0.580265
6,2022-07-26,0.533189
6,2022-07-27,0.567316
6,2022-07-28,0.550054
6,2022-07-29,0.563551
6,2022-08-01,0.606302
6,2022-08-02,0.556283
6,2022-08-03,0.60629
6,2022-08-04,0.588276
6,2022-08-05,0.557899
6,2022-08-08,0.570663
6,2022-08-09,0.5472
6,2022-08-10,0.600666
6,2022-08-11,0.594776
6,2022-08-12,0.582925
6,2022-08-15,0.61668
6,2022-08-16,0.585426
6,2022-08-17,0.598028
6,2022-08-18,0.573076
6,2022-08-19,0.559204
6,2022-08-22,0.5848
6,2022-08-23,0.597784
6,2022-08-24,0.526883
6,2022-08-25,0.582901
6,2022-08-26,0.586051
6,2022-08-29,0.555332
6,2022-08-31,0.596115
6,2022-09-01,0.570093
6,2022-09-02,0.627152
6,2022-09-05,0.643928
6,2022-09-06,0.650381
6,2022-09-07,0.5531
6,2022-09-08,0.609579
6,2022-09-09,0.648496
6,2022-09-12,0.650637
6,2022-09-13,0.510304
6,2022-09-14,0.588207
6,2022-09-15,0.542874
6,2022-09-16,0.564113
6,2022-09-19,0.515616
6,2022-09-20,0.559461
6,2022-09-21,0.566638
6,2022-09-22,0.532777
6,2022-09-23,0.58731
6,2022-09-26,0.540765
6,2022-09-27,0.548533
6,2022-09-28,0.52739
6,2022-09-29,0.566084
6,2022-09-30,0.557473
6,2022-10-03,0.615418
6,2022-10-04,0.581711
6,2022-10-05,0.557646
6,2022-10-06,0.563081
6,2022-10-07,0.556606
6,2022-10-10,0.591347
6,2022-10-11,0.580386
6,2022-10-12,0.556388
6,2022-10-13,0.564014
6,2022-10-14,0.616461
6,2022-10-17,0.626349
6,2022-10-18,0.544496
6,2022-10-19,0.595958
6,2022-10-20,0.588498
6,2022-10-21,0.573459
6,2022-10-24,0.555372
6,2022-10-25,0.579759
6,2022-10-26,0.60192
6,2022-10-27,0.556671
6,2022-10-28,0.585042
6,2022-10-31,0.63729
6,2022-11-01,0.601307
6,2022-11-02,0.557602
6,2022-11-03,0.56948
6,2022-11-04,0.574379
6,2022-11-07,0.595756
6,2022-11-08,0.616406
6,2022-11-09,0.629347
6,2022-11-10,0.57128
6,2022-11-11,0.628653
6,2022-11-14,0.681811
6,2022-11-15,0.640457
6,2022-11-16,0.608052
6,2022-11-17,0.517509
6,2022-11-18,0.58925
6,2022-11-21,0.618726
6,2022-11-22,0.642039
6,2022-11-23,0.612889
6,2022-11-24,0.561224
6,2022-11-25,0.599562
6,2022-11-28,0.56014
6,2022-11-29,0.581826
6,2022-11-30,0.592617
6,2022-12-01,0.614278
6,2022-12-02,0.548028
6,2022-12-05,0.594685
6,2022-12-06,0.603301
6,2022-12-07,0.526133
6,2022-12-08,0.574122
6,2022-12-09,0.6173
6,2022-12-12,0.602557
6,2022-12-13,0.600065
6,2022-12-14,0.543574
6,2022-12-15,0.607904
6,2022-12-16,0.605572
6,2022-12-19,0.606314
6,2022-12-20,0.582773
6,2022-12-21,0.573743
6,2022-12-22,0.559102
6,2022-12-23,0.576954
6,2022-12-26,0.571103
6,2022-12-27,0.533908
6,2022-12-28,0.517155
6,2022-12-29,0.601565
6,2022-12-30,0.545206
6,2023-01-02,0.609253
6,2023-01-03,0.533837
6,2023-01-04,0.521762
6,2023-01-05,0.562277
6,2023-01-06,0.564457
6,2023-01-09,0.594336
6,2023-01-10,0.59998
6,2023-01-11,0.647235
6,2023-01-12,0.594351
6,2023-01-13,0.587769
6,2023-01-16,0.591105
6,2023-01-17,0.534427
6,2023-01-18,0.507972
6,2023-01-19,0.523489
6,2023-01-20,0.527019
6,2023-01-23,0.532465
6,2023-01-24,0.518686
6,2023-01-25,0.515778
6,2023-01-26,0.512117
6,2023-01-27,0.535189
6,2023-01-30,0.528898
6,2023-01-31,0.546438
6,2023-02-01,0.618877
6,2023-02-02,0.602948
6,2023-02-03,0.560529
6,2023-02-06,0.580258
6,2023-02-07,0.651733
6,2023-02-08,0.523422
6,2023-02-15,0.659323
6,2023-02-16,0.573338
6,2023-02-17,0.563384
6,2023-02-20,0.625476
6,2023-02-21,0.654069
6,2023-02-22,0.499312
6,2023-02-23,0.533718
6,2023-02-24,0.524244
6,2023-02-27,0.556431
6,2023-02-28,0.514421
6,2023-03-01,0.563338
6,2023-03-02,0.503133
6,2023-03-03,0.518623
6,2023-03-06,0.53057
6,2023-03-07,0.529498
6,2023-03-08,0.534918
6,2023-03-09,0.569555
6,2023-03-10,0.517762
6,2023-03-13,0.554912
6,2023-03-14,0.495937
6,2023-03-15,0.534875
6,2023-03-16,0.520124
6,2023-03-17,0.516369
6,2023-03-20,0.581801
6,2023-03-21,0.569456
6,2023-03-22,0.524726
6,2023-03-23,0.516945
6,2023-03-24,0.510951
6,2023-03-27,0.515583
6,2023-03-28,0.581417
6,2023-03-29,0.54255
6,2023-03-30,0.542147
6,2023-03-31,0.550739
6,2023-04-03,0.555905
6,2023-04-04,0.544468
6,2023-04-05,0.516475
6,2023-04-06,0.516287
6,2023-04-07,0.53771
6,2023-04-10,0.543228
6,2023-04-11,0.509718
6,2023-04-12,0.506841
6,2023-04-13,0.50957
6,2023-04-14,0.520685
6,2023-04-17,0.504558
6,2023-04-18,0.511534
6,2023-04-19,0.543806
6,2023-04-20,0.534911
6,2023-04-24,0.53046
6,2023-04-25,0.528315
6,2023-04-26,0.571704
6,2023-04-27,0.537914
6,2023-04-28,0.610598
6,2023-05-02,0.634495
6,2023-05-03,0.65128
6,2023-05-04,0.625962
6,2023-05-05,0.620979
6,2023-05-08,0.580589
6,2023-05-09,0.577006
6,2023-05-10,0.561276
6,2023-05-11,0.588378
6,2023-05-12,0.531807
6,2023-05-15,0.571779
6,2023-05-16,0.560627
6,2023-05-17,0.538059
6,2023-05-18,0.563398
6,2023-05-22,0.563444
6,2023-05-23,0.524062
6,2023-05-24,0.524688
6,2023-05-25,0.549278
6,2023-05-26,0.532295
6,2023-05-29,0.551767
6,2023-05-30,0.529873
6,2023-05-31,0.516309
6,2023-06-01,0.521912
6,2023-06-02,0.55552
6,2023-06-05,0.566411
6,2023-06-06,0.512721
6,2023-06-07,0.522
6,2023-06-08,0.525847
6,2023-06-09,0.552826
6,2023-06-12,0.547608
6,2023-06-13,0.514252
6,2023-06-14,0.534537
6,2023-06-15,0.555009
6,2023-06-16,0.525996
6,2023-06-19,0.494372
6,2023-06-20,0.499781
6,2023-06-21,0.497122
6,2023-06-22,0.527453
6,2023-06-23,0.525184
6,2023-06-26,0.532701
6,2023-06-27,0.547426
6,2023-07-03,0.564057
6,2023-07-04,0.546896
6,2023-07-05,0.532829
6,2023-07-06,0.532759
6,2023-07-07,0.539005
6,2023-07-10,0.543546
6,2023-07-11,0.531841
6,2023-07-12,0.532365
6,2023-07-13,0.543099
6,2023-07-14,0.532548
6,2023-07-17,0.589877
6,2023-07-18,0.544503
6,2023-07-19,0.586674
6,2023-07-20,0.570508
6,2023-07-21,0.574449
6,2023-07-24,0.62258
6,2023-07-25,0.537046
6,2023-07-26,0.571351
6,2023-07-27,0.591682
6,2023-07-28,0.605283
6,2023-07-31,0.623914
6,2023-08-01,0.538546
6,2023-08-02,0.59375
6,2023-08-03,0.614703
6,2023-08-04,0.552511
6,2023-08-07,0.5711
6,2023-08-08,0.599303
6,2023-08-09,0.604792
6,2023-08-10,0.539798
6,2023-08-11,0.591881
6,2023-08-14,0.588639
6,2023-08-15,0.575339
6,2023-08-16,0.578025
6,2023-08-17,0.596471
6,2023-08-18,0.548181
6,2023-08-21,0.624168
6,2023-08-22,0.613369
6,2023-08-23,0.572637
6,2023-08-24,0.595294
6,2023-08-25,0.587731
6,2023-08-28,0.594957
6,2023-08-29,0.608597
6,2023-08-31,0.610056
6,2023-09-01,0.617799
6,2023-09-04,0.574389
6,2023-09-05,0.608018
6,2023-09-06,0.592484
6,2023-09-07,0.613492
6,2023-09-08,0.588728
6,2023-09-11,0.633699
6,2023-09-12,0.639589
6,2023-09-13,0.575796
6,2023-09-14,0.596253
6,2023-09-15,0.611802
6,2023-09-18,0.577664
6,2023-09-19,0.635769
6,2023-09-20,0.608594
6,2023-09-21,0.623687
6,2023-09-22,0.653996
6,2023-09-25,0.652853
6,2023-09-26,0.61456
6,2023-09-27,0.618818
6,2023-09-28,0.542988
6,2023-09-29,0.559697
6,2023-10-02,0.680911
6,2023-10-03,0.572862
6,2023-10-04,0.537442
6,2023-10-05,0.582857
6,2023-10-06,0.540925
6,2023-10-09,0.556304
6,2023-10-10,0.624065
6,2023-10-11,0.536494
6,2023-10-12,0.581976
6,2023-10-13,0.526678
6,2023-10-16,0.552941
6,2023-10-17,0.592543
6,2023-10-18,0.548745
6,2023-10-19,0.567492
6,2023-10-20,0.591774
6,2023-10-23,0.595891
6,2023-10-24,0.562229
6,2023-10-25,0.643702
6,2023-10-26,0.60238
6,2023-10-27,0.555449
6,2023-10-30,0.546162
6,2023-10-31,0.583213
6,2023-11-01,0.572697
6,2023-11-02,0.536348
6,2023-11-03,0.531431
6,2023-11-06,0.533744
6,2023-11-07,0.50712
6,2023-11-08,0.517183
6,2023-11-09,0.519754
6,2023-11-10,0.521085
6,2023-11-13,0.559301
6,2023-11-14,0.537697
6,2023-11-15,0.508795
6,2023-11-16,0.525529
6,2023-11-17,0.532248
6,2023-11-20,0.524899
6,2023-11-21,0.512233
6,2023-11-22,0.490318
6,2023-11-23,0.492338
6,2023-11-24,0.520127
6,2023-11-27,0.540215
6,2023-11-28,0.50812
6,2023-11-29,0.50046
6,2023-11-30,0.509237
6,2023-12-01,0.531894
6,2023-12-04,0.555578
6,2023-12-05,0.545507
6,2023-12-06,0.543865
6,2023-12-07,0.546976
6,2023-12-08,0.531505
6,2023-12-11,0.556541
6,2023-12-12,0.556402
6,2023-12-13,0.595096
6,2023-12-14,0.543385
6,2023-12-15,0.535907
6,2023-12-18,0.556765
6,2023-12-19,0.544282
6,2023-12-20,0.557929
6,2023-12-21,0.548998
6,2023-12-22,0.562024
6,2023-12-25,0.591354
6,2023-12-26,0.611216
6,2023-12-27,0.600165
6,2023-12-28,0.580076
6,2023-12-29,0.541937
6,2024-01-02,0.556011
6,2024-01-03,0.530514
6,2024-01-04,0.518737
6,2024-01-05,0.52552
6,2024-01-08,0.536026
6,2024-01-09,0.567268
6,2024-01-10,0.535568
6,2024-01-11,0.523769
6,2024-01-12,0.524895
6,2024-01-15,0.541757
6,2024-01-16,0.522322
6,2024-01-17,0.52555
6,2024-01-18,0.524334
6,2024-01-19,0.530581
6,2024-01-22,0.537061
6,2024-01-23,0.51961
6,2024-01-24,0.527921
6,2024-01-25,0.527671
6,2024-01-26,0.524841
6,2024-01-29,0.539026
6,2024-01-30,0.527637
6,2024-01-31,0.530899
6,2024-02-01,0.533617
6,2024-02-02,0.523733
6,2024-02-05,0.554282
6,2024-02-06,0.590286
6,2024-02-07,0.532622
6,2024-02-08,0.55348
6,2024-02-09,0.543052
6,2024-02-12,0.545749
6,2024-02-13,0.522967
6,2024-02-14,0.556166
6,2024-02-15,0.547447
6,2024-02-16,0.525473
6,2024-02-19,0.529374
6,2024-02-20,0.551188
6,2024-02-21,0.536097
6,2024-02-22,0.531119
6,2024-02-23,0.543119
6,2024-02-26,0.553111
6,2024-02-27,0.570771
6,2024-02-28,0.538579
6,2024-02-29,0.570447
6,2024-03-01,0.536251
6,2024-03-04,0.573011
6,2024-03-05,0.54387
6,2024-03-06,0.566094
6,2024-03-07,0.58183
6,2024-03-08,0.516223
6,2024-03-11,0.534758
6,2024-03-12,0.528723
6,2024-03-13,0.52233
6,2024-03-14,0.538107
6,2024-03-15,0.512227
6,2024-03-18,0.546236
6,2024-03-19,0.557151
6,2024-03-20,0.518352
6,2024-03-21,0.520954
6,2024-03-22,0.5328
6,2024-03-25,0.517348
6,2024-03-26,0.554024
6,2024-03-27,0.543568
6,2024-03-28,0.563845
6,2024-03-29,0.53572
6,2024-04-01,0.5202
6,2024-04-02,0.531791
6,2024-04-03,0.522577
6,2024-04-04,0.527929
6,2024-04-05,0.571024
6,2024-04-08,0.551055
6,2024-04-09,0.512878
6,2024-04-15,0.532186
6,2024-04-16,0.533268
6,2024-04-17,0.529142
6,2024-04-18,0.525506
6,2024-04-19,0.551193
6,2024-04-22,0.524833
6,2024-04-24,0.532933
6,2024-04-25,0.516426
6,2024-04-26,0.527068
6,2024-04-29,0.534043
6,2024-04-30,0.528241
6,2024-05-02,0.545968
6,2024-05-03,0.527314
6,2024-05-06,0.519411
6,2024-05-07,0.523569
6,2024-05-08,0.525805
6,2024-05-09,0.525208
6,2024-05-10,0.520242
6,2024-05-13,0.522984
6,2024-05-14,0.554189
6,2024-05-15,0.528764
6,2024-05-16,0.541627
6,2024-05-17,0.534381
6,2024-05-20,0.536017
6,2024-05-21,0.512381
6,2024-05-22,0.557156
6,2024-05-23,0.526548
6,2024-05-24,0.526028
6,2024-05-27,0.543931
6,2024-05-28,0.535639
6,2024-05-29,0.532997
6,2024-05-30,0.535336
6,2024-05-31,0.52475
6,2024-06-03,0.547808
6,2024-06-04,0.546748
6,2024-06-05,0.554451
6,2024-06-06,0.536278
6,2024-06-07,0.55322
6,2024-06-10,0.56004
6,2024-06-11,0.555631
6,2024-06-12,0.556541
6,2024-06-13,0.531242
6,2024-06-14,0.53204
6,2024-06-20,0.543062
6,2024-06-21,0.537129
6,2024-06-24,0.550582
6,2024-06-25,0.566283
6,2024-06-26,0.526891
6,2024-06-27,0.578123
6,2024-06-28,0.566284
6,2024-07-01,0.540603
6,2024-07-02,0.555115
6,2024-07-03,0.5489
6,2024-07-04,0.54166
6,2024-07-05,0.553285
6,2024-07-08,0.53412
6,2024-07-09,0.577395
6,2024-07-10,0.55639
6,2024-07-11,0.560443
6,2024-07-12,0.56261
6,2024-07-16,0.55368
6,2024-07-17,0.549313
6,2024-07-18,0.544805
6,2024-07-19,0.542986
6,2024-07-22,0.538631
6,2024-07-23,0.534048
6,2024-07-24,0.533586
6,2024-07-25,0.513771
6,2024-07-26,0.52339
6,2024-07-29,0.529431
6,2024-07-30,0.5183
6,2024-07-31,0.529049
6,2024-08-01,0.527074
6,2024-08-02,0.540978
6,2024-08-05,0.635478
6,2024-08-06,0.63549
6,2024-08-07,0.564936
6,2024-08-08,0.551275
6,2024-08-09,0.614246
6,2024-08-12,0.619823
6,2024-08-13,0.563196
6,2024-08-14,0.589264
6,2024-08-15,0.541904
6,2024-08-16,0.552619
6,2024-08-19,0.535996
6,2024-08-20,0.521442
6,2024-08-21,0.525263
6,2024-08-22,0.529663
6,2024-08-23,0.552483
6,2024-08-26,0.59181
6,2024-08-27,0.534558
6,2024-08-28,0.539161
6,2024-08-29,0.524379
6,2024-09-02,0.53613
6,2024-09-03,0.532906
6,2024-09-04,0.523948
6,2024-09-05,0.537515
6,2024-09-06,0.530179
6,2024-09-09,0.536804
6,2024-09-10,0.560525
6,2024-09-11,0.583238
6,2024-09-12,0.553197
6,2024-09-13,0.541809
6,2024-09-16,0.524183
6,2024-09-17,0.514485
6,2024-09-18,0.523551
6,2024-09-19,0.541459
6,2024-09-20,0.536139
6,2024-09-23,0.52402
6,2024-09-24,0.527548
6,2024-09-25,0.520677
6,2024-09-26,0.52364
6,2024-09-27,0.526416
6,2024-09-30,0.521525
6,2024-10-01,0.559055
6,2024-10-02,0.615839
6,2024-10-03,0.603113
6,2024-10-04,0.572494
6,2024-10-07,0.590378
6,2024-10-08,0.567669
6,2024-10-09,0.56607
6,2024-10-10,0.579085
6,2024-10-11,0.568498
6,2024-10-14,0.611978
6,2024-10-15,0.555283
6,2024-10-16,0.538426
6,2024-10-17,0.523133
6,2024-10-18,0.550985
6,2024-10-21,0.566858
6,2024-10-22,0.536892
6,2024-10-23,0.56172
6,2024-10-24,0.52188
6,2024-10-25,0.526116
6,2024-10-28,0.553808
6,2024-10-30,0.517444
6,2024-10-31,0.51286
6,2024-11-01,0.506066
6,2024-11-04,0.540413
6,2024-11-05,0.552156
6,2024-11-06,0.544598
6,2024-11-07,0.515548
6,2024-11-08,0.537311
6,2024-11-11,0.513514
6,2024-11-12,0.531133
6,2024-11-13,0.516891
6,2024-11-14,0.539637
6,2024-11-15,0.530721
6,2024-11-18,0.533703
6,2024-11-19,0.52276
6,2024-11-20,0.516402
6,2024-11-21,0.533418
6,2024-11-22,0.554255
6,2024-11-25,0.526971
6,2024-11-26,0.520472
6,2024-11-27,0.513184
6,2024-11-28,0.513842
6,2024-11-29,0.527764
6,2024-12-02,0.53194
6,2024-12-03,0.548222
6,2024-12-04,0.521648
6,2024-12-05,0.529313
6,2024-12-06,0.532285
6,2024-12-09,0.558589
6,2024-12-10,0.513686
6,2024-12-11,0.518169
6,2024-12-12,0.545052
6,2024-12-13,0.537871
6,2024-12-16,0.520509
6,2024-12-17,0.516213
6,2024-12-18,0.50502
6,2024-12-19,0.507658
6,2024-12-20,0.533498
6,2024-12-23,0.538786
6,2024-12-24,0.527419
6,2024-12-25,0.52479
6,2024-12-26,0.529931
6,2024-12-27,0.523946
6,2024-12-30,0.521997
6,2024-12-31,0.525227
6,2025-01-02,0.533948
6,2025-01-03,0.535147
6,2025-01-06,0.534424
6,2025-01-07,0.512596
6,2025-01-08,0.513034
6,2025-01-09,0.535174
6,2025-01-10,0.531551
6,2025-01-13,0.53831
6,2025-01-14,0.551832
6,2025-01-15,0.543456
6,2025-01-16,0.565463
6,2025-01-17,0.562785
6,2025-01-20,0.548569
6,2025-01-21,0.525266
6,2025-01-22,0.568584
6,2025-01-23,0.571764
6,2025-01-24,0.517035
6,2025-01-27,0.527846
6,2025-01-28,0.519845
6,2025-01-29,0.51322
6,2025-01-30,0.524266
6,2025-01-31,0.521791
6,2025-02-03,0.537414
6,2025-02-04,0.548821
6,2025-02-05,0.584115
6,2025-02-06,0.535801
6,2025-02-07,0.533405
6,2025-02-10,0.517709
6,2025-02-11,0.51421
6,2025-02-12,0.554312
6,2025-02-13,0.513707
6,2025-02-14,0.516989
6,2025-02-17,0.556172
6,2025-02-18,0.552123
6,2025-02-19,0.550944
6,2025-02-20,0.546693
6,2025-02-21,0.555529
6,2025-02-24,0.555478
6,2025-02-25,0.590632
6,2025-02-26,0.544955
6,2025-02-27,0.539119
6,2025-02-28,0.570122
6,2025-03-03,0.526847
6,2025-03-04,0.54315
6,2025-03-05,0.544602
6,2025-03-06,0.578454
6,2025-03-07,0.558461
6,2025-03-10,0.557613
6,2025-03-11,0.543657
6,2025-03-12,0.548578
6,2025-03-13,0.565108
6,2025-03-14,0.570948
6,2025-03-17,0.567263
6,2025-03-18,0.541337
6,2025-03-19,0.594846
6,2025-03-20,0.596971
6,2025-03-21,0.659909
6,2025-03-24,0.641463
6,2025-03-25,0.599891
6,2025-03-26,0.598193
6,2025-03-27,0.569036
6,2025-03-28,0.560702
6,2025-04-02,0.571138
6,2025-04-03,0.560537
6,2025-04-04,0.568651
6,2025-04-07,0.593829
6,2025-04-08,0.533344
6,2025-04-09,0.57481
6,2025-04-10,0.603016
6,2025-04-11,0.586958
6,2025-04-14,0.587459
6,2025-04-15,0.561916
6,2025-04-16,0.555139
6,2025-04-17,0.572059
6,2025-04-18,0.560402
6,2025-04-21,0.563797
6,2025-04-22,0.568219
6,2025-04-24,0.558027
6,2025-04-25,0.549654
6,2025-04-28,0.557029
6,2025-04-29,0.56739
6,2025-04-30,0.5793
6,2025-05-02,0.605868
6,2025-05-05,0.587727
6,2025-05-06,0.598011
6,2025-05-07,0.572452
6,2025-05-08,0.568209
6,2025-05-09,0.544344
6,2025-05-12,0.542343
6,2025-05-13,0.529191
6,2025-05-14,0.526435
6,2025-05-15,0.499081
6,2025-05-16,0.530742
6,2025-05-20,0.510982
6,2025-05-21,0.561432
6,2025-05-22,0.542515
6,2025-05-23,0.527714
6,2025-05-26,0.519507
6,2025-05-27,0.527283
6,2025-05-28,0.527537
6,2025-05-29,0.541679
6,2025-05-30,0.542171
6,2025-06-02,0.565123
6,2025-06-03,0.539269
6,2025-06-04,0.53605
6,2025-06-05,0.546552
6,2025-06-10,0.53399
6,2025-06-11,0.526995
6,2025-06-12,0.54553
6,2025-06-13,0.533896
6,2025-06-16,0.532925
6,2025-06-17,0.540021
6,2025-06-18,0.585445
6,2025-06-19,0.565565
6,2025-06-20,0.52552
6,2025-06-23,0.54893
6,2025-06-24,0.560608
6,2025-06-25,0.533061
6,2025-06-26,0.516211
6,2025-06-27,0.529187
6,2025-06-30,0.579336
6,2025-07-01,0.57656
6,2025-07-02,0.571015
6,2025-07-03,0.555615
6,2025-07-04,0.548997
6,2025-07-07,0.548063
6,2025-07-08,0.546761
6,2025-07-09,0.574238
6,2025-07-10,0.574282
6,2025-07-11,0.563862
6,2025-07-14,0.568856
6,2025-07-16,0.55344
6,2025-07-17,0.574311
6,2025-07-18,0.583281
6,2025-07-21,0.603153
6,2025-07-22,0.610524
6,2025-07-23,0.532717
6,2025-07-24,0.554428
6,2025-07-25,0.566581
6,2025-07-28,0.55781
6,2025-07-29,0.571319
6,2025-07-30,0.538789
6,2025-07-31,0.58572
6,2025-08-01,0.539174
6,2025-08-04,0.568775
6,2025-08-05,0.566963
6,2025-08-06,0.570734
6,2025-08-07,0.575399
6,2025-08-08,0.535521
6,2025-08-11,0.610783
6,2025-08-12,0.578663
6,2025-08-13,0.577085
6,2025-08-14,0.594671
6,2025-08-15,0.577957
6,2025-08-18,0.56347
6,2025-08-19,0.549598
6,2025-08-20,0.554735
6,2025-08-21,0.57939
6,2025-08-22,0.559682
6,2025-08-25,0.59967
6,2025-08-26,0.547011
6,2025-08-27,0.519927
6,2025-08-28,0.556695
6,2025-08-29,0.526282
6,2025-09-01,0.568262
6,2025-09-02,0.545563
6,2025-09-03,0.564415
6,2025-09-04,0.584261
6,2025-09-05,0.559189
6,2025-09-08,0.583075
6,2025-09-09,0.599994
6,2025-09-10,0.558763
6,2025-09-11,0.564375
6,2025-09-12,0.570175
6,2025-09-15,0.582922
6,2025-09-16,0.565582
6,2025-09-17,0.515842
6,2025-09-18,0.536199
6,2025-09-19,0.538711
6,2025-09-22,0.562752
6,2025-09-23,0.538482
6,2025-09-24,0.551457
6,2025-09-25,0.538137
6,2025-09-26,0.54993
6,2025-09-29,0.541197
6,2025-09-30,0.535856
6,2025-10-01,0.533682
6,2025-10-02,0.53239
6,2025-10-03,0.565032
6,2025-10-06,0.578895
6,2025-10-07,0.548077
6,2025-10-08,0.561693
6,2025-10-09,0.586952
6,2025-10-10,0.58105
6,2025-10-13,0.561517
6,2025-10-14,0.60008
6,2025-10-15,0.607513
6,2025-10-16,0.593166
6,2025-10-17,0.586395
6,2025-10-20,0.566282
6,2025-10-21,0.547965
6,2025-10-22,0.549293
6,2025-10-23,0.532975
6,2025-10-24,0.540576
6,2025-10-27,0.549687
6,2025-10-28,0.55265
6,2025-10-30,0.531036
6,2025-10-31,0.552708
6,2025-11-03,0.564172
6,2025-11-04,0.562207
6,2025-11-05,0.574339
6,2025-11-06,0.583226
6,2025-11-07,0.549994
6,2025-11-10,0.598104
6,2025-11-11,0.556729
6,2025-11-12,0.546145
6,2025-11-13,0.552536
6,2025-11-14,0.548299
6,2025-11-17,0.533653
6,2025-11-18,0.540478
6,2025-11-19,0.544699
6,2025-11-20,0.52332
6,2025-11-21,0.564575
6,2025-11-24,0.561068
6,2025-11-25,0.553419
6,2025-11-26,0.542498
6,2025-11-27,0.543264
6,2025-11-28,0.572106
6,2025-12-01,0.573711
6,2025-12-02,0.56247
6,2025-12-03,0.548712
6,2025-12-04,0.530549
6,2025-12-05,0.526515
6,2025-12-08,0.554676
6,2025-12-09,0.568278
6,2025-12-10,0.535354
6,2025-12-11,0.538198
6,2025-12-12,0.543591
6,2025-12-15,0.543408
6,2025-12-16,0.562914
6,2025-12-17,0.574167
6,2025-12-18,0.550826
6,2025-12-19,0.552903
6,2025-12-22,0.543467
6,2025-12-23,0.566889
6,2025-12-24,0.548114
6,2025-12-25,0.547161
6,2025-12-26,0.556603
6,2025-12-29,0.546894
6,2025-12-30,0.527695
6,2025-12-31,0.550471
6,2026-01-02,0.56408
6,2026-01-05,0.552232
6,2026-01-06,0.539404
6,2026-01-07,0.527956
6,2026-01-08,0.558306
6,2026-01-09,0.568877
6,2026-01-12,0.568525
6,2026-01-13,0.55712
6,2026-01-14,0.558033
6,2026-01-15,0.583827
6,2026-01-16,0.571176
6,2026-01-19,0.567394
6,2026-01-20,0.56853
6,2026-01-21,0.556877
6,2026-01-22,0.594065
6,2026-01-23,0.566275
6,2026-01-26,0.579115
6,2026-01-27,0.563051
6,2026-01-28,0.5748
6,2026-01-29,0.558661
6,2026-01-30,0.555886
6,2026-02-02,0.54575
6,2026-02-03,0.562581
6,2026-02-04,0.535235
6,2026-02-05,0.54494
6,2026-02-06,0.546576
6,2026-02-09,0.572273
6,2026-02-10,0.55008
6,2026-02-11,0.56045
6,2026-02-12,0.586921
6,2026-02-13,0.576193
6,2026-02-16,0.581149
6,2026-02-17,0.553097
6,2026-02-18,0.559418
6,2026-02-19,0.555523
6,2026-02-20,0.570825
6,2026-02-23,0.60343
6,2026-02-24,0.569697
6,2026-02-25,0.555972
6,2026-02-26,0.550944
6,2026-02-27,0.536219
6,2026-03-02,0.573511
6,2026-03-03,0.612005
6,2026-03-04,0.589514
6,2026-03-05,0.603593
6,2026-03-06,0.653612
6,2026-03-09,0.618354
6,2026-03-10,0.577989
6,2026-03-11,0.584123
6,2026-03-12,0.549211
6,2026-03-13,0.546754
6,2026-03-16,0.547758
6,2026-03-17,0.568873
6,2026-03-18,0.545961
6,2026-03-19,0.533046
6,2026-03-23,0.557433
6,2026-03-24,0.54529
6,2026-03-25,0.567056
6,2026-03-26,0.558206
6,2026-03-27,0.597715
6,2026-03-30,0.596434
6,2026-03-31,0.549366
6,2026-04-01,0.554941
6,2026-04-02,0.561524
6,2026-04-03,0.570835
6,2026-04-06,0.552294
6,2026-04-07,0.562037
6,2026-04-08,0.548923
6,2026-04-09,0.573373
6,2026-04-10,0.601438
6,2026-04-13,0.579879
6,2026-04-14,0.578506
6,2026-04-15,0.603958
6,2026-04-16,0.582725
6,2026-04-17,0.588905
6,2026-04-20,0.569112
6,2026-04-21,0.566795
6,2026-04-22,0.547559
6,2026-04-24,0.605424
6,2026-04-27,0.596422
6,2026-04-28,0.566173
6,2026-04-29,0.612021
6,2026-04-30,0.587095
6,2026-05-04,0.562797
6,2026-05-05,0.596356
6,2026-05-06,0.581307
6,2026-05-07,0.605143
6,2026-05-08,0.583108
6,2026-05-11,0.575058
6,2026-05-12,0.610803
6,2026-05-13,0.597535
6,2026-05-14,0.596775
6,2026-05-15,0.561993
6,2026-05-18,0.572207
6,2026-05-20,0.630818
6,2026-05-21,0.639787
6,2026-05-22,0.627492
6,2026-05-25,0.634891
6,2026-05-26,0.569643
6,2026-06-01,0.578594
6,2026-06-02,0.607528
6,2026-06-03,0.551969
6,2026-06-04,0.562486
6,2026-06-05,0.544582
6,2026-06-08,0.543382
6,2026-06-09,0.583351
6,2026-06-10,0.598306
6,2026-06-11,0.587832
6,2026-06-12,0.555239
6,2026-06-15,0.578286
6,2026-06-16,0.57998
6,2026-06-17,0.578388
6,2026-06-18,0.575561
6,2026-06-19,0.559199
6,2026-06-22,0.611594
6,2026-06-23,0.581004
6,2026-06-24,0.578349
6,2026-06-25,0.567821
6,2026-06-26,0.571797
6,2026-06-29,0.586023
6,2026-06-30,0.588765
6,2026-07-01,0.603402
6,2026-07-02,0.600303
6,2026-07-03,0.591154
6,2026-07-06,0.564743
6,2026-07-07,0.598817
6,2026-07-08,0.606853
6,2026-07-09,0.603355
6,2026-07-10,0.588492
6,2026-07-13,0.626234
6,2026-07-14,0.602369
8,2020-06-01,0.573669
8,2020-06-02,0.536158
8,2020-06-03,0.548806
8,2020-06-04,0.54962
8,2020-06-05,0.54843
8,2020-06-08,0.550299
8,2020-06-09,0.556526
8,2020-06-10,0.559739
8,2020-06-11,0.546231
8,2020-06-12,0.550821
8,2020-06-15,0.56117
8,2020-06-16,0.545713
8,2020-06-17,0.556342
8,2020-06-18,0.559081
8,2020-06-19,0.533264
8,2020-06-22,0.566501
8,2020-06-23,0.560001
8,2020-06-24,0.561364
8,2020-06-25,0.564527
8,2020-06-26,0.58241
8,2020-06-29,0.590375
8,2020-06-30,0.582621
8,2020-07-01,0.580759
8,2020-07-02,0.588379
8,2020-07-03,0.578888
8,2020-07-06,0.619837
8,2020-07-07,0.587899
8,2020-07-08,0.570943
8,2020-07-09,0.551705
8,2020-07-10,0.583509
8,2020-07-13,0.64953
8,2020-07-14,0.572027
8,2020-07-16,0.596364
8,2020-07-17,0.614849
8,2020-07-20,0.613034
8,2020-07-21,0.585735
8,2020-07-22,0.56889
8,2020-07-23,0.579488
8,2020-07-24,0.583
8,2020-07-27,0.598859
8,2020-07-28,0.542598
8,2020-07-29,0.585391
8,2020-07-30,0.608723
8,2020-08-04,0.657985
8,2020-08-05,0.613473
8,2020-08-06,0.668509
8,2020-08-07,0.628986
8,2020-08-10,0.59683
8,2020-08-11,0.579387
8,2020-08-12,0.573807
8,2020-08-13,0.55633
8,2020-08-14,0.519741
8,2020-08-17,0.531865
8,2020-08-18,0.536703
8,2020-08-19,0.547091
8,2020-08-20,0.558049
8,2020-08-21,0.503493
8,2020-08-24,0.568604
8,2020-08-25,0.508936
8,2020-08-26,0.536555
8,2020-08-27,0.546722
8,2020-08-28,0.516938
8,2020-08-31,0.528404
8,2020-09-01,0.543134
8,2020-09-02,0.58459
8,2020-09-03,0.536923
8,2020-09-04,0.531849
8,2020-09-07,0.563725
8,2020-09-08,0.586532
8,2020-09-09,0.602885
8,2020-09-10,0.501535
8,2020-09-11,0.524861
8,2020-09-14,0.51325
8,2020-09-15,0.515437
8,2020-09-16,0.525052
8,2020-09-17,0.526372
8,2020-09-18,0.540397
8,2020-09-21,0.541971
8,2020-09-22,0.548394
8,2020-09-23,0.540094
8,2020-09-24,0.51363
8,2020-09-25,0.520998
8,2020-09-28,0.552494
8,2020-09-29,0.559432
8,2020-09-30,0.578227
8,2020-10-01,0.502133
8,2020-10-02,0.526629
8,2020-10-05,0.587221
8,2020-10-06,0.570707
8,2020-10-07,0.582379
8,2020-10-08,0.591471
8,2020-10-09,0.583835
8,2020-10-12,0.623667
8,2020-10-13,0.566773
8,2020-10-14,0.52591
8,2020-10-15,0.567533
8,2020-10-16,0.579942
8,2020-10-19,0.632307
8,2020-10-20,0.640073
8,2020-10-21,0.529461
8,2020-10-22,0.530159
8,2020-10-23,0.512278
8,2020-10-26,0.562179
8,2020-10-27,0.582551
8,2020-10-28,0.569773
8,2020-10-30,0.591942
8,2020-11-02,0.560534
8,2020-11-03,0.540816
8,2020-11-04,0.541805
8,2020-11-05,0.528845
8,2020-11-06,0.517891
8,2020-11-09,0.527312
8,2020-11-10,0.525932
8,2020-11-11,0.534912
8,2020-11-12,0.502401
8,2020-11-13,0.560103
8,2020-11-16,0.534788
8,2020-11-17,0.50431
8,2020-11-18,0.558714
8,2020-11-19,0.550657
8,2020-11-20,0.542522
8,2020-11-23,0.525795
8,2020-11-24,0.549667
8,2020-11-25,0.525235
8,2020-11-26,0.60353
8,2020-11-27,0.53815
8,2020-11-30,0.523032
8,2020-12-01,0.55104
8,2020-12-02,0.537383
8,2020-12-03,0.55688
8,2020-12-04,0.52887
8,2020-12-07,0.5127
8,2020-12-08,0.516199
8,2020-12-09,0.539565
8,2020-12-10,0.522585
8,2020-12-11,0.550796
8,2020-12-14,0.550584
8,2020-12-15,0.532248
8,2020-12-16,0.52166
8,2020-12-17,0.550939
8,2020-12-18,0.560046
8,2020-12-21,0.553378
8,2020-12-22,0.546002
8,2020-12-23,0.569282
8,2020-12-24,0.53699
8,2020-12-25,0.516227
8,2020-12-28,0.53239
8,2020-12-29,0.532497
8,2020-12-30,0.5488
8,2020-12-31,0.555957
8,2021-01-04,0.539442
8,2021-01-05,0.519686
8,2021-01-06,0.549058
8,2021-01-07,0.54485
8,2021-01-08,0.570282
8,2021-01-11,0.520545
8,2021-01-12,0.54027
8,2021-01-13,0.52032
8,2021-01-14,0.523424
8,2021-01-15,0.512692
8,2021-01-18,0.569562
8,2021-01-19,0.539962
8,2021-01-20,0.550475
8,2021-01-21,0.522835
8,2021-01-22,0.537238
8,2021-01-25,0.566789
8,2021-01-26,0.534067
8,2021-01-27,0.538147
8,2021-01-28,0.567364
8,2021-01-29,0.545444
8,2021-02-01,0.551575
8,2021-02-02,0.542836
8,2021-02-03,0.523092
8,2021-02-04,0.528062
8,2021-02-05,0.517623
8,2021-02-08,0.538476
8,2021-02-09,0.518465
8,2021-02-10,0.526383
8,2021-02-11,0.529745
8,2021-02-12,0.523415
8,2021-02-15,0.534168
8,2021-02-16,0.536766
8,2021-02-17,0.529638
8,2021-02-18,0.583222
8,2021-02-19,0.561511
8,2021-02-22,0.512948
8,2021-02-23,0.507348
8,2021-02-24,0.557007
8,2021-02-25,0.554133
8,2021-02-26,0.562961
8,2021-03-01,0.560495
8,2021-03-02,0.522298
8,2021-03-03,0.51682
8,2021-03-04,0.532431
8,2021-03-05,0.526479
8,2021-03-08,0.539214
8,2021-03-09,0.538934
8,2021-03-10,0.573272
8,2021-03-11,0.523589
8,2021-03-12,0.524529
8,2021-03-15,0.535192
8,2021-03-16,0.543401
8,2021-03-17,0.52226
8,2021-03-18,0.509699
8,2021-03-19,0.53867
8,2021-03-22,0.639749
8,2021-03-23,0.654373
8,2021-03-24,0.61931
8,2021-03-25,0.637672
8,2021-03-26,0.647437
8,2021-03-29,0.587289
8,2021-03-30,0.552188
8,2021-03-31,0.56955
8,2021-04-01,0.577046
8,2021-04-02,0.512176
8,2021-04-05,0.542286
8,2021-04-06,0.551359
8,2021-04-07,0.515454
8,2021-04-08,0.549147
8,2021-04-09,0.548641
8,2021-04-12,0.560043
8,2021-04-13,0.572394
8,2021-04-14,0.53598
8,2021-04-15,0.52584
8,2021-04-16,0.538377
8,2021-04-19,0.56611
8,2021-04-20,0.544425
8,2021-04-21,0.591697
8,2021-04-22,0.561201
8,2021-04-26,0.569235
8,2021-04-27,0.554972
8,2021-04-28,0.534169
8,2021-04-29,0.55041
8,2021-04-30,0.543206
8,2021-05-03,0.568753
8,2021-05-04,0.543976
8,2021-05-05,0.518776
8,2021-05-06,0.52045
8,2021-05-07,0.535066
8,2021-05-10,0.554923
8,2021-05-11,0.534312
8,2021-05-12,0.552448
8,2021-05-17,0.531167
8,2021-05-18,0.526963
8,2021-05-20,0.518707
8,2021-05-21,0.530039
8,2021-05-24,0.513186
8,2021-05-25,0.5387
8,2021-05-26,0.533501
8,2021-05-27,0.518148
8,2021-05-28,0.530123
8,2021-05-31,0.534394
8,2021-06-01,0.529277
8,2021-06-02,0.524159
8,2021-06-03,0.514071
8,2021-06-04,0.528787
8,2021-06-07,0.520923
8,2021-06-08,0.510566
8,2021-06-09,0.505082
8,2021-06-10,0.52738
8,2021-06-11,0.507594
8,2021-06-14,0.497098
8,2021-06-15,0.514259
8,2021-06-16,0.520991
8,2021-06-17,0.535962
8,2021-06-18,0.554224
8,2021-06-21,0.546232
8,2021-06-22,0.520372
8,2021-06-23,0.517966
8,2021-06-24,0.526719
8,2021-06-25,0.522791
8,2021-06-28,0.541931
8,2021-06-29,0.532573
8,2021-06-30,0.564992
8,2021-07-01,0.526237
8,2021-07-02,0.527605
8,2021-07-05,0.528621
8,2021-07-06,0.501399
8,2021-07-07,0.506896
8,2021-07-08,0.494258
8,2021-07-09,0.509934
8,2021-07-12,0.539946
8,2021-07-13,0.557711
8,2021-07-14,0.52908
8,2021-07-16,0.520861
8,2021-07-19,0.530801
8,2021-07-26,0.531496
8,2021-07-27,0.504727
8,2021-07-28,0.505209
8,2021-07-29,0.508601
8,2021-07-30,0.515357
8,2021-08-02,0.505856
8,2021-08-03,0.515322
8,2021-08-04,0.504995
8,2021-08-05,0.512206
8,2021-08-06,0.5068
8,2021-08-09,0.513908
8,2021-08-10,0.514373
8,2021-08-11,0.509956
8,2021-08-12,0.527646
8,2021-08-13,0.521173
8,2021-08-16,0.529305
8,2021-08-17,0.519961
8,2021-08-18,0.515861
8,2021-08-19,0.512961
8,2021-08-20,0.51418
8,2021-08-23,0.528101
8,2021-08-24,0.509883
8,2021-08-25,0.510391
8,2021-08-26,0.503631
8,2021-08-27,0.520514
8,2021-08-31,0.519469
8,2021-09-01,0.521685
8,2021-09-02,0.525562
8,2021-09-03,0.497302
8,2021-09-06,0.513214
8,2021-09-07,0.492986
8,2021-09-08,0.493759
8,2021-09-09,0.514302
8,2021-09-10,0.489867
8,2021-09-13,0.504576
8,2021-09-14,0.50616
8,2021-09-15,0.50548
8,2021-09-16,0.522738
8,2021-09-17,0.52304
8,2021-09-20,0.544849
8,2021-09-21,0.550817
8,2021-09-22,0.531218
8,2021-09-23,0.523908
8,2021-09-24,0.540905
8,2021-09-27,0.526442
8,2021-09-28,0.541333
8,2021-09-29,0.513666
8,2021-09-30,0.514797
8,2021-10-01,0.518425
8,2021-10-04,0.514676
8,2021-10-05,0.513749
8,2021-10-06,0.547405
8,2021-10-07,0.535334
8,2021-10-08,0.537662
8,2021-10-11,0.529711
8,2021-10-12,0.525919
8,2021-10-13,0.527394
8,2021-10-14,0.532186
8,2021-10-15,0.518814
8,2021-10-18,0.547046
8,2021-10-19,0.533011
8,2021-10-20,0.530563
8,2021-10-21,0.527924
8,2021-10-22,0.554897
8,2021-10-25,0.564654
8,2021-10-26,0.538052
8,2021-10-27,0.543361
8,2021-10-28,0.549546
8,2021-11-01,0.564583
8,2021-11-02,0.528154
8,2021-11-03,0.528125
8,2021-11-04,0.57453
8,2021-11-05,0.531977
8,2021-11-08,0.579438
8,2021-11-09,0.555087
8,2021-11-10,0.545271
8,2021-11-11,0.545033
8,2021-11-12,0.563126
8,2021-11-15,0.617051
8,2021-11-16,0.529939
8,2021-11-17,0.577016
8,2021-11-18,0.564113
8,2021-11-19,0.566448
8,2021-11-22,0.563866
8,2021-11-23,0.53032
8,2021-11-24,0.570719
8,2021-11-25,0.542745
8,2021-11-26,0.530522
8,2021-11-29,0.577328
8,2021-11-30,0.540223
8,2021-12-01,0.562415
8,2021-12-02,0.557957
8,2021-12-03,0.549146
8,2021-12-06,0.578847
8,2021-12-07,0.553537
8,2021-12-08,0.544881
8,2021-12-09,0.544039
8,2021-12-10,0.542906
8,2021-12-13,0.548529
8,2021-12-14,0.541716
8,2021-12-15,0.537323
8,2021-12-16,0.570465
8,2021-12-17,0.492373
8,2021-12-20,0.53025
8,2021-12-21,0.556824
8,2021-12-22,0.582237
8,2021-12-23,0.607546
8,2021-12-24,0.575164
8,2021-12-27,0.540938
8,2021-12-28,0.567837
8,2021-12-29,0.54561
8,2021-12-30,0.552133
8,2021-12-31,0.523124
8,2022-01-03,0.5215
8,2022-01-04,0.512455
8,2022-01-05,0.524887
8,2022-01-06,0.516917
8,2022-01-07,0.533597
8,2022-01-10,0.523337
8,2022-01-11,0.51028
8,2022-01-12,0.51809
8,2022-01-13,0.526862
8,2022-01-14,0.557729
8,2022-01-17,0.543277
8,2022-01-18,0.482498
8,2022-01-19,0.551807
8,2022-01-20,0.505828
8,2022-01-21,0.516821
8,2022-01-24,0.529585
8,2022-01-25,0.523659
8,2022-01-26,0.535766
8,2022-01-27,0.557199
8,2022-01-28,0.512751
8,2022-01-31,0.525016
8,2022-02-01,0.521821
8,2022-02-02,0.496989
8,2022-02-03,0.512542
8,2022-02-04,0.517329
8,2022-02-07,0.527112
8,2022-02-08,0.517528
8,2022-02-09,0.531981
8,2022-02-10,0.53134
8,2022-02-11,0.530941
8,2022-02-14,0.523064
8,2022-02-15,0.554032
8,2022-02-16,0.540622
8,2022-02-17,0.510902
8,2022-02-18,0.553053
8,2022-02-21,0.522861
8,2022-02-22,0.537376
8,2022-02-23,0.518676
8,2022-02-24,0.632534
8,2022-02-25,0.575542
8,2022-02-28,0.564175
8,2022-03-01,0.5666
8,2022-03-02,0.558113
8,2022-03-03,0.523517
8,2022-03-04,0.526668
8,2022-03-07,0.533449
8,2022-03-08,0.525591
8,2022-03-09,0.548855
8,2022-03-10,0.51853
8,2022-03-11,0.532192
8,2022-03-14,0.542015
8,2022-03-15,0.532187
8,2022-03-16,0.526504
8,2022-03-17,0.549448
8,2022-03-18,0.542757
8,2022-03-21,0.55864
8,2022-03-22,0.556776
8,2022-03-23,0.560281
8,2022-03-24,0.542103
8,2022-03-25,0.557007
8,2022-03-28,0.544844
8,2022-03-29,0.536586
8,2022-03-30,0.548717
8,2022-03-31,0.552282
8,2022-04-01,0.551538
8,2022-04-04,0.557381
8,2022-04-05,0.549619
8,2022-04-06,0.552384
8,2022-04-07,0.581278
8,2022-04-08,0.566723
8,2022-04-11,0.554097
8,2022-04-12,0.546507
8,2022-04-13,0.534169
8,2022-04-14,0.549991
8,2022-04-15,0.559878
8,2022-04-18,0.542037
8,2022-04-19,0.526634
8,2022-04-20,0.543025
8,2022-04-21,0.546976
8,2022-04-22,0.513004
8,2022-04-25,0.526267
8,2022-04-26,0.518915
8,2022-04-27,0.527536
8,2022-04-28,0.547679
8,2022-04-29,0.524815
8,2022-05-05,0.529169
8,2022-05-06,0.528782
8,2022-05-09,0.544074
8,2022-05-10,0.540008
8,2022-05-11,0.517737
8,2022-05-12,0.541886
8,2022-05-13,0.560776
8,2022-05-16,0.527018
8,2022-05-17,0.523239
8,2022-05-18,0.531759
8,2022-05-20,0.546175
8,2022-05-23,0.549982
8,2022-05-24,0.534346
8,2022-05-25,0.540131
8,2022-05-26,0.54927
8,2022-05-27,0.522349
8,2022-05-30,0.568034
8,2022-05-31,0.5499
8,2022-06-01,0.563083
8,2022-06-02,0.557032
8,2022-06-03,0.574751
8,2022-06-06,0.553308
8,2022-06-07,0.570918
8,2022-06-08,0.506808
8,2022-06-09,0.575616
8,2022-06-10,0.570539
8,2022-06-13,0.536964
8,2022-06-14,0.547515
8,2022-06-15,0.568272
8,2022-06-16,0.549081
8,2022-06-17,0.56786
8,2022-06-20,0.554288
8,2022-06-21,0.550562
8,2022-06-22,0.550117
8,2022-06-23,0.547409
8,2022-06-24,0.526518
8,2022-06-27,0.550865
8,2022-06-28,0.526971
8,2022-06-29,0.566549
8,2022-06-30,0.546087
8,2022-07-01,0.576219
8,2022-07-04,0.574206
8,2022-07-05,0.565844
8,2022-07-06,0.535257
8,2022-07-07,0.541432
8,2022-07-08,0.563958
8,2022-07-13,0.557894
8,2022-07-14,0.527234
8,2022-07-18,0.555656
8,2022-07-19,0.548987
8,2022-07-20,0.527298
8,2022-07-21,0.528509
8,2022-07-22,0.520072
8,2022-07-25,0.570216
8,2022-07-26,0.529399
8,2022-07-27,0.557167
8,2022-07-28,0.541765
8,2022-07-29,0.557046
8,2022-08-01,0.593772
8,2022-08-02,0.544932
8,2022-08-03,0.591616
8,2022-08-04,0.574373
8,2022-08-05,0.548059
8,2022-08-08,0.564025
8,2022-08-09,0.541078
8,2022-08-10,0.587939
8,2022-08-11,0.577451
8,2022-08-12,0.570801
8,2022-08-15,0.598959
8,2022-08-16,0.574016
8,2022-08-17,0.586292
8,2022-08-18,0.568141
8,2022-08-19,0.55434
8,2022-08-22,0.577713
8,2022-08-23,0.58215
8,2022-08-24,0.522758
8,2022-08-25,0.574723
8,2022-08-26,0.574829
8,2022-08-29,0.551301
8,2022-08-31,0.584355
8,2022-09-01,0.56142
8,2022-09-02,0.612039
8,2022-09-05,0.625336
8,2022-09-06,0.627992
8,2022-09-07,0.54736
8,2022-09-08,0.5871
8,2022-09-09,0.626608
8,2022-09-12,0.633923
8,2022-09-13,0.504666
8,2022-09-14,0.585205
8,2022-09-15,0.535131
8,2022-09-16,0.558786
8,2022-09-19,0.511222
8,2022-09-20,0.550627
8,2022-09-21,0.556816
8,2022-09-22,0.528264
8,2022-09-23,0.572798
8,2022-09-26,0.535364
8,2022-09-27,0.538175
8,2022-09-28,0.523492
8,2022-09-29,0.559996
8,2022-09-30,0.550374
8,2022-10-03,0.604631
8,2022-10-04,0.572295
8,2022-10-05,0.54849
8,2022-10-06,0.558186
8,2022-10-07,0.553277
8,2022-10-10,0.580634
8,2022-10-11,0.567087
8,2022-10-12,0.545884
8,2022-10-13,0.558235
8,2022-10-14,0.604087
8,2022-10-17,0.61875
8,2022-10-18,0.538061
8,2022-10-19,0.585166
8,2022-10-20,0.575917
8,2022-10-21,0.568891
8,2022-10-24,0.551268
8,2022-10-25,0.567482
8,2022-10-26,0.593027
8,2022-10-27,0.549275
8,2022-10-28,0.57485
8,2022-10-31,0.616043
8,2022-11-01,0.586202
8,2022-11-02,0.552871
8,2022-11-03,0.562917
8,2022-11-04,0.568373
8,2022-11-07,0.583809
8,2022-11-08,0.592669
8,2022-11-09,0.604204
8,2022-11-10,0.567453
8,2022-11-11,0.611799
8,2022-11-14,0.663049
8,2022-11-15,0.617032
8,2022-11-16,0.584677
8,2022-11-17,0.513705
8,2022-11-18,0.579831
8,2022-11-21,0.602229
8,2022-11-22,0.623785
8,2022-11-23,0.597807
8,2022-11-24,0.553683
8,2022-11-25,0.592957
8,2022-11-28,0.553462
8,2022-11-29,0.574858
8,2022-11-30,0.583375
8,2022-12-01,0.60369
8,2022-12-02,0.543685
8,2022-12-05,0.587058
8,2022-12-06,0.586837
8,2022-12-07,0.520388
8,2022-12-08,0.567704
8,2022-12-09,0.606342
8,2022-12-12,0.597838
8,2022-12-13,0.591847
8,2022-12-14,0.534074
8,2022-12-15,0.598459
8,2022-12-16,0.591648
8,2022-12-19,0.602967
8,2022-12-20,0.578179
8,2022-12-21,0.566239
8,2022-12-22,0.552983
8,2022-12-23,0.570685
8,2022-12-26,0.565806
8,2022-12-27,0.528402
8,2022-12-28,0.513462
8,2022-12-29,0.588509
8,2022-12-30,0.540133
8,2023-01-02,0.596608
8,2023-01-03,0.52877
8,2023-01-04,0.51739
8,2023-01-05,0.557176
8,2023-01-06,0.557544
8,2023-01-09,0.584412
8,2023-01-10,0.597248
8,2023-01-11,0.645432
8,2023-01-12,0.590763
8,2023-01-13,0.584571
8,2023-01-16,0.582775
8,2023-01-17,0.530005
8,2023-01-18,0.506374
8,2023-01-19,0.52063
8,2023-01-20,0.522893
8,2023-01-23,0.520217
8,2023-01-24,0.513843
8,2023-01-25,0.512412
8,2023-01-26,0.508899
8,2023-01-27,0.531393
8,2023-01-30,0.524499
8,2023-01-31,0.543101
8,2023-02-01,0.615191
8,2023-02-02,0.599976
8,2023-02-03,0.554263
8,2023-02-06,0.57636
8,2023-02-07,0.646421
8,2023-02-08,0.521634
8,2023-02-15,0.651738
8,2023-02-16,0.560832
8,2023-02-17,0.553463
8,2023-02-20,0.611028
8,2023-02-21,0.633582
8,2023-02-22,0.495456
8,2023-02-23,0.525873
8,2023-02-24,0.514166
8,2023-02-27,0.541802
8,2023-02-28,0.509737
8,2023-03-01,0.55089
8,2023-03-02,0.501175
8,2023-03-03,0.512402
8,2023-03-06,0.525856
8,2023-03-07,0.524464
8,2023-03-08,0.531024
8,2023-03-09,0.557351
8,2023-03-10,0.51483
8,2023-03-13,0.543546
8,2023-03-14,0.492537
8,2023-03-15,0.529435
8,2023-03-16,0.51866
8,2023-03-17,0.512994
8,2023-03-20,0.574064
8,2023-03-21,0.564532
8,2023-03-22,0.521143
8,2023-03-23,0.51507
8,2023-03-24,0.508949
8,2023-03-27,0.511298
8,2023-03-28,0.578179
8,2023-03-29,0.536246
8,2023-03-30,0.537505
8,2023-03-31,0.547431
8,2023-04-03,0.551978
8,2023-04-04,0.539882
8,2023-04-05,0.511762
8,2023-04-06,0.514671
8,2023-04-07,0.531741
8,2023-04-10,0.535158
8,2023-04-11,0.505622
8,2023-04-12,0.502481
8,2023-04-13,0.502676
8,2023-04-14,0.512736
8,2023-04-17,0.499896
8,2023-04-18,0.50691
8,2023-04-19,0.537243
8,2023-04-20,0.530734
8,2023-04-24,0.520945
8,2023-04-25,0.52326
8,2023-04-26,0.566567
8,2023-04-27,0.533296
8,2023-04-28,0.605933
8,2023-05-02,0.631033
8,2023-05-03,0.644188
8,2023-05-04,0.619505
8,2023-05-05,0.616222
8,2023-05-08,0.577239
8,2023-05-09,0.573805
8,2023-05-10,0.557292
8,2023-05-11,0.58048
8,2023-05-12,0.526967
8,2023-05-15,0.567468
8,2023-05-16,0.555385
8,2023-05-17,0.532519
8,2023-05-18,0.556317
8,2023-05-22,0.560532
8,2023-05-23,0.5216
8,2023-05-24,0.522247
8,2023-05-25,0.539608
8,2023-05-26,0.52523
8,2023-05-29,0.541816
8,2023-05-30,0.526686
8,2023-05-31,0.511591
8,2023-06-01,0.518558
8,2023-06-02,0.5438
8,2023-06-05,0.557906
8,2023-06-06,0.511161
8,2023-06-07,0.520433
8,2023-06-08,0.52299
8,2023-06-09,0.547106
8,2023-06-12,0.538077
8,2023-06-13,0.509164
8,2023-06-14,0.520892
8,2023-06-15,0.547933
8,2023-06-16,0.520455
8,2023-06-19,0.489629
8,2023-06-20,0.498164
8,2023-06-21,0.495076
8,2023-06-22,0.52257
8,2023-06-23,0.522594
8,2023-06-26,0.528607
8,2023-06-27,0.544708
8,2023-07-03,0.556777
8,2023-07-04,0.53849
8,2023-07-05,0.530815
8,2023-07-06,0.528688
8,2023-07-07,0.536243
8,2023-07-10,0.539656
8,2023-07-11,0.527722
8,2023-07-12,0.528177
8,2023-07-13,0.537545
8,2023-07-14,0.530853
8,2023-07-17,0.578305
8,2023-07-18,0.533959
8,2023-07-19,0.575841
8,2023-07-20,0.559723
8,2023-07-21,0.563173
8,2023-07-24,0.608297
8,2023-07-25,0.531368
8,2023-07-26,0.565714
8,2023-07-27,0.57978
8,2023-07-28,0.587029
8,2023-07-31,0.610662
8,2023-08-01,0.533422
8,2023-08-02,0.578682
8,2023-08-03,0.597413
8,2023-08-04,0.549519
8,2023-08-07,0.565037
8,2023-08-08,0.582608
8,2023-08-09,0.598258
8,2023-08-10,0.532182
8,2023-08-11,0.587112
8,2023-08-14,0.579206
8,2023-08-15,0.566692
8,2023-08-16,0.569274
8,2023-08-17,0.591275
8,2023-08-18,0.538096
8,2023-08-21,0.615432
8,2023-08-22,0.598384
8,2023-08-23,0.559385
8,2023-08-24,0.576572
8,2023-08-25,0.578491
8,2023-08-28,0.585262
8,2023-08-29,0.592815
8,2023-08-31,0.593299
8,2023-09-01,0.603427
8,2023-09-04,0.562581
8,2023-09-05,0.595181
8,2023-09-06,0.578025
8,2023-09-07,0.601845
8,2023-09-08,0.580291
8,2023-09-11,0.610921
8,2023-09-12,0.620315
8,2023-09-13,0.559777
8,2023-09-14,0.587257
8,2023-09-15,0.594066
8,2023-09-18,0.56475
8,2023-09-19,0.623062
8,2023-09-20,0.587043
8,2023-09-21,0.600566
8,2023-09-22,0.638946
8,2023-09-25,0.639716
8,2023-09-26,0.587096
8,2023-09-27,0.599352
8,2023-09-28,0.534801
8,2023-09-29,0.550076
8,2023-10-02,0.654983
8,2023-10-03,0.558394
8,2023-10-04,0.523974
8,2023-10-05,0.567506
8,2023-10-06,0.532795
8,2023-10-09,0.543793
8,2023-10-10,0.609022
8,2023-10-11,0.52699
8,2023-10-12,0.561133
8,2023-10-13,0.522647
8,2023-10-16,0.550242
8,2023-10-17,0.576564
8,2023-10-18,0.543315
8,2023-10-19,0.559217
8,2023-10-20,0.586821
8,2023-10-23,0.583227
8,2023-10-24,0.553695
8,2023-10-25,0.637951
8,2023-10-26,0.591047
8,2023-10-27,0.549631
8,2023-10-30,0.540535
8,2023-10-31,0.578031
8,2023-11-01,0.568333
8,2023-11-02,0.534614
8,2023-11-03,0.527092
8,2023-11-06,0.528119
8,2023-11-07,0.503542
8,2023-11-08,0.511289
8,2023-11-09,0.516057
8,2023-11-10,0.514828
8,2023-11-13,0.548421
8,2023-11-14,0.53084
8,2023-11-15,0.505454
8,2023-11-16,0.521315
8,2023-11-17,0.525667
8,2023-11-20,0.519552
8,2023-11-21,0.508325
8,2023-11-22,0.48761
8,2023-11-23,0.48855
8,2023-11-24,0.51604
8,2023-11-27,0.533642
8,2023-11-28,0.505233
8,2023-11-29,0.49613
8,2023-11-30,0.506098
8,2023-12-01,0.524699
8,2023-12-04,0.545529
8,2023-12-05,0.537847
8,2023-12-06,0.539701
8,2023-12-07,0.54055
8,2023-12-08,0.526201
8,2023-12-11,0.554053
8,2023-12-12,0.550239
8,2023-12-13,0.589081
8,2023-12-14,0.541186
8,2023-12-15,0.532045
8,2023-12-18,0.552518
8,2023-12-19,0.541471
8,2023-12-20,0.555248
8,2023-12-21,0.546146
8,2023-12-22,0.558526
8,2023-12-25,0.587919
8,2023-12-26,0.607655
8,2023-12-27,0.589732
8,2023-12-28,0.572638
8,2023-12-29,0.537627
8,2024-01-02,0.547876
8,2024-01-03,0.526836
8,2024-01-04,0.515584
8,2024-01-05,0.518214
8,2024-01-08,0.528841
8,2024-01-09,0.550933
8,2024-01-10,0.529335
8,2024-01-11,0.519273
8,2024-01-12,0.52098
8,2024-01-15,0.537055
8,2024-01-16,0.517164
8,2024-01-17,0.522638
8,2024-01-18,0.520414
8,2024-01-19,0.525172
8,2024-01-22,0.529629
8,2024-01-23,0.514191
8,2024-01-24,0.524122
8,2024-01-25,0.523758
8,2024-01-26,0.523185
8,2024-01-29,0.532769
8,2024-01-30,0.523449
8,2024-01-31,0.527172
8,2024-02-01,0.530401
8,2024-02-02,0.521695
8,2024-02-05,0.549215
8,2024-02-06,0.576063
8,2024-02-07,0.528822
8,2024-02-08,0.547601
8,2024-02-09,0.537466
8,2024-02-12,0.539023
8,2024-02-13,0.515573
8,2024-02-14,0.548223
8,2024-02-15,0.541465
8,2024-02-16,0.522586
8,2024-02-19,0.520179
8,2024-02-20,0.543315
8,2024-02-21,0.53182
8,2024-02-22,0.528865
8,2024-02-23,0.538051
8,2024-02-26,0.545658
8,2024-02-27,0.556356
8,2024-02-28,0.532157
8,2024-02-29,0.561293
8,2024-03-01,0.527875
8,2024-03-04,0.557473
8,2024-03-05,0.536658
8,2024-03-06,0.555649
8,2024-03-07,0.565728
8,2024-03-08,0.513818
8,2024-03-11,0.524929
8,2024-03-12,0.524346
8,2024-03-13,0.517249
8,2024-03-14,0.530507
8,2024-03-15,0.50897
8,2024-03-18,0.543963
8,2024-03-19,0.549954
8,2024-03-20,0.515317
8,2024-03-21,0.515948
8,2024-03-22,0.526653
8,2024-03-25,0.514568
8,2024-03-26,0.551644
8,2024-03-27,0.537769
8,2024-03-28,0.551666
8,2024-03-29,0.532117
8,2024-04-01,0.517889
8,2024-04-02,0.528981
8,2024-04-03,0.520036
8,2024-04-04,0.522357
8,2024-04-05,0.560682
8,2024-04-08,0.545977
8,2024-04-09,0.507172
8,2024-04-15,0.525521
8,2024-04-16,0.524744
8,2024-04-17,0.521948
8,2024-04-18,0.520799
8,2024-04-19,0.543952
8,2024-04-22,0.518482
8,2024-04-24,0.528057
8,2024-04-25,0.513999
8,2024-04-26,0.524158
8,2024-04-29,0.529307
8,2024-04-30,0.523173
8,2024-05-02,0.53963
8,2024-05-03,0.524595
8,2024-05-06,0.516763
8,2024-05-07,0.521957
8,2024-05-08,0.522815
8,2024-05-09,0.523093
8,2024-05-10,0.518041
8,2024-05-13,0.519978
8,2024-05-14,0.545419
8,2024-05-15,0.524572
8,2024-05-16,0.535998
8,2024-05-17,0.531768
8,2024-05-20,0.531641
8,2024-05-21,0.511687
8,2024-05-22,0.550645
8,2024-05-23,0.523734
8,2024-05-24,0.523966
8,2024-05-27,0.538463
8,2024-05-28,0.532549
8,2024-05-29,0.528734
8,2024-05-30,0.529128
8,2024-05-31,0.521189
8,2024-06-03,0.542649
8,2024-06-04,0.540275
8,2024-06-05,0.548843
8,2024-06-06,0.533215
8,2024-06-07,0.548938
8,2024-06-10,0.55683
8,2024-06-11,0.54991
8,2024-06-12,0.549948
8,2024-06-13,0.528825
8,2024-06-14,0.526403
8,2024-06-20,0.537425
8,2024-06-21,0.532984
8,2024-06-24,0.541303
8,2024-06-25,0.555459
8,2024-06-26,0.520972
8,2024-06-27,0.570795
8,2024-06-28,0.553752
8,2024-07-01,0.538713
8,2024-07-02,0.548219
8,2024-07-03,0.542119
8,2024-07-04,0.538221
8,2024-07-05,0.542967
8,2024-07-08,0.528916
8,2024-07-09,0.565057
8,2024-07-10,0.549187
8,2024-07-11,0.555141
8,2024-07-12,0.554127
8,2024-07-16,0.544927
8,2024-07-17,0.542191
8,2024-07-18,0.538411
8,2024-07-19,0.536592
8,2024-07-22,0.534916
8,2024-07-23,0.525826
8,2024-07-24,0.526193
8,2024-07-25,0.510003
8,2024-07-26,0.518496
8,2024-07-29,0.524314
8,2024-07-30,0.515807
8,2024-07-31,0.522802
8,2024-08-01,0.521307
8,2024-08-02,0.536284
8,2024-08-05,0.633324
8,2024-08-06,0.629377
8,2024-08-07,0.561965
8,2024-08-08,0.548093
8,2024-08-09,0.609124
8,2024-08-12,0.613883
8,2024-08-13,0.559849
8,2024-08-14,0.582017
8,2024-08-15,0.537666
8,2024-08-16,0.548145
8,2024-08-19,0.529865
8,2024-08-20,0.517281
8,2024-08-21,0.522192
8,2024-08-22,0.523785
8,2024-08-23,0.54959
8,2024-08-26,0.586197
8,2024-08-27,0.532153
8,2024-08-28,0.535011
8,2024-08-29,0.519189
8,2024-09-02,0.52931
8,2024-09-03,0.52425
8,2024-09-04,0.515484
8,2024-09-05,0.528325
8,2024-09-06,0.522503
8,2024-09-09,0.531228
8,2024-09-10,0.553535
8,2024-09-11,0.577601
8,2024-09-12,0.551429
8,2024-09-13,0.534764
8,2024-09-16,0.519267
8,2024-09-17,0.511438
8,2024-09-18,0.52003
8,2024-09-19,0.535104
8,2024-09-20,0.528336
8,2024-09-23,0.517458
8,2024-09-24,0.521807
8,2024-09-25,0.515706
8,2024-09-26,0.52039
8,2024-09-27,0.520899
8,2024-09-30,0.515929
8,2024-10-01,0.555672
8,2024-10-02,0.610163
8,2024-10-03,0.60012
8,2024-10-04,0.566493
8,2024-10-07,0.583829
8,2024-10-08,0.564911
8,2024-10-09,0.559485
8,2024-10-10,0.5735
8,2024-10-11,0.564764
8,2024-10-14,0.607346
8,2024-10-15,0.549812
8,2024-10-16,0.53384
8,2024-10-17,0.51841
8,2024-10-18,0.548178
8,2024-10-21,0.563165
8,2024-10-22,0.533231
8,2024-10-23,0.554651
8,2024-10-24,0.517932
8,2024-10-25,0.521344
8,2024-10-28,0.547433
8,2024-10-30,0.51089
8,2024-10-31,0.507222
8,2024-11-01,0.50157
8,2024-11-04,0.538003
8,2024-11-05,0.545318
8,2024-11-06,0.536543
8,2024-11-07,0.510955
8,2024-11-08,0.53284
8,2024-11-11,0.511607
8,2024-11-12,0.524793
8,2024-11-13,0.514066
8,2024-11-14,0.537111
8,2024-11-15,0.525344
8,2024-11-18,0.529819
8,2024-11-19,0.517526
8,2024-11-20,0.510589
8,2024-11-21,0.531381
8,2024-11-22,0.547741
8,2024-11-25,0.523209
8,2024-11-26,0.518599
8,2024-11-27,0.509081
8,2024-11-28,0.511585
8,2024-11-29,0.523597
8,2024-12-02,0.527846
8,2024-12-03,0.540842
8,2024-12-04,0.5152
8,2024-12-05,0.525888
8,2024-12-06,0.527216
8,2024-12-09,0.549044
8,2024-12-10,0.506506
8,2024-12-11,0.513537
8,2024-12-12,0.537257
8,2024-12-13,0.534194
8,2024-12-16,0.512846
8,2024-12-17,0.512015
8,2024-12-18,0.500036
8,2024-12-19,0.502846
8,2024-12-20,0.528091
8,2024-12-23,0.533902
8,2024-12-24,0.522158
8,2024-12-25,0.522551
8,2024-12-26,0.523297
8,2024-12-27,0.519913
8,2024-12-30,0.515451
8,2024-12-31,0.520864
8,2025-01-02,0.527717
8,2025-01-03,0.527947
8,2025-01-06,0.526742
8,2025-01-07,0.508037
8,2025-01-08,0.505417
8,2025-01-09,0.528248
8,2025-01-10,0.524036
8,2025-01-13,0.533495
8,2025-01-14,0.54506
8,2025-01-15,0.538454
8,2025-01-16,0.554559
8,2025-01-17,0.553819
8,2025-01-20,0.536091
8,2025-01-21,0.520892
8,2025-01-22,0.555547
8,2025-01-23,0.557059
8,2025-01-24,0.513412
8,2025-01-27,0.520285
8,2025-01-28,0.517129
8,2025-01-29,0.510553
8,2025-01-30,0.519016
8,2025-01-31,0.518653
8,2025-02-03,0.536155
8,2025-02-04,0.537794
8,2025-02-05,0.57503
8,2025-02-06,0.527206
8,2025-02-07,0.527521
8,2025-02-10,0.514158
8,2025-02-11,0.511103
8,2025-02-12,0.547452
8,2025-02-13,0.511113
8,2025-02-14,0.513618
8,2025-02-17,0.543552
8,2025-02-18,0.542567
8,2025-02-19,0.543433
8,2025-02-20,0.539252
8,2025-02-21,0.550511
8,2025-02-24,0.545353
8,2025-02-25,0.584751
8,2025-02-26,0.542202
8,2025-02-27,0.535929
8,2025-02-28,0.55883
8,2025-03-03,0.522078
8,2025-03-04,0.536712
8,2025-03-05,0.541334
8,2025-03-06,0.57353
8,2025-03-07,0.550015
8,2025-03-10,0.546314
8,2025-03-11,0.539176
8,2025-03-12,0.543992
8,2025-03-13,0.557811
8,2025-03-14,0.562049
8,2025-03-17,0.558255
8,2025-03-18,0.536057
8,2025-03-19,0.588807
8,2025-03-20,0.588739
8,2025-03-21,0.657412
8,2025-03-24,0.6381
8,2025-03-25,0.592863
8,2025-03-26,0.590329
8,2025-03-27,0.564045
8,2025-03-28,0.555225
8,2025-04-02,0.559144
8,2025-04-03,0.549887
8,2025-04-04,0.561137
8,2025-04-07,0.581096
8,2025-04-08,0.526917
8,2025-04-09,0.563715
8,2025-04-10,0.587374
8,2025-04-11,0.574658
8,2025-04-14,0.573052
8,2025-04-15,0.550433
8,2025-04-16,0.548754
8,2025-04-17,0.558223
8,2025-04-18,0.550509
8,2025-04-21,0.55223
8,2025-04-22,0.555877
8,2025-04-24,0.546441
8,2025-04-25,0.538645
8,2025-04-28,0.548952
8,2025-04-29,0.554002
8,2025-04-30,0.568889
8,2025-05-02,0.586194
8,2025-05-05,0.576601
8,2025-05-06,0.579965
8,2025-05-07,0.562569
8,2025-05-08,0.5599
8,2025-05-09,0.539607
8,2025-05-12,0.535754
8,2025-05-13,0.523114
8,2025-05-14,0.519274
8,2025-05-15,0.495204
8,2025-05-16,0.525198
8,2025-05-20,0.506208
8,2025-05-21,0.548396
8,2025-05-22,0.534582
8,2025-05-23,0.519293
8,2025-05-26,0.515477
8,2025-05-27,0.522307
8,2025-05-28,0.524144
8,2025-05-29,0.536209
8,2025-05-30,0.539326
8,2025-06-02,0.561443
8,2025-06-03,0.532709
8,2025-06-04,0.530879
8,2025-06-05,0.543083
8,2025-06-10,0.527772
8,2025-06-11,0.519447
8,2025-06-12,0.532247
8,2025-06-13,0.532013
8,2025-06-16,0.528612
8,2025-06-17,0.53259
8,2025-06-18,0.573335
8,2025-06-19,0.559365
8,2025-06-20,0.522482
8,2025-06-23,0.543191
8,2025-06-24,0.550418
8,2025-06-25,0.52686
8,2025-06-26,0.513928
8,2025-06-27,0.525261
8,2025-06-30,0.570593
8,2025-07-01,0.5639
8,2025-07-02,0.555692
8,2025-07-03,0.543268
8,2025-07-04,0.54284
8,2025-07-07,0.540011
8,2025-07-08,0.537429
8,2025-07-09,0.567774
8,2025-07-10,0.56329
8,2025-07-11,0.553934
8,2025-07-14,0.556754
8,2025-07-16,0.54042
8,2025-07-17,0.564185
8,2025-07-18,0.571442
8,2025-07-21,0.587553
8,2025-07-22,0.587883
8,2025-07-23,0.526432
8,2025-07-24,0.545046
8,2025-07-25,0.550855
8,2025-07-28,0.544362
8,2025-07-29,0.555589
8,2025-07-30,0.533779
8,2025-07-31,0.569199
8,2025-08-01,0.532586
8,2025-08-04,0.556733
8,2025-08-05,0.554657
8,2025-08-06,0.553797
8,2025-08-07,0.560545
8,2025-08-08,0.528623
8,2025-08-11,0.589692
8,2025-08-12,0.560173
8,2025-08-13,0.564864
8,2025-08-14,0.572663
8,2025-08-15,0.561367
8,2025-08-18,0.554503
8,2025-08-19,0.542922
8,2025-08-20,0.549672
8,2025-08-21,0.569165
8,2025-08-22,0.54917
8,2025-08-25,0.588948
8,2025-08-26,0.539681
8,2025-08-27,0.513343
8,2025-08-28,0.543933
8,2025-08-29,0.519231
8,2025-09-01,0.554765
8,2025-09-02,0.5396
8,2025-09-03,0.559593
8,2025-09-04,0.573341
8,2025-09-05,0.550098
8,2025-09-08,0.576026
8,2025-09-09,0.588739
8,2025-09-10,0.550507
8,2025-09-11,0.562219
8,2025-09-12,0.56571
8,2025-09-15,0.569948
8,2025-09-16,0.556219
8,2025-09-17,0.511422
8,2025-09-18,0.531082
8,2025-09-19,0.536041
8,2025-09-22,0.549511
8,2025-09-23,0.530785
8,2025-09-24,0.54278
8,2025-09-25,0.531744
8,2025-09-26,0.541488
8,2025-09-29,0.532947
8,2025-09-30,0.525837
8,2025-10-01,0.529988
8,2025-10-02,0.526485
8,2025-10-03,0.554623
8,2025-10-06,0.5663
8,2025-10-07,0.541044
8,2025-10-08,0.549693
8,2025-10-09,0.577748
8,2025-10-10,0.567794
8,2025-10-13,0.555085
8,2025-10-14,0.590967
8,2025-10-15,0.594784
8,2025-10-16,0.579857
8,2025-10-17,0.578962
8,2025-10-20,0.558685
8,2025-10-21,0.540376
8,2025-10-22,0.540458
8,2025-10-23,0.527544
8,2025-10-24,0.533347
8,2025-10-27,0.543672
8,2025-10-28,0.549681
8,2025-10-30,0.527164
8,2025-10-31,0.543456
8,2025-11-03,0.555884
8,2025-11-04,0.553743
8,2025-11-05,0.563468
8,2025-11-06,0.56787
8,2025-11-07,0.539362
8,2025-11-10,0.575934
8,2025-11-11,0.551491
8,2025-11-12,0.539086
8,2025-11-13,0.54351
8,2025-11-14,0.542551
8,2025-11-17,0.527543
8,2025-11-18,0.533717
8,2025-11-19,0.535881
8,2025-11-20,0.518251
8,2025-11-21,0.549419
8,2025-11-24,0.549927
8,2025-11-25,0.541764
8,2025-11-26,0.532778
8,2025-11-27,0.53222
8,2025-11-28,0.557045
8,2025-12-01,0.564415
8,2025-12-02,0.552434
8,2025-12-03,0.53778
8,2025-12-04,0.522351
8,2025-12-05,0.521532
8,2025-12-08,0.544291
8,2025-12-09,0.557812
8,2025-12-10,0.526924
8,2025-12-11,0.531211
8,2025-12-12,0.535061
8,2025-12-15,0.534226
8,2025-12-16,0.55047
8,2025-12-17,0.559146
8,2025-12-18,0.543321
8,2025-12-19,0.541337
8,2025-12-22,0.536319
8,2025-12-23,0.557713
8,2025-12-24,0.540331
8,2025-12-25,0.540889
8,2025-12-26,0.546924
8,2025-12-29,0.538001
8,2025-12-30,0.523952
8,2025-12-31,0.541354
8,2026-01-02,0.550915
8,2026-01-05,0.543318
8,2026-01-06,0.535034
8,2026-01-07,0.520692
8,2026-01-08,0.55195
8,2026-01-09,0.560555
8,2026-01-12,0.560222
8,2026-01-13,0.552338
8,2026-01-14,0.550512
8,2026-01-15,0.577583
8,2026-01-16,0.561694
8,2026-01-19,0.55944
8,2026-01-20,0.558346
8,2026-01-21,0.54826
8,2026-01-22,0.581767
8,2026-01-23,0.55761
8,2026-01-26,0.567075
8,2026-01-27,0.553376
8,2026-01-28,0.566855
8,2026-01-29,0.553053
8,2026-01-30,0.548429
8,2026-02-02,0.542673
8,2026-02-03,0.554497
8,2026-02-04,0.531758
8,2026-02-05,0.537681
8,2026-02-06,0.54199
8,2026-02-09,0.565427
8,2026-02-10,0.544109
8,2026-02-11,0.555744
8,2026-02-12,0.576603
8,2026-02-13,0.566971
8,2026-02-16,0.573137
8,2026-02-17,0.546531
8,2026-02-18,0.551653
8,2026-02-19,0.545853
8,2026-02-20,0.561993
8,2026-02-23,0.591161
8,2026-02-24,0.556401
8,2026-02-25,0.549597
8,2026-02-26,0.543393
8,2026-02-27,0.529882
8,2026-03-02,0.567914
8,2026-03-03,0.603555
8,2026-03-04,0.584902
8,2026-03-05,0.592264
8,2026-03-06,0.64328
8,2026-03-09,0.605507
8,2026-03-10,0.568991
8,2026-03-11,0.572191
8,2026-03-12,0.541987
8,2026-03-13,0.539582
8,2026-03-16,0.538705
8,2026-03-17,0.559634
8,2026-03-18,0.53725
8,2026-03-19,0.528388
8,2026-03-23,0.549612
8,2026-03-24,0.537591
8,2026-03-25,0.55413
8,2026-03-26,0.55064
8,2026-03-27,0.584237
8,2026-03-30,0.582204
8,2026-03-31,0.540885
8,2026-04-01,0.548561
8,2026-04-02,0.552591
8,2026-04-03,0.558676
8,2026-04-06,0.54515
8,2026-04-07,0.552906
8,2026-04-08,0.53954
8,2026-04-09,0.565277
8,2026-04-10,0.593099
8,2026-04-13,0.568142
8,2026-04-14,0.569221
8,2026-04-15,0.597326
8,2026-04-16,0.574677
8,2026-04-17,0.583937
8,2026-04-20,0.561383
8,2026-04-21,0.557369
8,2026-04-22,0.540184
8,2026-04-24,0.592785
8,2026-04-27,0.583119
8,2026-04-28,0.555215
8,2026-04-29,0.590266
8,2026-04-30,0.577682
8,2026-05-04,0.551076
8,2026-05-05,0.581049
8,2026-05-06,0.573741
8,2026-05-07,0.59263
8,2026-05-08,0.571631
8,2026-05-11,0.565789
8,2026-05-12,0.597078
8,2026-05-13,0.582465
8,2026-05-14,0.580791
8,2026-05-15,0.551584
8,2026-05-18,0.562814
8,2026-05-20,0.617583
8,2026-05-21,0.635329
8,2026-05-22,0.619001
8,2026-05-25,0.613067
8,2026-05-26,0.559719
8,2026-06-01,0.565101
8,2026-06-02,0.599284
8,2026-06-03,0.537073
8,2026-06-04,0.551268
8,2026-06-05,0.538755
8,2026-06-08,0.537319
8,2026-06-09,0.572854
8,2026-06-10,0.586088
8,2026-06-11,0.575515
8,2026-06-12,0.544495
8,2026-06-15,0.566779
8,2026-06-16,0.57095
8,2026-06-17,0.563326
8,2026-06-18,0.567798
8,2026-06-19,0.552393
8,2026-06-22,0.59897
8,2026-06-23,0.57043
8,2026-06-24,0.563411
8,2026-06-25,0.557521
8,2026-06-26,0.557308
8,2026-06-29,0.569287
8,2026-06-30,0.575301
8,2026-07-01,0.584298
8,2026-07-02,0.580199
8,2026-07-03,0.573286
8,2026-07-06,0.553349
8,2026-07-07,0.582207
8,2026-07-08,0.591083
8,2026-07-09,0.589179
8,2026-07-10,0.57209
8,2026-07-13,0.603772
8,2026-07-14,0.584491
12,2020-06-01,0.560911
12,2020-06-02,0.532203
12,2020-06-03,0.543842
12,2020-06-04,0.54171
12,2020-06-05,0.54113
12,2020-06-08,0.537756
12,2020-06-09,0.545124
12,2020-06-10,0.549512
12,2020-06-11,0.539196
12,2020-06-12,0.545786
12,2020-06-15,0.552987
12,2020-06-16,0.537004
12,2020-06-17,0.545268
12,2020-06-18,0.548863
12,2020-06-19,0.527817
12,2020-06-22,0.556075
12,2020-06-23,0.546257
12,2020-06-24,0.555419
12,2020-06-25,0.555395
12,2020-06-26,0.57024
12,2020-06-29,0.579617
12,2020-06-30,0.5738
12,2020-07-01,0.567568
12,2020-07-02,0.579934
12,2020-07-03,0.571194
12,2020-07-06,0.609981
12,2020-07-07,0.576018
12,2020-07-08,0.561345
12,2020-07-09,0.539572
12,2020-07-10,0.573529
12,2020-07-13,0.635466
12,2020-07-14,0.567481
12,2020-07-16,0.587392
12,2020-07-17,0.601798
12,2020-07-20,0.60136
12,2020-07-21,0.566647
12,2020-07-22,0.557882
12,2020-07-23,0.569578
12,2020-07-24,0.568051
12,2020-07-27,0.577858
12,2020-07-28,0.531678
12,2020-07-29,0.568894
12,2020-07-30,0.585262
12,2020-08-04,0.640518
12,2020-08-05,0.598893
12,2020-08-06,0.661484
12,2020-08-07,0.615377
12,2020-08-10,0.588
12,2020-08-11,0.565086
12,2020-08-12,0.561124
12,2020-08-13,0.549064
12,2020-08-14,0.515949
12,2020-08-17,0.523058
12,2020-08-18,0.524245
12,2020-08-19,0.536868
12,2020-08-20,0.543917
12,2020-08-21,0.497144
12,2020-08-24,0.551016
12,2020-08-25,0.503041
12,2020-08-26,0.520517
12,2020-08-27,0.532875
12,2020-08-28,0.508881
12,2020-08-31,0.51412
12,2020-09-01,0.529685
12,2020-09-02,0.55647
12,2020-09-03,0.522283
12,2020-09-04,0.521395
12,2020-09-07,0.545757
12,2020-09-08,0.559884
12,2020-09-09,0.573672
12,2020-09-10,0.4963
12,2020-09-11,0.513947
12,2020-09-14,0.507105
12,2020-09-15,0.506589
12,2020-09-16,0.516793
12,2020-09-17,0.519281
12,2020-09-18,0.52951
12,2020-09-21,0.523183
12,2020-09-22,0.535837
12,2020-09-23,0.525378
12,2020-09-24,0.508164
12,2020-09-25,0.512192
12,2020-09-28,0.532886
12,2020-09-29,0.533706
12,2020-09-30,0.55818
12,2020-10-01,0.495892
12,2020-10-02,0.522371
12,2020-10-05,0.57079
12,2020-10-06,0.544004
12,2020-10-07,0.558476
12,2020-10-08,0.563527
12,2020-10-09,0.561109
12,2020-10-12,0.596003
12,2020-10-13,0.549452
12,2020-10-14,0.519948
12,2020-10-15,0.542746
12,2020-10-16,0.560572
12,2020-10-19,0.597558
12,2020-10-20,0.605267
12,2020-10-21,0.516134
12,2020-10-22,0.519187
12,2020-10-23,0.503463
12,2020-10-26,0.553874
12,2020-10-27,0.562926
12,2020-10-28,0.558799
12,2020-10-30,0.581998
12,2020-11-02,0.554869
12,2020-11-03,0.535377
12,2020-11-04,0.534184
12,2020-11-05,0.521453
12,2020-11-06,0.511761
12,2020-11-09,0.521817
12,2020-11-10,0.519623
12,2020-11-11,0.528362
12,2020-11-12,0.493181
12,2020-11-13,0.551646
12,2020-11-16,0.524551
12,2020-11-17,0.495169
12,2020-11-18,0.550833
12,2020-11-19,0.542522
12,2020-11-20,0.533593
12,2020-11-23,0.514006
12,2020-11-24,0.539301
12,2020-11-25,0.516195
12,2020-11-26,0.58174
12,2020-11-27,0.521586
12,2020-11-30,0.508075
12,2020-12-01,0.540721
12,2020-12-02,0.526608
12,2020-12-03,0.541982
12,2020-12-04,0.518696
12,2020-12-07,0.504118
12,2020-12-08,0.50933
12,2020-12-09,0.524056
12,2020-12-10,0.51164
12,2020-12-11,0.538714
12,2020-12-14,0.539278
12,2020-12-15,0.523479
12,2020-12-16,0.514279
12,2020-12-17,0.536665
12,2020-12-18,0.547677
12,2020-12-21,0.535451
12,2020-12-22,0.539527
12,2020-12-23,0.550357
12,2020-12-24,0.522655
12,2020-12-25,0.508905
12,2020-12-28,0.52307
12,2020-12-29,0.523348
12,2020-12-30,0.535552
12,2020-12-31,0.543955
12,2021-01-04,0.530493
12,2021-01-05,0.508015
12,2021-01-06,0.53849
12,2021-01-07,0.534401
12,2021-01-08,0.552075
12,2021-01-11,0.511767
12,2021-01-12,0.530598
12,2021-01-13,0.512314
12,2021-01-14,0.511887
12,2021-01-15,0.503737
12,2021-01-18,0.558247
12,2021-01-19,0.529601
12,2021-01-20,0.537354
12,2021-01-21,0.512241
12,2021-01-22,0.527323
12,2021-01-25,0.552376
12,2021-01-26,0.522268
12,2021-01-27,0.529634
12,2021-01-28,0.550384
12,2021-01-29,0.534949
12,2021-02-01,0.536868
12,2021-02-02,0.53223
12,2021-02-03,0.517105
12,2021-02-04,0.52011
12,2021-02-05,0.509281
12,2021-02-08,0.529252
12,2021-02-09,0.510565
12,2021-02-10,0.515813
12,2021-02-11,0.520546
12,2021-02-12,0.517203
12,2021-02-15,0.526189
12,2021-02-16,0.523873
12,2021-02-17,0.518971
12,2021-02-18,0.55613
12,2021-02-19,0.543974
12,2021-02-22,0.50191
12,2021-02-23,0.503382
12,2021-02-24,0.549242
12,2021-02-25,0.549925
12,2021-02-26,0.556102
12,2021-03-01,0.551953
12,2021-03-02,0.515795
12,2021-03-03,0.507979
12,2021-03-04,0.525097
12,2021-03-05,0.520198
12,2021-03-08,0.524644
12,2021-03-09,0.52679
12,2021-03-10,0.552408
12,2021-03-11,0.51405
12,2021-03-12,0.514825
12,2021-03-15,0.525682
12,2021-03-16,0.533637
12,2021-03-17,0.512221
12,2021-03-18,0.499668
12,2021-03-19,0.529666
12,2021-03-22,0.63354
12,2021-03-23,0.647615
12,2021-03-24,0.613907
12,2021-03-25,0.629293
12,2021-03-26,0.642684
12,2021-03-29,0.581326
12,2021-03-30,0.545457
12,2021-03-31,0.552335
12,2021-04-01,0.55766
12,2021-04-02,0.507006
12,2021-04-05,0.5284
12,2021-04-06,0.535094
12,2021-04-07,0.508211
12,2021-04-08,0.532764
12,2021-04-09,0.536235
12,2021-04-12,0.546127
12,2021-04-13,0.558047
12,2021-04-14,0.531495
12,2021-04-15,0.521758
12,2021-04-16,0.52943
12,2021-04-19,0.556804
12,2021-04-20,0.539036
12,2021-04-21,0.578999
12,2021-04-22,0.55478
12,2021-04-26,0.559236
12,2021-04-27,0.541825
12,2021-04-28,0.527217
12,2021-04-29,0.53699
12,2021-04-30,0.528988
12,2021-05-03,0.552478
12,2021-05-04,0.528786
12,2021-05-05,0.50965
12,2021-05-06,0.512845
12,2021-05-07,0.527446
12,2021-05-10,0.543234
12,2021-05-11,0.522619
12,2021-05-12,0.541843
12,2021-05-17,0.522347
12,2021-05-18,0.518475
12,2021-05-20,0.51187
12,2021-05-21,0.518093
12,2021-05-24,0.505073
12,2021-05-25,0.526137
12,2021-05-26,0.524869
12,2021-05-27,0.509966
12,2021-05-28,0.522052
12,2021-05-31,0.524151
12,2021-06-01,0.52279
12,2021-06-02,0.517876
12,2021-06-03,0.504242
12,2021-06-04,0.518809
12,2021-06-07,0.514708
12,2021-06-08,0.505267
12,2021-06-09,0.501203
12,2021-06-10,0.517452
12,2021-06-11,0.502955
12,2021-06-14,0.492361
12,2021-06-15,0.505207
12,2021-06-16,0.516235
12,2021-06-17,0.528326
12,2021-06-18,0.546727
12,2021-06-21,0.538705
12,2021-06-22,0.514927
12,2021-06-23,0.513314
12,2021-06-24,0.51828
12,2021-06-25,0.513922
12,2021-06-28,0.537327
12,2021-06-29,0.526009
12,2021-06-30,0.554803
12,2021-07-01,0.521458
12,2021-07-02,0.52198
12,2021-07-05,0.521564
12,2021-07-06,0.495899
12,2021-07-07,0.502819
12,2021-07-08,0.488922
12,2021-07-09,0.503071
12,2021-07-12,0.53284
12,2021-07-13,0.547596
12,2021-07-14,0.523063
12,2021-07-16,0.514479
12,2021-07-19,0.524858
12,2021-07-26,0.524826
12,2021-07-27,0.501861
12,2021-07-28,0.498318
12,2021-07-29,0.504063
12,2021-07-30,0.507112
12,2021-08-02,0.499938
12,2021-08-03,0.511239
12,2021-08-04,0.499046
12,2021-08-05,0.508934
12,2021-08-06,0.500948
12,2021-08-09,0.505333
12,2021-08-10,0.50828
12,2021-08-11,0.498649
12,2021-08-12,0.520144
12,2021-08-13,0.513579
12,2021-08-16,0.522728
12,2021-08-17,0.512847
12,2021-08-18,0.507196
12,2021-08-19,0.508102
12,2021-08-20,0.508003
12,2021-08-23,0.521607
12,2021-08-24,0.500641
12,2021-08-25,0.504774
12,2021-08-26,0.497743
12,2021-08-27,0.514077
12,2021-08-31,0.510995
12,2021-09-01,0.514425
12,2021-09-02,0.516485
12,2021-09-03,0.491306
12,2021-09-06,0.509594
12,2021-09-07,0.485254
12,2021-09-08,0.487193
12,2021-09-09,0.510264
12,2021-09-10,0.484267
12,2021-09-13,0.498991
12,2021-09-14,0.498792
12,2021-09-15,0.499319
12,2021-09-16,0.513125
12,2021-09-17,0.513382
12,2021-09-20,0.53596
12,2021-09-21,0.543624
12,2021-09-22,0.522319
12,2021-09-23,0.516141
12,2021-09-24,0.535968
12,2021-09-27,0.518021
12,2021-09-28,0.53101
12,2021-09-29,0.508627
12,2021-09-30,0.510025
12,2021-10-01,0.513015
12,2021-10-04,0.507651
12,2021-10-05,0.50843
12,2021-10-06,0.542191
12,2021-10-07,0.525024
12,2021-10-08,0.529567
12,2021-10-11,0.521632
12,2021-10-12,0.518597
12,2021-10-13,0.518755
12,2021-10-14,0.5222
12,2021-10-15,0.511485
12,2021-10-18,0.536107
12,2021-10-19,0.52486
12,2021-10-20,0.516614
12,2021-10-21,0.524119
12,2021-10-22,0.549844
12,2021-10-25,0.551176
12,2021-10-26,0.527709
12,2021-10-27,0.53375
12,2021-10-28,0.541407
12,2021-11-01,0.54803
12,2021-11-02,0.521283
12,2021-11-03,0.525089
12,2021-11-04,0.562291
12,2021-11-05,0.527164
12,2021-11-08,0.567158
12,2021-11-09,0.541795
12,2021-11-10,0.536504
12,2021-11-11,0.535268
12,2021-11-12,0.555597
12,2021-11-15,0.601108
12,2021-11-16,0.521413
12,2021-11-17,0.569004
12,2021-11-18,0.557779
12,2021-11-19,0.558715
12,2021-11-22,0.55801
12,2021-11-23,0.523436
12,2021-11-24,0.56585
12,2021-11-25,0.536628
12,2021-11-26,0.524101
12,2021-11-29,0.561819
12,2021-11-30,0.53488
12,2021-12-01,0.55491
12,2021-12-02,0.551379
12,2021-12-03,0.54345
12,2021-12-06,0.565078
12,2021-12-07,0.545658
12,2021-12-08,0.537936
12,2021-12-09,0.535738
12,2021-12-10,0.537687
12,2021-12-13,0.544197
12,2021-12-14,0.538498
12,2021-12-15,0.529166
12,2021-12-16,0.565238
12,2021-12-17,0.484504
12,2021-12-20,0.521703
12,2021-12-21,0.55022
12,2021-12-22,0.576668
12,2021-12-23,0.598022
12,2021-12-24,0.563135
12,2021-12-27,0.534531
12,2021-12-28,0.560044
12,2021-12-29,0.541185
12,2021-12-30,0.541146
12,2021-12-31,0.519255
12,2022-01-03,0.517565
12,2022-01-04,0.505984
12,2022-01-05,0.519683
12,2022-01-06,0.512122
12,2022-01-07,0.523721
12,2022-01-10,0.517922
12,2022-01-11,0.499535
12,2022-01-12,0.512089
12,2022-01-13,0.514102
12,2022-01-14,0.551706
12,2022-01-17,0.533023
12,2022-01-18,0.477607
12,2022-01-19,0.548213
12,2022-01-20,0.498547
12,2022-01-21,0.511268
12,2022-01-24,0.523676
12,2022-01-25,0.516382
12,2022-01-26,0.521524
12,2022-01-27,0.539843
12,2022-01-28,0.503036
12,2022-01-31,0.515474
12,2022-02-01,0.512117
12,2022-02-02,0.491735
12,2022-02-03,0.503215
12,2022-02-04,0.5062
12,2022-02-07,0.519442
12,2022-02-08,0.510412
12,2022-02-09,0.521047
12,2022-02-10,0.518571
12,2022-02-11,0.523779
12,2022-02-14,0.512637
12,2022-02-15,0.541719
12,2022-02-16,0.528163
12,2022-02-17,0.497265
12,2022-02-18,0.543584
12,2022-02-21,0.511843
12,2022-02-22,0.527089
12,2022-02-23,0.509414
12,2022-02-24,0.623785
12,2022-02-25,0.570712
12,2022-02-28,0.558233
12,2022-03-01,0.557184
12,2022-03-02,0.545709
12,2022-03-03,0.520769
12,2022-03-04,0.520172
12,2022-03-07,0.527459
12,2022-03-08,0.519527
12,2022-03-09,0.535452
12,2022-03-10,0.511106
12,2022-03-11,0.525143
12,2022-03-14,0.533169
12,2022-03-15,0.51945
12,2022-03-16,0.517774
12,2022-03-17,0.536502
12,2022-03-18,0.533781
12,2022-03-21,0.547371
12,2022-03-22,0.549537
12,2022-03-23,0.541893
12,2022-03-24,0.531894
12,2022-03-25,0.543222
12,2022-03-28,0.531865
12,2022-03-29,0.528476
12,2022-03-30,0.536782
12,2022-03-31,0.540039
12,2022-04-01,0.541821
12,2022-04-04,0.546872
12,2022-04-05,0.538338
12,2022-04-06,0.538533
12,2022-04-07,0.563402
12,2022-04-08,0.55351
12,2022-04-11,0.544786
12,2022-04-12,0.539236
12,2022-04-13,0.525336
12,2022-04-14,0.542766
12,2022-04-15,0.552169
12,2022-04-18,0.53706
12,2022-04-19,0.521226
12,2022-04-20,0.538711
12,2022-04-21,0.542478
12,2022-04-22,0.506002
12,2022-04-25,0.521923
12,2022-04-26,0.511422
12,2022-04-27,0.523693
12,2022-04-28,0.536412
12,2022-04-29,0.520507
12,2022-05-05,0.522978
12,2022-05-06,0.524431
12,2022-05-09,0.533582
12,2022-05-10,0.533
12,2022-05-11,0.510464
12,2022-05-12,0.533359
12,2022-05-13,0.544116
12,2022-05-16,0.518271
12,2022-05-17,0.519278
12,2022-05-18,0.523263
12,2022-05-20,0.536852
12,2022-05-23,0.534173
12,2022-05-24,0.523253
12,2022-05-25,0.529961
12,2022-05-26,0.537459
12,2022-05-27,0.514913
12,2022-05-30,0.556543
12,2022-05-31,0.536787
12,2022-06-01,0.548213
12,2022-06-02,0.542551
12,2022-06-03,0.556298
12,2022-06-06,0.547986
12,2022-06-07,0.557089
12,2022-06-08,0.501099
12,2022-06-09,0.565534
12,2022-06-10,0.555175
12,2022-06-13,0.52732
12,2022-06-14,0.535367
12,2022-06-15,0.554913
12,2022-06-16,0.538849
12,2022-06-17,0.557653
12,2022-06-20,0.544461
12,2022-06-21,0.542134
12,2022-06-22,0.539646
12,2022-06-23,0.535003
12,2022-06-24,0.522938
12,2022-06-27,0.541012
12,2022-06-28,0.518185
12,2022-06-29,0.559546
12,2022-06-30,0.537327
12,2022-07-01,0.558751
12,2022-07-04,0.564994
12,2022-07-05,0.55992
12,2022-07-06,0.531263
12,2022-07-07,0.53678
12,2022-07-08,0.553832
12,2022-07-13,0.547221
12,2022-07-14,0.520805
12,2022-07-18,0.540862
12,2022-07-19,0.536923
12,2022-07-20,0.518633
12,2022-07-21,0.516646
12,2022-07-22,0.510621
12,2022-07-25,0.553092
12,2022-07-26,0.521583
12,2022-07-27,0.54504
12,2022-07-28,0.530868
12,2022-07-29,0.549128
12,2022-08-01,0.577442
12,2022-08-02,0.52833
12,2022-08-03,0.574615
12,2022-08-04,0.557931
12,2022-08-05,0.535723
12,2022-08-08,0.55462
12,2022-08-09,0.533405
12,2022-08-10,0.572327
12,2022-08-11,0.557686
12,2022-08-12,0.555703
12,2022-08-15,0.575048
12,2022-08-16,0.558918
12,2022-08-17,0.569359
12,2022-08-18,0.559042
12,2022-08-19,0.54608
12,2022-08-22,0.565461
12,2022-08-23,0.564615
12,2022-08-24,0.517009
12,2022-08-25,0.562011
12,2022-08-26,0.55916
12,2022-08-29,0.542825
12,2022-08-31,0.565603
12,2022-09-01,0.548697
12,2022-09-02,0.592874
12,2022-09-05,0.604328
12,2022-09-06,0.595392
12,2022-09-07,0.539514
12,2022-09-08,0.563062
12,2022-09-09,0.599085
12,2022-09-12,0.613717
12,2022-09-13,0.496685
12,2022-09-14,0.579636
12,2022-09-15,0.523435
12,2022-09-16,0.550171
12,2022-09-19,0.502702
12,2022-09-20,0.536809
12,2022-09-21,0.543692
12,2022-09-22,0.520295
12,2022-09-23,0.552373
12,2022-09-26,0.527363
12,2022-09-27,0.522739
12,2022-09-28,0.516718
12,2022-09-29,0.548715
12,2022-09-30,0.541277
12,2022-10-03,0.58753
12,2022-10-04,0.558254
12,2022-10-05,0.536636
12,2022-10-06,0.548968
12,2022-10-07,0.548458
12,2022-10-10,0.568454
12,2022-10-11,0.549132
12,2022-10-12,0.531077
12,2022-10-13,0.548813
12,2022-10-14,0.589051
12,2022-10-17,0.606646
12,2022-10-18,0.529358
12,2022-10-19,0.569626
12,2022-10-20,0.56137
12,2022-10-21,0.561299
12,2022-10-24,0.544927
12,2022-10-25,0.553263
12,2022-10-26,0.575227
12,2022-10-27,0.539936
12,2022-10-28,0.563655
12,2022-10-31,0.588825
12,2022-11-01,0.568187
12,2022-11-02,0.544718
12,2022-11-03,0.552786
12,2022-11-04,0.559956
12,2022-11-07,0.5672
12,2022-11-08,0.567805
12,2022-11-09,0.577735
12,2022-11-10,0.56156
12,2022-11-11,0.587952
12,2022-11-14,0.634087
12,2022-11-15,0.586036
12,2022-11-16,0.558416
12,2022-11-17,0.506553
12,2022-11-18,0.567809
12,2022-11-21,0.581393
12,2022-11-22,0.600203
12,2022-11-23,0.576038
12,2022-11-24,0.545225
12,2022-11-25,0.575144
12,2022-11-28,0.544596
12,2022-11-29,0.561903
12,2022-11-30,0.568408
12,2022-12-01,0.583498
12,2022-12-02,0.53792
12,2022-12-05,0.569654
12,2022-12-06,0.568737
12,2022-12-07,0.512666
12,2022-12-08,0.556515
12,2022-12-09,0.591526
12,2022-12-12,0.588805
12,2022-12-13,0.576937
12,2022-12-14,0.522535
12,2022-12-15,0.583616
12,2022-12-16,0.573645
12,2022-12-19,0.591673
12,2022-12-20,0.564715
12,2022-12-21,0.553067
12,2022-12-22,0.544791
12,2022-12-23,0.56143
12,2022-12-26,0.55622
12,2022-12-27,0.520813
12,2022-12-28,0.507278
12,2022-12-29,0.572189
12,2022-12-30,0.532864
12,2023-01-02,0.578889
12,2023-01-03,0.521883
12,2023-01-04,0.511357
12,2023-01-05,0.54757
12,2023-01-06,0.549045
12,2023-01-09,0.573633
12,2023-01-10,0.590109
12,2023-01-11,0.639336
12,2023-01-12,0.585692
12,2023-01-13,0.579871
12,2023-01-16,0.572801
12,2023-01-17,0.524482
12,2023-01-18,0.504035
12,2023-01-19,0.515295
12,2023-01-20,0.516621
12,2023-01-23,0.505902
12,2023-01-24,0.507838
12,2023-01-25,0.507392
12,2023-01-26,0.504823
12,2023-01-27,0.526109
12,2023-01-30,0.518684
12,2023-01-31,0.538581
12,2023-02-01,0.608486
12,2023-02-02,0.5949
12,2023-02-03,0.546386
12,2023-02-06,0.569645
12,2023-02-07,0.639178
12,2023-02-08,0.519105
12,2023-02-15,0.642561
12,2023-02-16,0.544389
12,2023-02-17,0.541598
12,2023-02-20,0.584619
12,2023-02-21,0.599426
12,2023-02-22,0.486349
12,2023-02-23,0.513137
12,2023-02-24,0.499905
12,2023-02-27,0.525802
12,2023-02-28,0.501262
12,2023-03-01,0.535979
12,2023-03-02,0.498403
12,2023-03-03,0.50379
12,2023-03-06,0.518337
12,2023-03-07,0.516775
12,2023-03-08,0.525474
12,2023-03-09,0.541325
12,2023-03-10,0.509223
12,2023-03-13,0.527851
12,2023-03-14,0.486403
12,2023-03-15,0.519706
12,2023-03-16,0.513853
12,2023-03-17,0.507378
12,2023-03-20,0.560753
12,2023-03-21,0.552978
12,2023-03-22,0.516423
12,2023-03-23,0.511162
12,2023-03-24,0.505249
12,2023-03-27,0.506371
12,2023-03-28,0.572589
12,2023-03-29,0.528707
12,2023-03-30,0.530587
12,2023-03-31,0.542417
12,2023-04-03,0.545912
12,2023-04-04,0.533453
12,2023-04-05,0.505159
12,2023-04-06,0.5106
12,2023-04-07,0.524596
12,2023-04-10,0.526335
12,2023-04-11,0.500635
12,2023-04-12,0.497346
12,2023-04-13,0.493784
12,2023-04-14,0.502415
12,2023-04-17,0.493941
12,2023-04-18,0.501513
12,2023-04-19,0.528664
12,2023-04-20,0.524671
12,2023-04-24,0.508921
12,2023-04-25,0.516358
12,2023-04-26,0.559904
12,2023-04-27,0.527696
12,2023-04-28,0.593963
12,2023-05-02,0.6252
12,2023-05-03,0.635786
12,2023-05-04,0.610319
12,2023-05-05,0.609804
12,2023-05-08,0.571905
12,2023-05-09,0.569036
12,2023-05-10,0.550474
12,2023-05-11,0.568296
12,2023-05-12,0.5205
12,2023-05-15,0.560658
12,2023-05-16,0.548437
12,2023-05-17,0.525138
12,2023-05-18,0.543806
12,2023-05-22,0.552917
12,2023-05-23,0.517553
12,2023-05-24,0.516564
12,2023-05-25,0.528875
12,2023-05-26,0.516755
12,2023-05-29,0.528339
12,2023-05-30,0.521775
12,2023-05-31,0.505422
12,2023-06-01,0.513829
12,2023-06-02,0.530929
12,2023-06-05,0.547425
12,2023-06-06,0.508642
12,2023-06-07,0.517822
12,2023-06-08,0.519679
12,2023-06-09,0.538954
12,2023-06-12,0.527003
12,2023-06-13,0.502104
12,2023-06-14,0.506353
12,2023-06-15,0.5391
12,2023-06-16,0.512155
12,2023-06-19,0.482069
12,2023-06-20,0.495246
12,2023-06-21,0.490747
12,2023-06-22,0.516432
12,2023-06-23,0.51837
12,2023-06-26,0.522496
12,2023-06-27,0.539744
12,2023-07-03,0.547197
12,2023-07-04,0.52742
12,2023-07-05,0.526507
12,2023-07-06,0.522968
12,2023-07-07,0.531338
12,2023-07-10,0.533651
12,2023-07-11,0.521601
12,2023-07-12,0.52161
12,2023-07-13,0.529775
12,2023-07-14,0.528431
12,2023-07-17,0.564734
12,2023-07-18,0.519307
12,2023-07-19,0.563171
12,2023-07-20,0.548241
12,2023-07-21,0.549846
12,2023-07-24,0.581489
12,2023-07-25,0.523985
12,2023-07-26,0.556875
12,2023-07-27,0.56387
12,2023-07-28,0.565912
12,2023-07-31,0.583433
12,2023-08-01,0.527402
12,2023-08-02,0.560639
12,2023-08-03,0.575258
12,2023-08-04,0.545476
12,2023-08-07,0.556562
12,2023-08-08,0.561757
12,2023-08-09,0.580592
12,2023-08-10,0.520286
12,2023-08-11,0.578041
12,2023-08-14,0.564832
12,2023-08-15,0.555854
12,2023-08-16,0.558609
12,2023-08-17,0.582294
12,2023-08-18,0.523343
12,2023-08-21,0.603701
12,2023-08-22,0.581167
12,2023-08-23,0.54281
12,2023-08-24,0.554142
12,2023-08-25,0.565998
12,2023-08-28,0.569204
12,2023-08-29,0.571544
12,2023-08-31,0.571897
12,2023-09-01,0.586547
12,2023-09-04,0.547416
12,2023-09-05,0.579291
12,2023-09-06,0.560515
12,2023-09-07,0.584667
12,2023-09-08,0.568666
12,2023-09-11,0.577131
12,2023-09-12,0.591631
12,2023-09-13,0.540255
12,2023-09-14,0.56879
12,2023-09-15,0.563456
12,2023-09-18,0.548855
12,2023-09-19,0.589515
12,2023-09-20,0.561429
12,2023-09-21,0.574745
12,2023-09-22,0.605801
12,2023-09-25,0.619483
12,2023-09-26,0.555333
12,2023-09-27,0.574441
12,2023-09-28,0.52147
12,2023-09-29,0.537332
12,2023-10-02,0.614378
12,2023-10-03,0.541605
12,2023-10-04,0.507944
12,2023-10-05,0.550378
12,2023-10-06,0.52315
12,2023-10-09,0.525335
12,2023-10-10,0.585786
12,2023-10-11,0.514316
12,2023-10-12,0.538615
12,2023-10-13,0.516895
12,2023-10-16,0.544966
12,2023-10-17,0.556664
12,2023-10-18,0.536195
12,2023-10-19,0.549491
12,2023-10-20,0.57831
12,2023-10-23,0.567988
12,2023-10-24,0.540903
12,2023-10-25,0.629788
12,2023-10-26,0.576336
12,2023-10-27,0.541407
12,2023-10-30,0.533769
12,2023-10-31,0.571378
12,2023-11-01,0.561747
12,2023-11-02,0.53028
12,2023-11-03,0.521395
12,2023-11-06,0.521045
12,2023-11-07,0.498232
12,2023-11-08,0.50239
12,2023-11-09,0.50937
12,2023-11-10,0.506687
12,2023-11-13,0.535684
12,2023-11-14,0.521445
12,2023-11-15,0.500421
12,2023-11-16,0.514019
12,2023-11-17,0.517729
12,2023-11-20,0.511558
12,2023-11-21,0.502895
12,2023-11-22,0.484143
12,2023-11-23,0.482717
12,2023-11-24,0.509942
12,2023-11-27,0.524643
12,2023-11-28,0.500813
12,2023-11-29,0.491032
12,2023-11-30,0.501206
12,2023-12-01,0.515864
12,2023-12-04,0.531097
12,2023-12-05,0.524596
12,2023-12-06,0.533963
12,2023-12-07,0.531388
12,2023-12-08,0.517806
12,2023-12-11,0.549631
12,2023-12-12,0.543002
12,2023-12-13,0.580358
12,2023-12-14,0.537663
12,2023-12-15,0.52651
12,2023-12-18,0.546622
12,2023-12-19,0.536773
12,2023-12-20,0.550035
12,2023-12-21,0.540884
12,2023-12-22,0.554099
12,2023-12-25,0.581045
12,2023-12-26,0.598976
12,2023-12-27,0.576615
12,2023-12-28,0.562346
12,2023-12-29,0.531173
12,2024-01-02,0.535657
12,2024-01-03,0.520305
12,2024-01-04,0.511319
12,2024-01-05,0.509858
12,2024-01-08,0.517959
12,2024-01-09,0.529369
12,2024-01-10,0.521093
12,2024-01-11,0.511963
12,2024-01-12,0.515747
12,2024-01-15,0.529908
12,2024-01-16,0.510164
12,2024-01-17,0.516127
12,2024-01-18,0.513765
12,2024-01-19,0.516077
12,2024-01-22,0.520336
12,2024-01-23,0.50499
12,2024-01-24,0.519238
12,2024-01-25,0.518498
12,2024-01-26,0.51988
12,2024-01-29,0.524984
12,2024-01-30,0.51763
12,2024-01-31,0.520978
12,2024-02-01,0.52608
12,2024-02-02,0.518741
12,2024-02-05,0.540227
12,2024-02-06,0.560226
12,2024-02-07,0.523102
12,2024-02-08,0.539765
12,2024-02-09,0.531206
12,2024-02-12,0.53162
12,2024-02-13,0.506302
12,2024-02-14,0.537467
12,2024-02-15,0.534299
12,2024-02-16,0.518502
12,2024-02-19,0.509225
12,2024-02-20,0.53499
12,2024-02-21,0.523679
12,2024-02-22,0.524883
12,2024-02-23,0.529809
12,2024-02-26,0.533301
12,2024-02-27,0.537549
12,2024-02-28,0.520041
12,2024-02-29,0.544627
12,2024-03-01,0.517129
12,2024-03-04,0.54061
12,2024-03-05,0.525622
12,2024-03-06,0.54161
12,2024-03-07,0.546768
12,2024-03-08,0.509942
12,2024-03-11,0.51175
12,2024-03-12,0.517128
12,2024-03-13,0.510781
12,2024-03-14,0.519171
12,2024-03-15,0.504547
12,2024-03-18,0.535898
12,2024-03-19,0.540351
12,2024-03-20,0.510193
12,2024-03-21,0.508576
12,2024-03-22,0.516668
12,2024-03-25,0.510535
12,2024-03-26,0.548313
12,2024-03-27,0.530878
12,2024-03-28,0.537615
12,2024-03-29,0.526879
12,2024-04-01,0.514914
12,2024-04-02,0.522832
12,2024-04-03,0.516101
12,2024-04-04,0.515985
12,2024-04-05,0.547256
12,2024-04-08,0.538732
12,2024-04-09,0.498823
12,2024-04-15,0.517011
12,2024-04-16,0.512612
12,2024-04-17,0.512567
12,2024-04-18,0.514033
12,2024-04-19,0.534675
12,2024-04-22,0.506446
12,2024-04-24,0.521534
12,2024-04-25,0.510072
12,2024-04-26,0.52047
12,2024-04-29,0.523368
12,2024-04-30,0.516985
12,2024-05-02,0.531386
12,2024-05-03,0.520589
12,2024-05-06,0.512235
12,2024-05-07,0.519232
12,2024-05-08,0.517414
12,2024-05-09,0.519262
12,2024-05-10,0.514985
12,2024-05-13,0.515261
12,2024-05-14,0.534081
12,2024-05-15,0.519015
12,2024-05-16,0.529593
12,2024-05-17,0.525666
12,2024-05-20,0.526608
12,2024-05-21,0.5075
12,2024-05-22,0.542167
12,2024-05-23,0.519613
12,2024-05-24,0.52089
12,2024-05-27,0.532414
12,2024-05-28,0.526291
12,2024-05-29,0.521242
12,2024-05-30,0.522079
12,2024-05-31,0.515797
12,2024-06-03,0.534863
12,2024-06-04,0.529581
12,2024-06-05,0.54226
12,2024-06-06,0.528115
12,2024-06-07,0.542122
12,2024-06-10,0.551533
12,2024-06-11,0.542633
12,2024-06-12,0.542385
12,2024-06-13,0.525264
12,2024-06-14,0.517777
12,2024-06-20,0.530619
12,2024-06-21,0.527555
12,2024-06-24,0.529906
12,2024-06-25,0.542625
12,2024-06-26,0.514533
12,2024-06-27,0.557922
12,2024-06-28,0.536615
12,2024-07-01,0.535076
12,2024-07-02,0.539383
12,2024-07-03,0.533269
12,2024-07-04,0.530622
12,2024-07-05,0.531622
12,2024-07-08,0.520572
12,2024-07-09,0.547662
12,2024-07-10,0.536791
12,2024-07-11,0.544807
12,2024-07-12,0.540334
12,2024-07-16,0.534988
12,2024-07-17,0.530807
12,2024-07-18,0.528627
12,2024-07-19,0.528001
12,2024-07-22,0.527912
12,2024-07-23,0.516232
12,2024-07-24,0.515048
12,2024-07-25,0.505198
12,2024-07-26,0.510175
12,2024-07-29,0.516726
12,2024-07-30,0.510686
12,2024-07-31,0.515244
12,2024-08-01,0.512654
12,2024-08-02,0.526096
12,2024-08-05,0.627845
12,2024-08-06,0.621216
12,2024-08-07,0.555246
12,2024-08-08,0.541149
12,2024-08-09,0.601546
12,2024-08-12,0.605219
12,2024-08-13,0.55446
12,2024-08-14,0.571331
12,2024-08-15,0.531481
12,2024-08-16,0.541852
12,2024-08-19,0.521642
12,2024-08-20,0.510946
12,2024-08-21,0.514977
12,2024-08-22,0.516597
12,2024-08-23,0.544932
12,2024-08-26,0.577064
12,2024-08-27,0.528201
12,2024-08-28,0.52975
12,2024-08-29,0.513366
12,2024-09-02,0.520106
12,2024-09-03,0.509446
12,2024-09-04,0.505514
12,2024-09-05,0.517263
12,2024-09-06,0.511236
12,2024-09-09,0.522815
12,2024-09-10,0.541686
12,2024-09-11,0.570439
12,2024-09-12,0.547681
12,2024-09-13,0.525757
12,2024-09-16,0.513908
12,2024-09-17,0.505861
12,2024-09-18,0.514855
12,2024-09-19,0.526185
12,2024-09-20,0.51827
12,2024-09-23,0.508395
12,2024-09-24,0.513112
12,2024-09-25,0.507164
12,2024-09-26,0.512736
12,2024-09-27,0.513039
12,2024-09-30,0.505808
12,2024-10-01,0.550343
12,2024-10-02,0.602305
12,2024-10-03,0.595278
12,2024-10-04,0.555414
12,2024-10-07,0.574388
12,2024-10-08,0.560403
12,2024-10-09,0.549416
12,2024-10-10,0.566371
12,2024-10-11,0.559224
12,2024-10-14,0.598961
12,2024-10-15,0.541392
12,2024-10-16,0.525555
12,2024-10-17,0.511288
12,2024-10-18,0.540199
12,2024-10-21,0.555609
12,2024-10-22,0.526549
12,2024-10-23,0.545104
12,2024-10-24,0.51282
12,2024-10-25,0.51435
12,2024-10-28,0.53933
12,2024-10-30,0.503283
12,2024-10-31,0.499921
12,2024-11-01,0.495279
12,2024-11-04,0.533137
12,2024-11-05,0.53694
12,2024-11-06,0.526128
12,2024-11-07,0.505403
12,2024-11-08,0.524554
12,2024-11-11,0.508733
12,2024-11-12,0.516034
12,2024-11-13,0.510076
12,2024-11-14,0.529737
12,2024-11-15,0.51736
12,2024-11-18,0.524149
12,2024-11-19,0.508877
12,2024-11-20,0.503632
12,2024-11-21,0.528176
12,2024-11-22,0.54005
12,2024-11-25,0.518147
12,2024-11-26,0.513705
12,2024-11-27,0.503527
12,2024-11-28,0.508791
12,2024-11-29,0.51747
12,2024-12-02,0.521477
12,2024-12-03,0.53172
12,2024-12-04,0.507817
12,2024-12-05,0.520714
12,2024-12-06,0.521142
12,2024-12-09,0.537702
12,2024-12-10,0.497062
12,2024-12-11,0.507213
12,2024-12-12,0.525694
12,2024-12-13,0.528621
12,2024-12-16,0.502839
12,2024-12-17,0.504498
12,2024-12-18,0.492875
12,2024-12-19,0.496671
12,2024-12-20,0.521095
12,2024-12-23,0.527548
12,2024-12-24,0.516316
12,2024-12-25,0.518806
12,2024-12-26,0.514308
12,2024-12-27,0.51352
12,2024-12-30,0.505916
12,2024-12-31,0.511572
12,2025-01-02,0.518794
12,2025-01-03,0.516617
12,2025-01-06,0.51404
12,2025-01-07,0.500039
12,2025-01-08,0.49499
12,2025-01-09,0.519581
12,2025-01-10,0.514911
12,2025-01-13,0.525327
12,2025-01-14,0.534149
12,2025-01-15,0.530091
12,2025-01-16,0.541201
12,2025-01-17,0.538875
12,2025-01-20,0.52223
12,2025-01-21,0.513273
12,2025-01-22,0.540722
12,2025-01-23,0.538631
12,2025-01-24,0.508031
12,2025-01-27,0.510763
12,2025-01-28,0.512239
12,2025-01-29,0.505691
12,2025-01-30,0.511245
12,2025-01-31,0.510676
12,2025-02-03,0.533059
12,2025-02-04,0.525186
12,2025-02-05,0.562459
12,2025-02-06,0.517083
12,2025-02-07,0.519869
12,2025-02-10,0.508291
12,2025-02-11,0.506797
12,2025-02-12,0.536734
12,2025-02-13,0.507271
12,2025-02-14,0.508263
12,2025-02-17,0.529244
12,2025-02-18,0.530948
12,2025-02-19,0.531429
12,2025-02-20,0.529264
12,2025-02-21,0.542331
12,2025-02-24,0.532256
12,2025-02-25,0.575981
12,2025-02-26,0.538149
12,2025-02-27,0.52921
12,2025-02-28,0.545457
12,2025-03-03,0.515295
12,2025-03-04,0.528556
12,2025-03-05,0.534821
12,2025-03-06,0.564476
12,2025-03-07,0.539731
12,2025-03-10,0.533498
12,2025-03-11,0.532426
12,2025-03-12,0.536456
12,2025-03-13,0.547911
12,2025-03-14,0.549954
12,2025-03-17,0.545597
12,2025-03-18,0.529586
12,2025-03-19,0.576319
12,2025-03-20,0.575572
12,2025-03-21,0.653722
12,2025-03-24,0.631545
12,2025-03-25,0.583723
12,2025-03-26,0.577954
12,2025-03-27,0.557109
12,2025-03-28,0.548206
12,2025-04-02,0.545531
12,2025-04-03,0.53689
12,2025-04-04,0.547218
12,2025-04-07,0.567245
12,2025-04-08,0.519368
12,2025-04-09,0.548843
12,2025-04-10,0.568862
12,2025-04-11,0.55795
12,2025-04-14,0.556105
12,2025-04-15,0.535788
12,2025-04-16,0.54049
12,2025-04-17,0.542764
12,2025-04-18,0.538711
12,2025-04-21,0.539963
12,2025-04-22,0.54126
12,2025-04-24,0.533136
12,2025-04-25,0.524634
12,2025-04-28,0.536984
12,2025-04-29,0.538791
12,2025-04-30,0.556268
12,2025-05-02,0.56428
12,2025-05-05,0.562556
12,2025-05-06,0.559484
12,2025-05-07,0.550698
12,2025-05-08,0.549386
12,2025-05-09,0.529661
12,2025-05-12,0.525764
12,2025-05-13,0.514301
12,2025-05-14,0.508631
12,2025-05-15,0.490286
12,2025-05-16,0.518155
12,2025-05-20,0.499309
12,2025-05-21,0.531398
12,2025-05-22,0.524829
12,2025-05-23,0.509917
12,2025-05-26,0.508286
12,2025-05-27,0.515862
12,2025-05-28,0.5196
12,2025-05-29,0.525972
12,2025-05-30,0.532638
12,2025-06-02,0.556481
12,2025-06-03,0.524908
12,2025-06-04,0.523165
12,2025-06-05,0.538035
12,2025-06-10,0.518533
12,2025-06-11,0.50849
12,2025-06-12,0.516535
12,2025-06-13,0.527306
12,2025-06-16,0.523051
12,2025-06-17,0.521688
12,2025-06-18,0.560499
12,2025-06-19,0.55273
12,2025-06-20,0.518226
12,2025-06-23,0.53694
12,2025-06-24,0.538612
12,2025-06-25,0.5174
12,2025-06-26,0.507802
12,2025-06-27,0.519402
12,2025-06-30,0.559323
12,2025-07-01,0.548811
12,2025-07-02,0.53817
12,2025-07-03,0.528233
12,2025-07-04,0.535666
12,2025-07-07,0.529198
12,2025-07-08,0.52538
12,2025-07-09,0.556373
12,2025-07-10,0.549669
12,2025-07-11,0.539846
12,2025-07-14,0.542017
12,2025-07-16,0.52423
12,2025-07-17,0.547582
12,2025-07-18,0.55511
12,2025-07-21,0.567325
12,2025-07-22,0.563201
12,2025-07-23,0.517984
12,2025-07-24,0.531944
12,2025-07-25,0.532324
12,2025-07-28,0.52825
12,2025-07-29,0.536725
12,2025-07-30,0.525727
12,2025-07-31,0.550751
12,2025-08-01,0.52362
12,2025-08-04,0.542591
12,2025-08-05,0.540379
12,2025-08-06,0.535678
12,2025-08-07,0.543562
12,2025-08-08,0.516824
12,2025-08-11,0.561839
12,2025-08-12,0.538392
12,2025-08-13,0.549292
12,2025-08-14,0.546344
12,2025-08-15,0.543123
12,2025-08-18,0.54151
12,2025-08-19,0.53258
12,2025-08-20,0.54254
12,2025-08-21,0.551435
12,2025-08-22,0.534481
12,2025-08-25,0.564641
12,2025-08-26,0.5304
12,2025-08-27,0.503048
12,2025-08-28,0.529473
12,2025-08-29,0.509534
12,2025-09-01,0.538027
12,2025-09-02,0.530217
12,2025-09-03,0.55014
12,2025-09-04,0.55555
12,2025-09-05,0.53915
12,2025-09-08,0.566649
12,2025-09-09,0.573608
12,2025-09-10,0.538732
12,2025-09-11,0.558067
12,2025-09-12,0.556806
12,2025-09-15,0.553038
12,2025-09-16,0.544361
12,2025-09-17,0.505103
12,2025-09-18,0.520135
12,2025-09-19,0.530939
12,2025-09-22,0.533467
12,2025-09-23,0.518799
12,2025-09-24,0.532602
12,2025-09-25,0.522272
12,2025-09-26,0.522583
12,2025-09-29,0.520548
12,2025-09-30,0.514594
12,2025-10-01,0.525384
12,2025-10-02,0.516809
12,2025-10-03,0.542085
12,2025-10-06,0.551393
12,2025-10-07,0.531716
12,2025-10-08,0.536799
12,2025-10-09,0.563541
12,2025-10-10,0.55006
12,2025-10-13,0.543947
12,2025-10-14,0.58057
12,2025-10-15,0.574244
12,2025-10-16,0.564864
12,2025-10-17,0.569694
12,2025-10-20,0.546918
12,2025-10-21,0.529731
12,2025-10-22,0.530091
12,2025-10-23,0.520137
12,2025-10-24,0.523275
12,2025-10-27,0.534316
12,2025-10-28,0.543648
12,2025-10-30,0.517347
12,2025-10-31,0.533121
12,2025-11-03,0.54058
12,2025-11-04,0.537062
12,2025-11-05,0.54721
12,2025-11-06,0.545348
12,2025-11-07,0.52298
12,2025-11-10,0.550967
12,2025-11-11,0.543608
12,2025-11-12,0.530734
12,2025-11-13,0.5332
12,2025-11-14,0.532416
12,2025-11-17,0.519441
12,2025-11-18,0.524455
12,2025-11-19,0.525486
12,2025-11-20,0.511489
12,2025-11-21,0.532373
12,2025-11-24,0.535184
12,2025-11-25,0.526023
12,2025-11-26,0.522094
12,2025-11-27,0.520649
12,2025-11-28,0.538939
12,2025-12-01,0.552853
12,2025-12-02,0.538742
12,2025-12-03,0.521749
12,2025-12-04,0.512247
12,2025-12-05,0.514537
12,2025-12-08,0.531346
12,2025-12-09,0.543089
12,2025-12-10,0.5172
12,2025-12-11,0.521032
12,2025-12-12,0.525239
12,2025-12-15,0.524078
12,2025-12-16,0.535942
12,2025-12-17,0.538226
12,2025-12-18,0.532259
12,2025-12-19,0.525938
12,2025-12-22,0.526493
12,2025-12-23,0.541293
12,2025-12-24,0.530975
12,2025-12-25,0.53016
12,2025-12-26,0.534628
12,2025-12-29,0.527238
12,2025-12-30,0.519567
12,2025-12-31,0.529993
12,2026-01-02,0.536944
12,2026-01-05,0.532969
12,2026-01-06,0.528243
12,2026-01-07,0.508692
12,2026-01-08,0.542485
12,2026-01-09,0.548439
12,2026-01-12,0.547623
12,2026-01-13,0.545778
12,2026-01-14,0.5408
12,2026-01-15,0.568403
12,2026-01-16,0.548932
12,2026-01-19,0.546932
12,2026-01-20,0.544418
12,2026-01-21,0.53688
12,2026-01-22,0.566087
12,2026-01-23,0.546567
12,2026-01-26,0.552942
12,2026-01-27,0.540376
12,2026-01-28,0.554526
12,2026-01-29,0.543519
12,2026-01-30,0.539666
12,2026-02-02,0.537517
12,2026-02-03,0.543761
12,2026-02-04,0.526688
12,2026-02-05,0.525835
12,2026-02-06,0.534587
12,2026-02-09,0.55589
12,2026-02-10,0.535127
12,2026-02-11,0.543936
12,2026-02-12,0.561507
12,2026-02-13,0.554545
12,2026-02-16,0.557791
12,2026-02-17,0.537275
12,2026-02-18,0.540258
12,2026-02-19,0.533302
12,2026-02-20,0.547357
12,2026-02-23,0.571007
12,2026-02-24,0.540173
12,2026-02-25,0.536515
12,2026-02-26,0.533673
12,2026-02-27,0.521443
12,2026-03-02,0.560403
12,2026-03-03,0.593608
12,2026-03-04,0.577472
12,2026-03-05,0.579629
12,2026-03-06,0.629714
12,2026-03-09,0.590276
12,2026-03-10,0.555595
12,2026-03-11,0.557078
12,2026-03-12,0.533105
12,2026-03-13,0.531137
12,2026-03-16,0.528523
12,2026-03-17,0.548708
12,2026-03-18,0.523509
12,2026-03-19,0.521796
12,2026-03-23,0.53948
12,2026-03-24,0.527671
12,2026-03-25,0.537827
12,2026-03-26,0.541476
12,2026-03-27,0.567445
12,2026-03-30,0.56552
12,2026-03-31,0.528519
12,2026-04-01,0.537715
12,2026-04-02,0.541164
12,2026-04-03,0.540639
12,2026-04-06,0.532685
12,2026-04-07,0.537182
12,2026-04-08,0.525896
12,2026-04-09,0.552206
12,2026-04-10,0.579078
12,2026-04-13,0.552713
12,2026-04-14,0.556776
12,2026-04-15,0.583907
12,2026-04-16,0.56009
12,2026-04-17,0.574552
12,2026-04-20,0.550048
12,2026-04-21,0.541828
12,2026-04-22,0.5261
12,2026-04-24,0.57184
12,2026-04-27,0.56524
12,2026-04-28,0.538903
12,2026-04-29,0.561857
12,2026-04-30,0.565035
12,2026-05-04,0.53628
12,2026-05-05,0.563811
12,2026-05-06,0.565206
12,2026-05-07,0.575319
12,2026-05-08,0.557162
12,2026-05-11,0.553208
12,2026-05-12,0.572462
12,2026-05-13,0.561057
12,2026-05-14,0.560713
12,2026-05-15,0.536625
12,2026-05-18,0.548996
12,2026-05-20,0.588834
12,2026-05-21,0.629347
12,2026-05-22,0.60418
12,2026-05-25,0.587085
12,2026-05-26,0.548734
12,2026-06-01,0.549094
12,2026-06-02,0.577884
12,2026-06-03,0.520327
12,2026-06-04,0.536572
12,2026-06-05,0.530738
12,2026-06-08,0.528914
12,2026-06-09,0.554118
12,2026-06-10,0.567605
12,2026-06-11,0.556625
12,2026-06-12,0.527869
12,2026-06-15,0.549592
12,2026-06-16,0.556194
12,2026-06-17,0.542503
12,2026-06-18,0.556872
12,2026-06-19,0.54322
12,2026-06-22,0.578993
12,2026-06-23,0.551674
12,2026-06-24,0.545217
12,2026-06-25,0.538398
12,2026-06-26,0.541585
12,2026-06-29,0.55061
12,2026-06-30,0.554096
12,2026-07-01,0.560152
12,2026-07-02,0.555862
12,2026-07-03,0.552644
12,2026-07-06,0.536757
12,2026-07-07,0.561177
12,2026-07-08,0.572089
12,2026-07-09,0.569074
12,2026-07-10,0.552322
12,2026-07-13,0.577166
12,2026-07-14,0.56147
20,2020-06-01,0.547029
20,2020-06-02,0.525987
20,2020-06-03,0.53511
20,2020-06-04,0.530523
20,2020-06-05,0.533755
20,2020-06-08,0.524528
20,2020-06-09,0.533804
20,2020-06-10,0.537326
20,2020-06-11,0.528463
20,2020-06-12,0.539921
20,2020-06-15,0.542421
20,2020-06-16,0.527554
20,2020-06-17,0.532391
20,2020-06-18,0.537819
20,2020-06-19,0.519891
20,2020-06-22,0.542674
20,2020-06-23,0.533156
20,2020-06-24,0.541002
20,2020-06-25,0.542277
20,2020-06-26,0.553399
20,2020-06-29,0.566627
20,2020-06-30,0.558686
20,2020-07-01,0.548117
20,2020-07-02,0.564254
20,2020-07-03,0.554995
20,2020-07-06,0.595562
20,2020-07-07,0.561565
20,2020-07-08,0.546676
20,2020-07-09,0.526123
20,2020-07-10,0.556722
20,2020-07-13,0.619881
20,2020-07-14,0.557716
20,2020-07-16,0.575614
20,2020-07-17,0.585584
20,2020-07-20,0.584398
20,2020-07-21,0.549038
20,2020-07-22,0.546462
20,2020-07-23,0.55548
20,2020-07-24,0.552765
20,2020-07-27,0.552172
20,2020-07-28,0.516361
20,2020-07-29,0.549259
20,2020-07-30,0.563186
20,2020-08-04,0.618346
20,2020-08-05,0.580529
20,2020-08-06,0.650778
20,2020-08-07,0.601799
20,2020-08-10,0.578925
20,2020-08-11,0.54797
20,2020-08-12,0.54432
20,2020-08-13,0.538868
20,2020-08-14,0.510765
20,2020-08-17,0.512887
20,2020-08-18,0.511799
20,2020-08-19,0.523703
20,2020-08-20,0.524744
20,2020-08-21,0.489108
20,2020-08-24,0.527525
20,2020-08-25,0.49465
20,2020-08-26,0.506362
20,2020-08-27,0.514904
20,2020-08-28,0.496272
20,2020-08-31,0.498434
20,2020-09-01,0.515526
20,2020-09-02,0.529198
20,2020-09-03,0.506496
20,2020-09-04,0.510091
20,2020-09-07,0.529492
20,2020-09-08,0.529213
20,2020-09-09,0.542857
20,2020-09-10,0.48857
20,2020-09-11,0.502564
20,2020-09-14,0.498774
20,2020-09-15,0.494693
20,2020-09-16,0.505102
20,2020-09-17,0.508567
20,2020-09-18,0.516571
20,2020-09-21,0.505079
20,2020-09-22,0.519282
20,2020-09-23,0.510133
20,2020-09-24,0.50078
20,2020-09-25,0.501224
20,2020-09-28,0.514009
20,2020-09-29,0.510978
20,2020-09-30,0.537468
20,2020-10-01,0.489132
20,2020-10-02,0.515008
20,2020-10-05,0.549614
20,2020-10-06,0.518642
20,2020-10-07,0.534517
20,2020-10-08,0.533608
20,2020-10-09,0.53835
20,2020-10-12,0.562279
20,2020-10-13,0.528484
20,2020-10-14,0.511349
20,2020-10-15,0.519146
20,2020-10-16,0.539393
20,2020-10-19,0.562697
20,2020-10-20,0.567649
20,2020-10-21,0.503317
20,2020-10-22,0.504535
20,2020-10-23,0.491649
20,2020-10-26,0.540192
20,2020-10-27,0.543596
20,2020-10-28,0.545546
20,2020-10-30,0.566975
20,2020-11-02,0.542271
20,2020-11-03,0.526025
20,2020-11-04,0.524376
20,2020-11-05,0.512515
20,2020-11-06,0.504908
20,2020-11-09,0.512019
20,2020-11-10,0.512062
20,2020-11-11,0.517496
20,2020-11-12,0.479892
20,2020-11-13,0.541125
20,2020-11-16,0.509189
20,2020-11-17,0.481762
20,2020-11-18,0.538868
20,2020-11-19,0.532552
20,2020-11-20,0.524558
20,2020-11-23,0.496241
20,2020-11-24,0.526703
20,2020-11-25,0.503943
20,2020-11-26,0.55806
20,2020-11-27,0.504072
20,2020-11-30,0.493572
20,2020-12-01,0.530073
20,2020-12-02,0.511941
20,2020-12-03,0.52206
20,2020-12-04,0.507124
20,2020-12-07,0.494836
20,2020-12-08,0.50006
20,2020-12-09,0.508593
20,2020-12-10,0.497845
20,2020-12-11,0.524971
20,2020-12-14,0.521684
20,2020-12-15,0.51173
20,2020-12-16,0.503146
20,2020-12-17,0.521089
20,2020-12-18,0.534253
20,2020-12-21,0.515577
20,2020-12-22,0.528844
20,2020-12-23,0.531722
20,2020-12-24,0.505001
20,2020-12-25,0.500827
20,2020-12-28,0.511536
20,2020-12-29,0.508842
20,2020-12-30,0.518721
20,2020-12-31,0.526345
20,2021-01-04,0.520389
20,2021-01-05,0.495409
20,2021-01-06,0.525477
20,2021-01-07,0.519793
20,2021-01-08,0.532338
20,2021-01-11,0.500757
20,2021-01-12,0.517277
20,2021-01-13,0.502391
20,2021-01-14,0.49709
20,2021-01-15,0.49373
20,2021-01-18,0.544704
20,2021-01-19,0.514987
20,2021-01-20,0.523374
20,2021-01-21,0.500912
20,2021-01-22,0.51614
20,2021-01-25,0.531293
20,2021-01-26,0.509602
20,2021-01-27,0.517414
20,2021-01-28,0.532363
20,2021-01-29,0.521523
20,2021-02-01,0.520508
20,2021-02-02,0.51813
20,2021-02-03,0.50942
20,2021-02-04,0.506314
20,2021-02-05,0.498703
20,2021-02-08,0.514593
20,2021-02-09,0.49955
20,2021-02-10,0.503471
20,2021-02-11,0.507496
20,2021-02-12,0.505196
20,2021-02-15,0.513792
20,2021-02-16,0.506457
20,2021-02-17,0.5034
20,2021-02-18,0.525114
20,2021-02-19,0.525595
20,2021-02-22,0.488869
20,2021-02-23,0.497025
20,2021-02-24,0.54011
20,2021-02-25,0.542699
20,2021-02-26,0.547066
20,2021-03-01,0.540154
20,2021-03-02,0.503601
20,2021-03-03,0.498268
20,2021-03-04,0.516098
20,2021-03-05,0.509488
20,2021-03-08,0.507423
20,2021-03-09,0.513802
20,2021-03-10,0.530222
20,2021-03-11,0.502439
20,2021-03-12,0.504406
20,2021-03-15,0.513916
20,2021-03-16,0.519436
20,2021-03-17,0.498419
20,2021-03-18,0.488857
20,2021-03-19,0.517493
20,2021-03-22,0.623681
20,2021-03-23,0.634806
20,2021-03-24,0.602513
20,2021-03-25,0.616813
20,2021-03-26,0.631132
20,2021-03-29,0.570029
20,2021-03-30,0.537521
20,2021-03-31,0.535855
20,2021-04-01,0.536263
20,2021-04-02,0.500337
20,2021-04-05,0.515131
20,2021-04-06,0.516831
20,2021-04-07,0.5005
20,2021-04-08,0.514203
20,2021-04-09,0.523943
20,2021-04-12,0.532103
20,2021-04-13,0.542695
20,2021-04-14,0.522466
20,2021-04-15,0.512796
20,2021-04-16,0.518605
20,2021-04-19,0.546681
20,2021-04-20,0.532516
20,2021-04-21,0.565363
20,2021-04-22,0.547658
20,2021-04-26,0.547682
20,2021-04-27,0.525514
20,2021-04-28,0.518094
20,2021-04-29,0.522096
20,2021-04-30,0.514967
20,2021-05-03,0.534186
20,2021-05-04,0.508536
20,2021-05-05,0.49851
20,2021-05-06,0.501617
20,2021-05-07,0.513534
20,2021-05-10,0.529427
20,2021-05-11,0.510083
20,2021-05-12,0.530848
20,2021-05-17,0.511603
20,2021-05-18,0.50833
20,2021-05-20,0.503761
20,2021-05-21,0.503596
20,2021-05-24,0.49611
20,2021-05-25,0.513155
20,2021-05-26,0.513212
20,2021-05-27,0.501332
20,2021-05-28,0.511547
20,2021-05-31,0.512508
20,2021-06-01,0.513986
20,2021-06-02,0.508925
20,2021-06-03,0.494968
20,2021-06-04,0.506773
20,2021-06-07,0.505668
20,2021-06-08,0.497937
20,2021-06-09,0.494362
20,2021-06-10,0.504209
20,2021-06-11,0.496595
20,2021-06-14,0.486389
20,2021-06-15,0.495567
20,2021-06-16,0.505314
20,2021-06-17,0.516837
20,2021-06-18,0.535264
20,2021-06-21,0.529083
20,2021-06-22,0.508038
20,2021-06-23,0.504538
20,2021-06-24,0.507602
20,2021-06-25,0.501035
20,2021-06-28,0.528485
20,2021-06-29,0.515778
20,2021-06-30,0.541522
20,2021-07-01,0.514856
20,2021-07-02,0.51132
20,2021-07-05,0.511481
20,2021-07-06,0.486705
20,2021-07-07,0.494779
20,2021-07-08,0.48207
20,2021-07-09,0.493515
20,2021-07-12,0.522174
20,2021-07-13,0.532854
20,2021-07-14,0.51441
20,2021-07-16,0.503718
20,2021-07-19,0.518296
20,2021-07-26,0.513296
20,2021-07-27,0.495017
20,2021-07-28,0.490849
20,2021-07-29,0.496644
20,2021-07-30,0.497107
20,2021-08-02,0.492625
20,2021-08-03,0.503542
20,2021-08-04,0.491707
20,2021-08-05,0.502834
20,2021-08-06,0.493735
20,2021-08-09,0.495651
20,2021-08-10,0.500217
20,2021-08-11,0.485091
20,2021-08-12,0.51055
20,2021-08-13,0.503972
20,2021-08-16,0.513291
20,2021-08-17,0.504689
20,2021-08-18,0.495423
20,2021-08-19,0.501604
20,2021-08-20,0.501154
20,2021-08-23,0.510536
20,2021-08-24,0.490017
20,2021-08-25,0.495879
20,2021-08-26,0.489679
20,2021-08-27,0.506963
20,2021-08-31,0.501025
20,2021-09-01,0.503988
20,2021-09-02,0.504279
20,2021-09-03,0.485453
20,2021-09-06,0.501965
20,2021-09-07,0.476525
20,2021-09-08,0.479059
20,2021-09-09,0.503886
20,2021-09-10,0.476077
20,2021-09-13,0.491701
20,2021-09-14,0.489732
20,2021-09-15,0.490127
20,2021-09-16,0.499733
20,2021-09-17,0.502512
20,2021-09-20,0.52394
20,2021-09-21,0.530628
20,2021-09-22,0.513198
20,2021-09-23,0.507036
20,2021-09-24,0.526245
20,2021-09-27,0.507607
20,2021-09-28,0.517313
20,2021-09-29,0.502184
20,2021-09-30,0.502755
20,2021-10-01,0.505126
20,2021-10-04,0.497419
20,2021-10-05,0.500779
20,2021-10-06,0.528617
20,2021-10-07,0.513269
20,2021-10-08,0.517621
20,2021-10-11,0.511593
20,2021-10-12,0.506551
20,2021-10-13,0.506006
20,2021-10-14,0.510618
20,2021-10-15,0.501477
20,2021-10-18,0.523512
20,2021-10-19,0.515399
20,2021-10-20,0.502614
20,2021-10-21,0.515347
20,2021-10-22,0.536573
20,2021-10-25,0.53468
20,2021-10-26,0.515538
20,2021-10-27,0.522663
20,2021-10-28,0.531647
20,2021-11-01,0.532328
20,2021-11-02,0.510159
20,2021-11-03,0.520232
20,2021-11-04,0.546679
20,2021-11-05,0.520076
20,2021-11-08,0.55156
20,2021-11-09,0.52449
20,2021-11-10,0.525582
20,2021-11-11,0.522307
20,2021-11-12,0.54352
20,2021-11-15,0.582473
20,2021-11-16,0.510068
20,2021-11-17,0.558148
20,2021-11-18,0.545357
20,2021-11-19,0.548082
20,2021-11-22,0.548048
20,2021-11-23,0.512437
20,2021-11-24,0.553218
20,2021-11-25,0.529991
20,2021-11-26,0.514908
20,2021-11-29,0.546817
20,2021-11-30,0.527297
20,2021-12-01,0.543208
20,2021-12-02,0.54043
20,2021-12-03,0.536582
20,2021-12-06,0.550293
20,2021-12-07,0.537368
20,2021-12-08,0.530748
20,2021-12-09,0.526683
20,2021-12-10,0.531634
20,2021-12-13,0.538288
20,2021-12-14,0.533673
20,2021-12-15,0.517287
20,2021-12-16,0.558416
20,2021-12-17,0.467361
20,2021-12-20,0.506647
20,2021-12-21,0.54057
20,2021-12-22,0.565079
20,2021-12-23,0.580471
20,2021-12-24,0.548397
20,2021-12-27,0.523843
20,2021-12-28,0.547979
20,2021-12-29,0.532915
20,2021-12-30,0.527335
20,2021-12-31,0.513192
20,2022-01-03,0.511365
20,2022-01-04,0.498018
20,2022-01-05,0.51322
20,2022-01-06,0.504572
20,2022-01-07,0.513211
20,2022-01-10,0.505447
20,2022-01-11,0.48592
20,2022-01-12,0.502762
20,2022-01-13,0.500967
20,2022-01-14,0.540125
20,2022-01-17,0.518509
20,2022-01-18,0.471663
20,2022-01-19,0.533268
20,2022-01-20,0.488012
20,2022-01-21,0.502288
20,2022-01-24,0.514778
20,2022-01-25,0.506053
20,2022-01-26,0.508482
20,2022-01-27,0.521774
20,2022-01-28,0.491451
20,2022-01-31,0.502971
20,2022-02-01,0.500873
20,2022-02-02,0.483927
20,2022-02-03,0.492281
20,2022-02-04,0.494865
20,2022-02-07,0.508923
20,2022-02-08,0.49991
20,2022-02-09,0.509791
20,2022-02-10,0.500871
20,2022-02-11,0.514993
20,2022-02-14,0.498093
20,2022-02-15,0.526486
20,2022-02-16,0.512287
20,2022-02-17,0.484596
20,2022-02-18,0.527443
20,2022-02-21,0.498743
20,2022-02-22,0.513216
20,2022-02-23,0.498877
20,2022-02-24,0.609526
20,2022-02-25,0.563765
20,2022-02-28,0.548314
20,2022-03-01,0.546368
20,2022-03-02,0.533026
20,2022-03-03,0.515254
20,2022-03-04,0.510464
20,2022-03-07,0.516792
20,2022-03-08,0.511288
20,2022-03-09,0.520995
20,2022-03-10,0.497887
20,2022-03-11,0.516761
20,2022-03-14,0.523466
20,2022-03-15,0.505505
20,2022-03-16,0.506342
20,2022-03-17,0.522426
20,2022-03-18,0.523506
20,2022-03-21,0.534836
20,2022-03-22,0.536966
20,2022-03-23,0.522506
20,2022-03-24,0.51903
20,2022-03-25,0.527591
20,2022-03-28,0.517394
20,2022-03-29,0.517937
20,2022-03-30,0.524629
20,2022-03-31,0.525926
20,2022-04-01,0.528333
20,2022-04-04,0.536424
20,2022-04-05,0.525777
20,2022-04-06,0.524688
20,2022-04-07,0.54685
20,2022-04-08,0.538575
20,2022-04-11,0.535509
20,2022-04-12,0.530944
20,2022-04-13,0.514727
20,2022-04-14,0.535614
20,2022-04-15,0.544048
20,2022-04-18,0.53025
20,2022-04-19,0.513542
20,2022-04-20,0.530959
20,2022-04-21,0.534976
20,2022-04-22,0.495082
20,2022-04-25,0.515843
20,2022-04-26,0.500409
20,2022-04-27,0.51763
20,2022-04-28,0.522878
20,2022-04-29,0.514449
20,2022-05-05,0.516029
20,2022-05-06,0.518213
20,2022-05-09,0.523168
20,2022-05-10,0.52543
20,2022-05-11,0.497613
20,2022-05-12,0.521315
20,2022-05-13,0.52764
20,2022-05-16,0.509558
20,2022-05-17,0.511581
20,2022-05-18,0.511121
20,2022-05-20,0.523249
20,2022-05-23,0.513446
20,2022-05-24,0.510046
20,2022-05-25,0.516672
20,2022-05-26,0.521522
20,2022-05-27,0.502497
20,2022-05-30,0.541636
20,2022-05-31,0.521032
20,2022-06-01,0.531395
20,2022-06-02,0.52809
20,2022-06-03,0.533818
20,2022-06-06,0.537229
20,2022-06-07,0.539552
20,2022-06-08,0.489885
20,2022-06-09,0.551158
20,2022-06-10,0.537002
20,2022-06-13,0.514654
20,2022-06-14,0.520688
20,2022-06-15,0.539452
20,2022-06-16,0.524809
20,2022-06-17,0.543605
20,2022-06-20,0.529235
20,2022-06-21,0.531979
20,2022-06-22,0.526304
20,2022-06-23,0.519667
20,2022-06-24,0.513849
20,2022-06-27,0.527845
20,2022-06-28,0.505947
20,2022-06-29,0.546318
20,2022-06-30,0.526421
20,2022-07-01,0.540838
20,2022-07-04,0.54836
20,2022-07-05,0.547927
20,2022-07-06,0.523179
20,2022-07-07,0.530075
20,2022-07-08,0.541146
20,2022-07-13,0.531943
20,2022-07-14,0.510234
20,2022-07-18,0.524413
20,2022-07-19,0.523056
20,2022-07-20,0.509751
20,2022-07-21,0.501798
20,2022-07-22,0.49889
20,2022-07-25,0.530364
20,2022-07-26,0.50563
20,2022-07-27,0.526043
20,2022-07-28,0.514106
20,2022-07-29,0.536651
20,2022-08-01,0.559456
20,2022-08-02,0.508864
20,2022-08-03,0.554784
20,2022-08-04,0.542419
20,2022-08-05,0.523392
20,2022-08-08,0.542655
20,2022-08-09,0.523444
20,2022-08-10,0.554717
20,2022-08-11,0.537432
20,2022-08-12,0.537072
20,2022-08-15,0.551318
20,2022-08-16,0.543375
20,2022-08-17,0.550191
20,2022-08-18,0.542579
20,2022-08-19,0.53627
20,2022-08-22,0.549306
20,2022-08-23,0.546231
20,2022-08-24,0.50907
20,2022-08-25,0.549197
20,2022-08-26,0.542513
20,2022-08-29,0.533072
20,2022-08-31,0.546703
20,2022-09-01,0.531008
20,2022-09-02,0.56911
20,2022-09-05,0.580707
20,2022-09-06,0.560248
20,2022-09-07,0.52968
20,2022-09-08,0.537153
20,2022-09-09,0.573679
20,2022-09-12,0.591181
20,2022-09-13,0.482308
20,2022-09-14,0.568462
20,2022-09-15,0.505944
20,2022-09-16,0.535366
20,2022-09-19,0.492121
20,2022-09-20,0.522696
20,2022-09-21,0.525739
20,2022-09-22,0.508505
20,2022-09-23,0.529437
20,2022-09-26,0.515408
20,2022-09-27,0.505707
20,2022-09-28,0.503947
20,2022-09-29,0.530926
20,2022-09-30,0.528771
20,2022-10-03,0.565353
20,2022-10-04,0.540491
20,2022-10-05,0.523492
20,2022-10-06,0.536473
20,2022-10-07,0.535918
20,2022-10-10,0.553076
20,2022-10-11,0.530354
20,2022-10-12,0.513298
20,2022-10-13,0.536385
20,2022-10-14,0.567055
20,2022-10-17,0.587548
20,2022-10-18,0.517035
20,2022-10-19,0.551379
20,2022-10-20,0.544373
20,2022-10-21,0.551831
20,2022-10-24,0.53645
20,2022-10-25,0.534258
20,2022-10-26,0.55643
20,2022-10-27,0.527027
20,2022-10-28,0.549855
20,2022-10-31,0.5597
20,2022-11-01,0.549128
20,2022-11-02,0.532347
20,2022-11-03,0.537949
20,2022-11-04,0.548607
20,2022-11-07,0.549889
20,2022-11-08,0.544157
20,2022-11-09,0.552326
20,2022-11-10,0.551296
20,2022-11-11,0.560936
20,2022-11-14,0.598852
20,2022-11-15,0.557179
20,2022-11-16,0.531312
20,2022-11-17,0.495813
20,2022-11-18,0.552444
20,2022-11-21,0.558656
20,2022-11-22,0.572782
20,2022-11-23,0.55406
20,2022-11-24,0.533793
20,2022-11-25,0.556194
20,2022-11-28,0.535376
20,2022-11-29,0.545835
20,2022-11-30,0.552477
20,2022-12-01,0.558263
20,2022-12-02,0.52936
20,2022-12-05,0.5475
20,2022-12-06,0.549902
20,2022-12-07,0.503451
20,2022-12-08,0.543814
20,2022-12-09,0.573131
20,2022-12-12,0.571218
20,2022-12-13,0.557683
20,2022-12-14,0.507668
20,2022-12-15,0.560165
20,2022-12-16,0.556512
20,2022-12-19,0.574653
20,2022-12-20,0.546411
20,2022-12-21,0.538283
20,2022-12-22,0.532806
20,2022-12-23,0.548264
20,2022-12-26,0.541996
20,2022-12-27,0.510321
20,2022-12-28,0.496415
20,2022-12-29,0.553426
20,2022-12-30,0.521426
20,2023-01-02,0.558377
20,2023-01-03,0.511584
20,2023-01-04,0.500289
20,2023-01-05,0.535011
20,2023-01-06,0.539488
20,2023-01-09,0.560611
20,2023-01-10,0.577963
20,2023-01-11,0.63027
20,2023-01-12,0.577776
20,2023-01-13,0.570228
20,2023-01-16,0.559941
20,2023-01-17,0.517445
20,2023-01-18,0.499382
20,2023-01-19,0.507682
20,2023-01-20,0.507076
20,2023-01-23,0.490917
20,2023-01-24,0.498456
20,2023-01-25,0.500768
20,2023-01-26,0.498565
20,2023-01-27,0.518432
20,2023-01-30,0.511336
20,2023-01-31,0.531384
20,2023-02-01,0.596074
20,2023-02-02,0.585805
20,2023-02-03,0.538898
20,2023-02-06,0.560018
20,2023-02-07,0.631406
20,2023-02-08,0.513323
20,2023-02-15,0.631009
20,2023-02-16,0.525431
20,2023-02-17,0.526857
20,2023-02-20,0.557025
20,2023-02-21,0.553123
20,2023-02-22,0.474373
20,2023-02-23,0.500332
20,2023-02-24,0.484902
20,2023-02-27,0.509838
20,2023-02-28,0.489068
20,2023-03-01,0.522547
20,2023-03-02,0.490925
20,2023-03-03,0.492641
20,2023-03-06,0.51048
20,2023-03-07,0.506724
20,2023-03-08,0.517012
20,2023-03-09,0.525286
20,2023-03-10,0.498727
20,2023-03-13,0.508913
20,2023-03-14,0.477402
20,2023-03-15,0.509178
20,2023-03-16,0.507901
20,2023-03-17,0.497879
20,2023-03-20,0.543226
20,2023-03-21,0.536056
20,2023-03-22,0.5098
20,2023-03-23,0.506153
20,2023-03-24,0.49702
20,2023-03-27,0.50028
20,2023-03-28,0.56237
20,2023-03-29,0.520546
20,2023-03-30,0.522405
20,2023-03-31,0.534456
20,2023-04-03,0.536653
20,2023-04-04,0.524471
20,2023-04-05,0.497078
20,2023-04-06,0.504652
20,2023-04-07,0.513361
20,2023-04-10,0.515661
20,2023-04-11,0.493764
20,2023-04-12,0.491062
20,2023-04-13,0.484078
20,2023-04-14,0.490142
20,2023-04-17,0.484027
20,2023-04-18,0.493627
20,2023-04-19,0.517518
20,2023-04-20,0.517244
20,2023-04-24,0.496894
20,2023-04-25,0.507239
20,2023-04-26,0.550189
20,2023-04-27,0.519065
20,2023-04-28,0.580709
20,2023-05-02,0.615639
20,2023-05-03,0.624213
20,2023-05-04,0.59843
20,2023-05-05,0.596841
20,2023-05-08,0.562421
20,2023-05-09,0.560252
20,2023-05-10,0.541514
20,2023-05-11,0.552355
20,2023-05-12,0.509402
20,2023-05-15,0.549282
20,2023-05-16,0.537145
20,2023-05-17,0.51506
20,2023-05-18,0.528847
20,2023-05-22,0.541289
20,2023-05-23,0.50993
20,2023-05-24,0.509777
20,2023-05-25,0.516912
20,2023-05-26,0.507676
20,2023-05-29,0.514959
20,2023-05-30,0.514817
20,2023-05-31,0.496875
20,2023-06-01,0.508288
20,2023-06-02,0.518002
20,2023-06-05,0.53485
20,2023-06-06,0.50414
20,2023-06-07,0.512075
20,2023-06-08,0.515713
20,2023-06-09,0.531108
20,2023-06-12,0.512374
20,2023-06-13,0.493019
20,2023-06-14,0.489807
20,2023-06-15,0.52968
20,2023-06-16,0.499915
20,2023-06-19,0.471843
20,2023-06-20,0.489723
20,2023-06-21,0.484562
20,2023-06-22,0.509955
20,2023-06-23,0.512907
20,2023-06-26,0.516555
20,2023-06-27,0.533733
20,2023-07-03,0.535633
20,2023-07-04,0.515243
20,2023-07-05,0.520867
20,2023-07-06,0.513312
20,2023-07-07,0.525227
20,2023-07-10,0.523402
20,2023-07-11,0.514822
20,2023-07-12,0.513659
20,2023-07-13,0.518426
20,2023-07-14,0.524825
20,2023-07-17,0.548201
20,2023-07-18,0.504065
20,2023-07-19,0.550594
20,2023-07-20,0.536826
20,2023-07-21,0.535549
20,2023-07-24,0.552559
20,2023-07-25,0.513476
20,2023-07-26,0.544649
20,2023-07-27,0.547148
20,2023-07-28,0.547599
20,2023-07-31,0.55802
20,2023-08-01,0.520308
20,2023-08-02,0.542767
20,2023-08-03,0.54952
20,2023-08-04,0.538796
20,2023-08-07,0.546262
20,2023-08-08,0.540675
20,2023-08-09,0.559981
20,2023-08-10,0.504931
20,2023-08-11,0.566648
20,2023-08-14,0.545376
20,2023-08-15,0.541763
20,2023-08-16,0.545764
20,2023-08-17,0.566499
20,2023-08-18,0.507338
20,2023-08-21,0.588387
20,2023-08-22,0.555615
20,2023-08-23,0.522058
20,2023-08-24,0.530001
20,2023-08-25,0.550732
20,2023-08-28,0.545822
20,2023-08-29,0.545116
20,2023-08-31,0.551461
20,2023-09-01,0.567358
20,2023-09-04,0.528514
20,2023-09-05,0.558501
20,2023-09-06,0.540682
20,2023-09-07,0.563952
20,2023-09-08,0.549967
20,2023-09-11,0.543987
20,2023-09-12,0.560071
20,2023-09-13,0.517961
20,2023-09-14,0.544934
20,2023-09-15,0.531964
20,2023-09-18,0.532865
20,2023-09-19,0.55741
20,2023-09-20,0.536526
20,2023-09-21,0.55078
20,2023-09-22,0.569917
20,2023-09-25,0.58303
20,2023-09-26,0.525003
20,2023-09-27,0.540796
20,2023-09-28,0.50432
20,2023-09-29,0.523765
20,2023-10-02,0.57367
20,2023-10-03,0.521875
20,2023-10-04,0.491196
20,2023-10-05,0.531709
20,2023-10-06,0.51116
20,2023-10-09,0.50604
20,2023-10-10,0.559601
20,2023-10-11,0.498165
20,2023-10-12,0.514639
20,2023-10-13,0.506459
20,2023-10-16,0.534557
20,2023-10-17,0.53793
20,2023-10-18,0.526021
20,2023-10-19,0.537981
20,2023-10-20,0.568228
20,2023-10-23,0.552246
20,2023-10-24,0.525187
20,2023-10-25,0.615589
20,2023-10-26,0.560802
20,2023-10-27,0.52945
20,2023-10-30,0.52256
20,2023-10-31,0.561182
20,2023-11-01,0.54989
20,2023-11-02,0.521545
20,2023-11-03,0.512135
20,2023-11-06,0.510093
20,2023-11-07,0.489818
20,2023-11-08,0.49208
20,2023-11-09,0.500551
20,2023-11-10,0.496319
20,2023-11-13,0.52192
20,2023-11-14,0.51025
20,2023-11-15,0.492181
20,2023-11-16,0.504534
20,2023-11-17,0.507637
20,2023-11-20,0.501766
20,2023-11-21,0.495428
20,2023-11-22,0.478551
20,2023-11-23,0.475426
20,2023-11-24,0.501877
20,2023-11-27,0.510707
20,2023-11-28,0.493098
20,2023-11-29,0.484243
20,2023-11-30,0.494534
20,2023-12-01,0.505995
20,2023-12-04,0.516742
20,2023-12-05,0.507954
20,2023-12-06,0.524802
20,2023-12-07,0.52136
20,2023-12-08,0.507421
20,2023-12-11,0.541393
20,2023-12-12,0.533742
20,2023-12-13,0.571318
20,2023-12-14,0.531425
20,2023-12-15,0.518733
20,2023-12-18,0.538783
20,2023-12-19,0.52892
20,2023-12-20,0.543086
20,2023-12-21,0.531558
20,2023-12-22,0.547896
20,2023-12-25,0.570539
20,2023-12-26,0.583336
20,2023-12-27,0.562972
20,2023-12-28,0.549699
20,2023-12-29,0.52174
20,2024-01-02,0.519541
20,2024-01-03,0.509579
20,2024-01-04,0.503299
20,2024-01-05,0.500521
20,2024-01-08,0.506631
20,2024-01-09,0.506631
20,2024-01-10,0.511467
20,2024-01-11,0.502163
20,2024-01-12,0.507537
20,2024-01-15,0.518584
20,2024-01-16,0.501585
20,2024-01-17,0.507601
20,2024-01-18,0.505316
20,2024-01-19,0.503762
20,2024-01-22,0.5105
20,2024-01-23,0.492899
20,2024-01-24,0.512297
20,2024-01-25,0.512229
20,2024-01-26,0.513283
20,2024-01-29,0.515065
20,2024-01-30,0.510859
20,2024-01-31,0.512113
20,2024-02-01,0.519736
20,2024-02-02,0.512591
20,2024-02-05,0.529831
20,2024-02-06,0.543292
20,2024-02-07,0.513509
20,2024-02-08,0.529963
20,2024-02-09,0.523908
20,2024-02-12,0.522581
20,2024-02-13,0.494364
20,2024-02-14,0.526789
20,2024-02-15,0.525257
20,2024-02-16,0.512889
20,2024-02-19,0.495912
20,2024-02-20,0.524419
20,2024-02-21,0.511655
20,2024-02-22,0.515526
20,2024-02-23,0.518912
20,2024-02-26,0.515818
20,2024-02-27,0.51395
20,2024-02-28,0.502828
20,2024-02-29,0.528166
20,2024-03-01,0.502957
20,2024-03-04,0.518249
20,2024-03-05,0.512456
20,2024-03-06,0.525968
20,2024-03-07,0.528865
20,2024-03-08,0.504073
20,2024-03-11,0.495515
20,2024-03-12,0.506594
20,2024-03-13,0.500713
20,2024-03-14,0.507935
20,2024-03-15,0.498401
20,2024-03-18,0.523508
20,2024-03-19,0.526616
20,2024-03-20,0.503038
20,2024-03-21,0.499249
20,2024-03-22,0.505266
20,2024-03-25,0.50379
20,2024-03-26,0.540575
20,2024-03-27,0.521698
20,2024-03-28,0.522199
20,2024-03-29,0.519437
20,2024-04-01,0.507491
20,2024-04-02,0.514556
20,2024-04-03,0.51011
20,2024-04-04,0.50797
20,2024-04-05,0.533243
20,2024-04-08,0.528459
20,2024-04-09,0.481874
20,2024-04-15,0.506252
20,2024-04-16,0.499956
20,2024-04-17,0.49857
20,2024-04-18,0.504939
20,2024-04-19,0.524546
20,2024-04-22,0.492844
20,2024-04-24,0.512404
20,2024-04-25,0.504028
20,2024-04-26,0.514591
20,2024-04-29,0.516423
20,2024-04-30,0.508506
20,2024-05-02,0.521944
20,2024-05-03,0.513876
20,2024-05-06,0.506642
20,2024-05-07,0.514376
20,2024-05-08,0.50828
20,2024-05-09,0.512734
20,2024-05-10,0.507897
20,2024-05-13,0.507303
20,2024-05-14,0.520703
20,2024-05-15,0.508204
20,2024-05-16,0.523436
20,2024-05-17,0.519592
20,2024-05-20,0.520336
20,2024-05-21,0.499791
20,2024-05-22,0.53173
20,2024-05-23,0.512522
20,2024-05-24,0.514611
20,2024-05-27,0.523042
20,2024-05-28,0.517956
20,2024-05-29,0.510332
20,2024-05-30,0.514494
20,2024-05-31,0.508388
20,2024-06-03,0.525651
20,2024-06-04,0.517659
20,2024-06-05,0.533948
20,2024-06-06,0.518932
20,2024-06-07,0.533625
20,2024-06-10,0.544011
20,2024-06-11,0.533504
20,2024-06-12,0.533007
20,2024-06-13,0.520453
20,2024-06-14,0.50728
20,2024-06-20,0.522633
20,2024-06-21,0.519832
20,2024-06-24,0.516061
20,2024-06-25,0.527343
20,2024-06-26,0.504975
20,2024-06-27,0.539652
20,2024-06-28,0.518061
20,2024-07-01,0.526697
20,2024-07-02,0.527251
20,2024-07-03,0.522805
20,2024-07-04,0.520469
20,2024-07-05,0.519563
20,2024-07-08,0.509596
20,2024-07-09,0.528739
20,2024-07-10,0.521871
20,2024-07-11,0.532613
20,2024-07-12,0.524948
20,2024-07-16,0.52219
20,2024-07-17,0.514471
20,2024-07-18,0.514752
20,2024-07-19,0.514488
20,2024-07-22,0.513514
20,2024-07-23,0.504011
20,2024-07-24,0.502743
20,2024-07-25,0.496865
20,2024-07-26,0.500466
20,2024-07-29,0.504082
20,2024-07-30,0.501153
20,2024-07-31,0.507641
20,2024-08-01,0.502125
20,2024-08-02,0.51256
20,2024-08-05,0.615293
20,2024-08-06,0.606212
20,2024-08-07,0.544948
20,2024-08-08,0.528686
20,2024-08-09,0.586177
20,2024-08-12,0.590657
20,2024-08-13,0.544664
20,2024-08-14,0.55793
20,2024-08-15,0.521085
20,2024-08-16,0.52932
20,2024-08-19,0.511675
20,2024-08-20,0.501464
20,2024-08-21,0.504344
20,2024-08-22,0.506776
20,2024-08-23,0.534972
20,2024-08-26,0.563853
20,2024-08-27,0.522668
20,2024-08-28,0.521714
20,2024-08-29,0.506965
20,2024-09-02,0.510314
20,2024-09-03,0.494379
20,2024-09-04,0.496219
20,2024-09-05,0.503832
20,2024-09-06,0.498349
20,2024-09-09,0.508926
20,2024-09-10,0.527589
20,2024-09-11,0.560208
20,2024-09-12,0.538959
20,2024-09-13,0.516075
20,2024-09-16,0.505097
20,2024-09-17,0.497874
20,2024-09-18,0.505216
20,2024-09-19,0.515625
20,2024-09-20,0.503907
20,2024-09-23,0.497101
20,2024-09-24,0.50249
20,2024-09-25,0.495581
20,2024-09-26,0.500945
20,2024-09-27,0.503975
20,2024-09-30,0.495694
20,2024-10-01,0.540779
20,2024-10-02,0.589414
20,2024-10-03,0.585348
20,2024-10-04,0.542251
20,2024-10-07,0.559211
20,2024-10-08,0.549262
20,2024-10-09,0.536552
20,2024-10-10,0.552193
20,2024-10-11,0.551294
20,2024-10-14,0.585316
20,2024-10-15,0.531935
20,2024-10-16,0.515462
20,2024-10-17,0.501759
20,2024-10-18,0.527251
20,2024-10-21,0.542574
20,2024-10-22,0.516562
20,2024-10-23,0.530555
20,2024-10-24,0.504839
20,2024-10-25,0.506461
20,2024-10-28,0.5299
20,2024-10-30,0.494636
20,2024-10-31,0.491186
20,2024-11-01,0.487786
20,2024-11-04,0.523426
20,2024-11-05,0.523118
20,2024-11-06,0.514488
20,2024-11-07,0.498512
20,2024-11-08,0.515089
20,2024-11-11,0.50173
20,2024-11-12,0.504016
20,2024-11-13,0.502043
20,2024-11-14,0.520492
20,2024-11-15,0.506612
20,2024-11-18,0.513093
20,2024-11-19,0.495508
20,2024-11-20,0.495489
20,2024-11-21,0.523835
20,2024-11-22,0.531794
20,2024-11-25,0.51097
20,2024-11-26,0.505971
20,2024-11-27,0.49575
20,2024-11-28,0.503266
20,2024-11-29,0.510748
20,2024-12-02,0.513426
20,2024-12-03,0.518867
20,2024-12-04,0.500042
20,2024-12-05,0.514037
20,2024-12-06,0.511669
20,2024-12-09,0.523047
20,2024-12-10,0.486552
20,2024-12-11,0.496894
20,2024-12-12,0.511848
20,2024-12-13,0.52104
20,2024-12-16,0.492564
20,2024-12-17,0.496412
20,2024-12-18,0.485016
20,2024-12-19,0.488207
20,2024-12-20,0.510485
20,2024-12-23,0.515366
20,2024-12-24,0.508994
20,2024-12-25,0.512309
20,2024-12-26,0.50187
20,2024-12-27,0.505141
20,2024-12-30,0.495663
20,2024-12-31,0.497144
20,2025-01-02,0.507678
20,2025-01-03,0.504881
20,2025-01-06,0.500084
20,2025-01-07,0.4888
20,2025-01-08,0.484715
20,2025-01-09,0.509778
20,2025-01-10,0.502527
20,2025-01-13,0.514783
20,2025-01-14,0.517592
20,2025-01-15,0.516992
20,2025-01-16,0.524447
20,2025-01-17,0.521687
20,2025-01-20,0.507242
20,2025-01-21,0.501239
20,2025-01-22,0.523733
20,2025-01-23,0.520378
20,2025-01-24,0.501499
20,2025-01-27,0.498683
20,2025-01-28,0.501551
20,2025-01-29,0.497992
20,2025-01-30,0.500594
20,2025-01-31,0.498183
20,2025-02-03,0.525501
20,2025-02-04,0.513524
20,2025-02-05,0.547147
20,2025-02-06,0.507339
20,2025-02-07,0.511853
20,2025-02-10,0.50047
20,2025-02-11,0.50206
20,2025-02-12,0.520662
20,2025-02-13,0.501622
20,2025-02-14,0.497267
20,2025-02-17,0.513276
20,2025-02-18,0.518882
20,2025-02-19,0.514353
20,2025-02-20,0.517188
20,2025-02-21,0.52891
20,2025-02-24,0.518792
20,2025-02-25,0.562596
20,2025-02-26,0.530717
20,2025-02-27,0.518653
20,2025-02-28,0.529215
20,2025-03-03,0.505514
20,2025-03-04,0.519288
20,2025-03-05,0.528175
20,2025-03-06,0.549277
20,2025-03-07,0.529287
20,2025-03-10,0.51938
20,2025-03-11,0.522214
20,2025-03-12,0.526442
20,2025-03-13,0.537216
20,2025-03-14,0.53749
20,2025-03-17,0.531478
20,2025-03-18,0.520204
20,2025-03-19,0.556896
20,2025-03-20,0.556161
20,2025-03-21,0.648131
20,2025-03-24,0.619729
20,2025-03-25,0.572829
20,2025-03-26,0.562412
20,2025-03-27,0.547184
20,2025-03-28,0.538416
20,2025-04-02,0.528674
20,2025-04-03,0.52324
20,2025-04-04,0.531495
20,2025-04-07,0.549547
20,2025-04-08,0.510049
20,2025-04-09,0.529655
20,2025-04-10,0.546547
20,2025-04-11,0.538718
20,2025-04-14,0.536066
20,2025-04-15,0.518932
20,2025-04-16,0.528199
20,2025-04-17,0.527469
20,2025-04-18,0.526143
20,2025-04-21,0.525337
20,2025-04-22,0.526202
20,2025-04-24,0.518067
20,2025-04-25,0.509165
20,2025-04-28,0.521278
20,2025-04-29,0.521725
20,2025-04-30,0.538467
20,2025-05-02,0.542368
20,2025-05-05,0.547246
20,2025-05-06,0.536944
20,2025-05-07,0.537231
20,2025-05-08,0.537501
20,2025-05-09,0.51816
20,2025-05-12,0.514687
20,2025-05-13,0.502252
20,2025-05-14,0.497137
20,2025-05-15,0.483072
20,2025-05-16,0.510217
20,2025-05-20,0.488215
20,2025-05-21,0.513108
20,2025-05-22,0.509217
20,2025-05-23,0.498677
20,2025-05-26,0.498122
20,2025-05-27,0.507644
20,2025-05-28,0.510645
20,2025-05-29,0.514204
20,2025-05-30,0.522655
20,2025-06-02,0.54508
20,2025-06-03,0.516096
20,2025-06-04,0.514069
20,2025-06-05,0.532088
20,2025-06-10,0.508857
20,2025-06-11,0.496183
20,2025-06-12,0.500167
20,2025-06-13,0.51942
20,2025-06-16,0.515544
20,2025-06-17,0.509704
20,2025-06-18,0.546726
20,2025-06-19,0.543762
20,2025-06-20,0.512777
20,2025-06-23,0.529117
20,2025-06-24,0.524465
20,2025-06-25,0.507264
20,2025-06-26,0.498049
20,2025-06-27,0.511988
20,2025-06-30,0.544816
20,2025-07-01,0.533887
20,2025-07-02,0.520137
20,2025-07-03,0.512644
20,2025-07-04,0.526885
20,2025-07-07,0.515165
20,2025-07-08,0.512042
20,2025-07-09,0.541126
20,2025-07-10,0.535781
20,2025-07-11,0.5236
20,2025-07-14,0.52273
20,2025-07-16,0.507659
20,2025-07-17,0.532705
20,2025-07-18,0.535887
20,2025-07-21,0.545773
20,2025-07-22,0.538384
20,2025-07-23,0.507934
20,2025-07-24,0.518223
20,2025-07-25,0.51396
20,2025-07-28,0.509712
20,2025-07-29,0.51768
20,2025-07-30,0.514459
20,2025-07-31,0.530713
20,2025-08-01,0.514137
20,2025-08-04,0.52834
20,2025-08-05,0.521015
20,2025-08-06,0.515504
20,2025-08-07,0.524068
20,2025-08-08,0.50398
20,2025-08-11,0.532966
20,2025-08-12,0.516522
20,2025-08-13,0.527494
20,2025-08-14,0.519495
20,2025-08-15,0.525339
20,2025-08-18,0.525541
20,2025-08-19,0.518021
20,2025-08-20,0.530429
20,2025-08-21,0.532059
20,2025-08-22,0.517952
20,2025-08-25,0.542134
20,2025-08-26,0.515479
20,2025-08-27,0.492159
20,2025-08-28,0.512744
20,2025-08-29,0.497299
20,2025-09-01,0.519642
20,2025-09-02,0.514931
20,2025-09-03,0.535718
20,2025-09-04,0.53626
20,2025-09-05,0.525488
20,2025-09-08,0.55412
20,2025-09-09,0.556786
20,2025-09-10,0.525654
20,2025-09-11,0.551024
20,2025-09-12,0.543023
20,2025-09-15,0.535492
20,2025-09-16,0.530706
20,2025-09-17,0.496502
20,2025-09-18,0.501202
20,2025-09-19,0.521801
20,2025-09-22,0.516196
20,2025-09-23,0.503707
20,2025-09-24,0.516676
20,2025-09-25,0.509949
20,2025-09-26,0.502994
20,2025-09-29,0.50717
20,2025-09-30,0.50327
20,2025-10-01,0.517235
20,2025-10-02,0.504098
20,2025-10-03,0.525272
20,2025-10-06,0.536389
20,2025-10-07,0.520223
20,2025-10-08,0.521523
20,2025-10-09,0.545508
20,2025-10-10,0.530782
20,2025-10-13,0.529852
20,2025-10-14,0.566962
20,2025-10-15,0.551724
20,2025-10-16,0.547629
20,2025-10-17,0.558429
20,2025-10-20,0.533936
20,2025-10-21,0.517002
20,2025-10-22,0.516948
20,2025-10-23,0.509263
20,2025-10-24,0.512276
20,2025-10-27,0.515612
20,2025-10-28,0.531207
20,2025-10-30,0.504439
20,2025-10-31,0.519812
20,2025-11-03,0.522199
20,2025-11-04,0.515873
20,2025-11-05,0.528236
20,2025-11-06,0.522901
20,2025-11-07,0.505598
20,2025-11-10,0.525579
20,2025-11-11,0.528919
20,2025-11-12,0.520072
20,2025-11-13,0.521999
20,2025-11-14,0.519682
20,2025-11-17,0.509221
20,2025-11-18,0.512664
20,2025-11-19,0.512312
20,2025-11-20,0.503152
20,2025-11-21,0.516277
20,2025-11-24,0.518122
20,2025-11-25,0.510479
20,2025-11-26,0.509663
20,2025-11-27,0.509547
20,2025-11-28,0.520969
20,2025-12-01,0.53555
20,2025-12-02,0.524308
20,2025-12-03,0.505199
20,2025-12-04,0.502361
20,2025-12-05,0.504403
20,2025-12-08,0.516156
20,2025-12-09,0.524279
20,2025-12-10,0.504783
20,2025-12-11,0.507267
20,2025-12-12,0.513281
20,2025-12-15,0.513761
20,2025-12-16,0.518264
20,2025-12-17,0.517636
20,2025-12-18,0.516004
20,2025-12-19,0.511448
20,2025-12-22,0.513947
20,2025-12-23,0.522794
20,2025-12-24,0.517841
20,2025-12-25,0.517292
20,2025-12-26,0.517793
20,2025-12-29,0.51255
20,2025-12-30,0.509971
20,2025-12-31,0.515726
20,2026-01-02,0.52279
20,2026-01-05,0.520511
20,2026-01-06,0.519938
20,2026-01-07,0.494719
20,2026-01-08,0.529777
20,2026-01-09,0.530028
20,2026-01-12,0.530894
20,2026-01-13,0.535302
20,2026-01-14,0.525746
20,2026-01-15,0.552373
20,2026-01-16,0.536634
20,2026-01-19,0.531235
20,2026-01-20,0.528552
20,2026-01-21,0.52326
20,2026-01-22,0.547496
20,2026-01-23,0.534866
20,2026-01-26,0.539402
20,2026-01-27,0.526823
20,2026-01-28,0.540215
20,2026-01-29,0.534345
20,2026-01-30,0.529973
20,2026-02-02,0.529755
20,2026-02-03,0.533281
20,2026-02-04,0.519831
20,2026-02-05,0.511685
20,2026-02-06,0.522871
20,2026-02-09,0.543034
20,2026-02-10,0.523117
20,2026-02-11,0.529133
20,2026-02-12,0.544745
20,2026-02-13,0.540282
20,2026-02-16,0.541438
20,2026-02-17,0.525156
20,2026-02-18,0.522946
20,2026-02-19,0.516703
20,2026-02-20,0.530031
20,2026-02-23,0.54159
20,2026-02-24,0.523205
20,2026-02-25,0.520542
20,2026-02-26,0.521093
20,2026-02-27,0.510407
20,2026-03-02,0.550538
20,2026-03-03,0.582088
20,2026-03-04,0.568217
20,2026-03-05,0.563754
20,2026-03-06,0.610054
20,2026-03-09,0.574611
20,2026-03-10,0.540215
20,2026-03-11,0.539668
20,2026-03-12,0.522099
20,2026-03-13,0.51991
20,2026-03-16,0.517476
20,2026-03-17,0.531049
20,2026-03-18,0.507295
20,2026-03-19,0.514324
20,2026-03-23,0.523373
20,2026-03-24,0.51807
20,2026-03-25,0.519265
20,2026-03-26,0.528301
20,2026-03-27,0.545743
20,2026-03-30,0.545681
20,2026-03-31,0.514155
20,2026-04-01,0.520353
20,2026-04-02,0.522523
20,2026-04-03,0.518019
20,2026-04-06,0.519708
20,2026-04-07,0.516862
20,2026-04-08,0.510449
20,2026-04-09,0.537036
20,2026-04-10,0.555444
20,2026-04-13,0.53464
20,2026-04-14,0.539067
20,2026-04-15,0.564099
20,2026-04-16,0.536507
20,2026-04-17,0.559227
20,2026-04-20,0.535637
20,2026-04-21,0.522414
20,2026-04-22,0.506893
20,2026-04-24,0.544818
20,2026-04-27,0.542534
20,2026-04-28,0.51517
20,2026-04-29,0.532318
20,2026-04-30,0.546699
20,2026-05-04,0.517797
20,2026-05-05,0.544886
20,2026-05-06,0.549265
20,2026-05-07,0.556407
20,2026-05-08,0.537775
20,2026-05-11,0.537659
20,2026-05-12,0.545041
20,2026-05-13,0.535415
20,2026-05-14,0.537319
20,2026-05-15,0.520923
20,2026-05-18,0.529563
20,2026-05-20,0.558967
20,2026-05-21,0.620748
20,2026-05-22,0.583357
20,2026-05-25,0.562721
20,2026-05-26,0.537424
20,2026-06-01,0.532838
20,2026-06-02,0.547903
20,2026-06-03,0.502698
20,2026-06-04,0.519492
20,2026-06-05,0.518562
20,2026-06-08,0.516195
20,2026-06-09,0.531537
20,2026-06-10,0.541781
20,2026-06-11,0.532661
20,2026-06-12,0.509651
20,2026-06-15,0.530204
20,2026-06-16,0.534063
20,2026-06-17,0.515189
20,2026-06-18,0.543707
20,2026-06-19,0.531427
20,2026-06-22,0.550503
20,2026-06-23,0.528398
20,2026-06-24,0.523193
20,2026-06-25,0.518283
20,2026-06-26,0.526491
20,2026-06-29,0.530648
20,2026-06-30,0.529808
20,2026-07-01,0.535692
20,2026-07-02,0.531517
20,2026-07-03,0.530849
20,2026-07-06,0.517803
20,2026-07-07,0.536864
20,2026-07-08,0.54664
20,2026-07-09,0.546642
20,2026-07-10,0.533639
20,2026-07-13,0.547099
20,2026-07-14,0.540495
