date,pos,window,code,rel_ret,rank,n_avail
2004-08-11,154,chop,XUSIN,-0.059581964133576415,14.0,24
2004-08-11,154,chop,XGIDA,-0.14630484513854136,20.0,24
2004-08-11,154,chop,XKMYA,-0.04824812865829009,13.0,24
2004-08-11,154,chop,XMANA,0.01561481019459543,8.0,24
2004-08-11,154,chop,XMESY,-0.0296073275428943,10.0,24
2004-08-11,154,chop,XKAGT,-0.01902306464790171,9.0,24
2004-08-11,154,chop,XTAST,-0.10772139481322673,17.0,24
2004-08-11,154,chop,XTEKS,-0.12234355935722863,18.0,24
2004-08-11,154,chop,XUHIZ,-0.029947352537120997,11.0,24
2004-08-11,154,chop,XELKT,-0.1937811750959566,23.0,24
2004-08-11,154,chop,XILTM,0.0772758056237075,2.0,24
2004-08-11,154,chop,XSPOR,-0.07361945847043949,15.0,24
2004-08-11,154,chop,XTCRT,-0.08501791046788076,16.0,24
2004-08-11,154,chop,XTRZM,0.04978797424456971,3.0,24
2004-08-11,154,chop,XULAS,-0.13393724532489792,19.0,24
2004-08-11,154,chop,XUMAL,0.04332058856873644,5.0,24
2004-08-11,154,chop,XBANK,0.047995668392918134,4.0,24
2004-08-11,154,chop,XSGRT,0.023992273823853827,6.0,24
2004-08-11,154,chop,XFINK,0.6249525206753688,1.0,24
2004-08-11,154,chop,XHOLD,0.017919588575594503,7.0,24
2004-08-11,154,chop,XGMYO,-0.038243524507141746,12.0,24
2004-08-11,154,chop,XYORT,-0.21536771998043036,24.0,24
2004-08-11,154,chop,XUTEK,-0.1781304128267157,22.0,24
2004-08-11,154,chop,XBLSM,-0.15377009273105569,21.0,24
2004-08-11,154,late_pre,XUSIN,0.04898808768285601,7.0,24
2004-08-11,154,late_pre,XGIDA,0.019033112915845307,14.0,24
2004-08-11,154,late_pre,XKMYA,0.019261225184116104,13.0,24
2004-08-11,154,late_pre,XMANA,0.15690700104280386,1.0,24
2004-08-11,154,late_pre,XMESY,0.03751878219516891,9.0,24
2004-08-11,154,late_pre,XKAGT,0.06144586624673909,5.0,24
2004-08-11,154,late_pre,XTAST,0.02627995841921893,10.0,24
2004-08-11,154,late_pre,XTEKS,0.017256179105593517,15.0,24
2004-08-11,154,late_pre,XUHIZ,-0.07661598238293665,23.0,24
2004-08-11,154,late_pre,XELKT,-0.011763273539809438,19.0,24
2004-08-11,154,late_pre,XILTM,-0.1855926240391158,24.0,24
2004-08-11,154,late_pre,XSPOR,0.10113012397576548,2.0,24
2004-08-11,154,late_pre,XTCRT,-0.006799461216576597,17.0,24
2004-08-11,154,late_pre,XTRZM,-0.062302385711129116,22.0,24
2004-08-11,154,late_pre,XULAS,0.004699518558323845,16.0,24
2004-08-11,154,late_pre,XUMAL,-0.008143661740306452,18.0,24
2004-08-11,154,late_pre,XBANK,-0.02928670524591359,20.0,24
2004-08-11,154,late_pre,XSGRT,0.07865561816445366,4.0,24
2004-08-11,154,late_pre,XFINK,-0.04383036192909595,21.0,24
2004-08-11,154,late_pre,XHOLD,0.019667018377273027,12.0,24
2004-08-11,154,late_pre,XGMYO,0.09203962435214164,3.0,24
2004-08-11,154,late_pre,XYORT,0.023679034709862656,11.0,24
2004-08-11,154,late_pre,XUTEK,0.050601496492524434,6.0,24
2004-08-11,154,late_pre,XBLSM,0.03986341886514799,8.0,24
2004-08-11,154,early_post,XUSIN,-0.0027441112456192407,10.0,24
2004-08-11,154,early_post,XGIDA,-0.042541412659998334,21.0,24
2004-08-11,154,early_post,XKMYA,0.018509889603440577,2.0,24
2004-08-11,154,early_post,XMANA,0.034977614403995494,1.0,24
2004-08-11,154,early_post,XMESY,-0.017859762329843765,18.0,24
2004-08-11,154,early_post,XKAGT,-0.01852958297431595,19.0,24
2004-08-11,154,early_post,XTAST,0.004613249348541126,5.0,24
2004-08-11,154,early_post,XTEKS,-0.03158700613857146,20.0,24
2004-08-11,154,early_post,XUHIZ,-0.004574643822857771,11.0,24
2004-08-11,154,early_post,XELKT,-0.04422696237707868,22.0,24
2004-08-11,154,early_post,XILTM,0.016383337035451362,3.0,24
2004-08-11,154,early_post,XSPOR,-0.08205721283131995,24.0,24
2004-08-11,154,early_post,XTCRT,0.0006210084872277921,7.0,24
2004-08-11,154,early_post,XTRZM,-0.016496164742628494,17.0,24
2004-08-11,154,early_post,XULAS,-0.013557263308076717,15.0,24
2004-08-11,154,early_post,XUMAL,-0.001924905212030037,9.0,24
2004-08-11,154,early_post,XBANK,-0.0018541694164813105,8.0,24
2004-08-11,154,early_post,XSGRT,0.0049936428419423695,4.0,24
2004-08-11,154,early_post,XFINK,-0.0780716487523011,23.0,24
2004-08-11,154,early_post,XHOLD,0.0027615434158054786,6.0,24
2004-08-11,154,early_post,XGMYO,-0.011196809472536984,14.0,24
2004-08-11,154,early_post,XYORT,-0.016086853570189685,16.0,24
2004-08-11,154,early_post,XUTEK,-0.010285474079540835,13.0,24
2004-08-11,154,early_post,XBLSM,-0.009910999527370734,12.0,24
2004-08-11,154,mid_post,XUSIN,-0.010548587323424341,10.0,24
2004-08-11,154,mid_post,XGIDA,0.021168274996341552,6.0,24
2004-08-11,154,mid_post,XKMYA,-0.044776832038815106,17.0,24
2004-08-11,154,mid_post,XMANA,0.04138856413695824,5.0,24
2004-08-11,154,mid_post,XMESY,-0.01792505915807796,11.0,24
2004-08-11,154,mid_post,XKAGT,-0.02780393924445934,12.0,24
2004-08-11,154,mid_post,XTAST,-0.033690445920191436,14.0,24
2004-08-11,154,mid_post,XTEKS,-0.044148488324526225,16.0,24
2004-08-11,154,mid_post,XUHIZ,0.056685205079425316,4.0,24
2004-08-11,154,mid_post,XELKT,-0.13833257807407118,23.0,24
2004-08-11,154,mid_post,XILTM,0.27179962481736597,1.0,24
2004-08-11,154,mid_post,XSPOR,-0.15832246923395465,24.0,24
2004-08-11,154,mid_post,XTCRT,-0.07334561259193251,20.0,24
2004-08-11,154,mid_post,XTRZM,-0.13206145764317645,22.0,24
2004-08-11,154,mid_post,XULAS,-0.0669666566268865,19.0,24
2004-08-11,154,mid_post,XUMAL,-0.004193751966972137,9.0,24
2004-08-11,154,mid_post,XBANK,0.008753654948282064,8.0,24
2004-08-11,154,mid_post,XSGRT,0.010186266992254112,7.0,24
2004-08-11,154,mid_post,XFINK,-0.036596612389120375,15.0,24
2004-08-11,154,mid_post,XHOLD,-0.032611267356089435,13.0,24
2004-08-11,154,mid_post,XGMYO,0.1084200581664434,3.0,24
2004-08-11,154,mid_post,XYORT,0.16387441312636808,2.0,24
2004-08-11,154,mid_post,XUTEK,-0.07487228999286955,21.0,24
2004-08-11,154,mid_post,XBLSM,-0.045720741848197965,18.0,24
2005-04-17,323,chop,XUSIN,0.0407117847884666,7.0,24
2005-04-17,323,chop,XGIDA,-0.06423644691165875,19.0,24
2005-04-17,323,chop,XKMYA,0.15166240055714952,3.0,24
2005-04-17,323,chop,XMANA,0.03967955458061634,8.0,24
2005-04-17,323,chop,XMESY,-0.007945242120876217,12.0,24
2005-04-17,323,chop,XKAGT,-0.023476825140340885,15.0,24
2005-04-17,323,chop,XTAST,0.12441329069454998,5.0,24
2005-04-17,323,chop,XTEKS,-0.02074825562390492,14.0,24
2005-04-17,323,chop,XUHIZ,-0.050719455094293986,17.0,24
2005-04-17,323,chop,XELKT,-0.07860465179157228,21.0,24
2005-04-17,323,chop,XILTM,-0.1366423773337797,23.0,24
2005-04-17,323,chop,XSPOR,0.27876320810097044,2.0,24
2005-04-17,323,chop,XTCRT,-0.018429495631019144,13.0,24
2005-04-17,323,chop,XTRZM,0.12770558812951738,4.0,24
2005-04-17,323,chop,XULAS,-0.11248987400989818,22.0,24
2005-04-17,323,chop,XUMAL,-0.007748389160812552,11.0,24
2005-04-17,323,chop,XBANK,0.0013044939332447214,9.0,24
2005-04-17,323,chop,XSGRT,-0.07176287145720162,20.0,24
2005-04-17,323,chop,XFINK,-0.21449376431635225,24.0,24
2005-04-17,323,chop,XHOLD,-0.00596467297541059,10.0,24
2005-04-17,323,chop,XGMYO,-0.05736761425835468,18.0,24
2005-04-17,323,chop,XYORT,-0.03222899084079123,16.0,24
2005-04-17,323,chop,XUTEK,0.3275854424442345,1.0,24
2005-04-17,323,chop,XBLSM,0.1010816731896299,6.0,24
2005-04-17,323,late_pre,XUSIN,-0.054339108810440795,11.0,24
2005-04-17,323,late_pre,XGIDA,0.05034045518692554,2.0,24
2005-04-17,323,late_pre,XKMYA,-0.04167477532802255,8.0,24
2005-04-17,323,late_pre,XMANA,-0.04369280161332534,9.0,24
2005-04-17,323,late_pre,XMESY,-0.10298626804652411,19.0,24
2005-04-17,323,late_pre,XKAGT,-0.06120655684393028,13.0,24
2005-04-17,323,late_pre,XTAST,-0.08599173264480275,16.0,24
2005-04-17,323,late_pre,XTEKS,-0.11046420463271744,20.0,24
2005-04-17,323,late_pre,XUHIZ,0.020064446562549132,6.0,24
2005-04-17,323,late_pre,XELKT,-0.11875446418225821,23.0,24
2005-04-17,323,late_pre,XILTM,0.04865361889703823,3.0,24
2005-04-17,323,late_pre,XSPOR,-0.000391480727147564,7.0,24
2005-04-17,323,late_pre,XTCRT,0.03372665285331333,4.0,24
2005-04-17,323,late_pre,XTRZM,-0.07850000895507359,14.0,24
2005-04-17,323,late_pre,XULAS,-0.08254059067540798,15.0,24
2005-04-17,323,late_pre,XUMAL,0.020300951575047854,5.0,24
2005-04-17,323,late_pre,XBANK,0.06622962255979048,1.0,24
2005-04-17,323,late_pre,XSGRT,-0.1185246703991496,22.0,24
2005-04-17,323,late_pre,XFINK,-0.0532604658224789,10.0,24
2005-04-17,323,late_pre,XHOLD,-0.057435437309564685,12.0,24
2005-04-17,323,late_pre,XGMYO,-0.10250315642211028,18.0,24
2005-04-17,323,late_pre,XYORT,-0.13891164875577722,24.0,24
2005-04-17,323,late_pre,XUTEK,-0.11234895489428931,21.0,24
2005-04-17,323,late_pre,XBLSM,-0.08875915656261224,17.0,24
2005-04-17,323,early_post,XUSIN,-0.011677912230658949,15.0,24
2005-04-17,323,early_post,XGIDA,-0.027965205703346596,21.0,24
2005-04-17,323,early_post,XKMYA,-0.005572527737821131,14.0,24
2005-04-17,323,early_post,XMANA,0.012524712642192126,8.0,24
2005-04-17,323,early_post,XMESY,0.0014802218049014826,11.0,24
2005-04-17,323,early_post,XKAGT,-0.07454589290102487,24.0,24
2005-04-17,323,early_post,XTAST,-0.021338909027023956,19.0,24
2005-04-17,323,early_post,XTEKS,-0.015833604403154844,18.0,24
2005-04-17,323,early_post,XUHIZ,0.034406221407145,4.0,24
2005-04-17,323,early_post,XELKT,0.02153342873053954,6.0,24
2005-04-17,323,early_post,XILTM,0.0330058991084381,5.0,24
2005-04-17,323,early_post,XSPOR,-0.02574750601004827,20.0,24
2005-04-17,323,early_post,XTCRT,0.04973138311924008,2.0,24
2005-04-17,323,early_post,XTRZM,0.11129088542869336,1.0,24
2005-04-17,323,early_post,XULAS,0.0008582397468031022,12.0,24
2005-04-17,323,early_post,XUMAL,-0.0008412693158683648,13.0,24
2005-04-17,323,early_post,XBANK,0.002835809968677605,10.0,24
2005-04-17,323,early_post,XSGRT,0.046213217151241937,3.0,24
2005-04-17,323,early_post,XFINK,-0.012630240642751422,16.0,24
2005-04-17,323,early_post,XHOLD,-0.014164303568883874,17.0,24
2005-04-17,323,early_post,XGMYO,0.009208815340864929,9.0,24
2005-04-17,323,early_post,XYORT,0.01856433271250091,7.0,24
2005-04-17,323,early_post,XUTEK,-0.03075758520799665,23.0,24
2005-04-17,323,early_post,XBLSM,-0.030603573846852417,22.0,24
2005-04-17,323,mid_post,XUSIN,0.014999556588618734,13.0,24
2005-04-17,323,mid_post,XGIDA,0.022532071803544218,12.0,24
2005-04-17,323,mid_post,XKMYA,0.029702111900602013,10.0,24
2005-04-17,323,mid_post,XMANA,-0.1160379928042875,24.0,24
2005-04-17,323,mid_post,XMESY,-0.014387331546855453,19.0,24
2005-04-17,323,mid_post,XKAGT,0.11694009733440125,5.0,24
2005-04-17,323,mid_post,XTAST,0.12300076135049087,3.0,24
2005-04-17,323,mid_post,XTEKS,0.025324891598889065,11.0,24
2005-04-17,323,mid_post,XUHIZ,-0.014836034773120899,20.0,24
2005-04-17,323,mid_post,XELKT,-0.01225864249060371,18.0,24
2005-04-17,323,mid_post,XILTM,-0.08030816106276029,23.0,24
2005-04-17,323,mid_post,XSPOR,-0.0052835001484548005,16.0,24
2005-04-17,323,mid_post,XTCRT,-0.007667063868115553,17.0,24
2005-04-17,323,mid_post,XTRZM,0.11565117714763251,6.0,24
2005-04-17,323,mid_post,XULAS,0.2602956325446488,1.0,24
2005-04-17,323,mid_post,XUMAL,0.004172590841757584,15.0,24
2005-04-17,323,mid_post,XBANK,-0.018114086123424133,21.0,24
2005-04-17,323,mid_post,XSGRT,0.08490720832024734,7.0,24
2005-04-17,323,mid_post,XFINK,0.18726962264056857,2.0,24
2005-04-17,323,mid_post,XHOLD,0.03187811540375485,9.0,24
2005-04-17,323,mid_post,XGMYO,0.12007402876531348,4.0,24
2005-04-17,323,mid_post,XYORT,0.07048094480446054,8.0,24
2005-04-17,323,mid_post,XUTEK,-0.026047816104100674,22.0,24
2005-04-17,323,mid_post,XBLSM,0.014551001306411182,14.0,24
2005-10-18,453,chop,XUSIN,0.019788806749197585,7.0,24
2005-10-18,453,chop,XGIDA,0.059512948510664465,3.0,24
2005-10-18,453,chop,XKMYA,0.04855363876224317,5.0,24
2005-10-18,453,chop,XMANA,0.14576724959108733,2.0,24
2005-10-18,453,chop,XMESY,-0.114485576327096,20.0,24
2005-10-18,453,chop,XKAGT,-0.08683311231883306,18.0,24
2005-10-18,453,chop,XTAST,0.05624269957426442,4.0,24
2005-10-18,453,chop,XTEKS,-0.1694749403784377,21.0,24
2005-10-18,453,chop,XUHIZ,-0.047051697267566084,14.0,24
2005-10-18,453,chop,XELKT,-0.10984161601146036,19.0,24
2005-10-18,453,chop,XILTM,-0.05452537228644494,16.0,24
2005-10-18,453,chop,XSPOR,-0.04718306555254603,15.0,24
2005-10-18,453,chop,XTCRT,0.003334696875759935,9.0,24
2005-10-18,453,chop,XTRZM,0.14612370034471178,1.0,24
2005-10-18,453,chop,XULAS,-0.1881674693941201,22.0,24
2005-10-18,453,chop,XUMAL,-0.00402144010937322,10.0,24
2005-10-18,453,chop,XBANK,0.016635183032269296,8.0,24
2005-10-18,453,chop,XSGRT,0.03531353857355346,6.0,24
2005-10-18,453,chop,XFINK,-0.02471982654946392,13.0,24
2005-10-18,453,chop,XHOLD,-0.06093300957190384,17.0,24
2005-10-18,453,chop,XGMYO,-0.00524767988763708,11.0,24
2005-10-18,453,chop,XYORT,-0.012978648663132919,12.0,24
2005-10-18,453,chop,XUTEK,-0.1934107414850036,23.0,24
2005-10-18,453,chop,XBLSM,-0.22055767268864002,24.0,24
2005-10-18,453,late_pre,XUSIN,-0.004899512687900454,20.0,24
2005-10-18,453,late_pre,XGIDA,0.028134360149265736,10.0,24
2005-10-18,453,late_pre,XKMYA,-0.002204458507588436,19.0,24
2005-10-18,453,late_pre,XMANA,-0.12955532578002782,24.0,24
2005-10-18,453,late_pre,XMESY,0.04117369784363234,9.0,24
2005-10-18,453,late_pre,XKAGT,0.07989713059299097,4.0,24
2005-10-18,453,late_pre,XTAST,0.013848861330603146,14.0,24
2005-10-18,453,late_pre,XTEKS,0.04505903478956874,7.0,24
2005-10-18,453,late_pre,XUHIZ,0.016845364099905002,13.0,24
2005-10-18,453,late_pre,XELKT,0.1093421805876682,3.0,24
2005-10-18,453,late_pre,XILTM,-0.08032133009996878,23.0,24
2005-10-18,453,late_pre,XSPOR,0.12304110229559817,1.0,24
2005-10-18,453,late_pre,XTCRT,0.07574174477357631,5.0,24
2005-10-18,453,late_pre,XTRZM,-0.008594395489611162,21.0,24
2005-10-18,453,late_pre,XULAS,0.001261570815465074,18.0,24
2005-10-18,453,late_pre,XUMAL,0.011413886819705232,16.0,24
2005-10-18,453,late_pre,XBANK,0.01724362663206347,12.0,24
2005-10-18,453,late_pre,XSGRT,0.004420085065052093,17.0,24
2005-10-18,453,late_pre,XFINK,0.044025714701880214,8.0,24
2005-10-18,453,late_pre,XHOLD,-0.01940394310603888,22.0,24
2005-10-18,453,late_pre,XGMYO,0.11045785606336445,2.0,24
2005-10-18,453,late_pre,XYORT,0.05455120723970508,6.0,24
2005-10-18,453,late_pre,XUTEK,0.019043438613633556,11.0,24
2005-10-18,453,late_pre,XBLSM,0.011492754704448216,15.0,24
2005-10-18,453,early_post,XUSIN,-0.039355474905972354,13.0,24
2005-10-18,453,early_post,XGIDA,-0.07309629027467035,22.0,24
2005-10-18,453,early_post,XKMYA,-0.039034861131354015,12.0,24
2005-10-18,453,early_post,XMANA,-0.03953002898104163,14.0,24
2005-10-18,453,early_post,XMESY,-0.040131336599236844,15.0,24
2005-10-18,453,early_post,XKAGT,-0.042145511740131925,17.0,24
2005-10-18,453,early_post,XTAST,-0.00795221974547422,6.0,24
2005-10-18,453,early_post,XTEKS,-0.05144241554683382,19.0,24
2005-10-18,453,early_post,XUHIZ,-0.0024347625097935754,5.0,24
2005-10-18,453,early_post,XELKT,-0.16579123806455043,24.0,24
2005-10-18,453,early_post,XILTM,0.06320866021937754,1.0,24
2005-10-18,453,early_post,XSPOR,-0.049385497838550174,18.0,24
2005-10-18,453,early_post,XTCRT,0.007075906808426957,4.0,24
2005-10-18,453,early_post,XTRZM,-0.08348525825157882,23.0,24
2005-10-18,453,early_post,XULAS,-0.041955419292288854,16.0,24
2005-10-18,453,early_post,XUMAL,0.01630597022961955,3.0,24
2005-10-18,453,early_post,XBANK,0.031160675428228535,2.0,24
2005-10-18,453,early_post,XSGRT,-0.013526354189082657,8.0,24
2005-10-18,453,early_post,XFINK,-0.05716531554492743,21.0,24
2005-10-18,453,early_post,XHOLD,-0.010429624762872569,7.0,24
2005-10-18,453,early_post,XGMYO,-0.03844317529303365,11.0,24
2005-10-18,453,early_post,XYORT,-0.02587299037724411,9.0,24
2005-10-18,453,early_post,XUTEK,-0.05261998920285382,20.0,24
2005-10-18,453,early_post,XBLSM,-0.027755156220459654,10.0,24
2005-10-18,453,mid_post,XUSIN,0.013448711076690323,10.0,24
2005-10-18,453,mid_post,XGIDA,-0.064695597812368,21.0,24
2005-10-18,453,mid_post,XKMYA,0.005386808693342848,12.0,24
2005-10-18,453,mid_post,XMANA,0.016827712103934855,9.0,24
2005-10-18,453,mid_post,XMESY,0.00030244747113949977,13.0,24
2005-10-18,453,mid_post,XKAGT,0.09680854921052062,4.0,24
2005-10-18,453,mid_post,XTAST,0.058698681344420356,6.0,24
2005-10-18,453,mid_post,XTEKS,0.016944471824861695,8.0,24
2005-10-18,453,mid_post,XUHIZ,-0.0533963791678187,20.0,24
2005-10-18,453,mid_post,XELKT,-0.007985497618601345,16.0,24
2005-10-18,453,mid_post,XILTM,-0.06625785398736883,22.0,24
2005-10-18,453,mid_post,XSPOR,-0.037290208525776025,19.0,24
2005-10-18,453,mid_post,XTCRT,-0.09478286030614158,24.0,24
2005-10-18,453,mid_post,XTRZM,-0.012804424402522718,17.0,24
2005-10-18,453,mid_post,XULAS,0.07086603415901704,5.0,24
2005-10-18,453,mid_post,XUMAL,0.012229295503964233,11.0,24
2005-10-18,453,mid_post,XBANK,-0.0008034964861023397,15.0,24
2005-10-18,453,mid_post,XSGRT,0.173010397282632,1.0,24
2005-10-18,453,mid_post,XFINK,-0.016938119586769496,18.0,24
2005-10-18,453,mid_post,XHOLD,0.05299908903395045,7.0,24
2005-10-18,453,mid_post,XGMYO,-0.08807876278606952,23.0,24
2005-10-18,453,mid_post,XYORT,0.00022587655367245496,14.0,24
2005-10-18,453,mid_post,XUTEK,0.14623978681601346,2.0,24
2005-10-18,453,mid_post,XBLSM,0.13486614553796583,3.0,24
2006-06-25,623,chop,XUSIN,0.03490362506746081,4.0,24
2006-06-25,623,chop,XGIDA,0.01622022791809541,6.0,24
2006-06-25,623,chop,XKMYA,0.1278423039523766,1.0,24
2006-06-25,623,chop,XMANA,-0.029866248133762707,12.0,24
2006-06-25,623,chop,XMESY,-0.002822754353689727,9.0,24
2006-06-25,623,chop,XKAGT,-0.08581782881851652,20.0,24
2006-06-25,623,chop,XTAST,0.03811183879128621,3.0,24
2006-06-25,623,chop,XTEKS,-0.030842169569481603,13.0,24
2006-06-25,623,chop,XUHIZ,0.031049565301275894,5.0,24
2006-06-25,623,chop,XELKT,-0.10591292527422969,24.0,24
2006-06-25,623,chop,XILTM,-0.04625600066629565,16.0,24
2006-06-25,623,chop,XSPOR,0.004128625722437551,7.0,24
2006-06-25,623,chop,XTCRT,0.0706332385297711,2.0,24
2006-06-25,623,chop,XTRZM,-0.00463975788487947,10.0,24
2006-06-25,623,chop,XULAS,-0.06475102565161395,19.0,24
2006-06-25,623,chop,XUMAL,-0.014061963288054868,11.0,24
2006-06-25,623,chop,XBANK,0.0014170094572253378,8.0,24
2006-06-25,623,chop,XSGRT,-0.05634279292261135,17.0,24
2006-06-25,623,chop,XFINK,-0.0913985056248594,22.0,24
2006-06-25,623,chop,XHOLD,-0.03772546620903139,15.0,24
2006-06-25,623,chop,XGMYO,-0.09137851219426141,21.0,24
2006-06-25,623,chop,XYORT,-0.058037150636842005,18.0,24
2006-06-25,623,chop,XUTEK,-0.10143757029349065,23.0,24
2006-06-25,623,chop,XBLSM,-0.034829679336221386,14.0,24
2006-06-25,623,late_pre,XUSIN,0.012587022177724672,9.0,24
2006-06-25,623,late_pre,XGIDA,0.039623790294456174,6.0,24
2006-06-25,623,late_pre,XKMYA,0.005265418999639393,10.0,24
2006-06-25,623,late_pre,XMANA,0.11627069363522902,4.0,24
2006-06-25,623,late_pre,XMESY,-0.00119575409921846,11.0,24
2006-06-25,623,late_pre,XKAGT,-0.045113146792301606,19.0,24
2006-06-25,623,late_pre,XTAST,-0.027746772454155688,17.0,24
2006-06-25,623,late_pre,XTEKS,0.013087831127442273,8.0,24
2006-06-25,623,late_pre,XUHIZ,0.12584446576745767,3.0,24
2006-06-25,623,late_pre,XELKT,-0.017412033354455403,15.0,24
2006-06-25,623,late_pre,XILTM,0.26070594557849824,1.0,24
2006-06-25,623,late_pre,XSPOR,0.1473853958932816,2.0,24
2006-06-25,623,late_pre,XTCRT,0.07550702838219225,5.0,24
2006-06-25,623,late_pre,XTRZM,-0.0512194326498816,20.0,24
2006-06-25,623,late_pre,XULAS,0.025851450763470285,7.0,24
2006-06-25,623,late_pre,XUMAL,-0.024996997046022762,16.0,24
2006-06-25,623,late_pre,XBANK,-0.01384364807407168,14.0,24
2006-06-25,623,late_pre,XSGRT,-0.13282835700206053,24.0,24
2006-06-25,623,late_pre,XFINK,-0.09120055720458031,22.0,24
2006-06-25,623,late_pre,XHOLD,-0.04078259328693934,18.0,24
2006-06-25,623,late_pre,XGMYO,-0.011450456818393406,13.0,24
2006-06-25,623,late_pre,XYORT,-0.002518830455386256,12.0,24
2006-06-25,623,late_pre,XUTEK,-0.0935644123439271,23.0,24
2006-06-25,623,late_pre,XBLSM,-0.08148167202993073,21.0,24
2006-06-25,623,early_post,XUSIN,-0.02967611508936807,9.0,24
2006-06-25,623,early_post,XGIDA,0.02934678666392143,3.0,24
2006-06-25,623,early_post,XKMYA,-0.03296041223808821,11.0,24
2006-06-25,623,early_post,XMANA,-0.02740308115007961,8.0,24
2006-06-25,623,early_post,XMESY,-0.05691976225707562,18.0,24
2006-06-25,623,early_post,XKAGT,-0.051385125908362195,16.0,24
2006-06-25,623,early_post,XTAST,-0.03689685898450379,12.0,24
2006-06-25,623,early_post,XTEKS,-0.1402086499375046,24.0,24
2006-06-25,623,early_post,XUHIZ,-0.056207391534398576,17.0,24
2006-06-25,623,early_post,XELKT,-0.05043467282942782,15.0,24
2006-06-25,623,early_post,XILTM,-0.10916315358281303,23.0,24
2006-06-25,623,early_post,XSPOR,-0.07444840408567166,21.0,24
2006-06-25,623,early_post,XTCRT,-0.031882948267510036,10.0,24
2006-06-25,623,early_post,XTRZM,-0.040659348104459925,13.0,24
2006-06-25,623,early_post,XULAS,-0.09794935538469085,22.0,24
2006-06-25,623,early_post,XUMAL,0.011012532970567923,6.0,24
2006-06-25,623,early_post,XBANK,0.007192414163379013,7.0,24
2006-06-25,623,early_post,XSGRT,0.053419306549232104,1.0,24
2006-06-25,623,early_post,XFINK,0.047573908717976954,2.0,24
2006-06-25,623,early_post,XHOLD,0.023434762694556577,4.0,24
2006-06-25,623,early_post,XGMYO,-0.058985595621539266,19.0,24
2006-06-25,623,early_post,XYORT,-0.06368229439365725,20.0,24
2006-06-25,623,early_post,XUTEK,0.019264124611900302,5.0,24
2006-06-25,623,early_post,XBLSM,-0.04341095202730805,14.0,24
2006-06-25,623,mid_post,XUSIN,-0.00028856865760462647,13.0,24
2006-06-25,623,mid_post,XGIDA,-0.05168164943841813,22.0,24
2006-06-25,623,mid_post,XKMYA,-0.01731083744722861,17.0,24
2006-06-25,623,mid_post,XMANA,-0.04576686836153443,21.0,24
2006-06-25,623,mid_post,XMESY,0.02592106132027805,9.0,24
2006-06-25,623,mid_post,XKAGT,0.03377869643397502,7.0,24
2006-06-25,623,mid_post,XTAST,0.07005990272410889,2.0,24
2006-06-25,623,mid_post,XTEKS,-0.0004813902155877958,14.0,24
2006-06-25,623,mid_post,XUHIZ,0.0038594528347573043,12.0,24
2006-06-25,623,mid_post,XELKT,0.024377556941663547,10.0,24
2006-06-25,623,mid_post,XILTM,-0.03536742744144783,19.0,24
2006-06-25,623,mid_post,XSPOR,-0.18359490023090141,24.0,24
2006-06-25,623,mid_post,XTCRT,0.060515018946912136,3.0,24
2006-06-25,623,mid_post,XTRZM,-0.023223783760803363,18.0,24
2006-06-25,623,mid_post,XULAS,-0.03995635108778395,20.0,24
2006-06-25,623,mid_post,XUMAL,0.011385602366388747,11.0,24
2006-06-25,623,mid_post,XBANK,-0.0014092441730588767,15.0,24
2006-06-25,623,mid_post,XSGRT,0.13452235687141978,1.0,24
2006-06-25,623,mid_post,XFINK,0.044330605248082966,6.0,24
2006-06-25,623,mid_post,XHOLD,0.028009549550336965,8.0,24
2006-06-25,623,mid_post,XGMYO,0.06008146864752528,4.0,24
2006-06-25,623,mid_post,XYORT,-0.06341301309558556,23.0,24
2006-06-25,623,mid_post,XUTEK,-0.004443733094184665,16.0,24
2006-06-25,623,mid_post,XBLSM,0.04679412704958863,5.0,24
2007-02-28,794,chop,XUSIN,-0.01236045610787384,8.0,24
2007-02-28,794,chop,XGIDA,0.005036563053296694,6.0,24
2007-02-28,794,chop,XKMYA,-0.051001723690477396,17.0,24
2007-02-28,794,chop,XMANA,0.10096462664707162,1.0,24
2007-02-28,794,chop,XMESY,-0.03380960793449406,15.0,24
2007-02-28,794,chop,XKAGT,-0.030229443504347087,14.0,24
2007-02-28,794,chop,XTAST,-0.02637700634797957,13.0,24
2007-02-28,794,chop,XTEKS,-0.08406728942268993,20.0,24
2007-02-28,794,chop,XUHIZ,0.0299686167910731,5.0,24
2007-02-28,794,chop,XELKT,-0.17575619124757336,24.0,24
2007-02-28,794,chop,XILTM,0.08588427685379552,2.0,24
2007-02-28,794,chop,XSPOR,-0.020086398062104882,12.0,24
2007-02-28,794,chop,XTCRT,0.03290104882764089,4.0,24
2007-02-28,794,chop,XTRZM,-0.14117561951314417,23.0,24
2007-02-28,794,chop,XULAS,0.07109803027253458,3.0,24
2007-02-28,794,chop,XUMAL,-0.01248615141392917,9.0,24
2007-02-28,794,chop,XBANK,-0.012806943983872499,11.0,24
2007-02-28,794,chop,XSGRT,-0.01249571041196429,10.0,24
2007-02-28,794,chop,XFINK,-0.07047786346377616,19.0,24
2007-02-28,794,chop,XHOLD,-0.004389121492406112,7.0,24
2007-02-28,794,chop,XGMYO,-0.04077524684302114,16.0,24
2007-02-28,794,chop,XYORT,-0.11330674689804243,21.0,24
2007-02-28,794,chop,XUTEK,-0.06345208608591313,18.0,24
2007-02-28,794,chop,XBLSM,-0.1324450789179621,22.0,24
2007-02-28,794,late_pre,XUSIN,0.03506786789406802,7.0,24
2007-02-28,794,late_pre,XGIDA,0.02968675337877713,10.0,24
2007-02-28,794,late_pre,XKMYA,0.043552930164396764,4.0,24
2007-02-28,794,late_pre,XMANA,0.04687191945134761,3.0,24
2007-02-28,794,late_pre,XMESY,0.00022335400296247254,15.0,24
2007-02-28,794,late_pre,XKAGT,-0.06419287363071113,24.0,24
2007-02-28,794,late_pre,XTAST,0.0873320022007309,2.0,24
2007-02-28,794,late_pre,XTEKS,0.010340042494710322,13.0,24
2007-02-28,794,late_pre,XUHIZ,-0.007118590645035172,17.0,24
2007-02-28,794,late_pre,XELKT,-0.012002500124434046,19.0,24
2007-02-28,794,late_pre,XILTM,-0.06405404274323068,23.0,24
2007-02-28,794,late_pre,XSPOR,0.03581433181067373,6.0,24
2007-02-28,794,late_pre,XTCRT,-0.016950188854978676,20.0,24
2007-02-28,794,late_pre,XTRZM,0.034091679337718284,8.0,24
2007-02-28,794,late_pre,XULAS,0.032308772669174646,9.0,24
2007-02-28,794,late_pre,XUMAL,-0.0105219445958602,18.0,24
2007-02-28,794,late_pre,XBANK,-0.006718795621675988,16.0,24
2007-02-28,794,late_pre,XSGRT,0.013220305021323542,11.0,24
2007-02-28,794,late_pre,XFINK,0.008579625040318839,14.0,24
2007-02-28,794,late_pre,XHOLD,-0.03390919880691834,22.0,24
2007-02-28,794,late_pre,XGMYO,0.041715977307645424,5.0,24
2007-02-28,794,late_pre,XYORT,0.17456251438825388,1.0,24
2007-02-28,794,late_pre,XUTEK,-0.022281050622988574,21.0,24
2007-02-28,794,late_pre,XBLSM,0.012715431078124784,12.0,24
2007-02-28,794,early_post,XUSIN,0.004393485333439084,7.0,24
2007-02-28,794,early_post,XGIDA,-0.02233673720280893,11.0,24
2007-02-28,794,early_post,XKMYA,0.013873311624352569,6.0,24
2007-02-28,794,early_post,XMANA,0.1381774118025727,1.0,24
2007-02-28,794,early_post,XMESY,-0.050333401350713514,20.0,24
2007-02-28,794,early_post,XKAGT,0.01867289301797692,4.0,24
2007-02-28,794,early_post,XTAST,-0.05688228145595253,22.0,24
2007-02-28,794,early_post,XTEKS,-0.02576464459526906,14.0,24
2007-02-28,794,early_post,XUHIZ,-0.02460860997211789,12.0,24
2007-02-28,794,early_post,XELKT,-0.030561905886022034,18.0,24
2007-02-28,794,early_post,XILTM,0.018231954644129633,5.0,24
2007-02-28,794,early_post,XSPOR,-0.02769990464291583,16.0,24
2007-02-28,794,early_post,XTCRT,-0.05255944527940304,21.0,24
2007-02-28,794,early_post,XTRZM,0.019139944718854274,3.0,24
2007-02-28,794,early_post,XULAS,-0.07336969757886824,23.0,24
2007-02-28,794,early_post,XUMAL,-0.00289718283041962,9.0,24
2007-02-28,794,early_post,XBANK,0.003534170219052113,8.0,24
2007-02-28,794,early_post,XSGRT,0.04249949055192448,2.0,24
2007-02-28,794,early_post,XFINK,-0.02078713700059409,10.0,24
2007-02-28,794,early_post,XHOLD,-0.02732462919423484,15.0,24
2007-02-28,794,early_post,XGMYO,-0.025546227692508694,13.0,24
2007-02-28,794,early_post,XYORT,-0.1392954622826198,24.0,24
2007-02-28,794,early_post,XUTEK,-0.040000839486146855,19.0,24
2007-02-28,794,early_post,XBLSM,-0.029919412068289963,17.0,24
2007-02-28,794,mid_post,XUSIN,-0.04417020971698071,16.0,24
2007-02-28,794,mid_post,XGIDA,-0.08142819767549914,20.0,24
2007-02-28,794,mid_post,XKMYA,-0.0279135198649485,12.0,24
2007-02-28,794,mid_post,XMANA,0.0187213601397056,7.0,24
2007-02-28,794,mid_post,XMESY,0.012469476875364816,9.0,24
2007-02-28,794,mid_post,XKAGT,-0.02945025864251205,13.0,24
2007-02-28,794,mid_post,XTAST,-0.1424657079638516,24.0,24
2007-02-28,794,mid_post,XTEKS,-0.08438395125322318,21.0,24
2007-02-28,794,mid_post,XUHIZ,-0.04045128340617854,14.0,24
2007-02-28,794,mid_post,XELKT,0.00956299450230258,10.0,24
2007-02-28,794,mid_post,XILTM,-0.06809876948342675,17.0,24
2007-02-28,794,mid_post,XSPOR,0.018997505755396826,6.0,24
2007-02-28,794,mid_post,XTCRT,-0.10703867976441983,22.0,24
2007-02-28,794,mid_post,XTRZM,0.030941623456748335,3.0,24
2007-02-28,794,mid_post,XULAS,0.030932200445614733,4.0,24
2007-02-28,794,mid_post,XUMAL,0.022072667479766883,5.0,24
2007-02-28,794,mid_post,XBANK,0.01801286357261489,8.0,24
2007-02-28,794,mid_post,XSGRT,0.07000979243121042,1.0,24
2007-02-28,794,mid_post,XFINK,-0.04171568240107182,15.0,24
2007-02-28,794,mid_post,XHOLD,0.03701150432094025,2.0,24
2007-02-28,794,mid_post,XGMYO,-0.014380469827241393,11.0,24
2007-02-28,794,mid_post,XYORT,-0.12530151202855033,23.0,24
2007-02-28,794,mid_post,XUTEK,-0.07622256554656914,19.0,24
2007-02-28,794,mid_post,XBLSM,-0.07045444681180468,18.0,24
2007-08-15,913,chop,XUSIN,-0.08120786307359862,14.0,24
2007-08-15,913,chop,XGIDA,-0.0775202488545148,13.0,24
2007-08-15,913,chop,XKMYA,-0.10019194217250638,17.0,24
2007-08-15,913,chop,XMANA,-0.012002723020235528,7.0,24
2007-08-15,913,chop,XMESY,-0.11632365852348703,20.0,24
2007-08-15,913,chop,XKAGT,-0.10564722825490036,18.0,24
2007-08-15,913,chop,XTAST,-0.08687477160513324,16.0,24
2007-08-15,913,chop,XTEKS,-0.05222469732762414,12.0,24
2007-08-15,913,chop,XUHIZ,-0.04547316717986449,11.0,24
2007-08-15,913,chop,XELKT,0.026690297603239266,3.0,24
2007-08-15,913,chop,XILTM,-0.030602200906955535,9.0,24
2007-08-15,913,chop,XSPOR,-0.12022871778637123,21.0,24
2007-08-15,913,chop,XTCRT,-0.03820889903190561,10.0,24
2007-08-15,913,chop,XTRZM,-0.1124692449160869,19.0,24
2007-08-15,913,chop,XULAS,0.018597523849949393,4.0,24
2007-08-15,913,chop,XUMAL,0.04122515391679693,2.0,24
2007-08-15,913,chop,XBANK,0.07352122476462486,1.0,24
2007-08-15,913,chop,XSGRT,0.012486827742854478,5.0,24
2007-08-15,913,chop,XFINK,-0.0069903115961571505,6.0,24
2007-08-15,913,chop,XHOLD,-0.018438041714673448,8.0,24
2007-08-15,913,chop,XGMYO,-0.1883742292995182,24.0,24
2007-08-15,913,chop,XYORT,-0.08459637758731686,15.0,24
2007-08-15,913,chop,XUTEK,-0.14213626052890826,23.0,24
2007-08-15,913,chop,XBLSM,-0.12270659568786524,22.0,24
2007-08-15,913,late_pre,XUSIN,0.04016894783326819,13.0,24
2007-08-15,913,late_pre,XGIDA,0.028714604553747303,16.0,24
2007-08-15,913,late_pre,XKMYA,0.028895257850564793,15.0,24
2007-08-15,913,late_pre,XMANA,0.05545640477008962,9.0,24
2007-08-15,913,late_pre,XMESY,0.01864668813282233,17.0,24
2007-08-15,913,late_pre,XKAGT,0.03575513800996322,14.0,24
2007-08-15,913,late_pre,XTAST,0.07030714911778146,6.0,24
2007-08-15,913,late_pre,XTEKS,0.07359916770632835,5.0,24
2007-08-15,913,late_pre,XUHIZ,0.05851214944451988,7.0,24
2007-08-15,913,late_pre,XELKT,0.1465928834837099,2.0,24
2007-08-15,913,late_pre,XILTM,0.08403247603490005,3.0,24
2007-08-15,913,late_pre,XSPOR,0.1657394690236752,1.0,24
2007-08-15,913,late_pre,XTCRT,0.07611279160201712,4.0,24
2007-08-15,913,late_pre,XTRZM,-0.22392175646738066,24.0,24
2007-08-15,913,late_pre,XULAS,-0.0001739116095254012,19.0,24
2007-08-15,913,late_pre,XUMAL,-0.02148220470146167,20.0,24
2007-08-15,913,late_pre,XBANK,-0.026308002407513742,22.0,24
2007-08-15,913,late_pre,XSGRT,0.05602154560573891,8.0,24
2007-08-15,913,late_pre,XFINK,-0.033260781542788,23.0,24
2007-08-15,913,late_pre,XHOLD,-0.021695262998415954,21.0,24
2007-08-15,913,late_pre,XGMYO,0.007874969026535839,18.0,24
2007-08-15,913,late_pre,XYORT,0.04641469914926222,10.0,24
2007-08-15,913,late_pre,XUTEK,0.04437753814721479,11.0,24
2007-08-15,913,late_pre,XBLSM,0.04323863954719476,12.0,24
2007-08-15,913,early_post,XUSIN,-0.029828902139707125,17.0,24
2007-08-15,913,early_post,XGIDA,-0.028196369423286072,16.0,24
2007-08-15,913,early_post,XKMYA,-0.044318345309293905,21.0,24
2007-08-15,913,early_post,XMANA,0.018651618321031904,3.0,24
2007-08-15,913,early_post,XMESY,-0.03725221003769663,19.0,24
2007-08-15,913,early_post,XKAGT,-0.04981701053573251,22.0,24
2007-08-15,913,early_post,XTAST,-0.060230891282106125,23.0,24
2007-08-15,913,early_post,XTEKS,0.01674962399900881,5.0,24
2007-08-15,913,early_post,XUHIZ,-0.010071635392768119,12.0,24
2007-08-15,913,early_post,XELKT,0.0007342560988061742,7.0,24
2007-08-15,913,early_post,XILTM,-0.0037357878216448537,10.0,24
2007-08-15,913,early_post,XSPOR,-0.0832820443929776,24.0,24
2007-08-15,913,early_post,XTCRT,-0.00750473541236385,11.0,24
2007-08-15,913,early_post,XTRZM,0.12478875522318411,1.0,24
2007-08-15,913,early_post,XULAS,-0.0030330197843440043,9.0,24
2007-08-15,913,early_post,XUMAL,0.012603345470502347,6.0,24
2007-08-15,913,early_post,XBANK,0.017138272244123343,4.0,24
2007-08-15,913,early_post,XSGRT,0.046275259948489245,2.0,24
2007-08-15,913,early_post,XFINK,-0.013766273159744546,13.0,24
2007-08-15,913,early_post,XHOLD,-0.0011395748619436041,8.0,24
2007-08-15,913,early_post,XGMYO,-0.022789434132981956,14.0,24
2007-08-15,913,early_post,XYORT,-0.023834328932715643,15.0,24
2007-08-15,913,early_post,XUTEK,-0.042991326006444064,20.0,24
2007-08-15,913,early_post,XBLSM,-0.0317198370747338,18.0,24
2007-08-15,913,mid_post,XUSIN,-0.0868793315133567,14.0,24
2007-08-15,913,mid_post,XGIDA,-0.04144620759377404,6.0,24
2007-08-15,913,mid_post,XKMYA,-0.09972612188223562,16.0,24
2007-08-15,913,mid_post,XMANA,-0.06947918168861578,10.0,24
2007-08-15,913,mid_post,XMESY,-0.07634527958125203,11.0,24
2007-08-15,913,mid_post,XKAGT,-0.04998780731631447,7.0,24
2007-08-15,913,mid_post,XTAST,-0.1490973882351414,18.0,24
2007-08-15,913,mid_post,XTEKS,-0.15798294591805973,21.0,24
2007-08-15,913,mid_post,XUHIZ,-0.06360972074782589,9.0,24
2007-08-15,913,mid_post,XELKT,-0.003224683510557158,5.0,24
2007-08-15,913,mid_post,XILTM,0.025155093193198752,3.0,24
2007-08-15,913,mid_post,XSPOR,-0.1570648576431044,19.0,24
2007-08-15,913,mid_post,XTCRT,-0.15710513971522322,20.0,24
2007-08-15,913,mid_post,XTRZM,-0.2446757780772696,24.0,24
2007-08-15,913,mid_post,XULAS,-0.16275408304525574,22.0,24
2007-08-15,913,mid_post,XUMAL,0.04334545055236494,2.0,24
2007-08-15,913,mid_post,XBANK,0.09523735581316539,1.0,24
2007-08-15,913,mid_post,XSGRT,-0.20369021441070556,23.0,24
2007-08-15,913,mid_post,XFINK,-0.08100271936339021,13.0,24
2007-08-15,913,mid_post,XHOLD,-0.07731953520454149,12.0,24
2007-08-15,913,mid_post,XGMYO,0.002147923208480007,4.0,24
2007-08-15,913,mid_post,XYORT,-0.10717093347417306,17.0,24
2007-08-15,913,mid_post,XUTEK,-0.05071372769427063,8.0,24
2007-08-15,913,mid_post,XBLSM,-0.0960643298387851,15.0,24
2008-06-30,1133,chop,XUSIN,0.050634227779819296,9.0,24
2008-06-30,1133,chop,XGIDA,0.07024783033780557,7.0,24
2008-06-30,1133,chop,XKMYA,0.04224779203538587,12.0,24
2008-06-30,1133,chop,XMANA,0.08899747526891155,4.0,24
2008-06-30,1133,chop,XMESY,0.07075547717653796,6.0,24
2008-06-30,1133,chop,XKAGT,0.047913588194203216,10.0,24
2008-06-30,1133,chop,XTAST,-0.028915154194293358,21.0,24
2008-06-30,1133,chop,XTEKS,0.012164979590584712,15.0,24
2008-06-30,1133,chop,XUHIZ,-0.006045591045065746,17.0,24
2008-06-30,1133,chop,XELKT,0.29010108304482296,1.0,24
2008-06-30,1133,chop,XILTM,-0.14617209451319912,24.0,24
2008-06-30,1133,chop,XSPOR,0.047294224648013694,11.0,24
2008-06-30,1133,chop,XTCRT,0.14070793358124045,3.0,24
2008-06-30,1133,chop,XTRZM,0.03452776209055042,13.0,24
2008-06-30,1133,chop,XULAS,0.06257610922822376,8.0,24
2008-06-30,1133,chop,XUMAL,-0.02111881450379527,20.0,24
2008-06-30,1133,chop,XBANK,-0.058919312239645416,23.0,24
2008-06-30,1133,chop,XSGRT,0.18840114149402032,2.0,24
2008-06-30,1133,chop,XFINK,0.0130815110890945,14.0,24
2008-06-30,1133,chop,XHOLD,0.08415069369028338,5.0,24
2008-06-30,1133,chop,XGMYO,-0.01845291970633356,19.0,24
2008-06-30,1133,chop,XYORT,-0.006913768663007858,18.0,24
2008-06-30,1133,chop,XUTEK,0.003202974584201046,16.0,24
2008-06-30,1133,chop,XBLSM,-0.03590149095669615,22.0,24
2008-06-30,1133,late_pre,XUSIN,0.060064028242597156,7.0,24
2008-06-30,1133,late_pre,XGIDA,0.029029152360862454,9.0,24
2008-06-30,1133,late_pre,XKMYA,-0.01679322281731377,16.0,24
2008-06-30,1133,late_pre,XMANA,0.2901406837753917,2.0,24
2008-06-30,1133,late_pre,XMESY,-0.028164923335737613,18.0,24
2008-06-30,1133,late_pre,XKAGT,-0.005918813218240282,15.0,24
2008-06-30,1133,late_pre,XTAST,-0.0021110229753978915,13.0,24
2008-06-30,1133,late_pre,XTEKS,-0.003376478894280166,14.0,24
2008-06-30,1133,late_pre,XUHIZ,0.02794195614926942,10.0,24
2008-06-30,1133,late_pre,XELKT,0.08449006966477901,4.0,24
2008-06-30,1133,late_pre,XILTM,-0.06352107750234359,21.0,24
2008-06-30,1133,late_pre,XSPOR,0.3571633372336023,1.0,24
2008-06-30,1133,late_pre,XTCRT,0.12137120021896353,3.0,24
2008-06-30,1133,late_pre,XTRZM,-0.08875303858392014,23.0,24
2008-06-30,1133,late_pre,XULAS,-0.08890069449012605,24.0,24
2008-06-30,1133,late_pre,XUMAL,-0.045465494254643524,20.0,24
2008-06-30,1133,late_pre,XBANK,-0.07227350856983972,22.0,24
2008-06-30,1133,late_pre,XSGRT,-0.001672988513688134,12.0,24
2008-06-30,1133,late_pre,XFINK,0.04083318006792602,8.0,24
2008-06-30,1133,late_pre,XHOLD,0.015940530256283947,11.0,24
2008-06-30,1133,late_pre,XGMYO,0.08335327492305245,5.0,24
2008-06-30,1133,late_pre,XYORT,0.07558545609967049,6.0,24
2008-06-30,1133,late_pre,XUTEK,-0.019667600514895467,17.0,24
2008-06-30,1133,late_pre,XBLSM,-0.03983323927639726,19.0,24
2008-06-30,1133,early_post,XUSIN,-0.028977049265951127,15.0,24
2008-06-30,1133,early_post,XGIDA,0.02880820592966371,5.0,24
2008-06-30,1133,early_post,XKMYA,-0.00903712503408971,9.0,24
2008-06-30,1133,early_post,XMANA,-0.08348368276109086,23.0,24
2008-06-30,1133,early_post,XMESY,-0.02591259313622274,12.0,24
2008-06-30,1133,early_post,XKAGT,-0.02777980663920432,14.0,24
2008-06-30,1133,early_post,XTAST,-0.030901222405171902,16.0,24
2008-06-30,1133,early_post,XTEKS,-0.03421657417360069,17.0,24
2008-06-30,1133,early_post,XUHIZ,-0.07381226686393827,22.0,24
2008-06-30,1133,early_post,XELKT,-0.0010276528287134212,8.0,24
2008-06-30,1133,early_post,XILTM,-0.04400076966018118,19.0,24
2008-06-30,1133,early_post,XSPOR,0.06898160048396074,2.0,24
2008-06-30,1133,early_post,XTCRT,-0.10163112860018186,24.0,24
2008-06-30,1133,early_post,XTRZM,-0.05140108770787344,21.0,24
2008-06-30,1133,early_post,XULAS,-0.009400751017471398,10.0,24
2008-06-30,1133,early_post,XUMAL,0.0675584868865371,3.0,24
2008-06-30,1133,early_post,XBANK,0.09610255061724682,1.0,24
2008-06-30,1133,early_post,XSGRT,-0.044179502484931854,20.0,24
2008-06-30,1133,early_post,XFINK,0.06331746186428133,4.0,24
2008-06-30,1133,early_post,XHOLD,0.008293339864878568,7.0,24
2008-06-30,1133,early_post,XGMYO,0.011567287410493288,6.0,24
2008-06-30,1133,early_post,XYORT,-0.02611000154633003,13.0,24
2008-06-30,1133,early_post,XUTEK,-0.040480751275685734,18.0,24
2008-06-30,1133,early_post,XBLSM,-0.016827208506824398,11.0,24
2008-06-30,1133,mid_post,XUSIN,-0.08595986852288773,20.0,24
2008-06-30,1133,mid_post,XGIDA,-0.06925066795785106,19.0,24
2008-06-30,1133,mid_post,XKMYA,-0.033045525217557215,14.0,24
2008-06-30,1133,mid_post,XMANA,-0.22090272794400567,24.0,24
2008-06-30,1133,mid_post,XMESY,-0.04501852813105933,16.0,24
2008-06-30,1133,mid_post,XKAGT,0.00501199384177764,8.0,24
2008-06-30,1133,mid_post,XTAST,-0.012467932737815435,11.0,24
2008-06-30,1133,mid_post,XTEKS,0.0021175381388711667,9.0,24
2008-06-30,1133,mid_post,XUHIZ,-0.05015422038017614,18.0,24
2008-06-30,1133,mid_post,XELKT,-0.15321395095002166,23.0,24
2008-06-30,1133,mid_post,XILTM,-0.023045107760234718,12.0,24
2008-06-30,1133,mid_post,XSPOR,-0.14466703487206078,22.0,24
2008-06-30,1133,mid_post,XTCRT,0.014260408430449178,6.0,24
2008-06-30,1133,mid_post,XTRZM,-0.003236736722824096,10.0,24
2008-06-30,1133,mid_post,XULAS,0.018646409099269512,5.0,24
2008-06-30,1133,mid_post,XUMAL,0.06030063571160649,2.0,24
2008-06-30,1133,mid_post,XBANK,0.08166022939649653,1.0,24
2008-06-30,1133,mid_post,XSGRT,0.03448771250213967,3.0,24
2008-06-30,1133,mid_post,XFINK,0.005049611943017673,7.0,24
2008-06-30,1133,mid_post,XHOLD,0.019052368284422805,4.0,24
2008-06-30,1133,mid_post,XGMYO,-0.09595738600541681,21.0,24
2008-06-30,1133,mid_post,XYORT,-0.04673695825540247,17.0,24
2008-06-30,1133,mid_post,XUTEK,-0.043323964985717334,15.0,24
2008-06-30,1133,mid_post,XBLSM,-0.03268159766259249,13.0,24
2008-11-19,1231,chop,XUSIN,-0.013626713055217121,13.0,24
2008-11-19,1231,chop,XGIDA,0.23501549124804055,2.0,24
2008-11-19,1231,chop,XKMYA,-0.046204034685099926,17.0,24
2008-11-19,1231,chop,XMANA,-0.11016138366685124,22.0,24
2008-11-19,1231,chop,XMESY,-0.14643539415165385,24.0,24
2008-11-19,1231,chop,XKAGT,0.04733462108843989,6.0,24
2008-11-19,1231,chop,XTAST,0.01359154931701112,11.0,24
2008-11-19,1231,chop,XTEKS,0.03619408433158333,8.0,24
2008-11-19,1231,chop,XUHIZ,0.1465757810095093,3.0,24
2008-11-19,1231,chop,XELKT,0.01683970847781968,10.0,24
2008-11-19,1231,chop,XILTM,0.26497464910808866,1.0,24
2008-11-19,1231,chop,XSPOR,0.039328406039903174,7.0,24
2008-11-19,1231,chop,XTCRT,0.11389619012996244,4.0,24
2008-11-19,1231,chop,XTRZM,-0.0849959420271088,18.0,24
2008-11-19,1231,chop,XULAS,-0.018984794754010048,14.0,24
2008-11-19,1231,chop,XUMAL,-0.03923444560334299,16.0,24
2008-11-19,1231,chop,XBANK,-0.019190857979437648,15.0,24
2008-11-19,1231,chop,XSGRT,-0.10239953244673572,21.0,24
2008-11-19,1231,chop,XFINK,-0.118943549891112,23.0,24
2008-11-19,1231,chop,XHOLD,-0.0879080937230653,19.0,24
2008-11-19,1231,chop,XGMYO,-0.08886365695571519,20.0,24
2008-11-19,1231,chop,XYORT,0.07531142180890738,5.0,24
2008-11-19,1231,chop,XUTEK,-0.013040452234524214,12.0,24
2008-11-19,1231,chop,XBLSM,0.025778207761874228,9.0,24
2008-11-19,1231,late_pre,XUSIN,-0.034702124180457816,18.0,24
2008-11-19,1231,late_pre,XGIDA,0.000486995072770835,16.0,24
2008-11-19,1231,late_pre,XKMYA,-0.09602133223072351,21.0,24
2008-11-19,1231,late_pre,XMANA,-0.08878526949950694,20.0,24
2008-11-19,1231,late_pre,XMESY,-0.050779746546309346,19.0,24
2008-11-19,1231,late_pre,XKAGT,0.09550330784007877,7.0,24
2008-11-19,1231,late_pre,XTAST,0.05568248886874605,10.0,24
2008-11-19,1231,late_pre,XTEKS,0.0685294438205073,9.0,24
2008-11-19,1231,late_pre,XUHIZ,0.020675809159426572,15.0,24
2008-11-19,1231,late_pre,XELKT,-0.22287253511273752,23.0,24
2008-11-19,1231,late_pre,XILTM,0.10454164018092604,6.0,24
2008-11-19,1231,late_pre,XSPOR,0.13916316218307134,4.0,24
2008-11-19,1231,late_pre,XTCRT,-0.23797623166580895,24.0,24
2008-11-19,1231,late_pre,XTRZM,0.10533344160359326,5.0,24
2008-11-19,1231,late_pre,XULAS,0.2671775023908084,1.0,24
2008-11-19,1231,late_pre,XUMAL,0.028471691961834855,14.0,24
2008-11-19,1231,late_pre,XBANK,0.03525169019991237,12.0,24
2008-11-19,1231,late_pre,XSGRT,-0.1389691048009748,22.0,24
2008-11-19,1231,late_pre,XFINK,0.09278543086917312,8.0,24
2008-11-19,1231,late_pre,XHOLD,0.0353255065301028,11.0,24
2008-11-19,1231,late_pre,XGMYO,-0.020924432860551234,17.0,24
2008-11-19,1231,late_pre,XYORT,0.029444561995736307,13.0,24
2008-11-19,1231,late_pre,XUTEK,0.17774358649069943,3.0,24
2008-11-19,1231,late_pre,XBLSM,0.2421424193909948,2.0,24
2008-11-19,1231,early_post,XUSIN,-0.06522159184403264,13.0,24
2008-11-19,1231,early_post,XGIDA,-0.09736067086916722,18.0,24
2008-11-19,1231,early_post,XKMYA,0.002530858166165162,7.0,24
2008-11-19,1231,early_post,XMANA,-0.05908462303768469,12.0,24
2008-11-19,1231,early_post,XMESY,-0.08872835538451573,15.0,24
2008-11-19,1231,early_post,XKAGT,-0.11658889246493964,20.0,24
2008-11-19,1231,early_post,XTAST,-0.09518734547541885,16.0,24
2008-11-19,1231,early_post,XTEKS,-0.09866230921982955,19.0,24
2008-11-19,1231,early_post,XUHIZ,0.03988675599571989,3.0,24
2008-11-19,1231,early_post,XELKT,0.25341995551038865,1.0,24
2008-11-19,1231,early_post,XILTM,0.034979659953711995,4.0,24
2008-11-19,1231,early_post,XSPOR,-0.1280496858391782,21.0,24
2008-11-19,1231,early_post,XTCRT,0.2415335882397176,2.0,24
2008-11-19,1231,early_post,XTRZM,0.001034523741144433,8.0,24
2008-11-19,1231,early_post,XULAS,-0.13310582494786294,22.0,24
2008-11-19,1231,early_post,XUMAL,-0.0014674734157205105,9.0,24
2008-11-19,1231,early_post,XBANK,0.019930326005498156,5.0,24
2008-11-19,1231,early_post,XSGRT,0.012975196247261955,6.0,24
2008-11-19,1231,early_post,XFINK,-0.03405186617958322,10.0,24
2008-11-19,1231,early_post,XHOLD,-0.07376385403378172,14.0,24
2008-11-19,1231,early_post,XGMYO,-0.09521722465302696,17.0,24
2008-11-19,1231,early_post,XYORT,-0.0428800014338091,11.0,24
2008-11-19,1231,early_post,XUTEK,-0.1486092619761279,23.0,24
2008-11-19,1231,early_post,XBLSM,-0.15655035604556344,24.0,24
2008-11-19,1231,mid_post,XUSIN,-0.0035996713525896507,13.0,24
2008-11-19,1231,mid_post,XGIDA,-0.0772515049471596,21.0,24
2008-11-19,1231,mid_post,XKMYA,0.006731368382846603,12.0,24
2008-11-19,1231,mid_post,XMANA,0.04088897473870878,9.0,24
2008-11-19,1231,mid_post,XMESY,0.050685251320503055,6.0,24
2008-11-19,1231,mid_post,XKAGT,-0.03708638940170006,19.0,24
2008-11-19,1231,mid_post,XTAST,0.008038109898919399,11.0,24
2008-11-19,1231,mid_post,XTEKS,0.06126324594677135,5.0,24
2008-11-19,1231,mid_post,XUHIZ,0.026792464783972236,10.0,24
2008-11-19,1231,mid_post,XELKT,-0.1303865630167328,23.0,24
2008-11-19,1231,mid_post,XILTM,-0.018360394536160785,17.0,24
2008-11-19,1231,mid_post,XSPOR,-0.011824497227203468,16.0,24
2008-11-19,1231,mid_post,XTCRT,0.11582756753967305,4.0,24
2008-11-19,1231,mid_post,XTRZM,-0.027154190214800256,18.0,24
2008-11-19,1231,mid_post,XULAS,0.17893530052216888,1.0,24
2008-11-19,1231,mid_post,XUMAL,-0.008752104714728426,15.0,24
2008-11-19,1231,mid_post,XBANK,-0.005998132670195222,14.0,24
2008-11-19,1231,mid_post,XSGRT,0.16513683819093317,2.0,24
2008-11-19,1231,mid_post,XFINK,0.14910763266115878,3.0,24
2008-11-19,1231,mid_post,XHOLD,-0.05935159817787716,20.0,24
2008-11-19,1231,mid_post,XGMYO,0.04380116191961958,7.0,24
2008-11-19,1231,mid_post,XYORT,0.04215019210798954,8.0,24
2008-11-19,1231,mid_post,XUTEK,-0.07836092840076281,22.0,24
2008-11-19,1231,mid_post,XBLSM,-0.20591188157204987,24.0,24
2009-03-04,1301,chop,XUSIN,0.005822359825981671,11.0,24
2009-03-04,1301,chop,XGIDA,-0.0834898589819888,20.0,24
2009-03-04,1301,chop,XKMYA,0.03574461693121633,9.0,24
2009-03-04,1301,chop,XMANA,0.08144466839233089,3.0,24
2009-03-04,1301,chop,XMESY,-0.007238620439538046,14.0,24
2009-03-04,1301,chop,XKAGT,-0.09793718151329023,21.0,24
2009-03-04,1301,chop,XTAST,0.04558328482385443,8.0,24
2009-03-04,1301,chop,XTEKS,-0.00682580161266233,13.0,24
2009-03-04,1301,chop,XUHIZ,0.025397949638557904,10.0,24
2009-03-04,1301,chop,XELKT,-0.1370800142271622,23.0,24
2009-03-04,1301,chop,XILTM,-0.006334973302603686,12.0,24
2009-03-04,1301,chop,XSPOR,-0.031202212397419382,17.0,24
2009-03-04,1301,chop,XTCRT,0.060917044908632256,5.0,24
2009-03-04,1301,chop,XTRZM,-0.07485634047243828,19.0,24
2009-03-04,1301,chop,XULAS,0.18295486188177068,2.0,24
2009-03-04,1301,chop,XUMAL,-0.007445503881494453,15.0,24
2009-03-04,1301,chop,XBANK,-0.0076949903746879045,16.0,24
2009-03-04,1301,chop,XSGRT,0.19481994435175376,1.0,24
2009-03-04,1301,chop,XFINK,0.053078296223770804,6.0,24
2009-03-04,1301,chop,XHOLD,-0.04681260145421695,18.0,24
2009-03-04,1301,chop,XGMYO,0.06299383505487555,4.0,24
2009-03-04,1301,chop,XYORT,0.051555672792852114,7.0,24
2009-03-04,1301,chop,XUTEK,-0.11401733340172782,22.0,24
2009-03-04,1301,chop,XBLSM,-0.23101737159206703,24.0,24
2009-03-04,1301,late_pre,XUSIN,0.0802123614059791,15.0,25
2009-03-04,1301,late_pre,XGIDA,0.07530002798229318,16.0,25
2009-03-04,1301,late_pre,XKMYA,0.10826991183497137,8.0,25
2009-03-04,1301,late_pre,XMANA,0.003841571008540434,21.0,25
2009-03-04,1301,late_pre,XMESY,0.09285399315027931,11.0,25
2009-03-04,1301,late_pre,XKAGT,0.13894774087466455,4.0,25
2009-03-04,1301,late_pre,XTAST,0.08945583948524283,13.0,25
2009-03-04,1301,late_pre,XTEKS,0.20662749548425385,2.0,25
2009-03-04,1301,late_pre,XUHIZ,0.046934167392563286,17.0,25
2009-03-04,1301,late_pre,XELKT,0.12609433160156935,6.0,25
2009-03-04,1301,late_pre,XILTM,0.030240894594806833,18.0,25
2009-03-04,1301,late_pre,XSPOR,0.024892139111065248,19.0,25
2009-03-04,1301,late_pre,XTCRT,0.09077062302731398,12.0,25
2009-03-04,1301,late_pre,XTRZM,0.1332337368874167,5.0,25
2009-03-04,1301,late_pre,XULAS,0.006955514952373676,20.0,25
2009-03-04,1301,late_pre,XUMAL,-0.0462982958959306,23.0,25
2009-03-04,1301,late_pre,XBANK,-0.0529187921371973,25.0,25
2009-03-04,1301,late_pre,XSGRT,-0.03306962335724084,22.0,25
2009-03-04,1301,late_pre,XFINK,0.08911288981259669,14.0,25
2009-03-04,1301,late_pre,XHOLD,-0.05036265077737789,24.0,25
2009-03-04,1301,late_pre,XGMYO,0.12139905095881842,7.0,25
2009-03-04,1301,late_pre,XYORT,0.09292405728206543,10.0,25
2009-03-04,1301,late_pre,XUTEK,0.14157175208824746,3.0,25
2009-03-04,1301,late_pre,XBLSM,0.2146842546267166,1.0,25
2009-03-04,1301,late_pre,XTUMY,0.0959235202409261,9.0,25
2009-03-04,1301,early_post,XUSIN,-0.02157002122972207,19.0,25
2009-03-04,1301,early_post,XGIDA,-0.005039057107228295,14.0,25
2009-03-04,1301,early_post,XKMYA,-0.01850098147600865,17.0,25
2009-03-04,1301,early_post,XMANA,-0.11290340886398142,25.0,25
2009-03-04,1301,early_post,XMESY,0.015404329406673245,11.0,25
2009-03-04,1301,early_post,XKAGT,0.07190897280008768,3.0,25
2009-03-04,1301,early_post,XTAST,-0.0018377539951330846,13.0,25
2009-03-04,1301,early_post,XTEKS,-0.010986162817781864,16.0,25
2009-03-04,1301,early_post,XUHIZ,-0.0501900648571626,22.0,25
2009-03-04,1301,early_post,XELKT,-0.020483016249700947,18.0,25
2009-03-04,1301,early_post,XILTM,-0.06215169172979729,24.0,25
2009-03-04,1301,early_post,XSPOR,0.02528939289630494,8.0,25
2009-03-04,1301,early_post,XTCRT,-0.05173910784024949,23.0,25
2009-03-04,1301,early_post,XTRZM,0.16653016368357743,1.0,25
2009-03-04,1301,early_post,XULAS,0.0719648208547139,2.0,25
2009-03-04,1301,early_post,XUMAL,0.04244355860223381,6.0,25
2009-03-04,1301,early_post,XBANK,0.05132517751259846,4.0,25
2009-03-04,1301,early_post,XSGRT,0.01601794829031289,10.0,25
2009-03-04,1301,early_post,XFINK,0.028351929769732553,7.0,25
2009-03-04,1301,early_post,XHOLD,0.017995536086082176,9.0,25
2009-03-04,1301,early_post,XGMYO,-0.008291995570715027,15.0,25
2009-03-04,1301,early_post,XYORT,0.051142888280640175,5.0,25
2009-03-04,1301,early_post,XUTEK,-0.021898096033990067,20.0,25
2009-03-04,1301,early_post,XBLSM,-0.027285033477454812,21.0,25
2009-03-04,1301,early_post,XTUMY,0.010397009761782261,12.0,25
2009-03-04,1301,mid_post,XUSIN,-0.1286274976495485,16.0,25
2009-03-04,1301,mid_post,XGIDA,-0.19877173373401558,21.0,25
2009-03-04,1301,mid_post,XKMYA,-0.1843084517956135,19.0,25
2009-03-04,1301,mid_post,XMANA,-0.017291594599639692,11.0,25
2009-03-04,1301,mid_post,XMESY,0.11876948032092782,4.0,25
2009-03-04,1301,mid_post,XKAGT,-0.3678885287119116,25.0,25
2009-03-04,1301,mid_post,XTAST,-0.08135609769904772,15.0,25
2009-03-04,1301,mid_post,XTEKS,-0.193817444931639,20.0,25
2009-03-04,1301,mid_post,XUHIZ,-0.1814236296249785,18.0,25
2009-03-04,1301,mid_post,XELKT,0.02837539294527036,8.0,25
2009-03-04,1301,mid_post,XILTM,-0.2718646351295173,24.0,25
2009-03-04,1301,mid_post,XSPOR,-0.2672353681640556,23.0,25
2009-03-04,1301,mid_post,XTCRT,0.08122062480021763,6.0,25
2009-03-04,1301,mid_post,XTRZM,-0.04743774299747039,12.0,25
2009-03-04,1301,mid_post,XULAS,-0.003641668887588878,9.0,25
2009-03-04,1301,mid_post,XUMAL,0.1210663750842702,3.0,25
2009-03-04,1301,mid_post,XBANK,0.1340145487542872,2.0,25
2009-03-04,1301,mid_post,XSGRT,-0.07330853481571808,14.0,25
2009-03-04,1301,mid_post,XFINK,0.14692932359926458,1.0,25
2009-03-04,1301,mid_post,XHOLD,0.10780698328033189,5.0,25
2009-03-04,1301,mid_post,XGMYO,0.05080426114761871,7.0,25
2009-03-04,1301,mid_post,XYORT,-0.210224142358022,22.0,25
2009-03-04,1301,mid_post,XUTEK,-0.006628967909799721,10.0,25
2009-03-04,1301,mid_post,XBLSM,-0.05662627980797619,13.0,25
2009-03-04,1301,mid_post,XTUMY,-0.16742011385102762,17.0,25
2009-11-19,1481,chop,XUSIN,0.026285435069953067,14.0,25
2009-11-19,1481,chop,XGIDA,0.011038416644829407,16.0,25
2009-11-19,1481,chop,XKMYA,0.06198159693669236,10.0,25
2009-11-19,1481,chop,XMANA,-0.0013906437672641658,18.0,25
2009-11-19,1481,chop,XMESY,0.00014690141640683052,17.0,25
2009-11-19,1481,chop,XKAGT,-0.034443402005277735,22.0,25
2009-11-19,1481,chop,XTAST,0.07376276629812106,9.0,25
2009-11-19,1481,chop,XTEKS,0.04679950750055539,11.0,25
2009-11-19,1481,chop,XUHIZ,0.012976503364662939,15.0,25
2009-11-19,1481,chop,XELKT,0.21518574975150684,5.0,25
2009-11-19,1481,chop,XILTM,-0.06122914254987433,23.0,25
2009-11-19,1481,chop,XSPOR,-0.08485783810392533,24.0,25
2009-11-19,1481,chop,XTCRT,0.026701743854170124,13.0,25
2009-11-19,1481,chop,XTRZM,0.25835222321151297,4.0,25
2009-11-19,1481,chop,XULAS,0.45258878444876216,1.0,25
2009-11-19,1481,chop,XUMAL,-0.018358773758918367,21.0,25
2009-11-19,1481,chop,XBANK,-0.00766928037853698,19.0,25
2009-11-19,1481,chop,XSGRT,0.032825237237542604,12.0,25
2009-11-19,1481,chop,XFINK,0.0943973756637213,8.0,25
2009-11-19,1481,chop,XHOLD,-0.08967460293990237,25.0,25
2009-11-19,1481,chop,XGMYO,0.12772399253766165,6.0,25
2009-11-19,1481,chop,XYORT,0.09633874834766765,7.0,25
2009-11-19,1481,chop,XUTEK,0.2635253751311242,3.0,25
2009-11-19,1481,chop,XBLSM,0.3487648304229023,2.0,25
2009-11-19,1481,chop,XTUMY,-0.01036325952846906,20.0,25
2009-11-19,1481,late_pre,XUSIN,-0.0029709502205561567,12.0,25
2009-11-19,1481,late_pre,XGIDA,-0.01799690133197962,15.0,25
2009-11-19,1481,late_pre,XKMYA,-0.023634888852711367,19.0,25
2009-11-19,1481,late_pre,XMANA,-0.03704632718500156,21.0,25
2009-11-19,1481,late_pre,XMESY,0.00518965858819187,11.0,25
2009-11-19,1481,late_pre,XKAGT,0.16927206711261833,1.0,25
2009-11-19,1481,late_pre,XTAST,0.0270125918394869,9.0,25
2009-11-19,1481,late_pre,XTEKS,0.07747468561072102,4.0,25
2009-11-19,1481,late_pre,XUHIZ,0.04145909743689835,7.0,25
2009-11-19,1481,late_pre,XELKT,-0.022039015088886504,18.0,25
2009-11-19,1481,late_pre,XILTM,0.025429839927174847,10.0,25
2009-11-19,1481,late_pre,XSPOR,-0.03943656818764196,22.0,25
2009-11-19,1481,late_pre,XTCRT,0.09418693195103334,2.0,25
2009-11-19,1481,late_pre,XTRZM,0.05334778825082598,5.0,25
2009-11-19,1481,late_pre,XULAS,0.09389393778754862,3.0,25
2009-11-19,1481,late_pre,XUMAL,-0.012309967191455495,14.0,25
2009-11-19,1481,late_pre,XBANK,-0.021335486918873436,17.0,25
2009-11-19,1481,late_pre,XSGRT,-0.039712513883653267,23.0,25
2009-11-19,1481,late_pre,XFINK,-0.11243750736473812,25.0,25
2009-11-19,1481,late_pre,XHOLD,0.03729904325613387,8.0,25
2009-11-19,1481,late_pre,XGMYO,-0.028867352556940173,20.0,25
2009-11-19,1481,late_pre,XYORT,-0.018463882695975098,16.0,25
2009-11-19,1481,late_pre,XUTEK,0.04175992966794795,6.0,25
2009-11-19,1481,late_pre,XBLSM,-0.04164374241007163,24.0,25
2009-11-19,1481,late_pre,XTUMY,-0.006809207676808815,13.0,25
2009-11-19,1481,early_post,XUSIN,-0.006140348222361425,10.0,25
2009-11-19,1481,early_post,XGIDA,0.03566485573804967,2.0,25
2009-11-19,1481,early_post,XKMYA,0.034993582133919565,3.0,25
2009-11-19,1481,early_post,XMANA,-0.04793564927732774,21.0,25
2009-11-19,1481,early_post,XMESY,-0.0274750896015159,15.0,25
2009-11-19,1481,early_post,XKAGT,-0.004586586650399793,9.0,25
2009-11-19,1481,early_post,XTAST,-0.0695646398756562,23.0,25
2009-11-19,1481,early_post,XTEKS,-0.03389515214158756,16.0,25
2009-11-19,1481,early_post,XUHIZ,-0.021179842007884808,13.0,25
2009-11-19,1481,early_post,XELKT,0.016255350871429597,4.0,25
2009-11-19,1481,early_post,XILTM,-0.04459521710991021,20.0,25
2009-11-19,1481,early_post,XSPOR,-0.08207958412749972,24.0,25
2009-11-19,1481,early_post,XTCRT,-0.04211418563779579,18.0,25
2009-11-19,1481,early_post,XTRZM,-0.10819143744342219,25.0,25
2009-11-19,1481,early_post,XULAS,0.13638629110107714,1.0,25
2009-11-19,1481,early_post,XUMAL,-0.0005903090139973699,7.0,25
2009-11-19,1481,early_post,XBANK,0.009315380222495007,6.0,25
2009-11-19,1481,early_post,XSGRT,-0.000860017111208089,8.0,25
2009-11-19,1481,early_post,XFINK,-0.04254362209184959,19.0,25
2009-11-19,1481,early_post,XHOLD,-0.03571524939180715,17.0,25
2009-11-19,1481,early_post,XGMYO,-0.025875346659508747,14.0,25
2009-11-19,1481,early_post,XYORT,-0.019123979710580885,12.0,25
2009-11-19,1481,early_post,XUTEK,0.0124255589344886,5.0,25
2009-11-19,1481,early_post,XBLSM,-0.016728569829546736,11.0,25
2009-11-19,1481,early_post,XTUMY,-0.06502204248512466,22.0,25
2009-11-19,1481,mid_post,XUSIN,0.021047337484558115,17.0,25
2009-11-19,1481,mid_post,XGIDA,-0.10870495165967742,24.0,25
2009-11-19,1481,mid_post,XKMYA,0.0352674893651832,14.0,25
2009-11-19,1481,mid_post,XMANA,0.041748239393827546,12.0,25
2009-11-19,1481,mid_post,XMESY,0.05864386785205555,10.0,25
2009-11-19,1481,mid_post,XKAGT,0.06153823996433161,9.0,25
2009-11-19,1481,mid_post,XTAST,0.09262147005518617,5.0,25
2009-11-19,1481,mid_post,XTEKS,0.09442364412961046,4.0,25
2009-11-19,1481,mid_post,XUHIZ,0.016542358773990795,18.0,25
2009-11-19,1481,mid_post,XELKT,0.07866486290166463,6.0,25
2009-11-19,1481,mid_post,XILTM,0.04272403316064333,11.0,25
2009-11-19,1481,mid_post,XSPOR,0.008321815775294672,19.0,25
2009-11-19,1481,mid_post,XTCRT,-0.002008139847730961,21.0,25
2009-11-19,1481,mid_post,XTRZM,0.09723289537635948,3.0,25
2009-11-19,1481,mid_post,XULAS,-0.10928841467267447,25.0,25
2009-11-19,1481,mid_post,XUMAL,-0.010197407626337585,22.0,25
2009-11-19,1481,mid_post,XBANK,-0.023607368734423817,23.0,25
2009-11-19,1481,mid_post,XSGRT,0.10661698630234295,2.0,25
2009-11-19,1481,mid_post,XFINK,0.06319209517248958,8.0,25
2009-11-19,1481,mid_post,XHOLD,0.021358121460641977,16.0,25
2009-11-19,1481,mid_post,XGMYO,0.02208069975769389,15.0,25
2009-11-19,1481,mid_post,XYORT,0.002186787375568988,20.0,25
2009-11-19,1481,mid_post,XUTEK,0.16052539026784518,1.0,25
2009-11-19,1481,mid_post,XBLSM,0.06663891261710009,7.0,25
2009-11-19,1481,mid_post,XTUMY,0.03953961471577028,13.0,25
2010-02-24,1547,chop,XUSIN,0.01920823520692383,14.0,25
2010-02-24,1547,chop,XGIDA,-0.15108367769324693,25.0,25
2010-02-24,1547,chop,XKMYA,0.08077643799727463,8.0,25
2010-02-24,1547,chop,XMANA,-0.0028921785309610204,18.0,25
2010-02-24,1547,chop,XMESY,0.07590282938936777,9.0,25
2010-02-24,1547,chop,XKAGT,0.015577495685542564,15.0,25
2010-02-24,1547,chop,XTAST,0.10574681336362035,6.0,25
2010-02-24,1547,chop,XTEKS,0.12199657201918068,5.0,25
2010-02-24,1547,chop,XUHIZ,-0.012823296794205907,20.0,25
2010-02-24,1547,chop,XELKT,0.1283866187467917,4.0,25
2010-02-24,1547,chop,XILTM,-0.030800053849258324,23.0,25
2010-02-24,1547,chop,XSPOR,-0.01664824038936219,21.0,25
2010-02-24,1547,chop,XTCRT,-0.008591563541620495,19.0,25
2010-02-24,1547,chop,XTRZM,0.07010285332566846,10.0,25
2010-02-24,1547,chop,XULAS,-0.019251711255795056,22.0,25
2010-02-24,1547,chop,XUMAL,0.0013677457064338316,17.0,25
2010-02-24,1547,chop,XBANK,-0.03137112990720081,24.0,25
2010-02-24,1547,chop,XSGRT,0.20940856563784926,1.0,25
2010-02-24,1547,chop,XFINK,0.18749123723756433,2.0,25
2010-02-24,1547,chop,XHOLD,0.09880718199331273,7.0,25
2010-02-24,1547,chop,XGMYO,0.010988346318170583,16.0,25
2010-02-24,1547,chop,XYORT,0.030574105067946666,12.0,25
2010-02-24,1547,chop,XUTEK,0.1554528638195667,3.0,25
2010-02-24,1547,chop,XBLSM,0.028324178958219592,13.0,25
2010-02-24,1547,chop,XTUMY,0.050417540295053964,11.0,25
2010-02-24,1547,late_pre,XUSIN,0.048626484350157706,9.0,25
2010-02-24,1547,late_pre,XGIDA,0.15211574398963223,3.0,25
2010-02-24,1547,late_pre,XKMYA,-0.007679953891154057,19.0,25
2010-02-24,1547,late_pre,XMANA,-0.01597978217622642,23.0,25
2010-02-24,1547,late_pre,XMESY,0.06824141881704782,7.0,25
2010-02-24,1547,late_pre,XKAGT,-0.07359122105878746,25.0,25
2010-02-24,1547,late_pre,XTAST,0.13728062296856847,4.0,25
2010-02-24,1547,late_pre,XTEKS,0.213650386106096,1.0,25
2010-02-24,1547,late_pre,XUHIZ,-0.001309983476212917,16.0,25
2010-02-24,1547,late_pre,XELKT,0.002072371188955202,14.0,25
2010-02-24,1547,late_pre,XILTM,-0.011461599138315015,20.0,25
2010-02-24,1547,late_pre,XSPOR,0.11229543602692049,5.0,25
2010-02-24,1547,late_pre,XTCRT,0.032958531243817424,12.0,25
2010-02-24,1547,late_pre,XTRZM,0.05251449506950756,8.0,25
2010-02-24,1547,late_pre,XULAS,-0.0153297733120763,22.0,25
2010-02-24,1547,late_pre,XUMAL,-0.004919562720031467,18.0,25
2010-02-24,1547,late_pre,XBANK,-0.004699276942374264,17.0,25
2010-02-24,1547,late_pre,XSGRT,-0.031377794728949415,24.0,25
2010-02-24,1547,late_pre,XFINK,0.2085748050365207,2.0,25
2010-02-24,1547,late_pre,XHOLD,-0.012749289916395234,21.0,25
2010-02-24,1547,late_pre,XGMYO,0.007028112962874755,13.0,25
2010-02-24,1547,late_pre,XYORT,0.046098962636758056,10.0,25
2010-02-24,1547,late_pre,XUTEK,0.0014277718486547242,15.0,25
2010-02-24,1547,late_pre,XBLSM,0.04098073532043356,11.0,25
2010-02-24,1547,late_pre,XTUMY,0.1111136550048405,6.0,25
2010-02-24,1547,early_post,XUSIN,-0.009102654643077468,15.0,25
2010-02-24,1547,early_post,XGIDA,-0.06974607481318329,23.0,25
2010-02-24,1547,early_post,XKMYA,0.02683896265213548,5.0,25
2010-02-24,1547,early_post,XMANA,-0.021565446116767806,16.0,25
2010-02-24,1547,early_post,XMESY,0.028710288514165905,3.0,25
2010-02-24,1547,early_post,XKAGT,0.0284949631227136,4.0,25
2010-02-24,1547,early_post,XTAST,-0.03549702542304112,21.0,25
2010-02-24,1547,early_post,XTEKS,-0.031320168531012715,20.0,25
2010-02-24,1547,early_post,XUHIZ,-0.029048337511284217,19.0,25
2010-02-24,1547,early_post,XELKT,-0.02825554330756308,18.0,25
2010-02-24,1547,early_post,XILTM,-0.06507866698326281,22.0,25
2010-02-24,1547,early_post,XSPOR,-0.10465479430629399,25.0,25
2010-02-24,1547,early_post,XTCRT,0.006079678544964606,10.0,25
2010-02-24,1547,early_post,XTRZM,-0.0034103860273351216,14.0,25
2010-02-24,1547,early_post,XULAS,0.017855030126255445,7.0,25
2010-02-24,1547,early_post,XUMAL,0.009256316719813196,9.0,25
2010-02-24,1547,early_post,XBANK,0.012946693833285394,8.0,25
2010-02-24,1547,early_post,XSGRT,0.004040010723827203,11.0,25
2010-02-24,1547,early_post,XFINK,-0.07487878127287595,24.0,25
2010-02-24,1547,early_post,XHOLD,-0.002536784617209298,13.0,25
2010-02-24,1547,early_post,XGMYO,0.039562094925537306,1.0,25
2010-02-24,1547,early_post,XYORT,0.03724680039350936,2.0,25
2010-02-24,1547,early_post,XUTEK,0.025783507754685964,6.0,25
2010-02-24,1547,early_post,XBLSM,-0.0017281450857222769,12.0,25
2010-02-24,1547,early_post,XTUMY,-0.021574880202047897,17.0,25
2010-02-24,1547,mid_post,XUSIN,-0.034096669072149366,13.0,25
2010-02-24,1547,mid_post,XGIDA,0.02927613100339088,5.0,25
2010-02-24,1547,mid_post,XKMYA,-0.04790580971685454,16.0,25
2010-02-24,1547,mid_post,XMANA,0.0018753681698993052,9.0,25
2010-02-24,1547,mid_post,XMESY,-0.032403854109810615,12.0,25
2010-02-24,1547,mid_post,XKAGT,-0.0973416236659439,22.0,25
2010-02-24,1547,mid_post,XTAST,-0.08217721660415944,20.0,25
2010-02-24,1547,mid_post,XTEKS,-0.11526858523266081,24.0,25
2010-02-24,1547,mid_post,XUHIZ,-0.04855114055992371,17.0,25
2010-02-24,1547,mid_post,XELKT,-0.04553105890548981,15.0,25
2010-02-24,1547,mid_post,XILTM,-0.08719709977419243,21.0,25
2010-02-24,1547,mid_post,XSPOR,0.14421323741428838,2.0,25
2010-02-24,1547,mid_post,XTCRT,0.11721775744406893,3.0,25
2010-02-24,1547,mid_post,XTRZM,-0.07944488702002483,19.0,25
2010-02-24,1547,mid_post,XULAS,-0.1578003360186805,25.0,25
2010-02-24,1547,mid_post,XUMAL,0.027579619643844477,6.0,25
2010-02-24,1547,mid_post,XBANK,0.03319662401555479,4.0,25
2010-02-24,1547,mid_post,XSGRT,-0.07426581120633391,18.0,25
2010-02-24,1547,mid_post,XFINK,0.21733594088220443,1.0,25
2010-02-24,1547,mid_post,XHOLD,0.009807442009021727,7.0,25
2010-02-24,1547,mid_post,XGMYO,0.004506242172547692,8.0,25
2010-02-24,1547,mid_post,XYORT,-0.09950968188359988,23.0,25
2010-02-24,1547,mid_post,XUTEK,-0.03758286497041263,14.0,25
2010-02-24,1547,mid_post,XBLSM,-0.018963707840366162,10.0,25
2010-02-24,1547,mid_post,XTUMY,-0.019446225695370467,11.0,25
2010-05-24,1608,chop,XUSIN,-0.046792771642807596,14.0,25
2010-05-24,1608,chop,XGIDA,-0.030225162650606707,11.0,25
2010-05-24,1608,chop,XKMYA,-0.044060978614420154,13.0,25
2010-05-24,1608,chop,XMANA,-0.021302094204179056,9.0,25
2010-05-24,1608,chop,XMESY,-0.0031910890612900644,8.0,25
2010-05-24,1608,chop,XKAGT,-0.09163241883839723,20.0,25
2010-05-24,1608,chop,XTAST,-0.1073417005079933,22.0,25
2010-05-24,1608,chop,XTEKS,-0.1605766451915871,25.0,25
2010-05-24,1608,chop,XUHIZ,-0.0728420569922481,18.0,25
2010-05-24,1608,chop,XELKT,-0.0846816921534006,19.0,25
2010-05-24,1608,chop,XILTM,-0.12959148301493362,23.0,25
2010-05-24,1608,chop,XSPOR,0.20566626426838042,1.0,25
2010-05-24,1608,chop,XTCRT,0.07383600048218031,2.0,25
2010-05-24,1608,chop,XTRZM,-0.09282388429658228,21.0,25
2010-05-24,1608,chop,XULAS,-0.14757023825455762,24.0,25
2010-05-24,1608,chop,XUMAL,0.03756462135438943,5.0,25
2010-05-24,1608,chop,XBANK,0.050497451124416504,4.0,25
2010-05-24,1608,chop,XSGRT,-0.06747920895763948,16.0,25
2010-05-24,1608,chop,XFINK,0.07272452126861406,3.0,25
2010-05-24,1608,chop,XHOLD,-0.0004983960196685011,7.0,25
2010-05-24,1608,chop,XGMYO,0.03435361281408844,6.0,25
2010-05-24,1608,chop,XYORT,-0.07238138000749017,17.0,25
2010-05-24,1608,chop,XUTEK,-0.0294909714878675,10.0,25
2010-05-24,1608,chop,XBLSM,-0.051519528158527006,15.0,25
2010-05-24,1608,chop,XTUMY,-0.04171321019874563,12.0,25
2010-05-24,1608,late_pre,XUSIN,-0.0008896353182822336,7.0,25
2010-05-24,1608,late_pre,XGIDA,0.05450530057569414,2.0,25
2010-05-24,1608,late_pre,XKMYA,-0.010871360476670588,10.0,25
2010-05-24,1608,late_pre,XMANA,-0.03161833534908809,19.0,25
2010-05-24,1608,late_pre,XMESY,-0.011449028594365473,11.0,25
2010-05-24,1608,late_pre,XKAGT,-0.018615355090815022,14.0,25
2010-05-24,1608,late_pre,XTAST,-0.023204051876431375,15.0,25
2010-05-24,1608,late_pre,XTEKS,0.06231542613545993,1.0,25
2010-05-24,1608,late_pre,XUHIZ,-0.024774807403088572,16.0,25
2010-05-24,1608,late_pre,XELKT,-0.08891054671377874,24.0,25
2010-05-24,1608,late_pre,XILTM,-0.013751801078465298,12.0,25
2010-05-24,1608,late_pre,XSPOR,-0.25654046133473996,25.0,25
2010-05-24,1608,late_pre,XTCRT,0.025497523802407107,3.0,25
2010-05-24,1608,late_pre,XTRZM,0.01080101195937444,4.0,25
2010-05-24,1608,late_pre,XULAS,-0.06668751809273388,22.0,25
2010-05-24,1608,late_pre,XUMAL,0.0025866555282286763,6.0,25
2010-05-24,1608,late_pre,XBANK,0.00823080634332185,5.0,25
2010-05-24,1608,late_pre,XSGRT,-0.07982378633678233,23.0,25
2010-05-24,1608,late_pre,XFINK,-0.049387292114667636,21.0,25
2010-05-24,1608,late_pre,XHOLD,-0.0016672289992568645,8.0,25
2010-05-24,1608,late_pre,XGMYO,-0.04827070612231443,20.0,25
2010-05-24,1608,late_pre,XYORT,-0.02897138073527661,17.0,25
2010-05-24,1608,late_pre,XUTEK,-0.007502912539021578,9.0,25
2010-05-24,1608,late_pre,XBLSM,-0.01468294077285448,13.0,25
2010-05-24,1608,late_pre,XTUMY,-0.0312900962239242,18.0,25
2010-05-24,1608,early_post,XUSIN,-0.017680409091411553,17.0,25
2010-05-24,1608,early_post,XGIDA,-0.02395923002495448,18.0,25
2010-05-24,1608,early_post,XKMYA,0.00420287948684428,12.0,25
2010-05-24,1608,early_post,XMANA,-0.025592054008750642,21.0,25
2010-05-24,1608,early_post,XMESY,-0.03760160078968622,25.0,25
2010-05-24,1608,early_post,XKAGT,-0.011369547768229404,16.0,25
2010-05-24,1608,early_post,XTAST,-0.027340168340914905,22.0,25
2010-05-24,1608,early_post,XTEKS,-0.0312094002785146,23.0,25
2010-05-24,1608,early_post,XUHIZ,0.02356047898414415,5.0,25
2010-05-24,1608,early_post,XELKT,-0.03245711099290949,24.0,25
2010-05-24,1608,early_post,XILTM,0.01106172229786595,9.0,25
2010-05-24,1608,early_post,XSPOR,0.07632913573623079,1.0,25
2010-05-24,1608,early_post,XTCRT,0.04007968147987251,3.0,25
2010-05-24,1608,early_post,XTRZM,0.01742746639621018,6.0,25
2010-05-24,1608,early_post,XULAS,0.04122566721412402,2.0,25
2010-05-24,1608,early_post,XUMAL,0.000630891906094222,13.0,25
2010-05-24,1608,early_post,XBANK,0.005072054520599556,11.0,25
2010-05-24,1608,early_post,XSGRT,0.006133461098092985,10.0,25
2010-05-24,1608,early_post,XFINK,-0.02399599556437182,19.0,25
2010-05-24,1608,early_post,XHOLD,-0.010981023773955378,15.0,25
2010-05-24,1608,early_post,XGMYO,-0.025212829547818894,20.0,25
2010-05-24,1608,early_post,XYORT,0.011951784942143329,8.0,25
2010-05-24,1608,early_post,XUTEK,0.011991620864579389,7.0,25
2010-05-24,1608,early_post,XBLSM,0.0371883477727708,4.0,25
2010-05-24,1608,early_post,XTUMY,-0.007107889488739083,14.0,25
2010-05-24,1608,mid_post,XUSIN,-0.017919721874048555,9.0,25
2010-05-24,1608,mid_post,XGIDA,0.052440537872644466,3.0,25
2010-05-24,1608,mid_post,XKMYA,-0.021154812777222975,11.0,25
2010-05-24,1608,mid_post,XMANA,-0.07250192161384761,20.0,25
2010-05-24,1608,mid_post,XMESY,-0.003264342447280022,6.0,25
2010-05-24,1608,mid_post,XKAGT,-0.019946318964151333,10.0,25
2010-05-24,1608,mid_post,XTAST,-0.03400032270747455,12.0,25
2010-05-24,1608,mid_post,XTEKS,-0.06303211585986723,17.0,25
2010-05-24,1608,mid_post,XUHIZ,-0.051907596466457706,16.0,25
2010-05-24,1608,mid_post,XELKT,-0.07089304195879476,19.0,25
2010-05-24,1608,mid_post,XILTM,-0.10108565499894584,24.0,25
2010-05-24,1608,mid_post,XSPOR,0.08452123683884838,1.0,25
2010-05-24,1608,mid_post,XTCRT,-0.007967023414114704,7.0,25
2010-05-24,1608,mid_post,XTRZM,-0.09025138270818933,22.0,25
2010-05-24,1608,mid_post,XULAS,0.05802412594647555,2.0,25
2010-05-24,1608,mid_post,XUMAL,0.02215114216627656,5.0,25
2010-05-24,1608,mid_post,XBANK,0.04381634963922898,4.0,25
2010-05-24,1608,mid_post,XSGRT,-0.03562929032377049,14.0,25
2010-05-24,1608,mid_post,XFINK,-0.046626506618096863,15.0,25
2010-05-24,1608,mid_post,XHOLD,-0.0354420382044589,13.0,25
2010-05-24,1608,mid_post,XGMYO,-0.06937622919238495,18.0,25
2010-05-24,1608,mid_post,XYORT,-0.07754821529460632,21.0,25
2010-05-24,1608,mid_post,XUTEK,-0.11182090250419907,25.0,25
2010-05-24,1608,mid_post,XBLSM,-0.09268191766547651,23.0,25
2010-05-24,1608,mid_post,XTUMY,-0.014208894920364257,8.0,25
2011-03-01,1801,chop,XUSIN,0.07880857723954993,13.0,25
2011-03-01,1801,chop,XGIDA,-0.03123998953163387,22.0,25
2011-03-01,1801,chop,XKMYA,0.08229431205675608,12.0,25
2011-03-01,1801,chop,XMANA,0.04895724120391076,17.0,25
2011-03-01,1801,chop,XMESY,0.16086264317944532,7.0,25
2011-03-01,1801,chop,XKAGT,0.14790713903760877,8.0,25
2011-03-01,1801,chop,XTAST,0.17110932815510327,6.0,25
2011-03-01,1801,chop,XTEKS,0.1420178425895,9.0,25
2011-03-01,1801,chop,XUHIZ,0.05623670393012614,14.0,25
2011-03-01,1801,chop,XELKT,-0.04366768663901888,24.0,25
2011-03-01,1801,chop,XILTM,0.05437412450748691,15.0,25
2011-03-01,1801,chop,XSPOR,0.21300234352338543,3.0,25
2011-03-01,1801,chop,XTCRT,0.049574280179271124,16.0,25
2011-03-01,1801,chop,XTRZM,0.18722859176177686,4.0,25
2011-03-01,1801,chop,XULAS,0.030573931924884334,19.0,25
2011-03-01,1801,chop,XUMAL,-0.035559076213604546,23.0,25
2011-03-01,1801,chop,XBANK,-0.0730186721693663,25.0,25
2011-03-01,1801,chop,XSGRT,0.046845485570447876,18.0,25
2011-03-01,1801,chop,XFINK,0.2166847901730029,2.0,25
2011-03-01,1801,chop,XHOLD,0.02086898552543026,21.0,25
2011-03-01,1801,chop,XGMYO,0.3209222708303572,1.0,25
2011-03-01,1801,chop,XYORT,0.024779345079113835,20.0,25
2011-03-01,1801,chop,XUTEK,0.08234058618895213,11.0,25
2011-03-01,1801,chop,XBLSM,0.1762928957268266,5.0,25
2011-03-01,1801,chop,XTUMY,0.09004641389279144,10.0,25
2011-03-01,1801,late_pre,XUSIN,0.035268683357113195,7.0,25
2011-03-01,1801,late_pre,XGIDA,0.1020150387410268,3.0,25
2011-03-01,1801,late_pre,XKMYA,0.04459609084551175,5.0,25
2011-03-01,1801,late_pre,XMANA,0.020939042883705516,9.0,25
2011-03-01,1801,late_pre,XMESY,-0.015286889120669667,17.0,25
2011-03-01,1801,late_pre,XKAGT,0.0076144938738880175,12.0,25
2011-03-01,1801,late_pre,XTAST,-0.006570431751678263,16.0,25
2011-03-01,1801,late_pre,XTEKS,0.031744684971219184,8.0,25
2011-03-01,1801,late_pre,XUHIZ,0.0011443077584261108,13.0,25
2011-03-01,1801,late_pre,XELKT,-0.0015689891774898213,14.0,25
2011-03-01,1801,late_pre,XILTM,0.01645361539182688,10.0,25
2011-03-01,1801,late_pre,XSPOR,0.09190853860799353,4.0,25
2011-03-01,1801,late_pre,XTCRT,0.038173150620207874,6.0,25
2011-03-01,1801,late_pre,XTRZM,-0.04784736229399411,23.0,25
2011-03-01,1801,late_pre,XULAS,-0.08010076710776559,25.0,25
2011-03-01,1801,late_pre,XUMAL,-0.01779658058331124,20.0,25
2011-03-01,1801,late_pre,XBANK,-0.015323300610688873,18.0,25
2011-03-01,1801,late_pre,XSGRT,-0.0721633753646671,24.0,25
2011-03-01,1801,late_pre,XFINK,-0.030000946679594742,21.0,25
2011-03-01,1801,late_pre,XHOLD,-0.016409837322465037,19.0,25
2011-03-01,1801,late_pre,XGMYO,-0.04670057065612798,22.0,25
2011-03-01,1801,late_pre,XYORT,0.01057549749689013,11.0,25
2011-03-01,1801,late_pre,XUTEK,0.17329658529971637,2.0,25
2011-03-01,1801,late_pre,XBLSM,0.27697541345812215,1.0,25
2011-03-01,1801,late_pre,XTUMY,-0.0021713258615547737,15.0,25
2011-03-01,1801,early_post,XUSIN,-0.026492155794814565,15.0,25
2011-03-01,1801,early_post,XGIDA,-0.08005312374719964,24.0,25
2011-03-01,1801,early_post,XKMYA,-0.031799463535473915,16.0,25
2011-03-01,1801,early_post,XMANA,0.015864971854752108,4.0,25
2011-03-01,1801,early_post,XMESY,-0.0015108456639669754,7.0,25
2011-03-01,1801,early_post,XKAGT,-0.011769006355740519,9.0,25
2011-03-01,1801,early_post,XTAST,-0.012183391481927375,10.0,25
2011-03-01,1801,early_post,XTEKS,-0.0037402687378784716,8.0,25
2011-03-01,1801,early_post,XUHIZ,-0.05581668946638296,22.0,25
2011-03-01,1801,early_post,XELKT,-0.014310253283995378,12.0,25
2011-03-01,1801,early_post,XILTM,-0.05725681913875569,23.0,25
2011-03-01,1801,early_post,XSPOR,-0.054684294377146836,21.0,25
2011-03-01,1801,early_post,XTCRT,-0.09867109209050795,25.0,25
2011-03-01,1801,early_post,XTRZM,0.0054749485567302525,6.0,25
2011-03-01,1801,early_post,XULAS,-0.013648564957688958,11.0,25
2011-03-01,1801,early_post,XUMAL,0.025923935766781536,2.0,25
2011-03-01,1801,early_post,XBANK,0.016011732978025828,3.0,25
2011-03-01,1801,early_post,XSGRT,-0.049712703857168306,19.0,25
2011-03-01,1801,early_post,XFINK,-0.047946381623706236,18.0,25
2011-03-01,1801,early_post,XHOLD,0.06118498410698958,1.0,25
2011-03-01,1801,early_post,XGMYO,0.011127740689466314,5.0,25
2011-03-01,1801,early_post,XYORT,-0.02186887209434296,14.0,25
2011-03-01,1801,early_post,XUTEK,-0.03842426863935233,17.0,25
2011-03-01,1801,early_post,XBLSM,-0.05182430319390052,20.0,25
2011-03-01,1801,early_post,XTUMY,-0.02163767065426314,13.0,25
2011-03-01,1801,mid_post,XUSIN,0.07134999636875694,8.0,25
2011-03-01,1801,mid_post,XGIDA,0.07382898305885077,7.0,25
2011-03-01,1801,mid_post,XKMYA,0.08492970883825235,5.0,25
2011-03-01,1801,mid_post,XMANA,0.08012430064480514,6.0,25
2011-03-01,1801,mid_post,XMESY,0.06296805614865053,10.0,25
2011-03-01,1801,mid_post,XKAGT,0.04704734272669464,13.0,25
2011-03-01,1801,mid_post,XTAST,0.031720557824043816,17.0,25
2011-03-01,1801,mid_post,XTEKS,0.1991105593298257,1.0,25
2011-03-01,1801,mid_post,XUHIZ,0.0013614660906497988,19.0,25
2011-03-01,1801,mid_post,XELKT,0.06305807631454008,9.0,25
2011-03-01,1801,mid_post,XILTM,-0.015825414757287826,22.0,25
2011-03-01,1801,mid_post,XSPOR,-0.05500862208487134,25.0,25
2011-03-01,1801,mid_post,XTCRT,0.03242994098862795,16.0,25
2011-03-01,1801,mid_post,XTRZM,0.119257693300159,2.0,25
2011-03-01,1801,mid_post,XULAS,-0.04956469814767139,24.0,25
2011-03-01,1801,mid_post,XUMAL,-0.013759635432274875,21.0,25
2011-03-01,1801,mid_post,XBANK,-0.03211600816206861,23.0,25
2011-03-01,1801,mid_post,XSGRT,0.09908776178112255,4.0,25
2011-03-01,1801,mid_post,XFINK,0.03529847455435209,15.0,25
2011-03-01,1801,mid_post,XHOLD,0.015460254033081933,18.0,25
2011-03-01,1801,mid_post,XGMYO,0.056348830407094486,12.0,25
2011-03-01,1801,mid_post,XYORT,0.0012015139423220411,20.0,25
2011-03-01,1801,mid_post,XUTEK,0.05705327309422081,11.0,25
2011-03-01,1801,mid_post,XBLSM,0.04459247078306583,14.0,25
2011-03-01,1801,mid_post,XTUMY,0.10570564388978143,3.0,25
2011-08-09,1915,chop,XUSIN,0.0024381779500984857,10.0,25
2011-08-09,1915,chop,XGIDA,0.03497811955777552,3.0,25
2011-08-09,1915,chop,XKMYA,-0.0064575719182731195,13.0,25
2011-08-09,1915,chop,XMANA,0.022541776099880395,5.0,25
2011-08-09,1915,chop,XMESY,-0.010935207843687955,16.0,25
2011-08-09,1915,chop,XKAGT,-0.039867684147520066,23.0,25
2011-08-09,1915,chop,XTAST,-0.02710058838858842,18.0,25
2011-08-09,1915,chop,XTEKS,-0.06905355320014916,24.0,25
2011-08-09,1915,chop,XUHIZ,0.008030034191234159,8.0,25
2011-08-09,1915,chop,XELKT,-0.006986532688550651,14.0,25
2011-08-09,1915,chop,XILTM,0.018738297967644257,6.0,25
2011-08-09,1915,chop,XSPOR,-0.08938741200755052,25.0,25
2011-08-09,1915,chop,XTCRT,0.04690978661613043,1.0,25
2011-08-09,1915,chop,XTRZM,0.0025582622309147096,9.0,25
2011-08-09,1915,chop,XULAS,-0.03723637998333973,20.0,25
2011-08-09,1915,chop,XUMAL,-0.005771199887244505,12.0,25
2011-08-09,1915,chop,XBANK,0.01061688507713765,7.0,25
2011-08-09,1915,chop,XSGRT,-0.03575560462413885,19.0,25
2011-08-09,1915,chop,XFINK,-0.03915725137794612,21.0,25
2011-08-09,1915,chop,XHOLD,-0.039614772773879814,22.0,25
2011-08-09,1915,chop,XGMYO,-0.019301501441807867,17.0,25
2011-08-09,1915,chop,XYORT,0.04558695716838368,2.0,25
2011-08-09,1915,chop,XUTEK,0.03086589325366773,4.0,25
2011-08-09,1915,chop,XBLSM,0.0021499845836367992,11.0,25
2011-08-09,1915,chop,XTUMY,-0.007436027891482788,15.0,25
2011-08-09,1915,late_pre,XUSIN,-0.01694394128509702,8.0,25
2011-08-09,1915,late_pre,XGIDA,0.08599075348177809,2.0,25
2011-08-09,1915,late_pre,XKMYA,-0.06456021886074637,18.0,25
2011-08-09,1915,late_pre,XMANA,-0.028188943030797775,11.0,25
2011-08-09,1915,late_pre,XMESY,-0.07248222585217878,20.0,25
2011-08-09,1915,late_pre,XKAGT,-0.028249523439086488,12.0,25
2011-08-09,1915,late_pre,XTAST,-0.024821874170231073,9.0,25
2011-08-09,1915,late_pre,XTEKS,-0.08085042998510095,22.0,25
2011-08-09,1915,late_pre,XUHIZ,0.04786911380140768,4.0,25
2011-08-09,1915,late_pre,XELKT,-0.07205336936565865,19.0,25
2011-08-09,1915,late_pre,XILTM,0.07584177193568364,3.0,25
2011-08-09,1915,late_pre,XSPOR,-0.17207488323371511,25.0,25
2011-08-09,1915,late_pre,XTCRT,0.10230163264731018,1.0,25
2011-08-09,1915,late_pre,XTRZM,-0.13716654901223801,24.0,25
2011-08-09,1915,late_pre,XULAS,-0.07472947210414949,21.0,25
2011-08-09,1915,late_pre,XUMAL,-0.014470915305962895,7.0,25
2011-08-09,1915,late_pre,XBANK,-0.00968623599240337,6.0,25
2011-08-09,1915,late_pre,XSGRT,-0.056775670290119984,16.0,25
2011-08-09,1915,late_pre,XFINK,-0.061961180528099735,17.0,25
2011-08-09,1915,late_pre,XHOLD,-0.006210759475756,5.0,25
2011-08-09,1915,late_pre,XGMYO,-0.09987957173934447,23.0,25
2011-08-09,1915,late_pre,XYORT,-0.025591631522376868,10.0,25
2011-08-09,1915,late_pre,XUTEK,-0.03509925292990512,13.0,25
2011-08-09,1915,late_pre,XBLSM,-0.04753535690984656,15.0,25
2011-08-09,1915,late_pre,XTUMY,-0.0382733992022114,14.0,25
2011-08-09,1915,early_post,XUSIN,0.005794100146470305,16.0,25
2011-08-09,1915,early_post,XGIDA,-0.06529796530345733,25.0,25
2011-08-09,1915,early_post,XKMYA,0.03745406718245903,8.0,25
2011-08-09,1915,early_post,XMANA,0.018358611358640697,13.0,25
2011-08-09,1915,early_post,XMESY,0.02533137865179902,10.0,25
2011-08-09,1915,early_post,XKAGT,0.0068559097536593505,15.0,25
2011-08-09,1915,early_post,XTAST,0.018868568333879177,12.0,25
2011-08-09,1915,early_post,XTEKS,0.08852431180976073,2.0,25
2011-08-09,1915,early_post,XUHIZ,-0.04478589569531155,22.0,25
2011-08-09,1915,early_post,XELKT,0.04952012823282925,6.0,25
2011-08-09,1915,early_post,XILTM,-0.059547167766379694,24.0,25
2011-08-09,1915,early_post,XSPOR,0.14783546478779908,1.0,25
2011-08-09,1915,early_post,XTCRT,-0.039950104100829,21.0,25
2011-08-09,1915,early_post,XTRZM,0.07898441052766092,3.0,25
2011-08-09,1915,early_post,XULAS,-0.05697003791727229,23.0,25
2011-08-09,1915,early_post,XUMAL,0.01821051234908233,14.0,25
2011-08-09,1915,early_post,XBANK,0.027513451519462606,9.0,25
2011-08-09,1915,early_post,XSGRT,-0.017064100919612857,18.0,25
2011-08-09,1915,early_post,XFINK,0.038907055880611496,7.0,25
2011-08-09,1915,early_post,XHOLD,-0.012405673288288899,17.0,25
2011-08-09,1915,early_post,XGMYO,0.06495831926647933,5.0,25
2011-08-09,1915,early_post,XYORT,0.0787361407990732,4.0,25
2011-08-09,1915,early_post,XUTEK,-0.03368425814998721,20.0,25
2011-08-09,1915,early_post,XBLSM,-0.02231058982883849,19.0,25
2011-08-09,1915,early_post,XTUMY,0.023819694166600236,11.0,25
2011-08-09,1915,mid_post,XUSIN,-0.005195849906830086,11.0,25
2011-08-09,1915,mid_post,XGIDA,-0.009307960826008266,13.0,25
2011-08-09,1915,mid_post,XKMYA,0.039453061093632336,4.0,25
2011-08-09,1915,mid_post,XMANA,-0.07135783132169782,22.0,25
2011-08-09,1915,mid_post,XMESY,0.04475305776821936,2.0,25
2011-08-09,1915,mid_post,XKAGT,-0.057794177001669,20.0,25
2011-08-09,1915,mid_post,XTAST,-0.027895878773394722,15.0,25
2011-08-09,1915,mid_post,XTEKS,-0.03712441761998675,17.0,25
2011-08-09,1915,mid_post,XUHIZ,-0.028708658245496288,16.0,25
2011-08-09,1915,mid_post,XELKT,-0.11777804190979979,25.0,25
2011-08-09,1915,mid_post,XILTM,0.01577154222104804,7.0,25
2011-08-09,1915,mid_post,XSPOR,-0.007488121360215816,12.0,25
2011-08-09,1915,mid_post,XTCRT,-0.07821023294277762,23.0,25
2011-08-09,1915,mid_post,XTRZM,-0.08490452151549976,24.0,25
2011-08-09,1915,mid_post,XULAS,-0.039137324367905846,18.0,25
2011-08-09,1915,mid_post,XUMAL,0.0071721629108998375,8.0,25
2011-08-09,1915,mid_post,XBANK,-0.0014419122619002689,10.0,25
2011-08-09,1915,mid_post,XSGRT,-0.06961755804700309,21.0,25
2011-08-09,1915,mid_post,XFINK,-0.05681642708357004,19.0,25
2011-08-09,1915,mid_post,XHOLD,0.027105879608948502,6.0,25
2011-08-09,1915,mid_post,XGMYO,0.03945183069212743,5.0,25
2011-08-09,1915,mid_post,XYORT,-0.0013916576904347,9.0,25
2011-08-09,1915,mid_post,XUTEK,0.042070849507659824,3.0,25
2011-08-09,1915,mid_post,XBLSM,0.09561889808188839,1.0,25
2011-08-09,1915,mid_post,XTUMY,-0.023131937922385992,14.0,25
2011-11-23,1985,chop,XUSIN,0.04677279057985473,7.0,25
2011-11-23,1985,chop,XGIDA,0.052388547743216884,6.0,25
2011-11-23,1985,chop,XKMYA,0.07535739584033196,4.0,25
2011-11-23,1985,chop,XMANA,0.03229394677109032,10.0,25
2011-11-23,1985,chop,XMESY,0.08401501695499314,3.0,25
2011-11-23,1985,chop,XKAGT,-0.03000873837959328,19.0,25
2011-11-23,1985,chop,XTAST,0.02551380017105931,11.0,25
2011-11-23,1985,chop,XTEKS,0.04676491819579587,8.0,25
2011-11-23,1985,chop,XUHIZ,-0.010635703611332037,15.0,25
2011-11-23,1985,chop,XELKT,-0.10487474688265896,25.0,25
2011-11-23,1985,chop,XILTM,0.02360334005174569,13.0,25
2011-11-23,1985,chop,XSPOR,-0.0835436119905284,24.0,25
2011-11-23,1985,chop,XTCRT,-0.049987952561878934,22.0,25
2011-11-23,1985,chop,XTRZM,-0.07497158807343796,23.0,25
2011-11-23,1985,chop,XULAS,-0.02010135004105229,17.0,25
2011-11-23,1985,chop,XUMAL,-0.015869156704700682,16.0,25
2011-11-23,1985,chop,XBANK,-0.034395280217079716,21.0,25
2011-11-23,1985,chop,XSGRT,-0.02584170781865458,18.0,25
2011-11-23,1985,chop,XFINK,-0.03335103518434779,20.0,25
2011-11-23,1985,chop,XHOLD,0.015815531511328418,14.0,25
2011-11-23,1985,chop,XGMYO,0.06534569107867383,5.0,25
2011-11-23,1985,chop,XYORT,0.03659269626112227,9.0,25
2011-11-23,1985,chop,XUTEK,0.0926890457391849,2.0,25
2011-11-23,1985,chop,XBLSM,0.13577103949741764,1.0,25
2011-11-23,1985,chop,XTUMY,0.023918077323930254,12.0,25
2011-11-23,1985,late_pre,XUSIN,0.027359513571356908,7.0,25
2011-11-23,1985,late_pre,XGIDA,0.06605944979638678,2.0,25
2011-11-23,1985,late_pre,XKMYA,0.017519876199019402,10.0,25
2011-11-23,1985,late_pre,XMANA,-0.030258216326965792,23.0,25
2011-11-23,1985,late_pre,XMESY,-0.016863532771050238,19.0,25
2011-11-23,1985,late_pre,XKAGT,0.019393914447258354,9.0,25
2011-11-23,1985,late_pre,XTAST,0.030589905499367798,6.0,25
2011-11-23,1985,late_pre,XTEKS,0.005295853112325721,17.0,25
2011-11-23,1985,late_pre,XUHIZ,0.024625918139454694,8.0,25
2011-11-23,1985,late_pre,XELKT,-0.0862855928506453,25.0,25
2011-11-23,1985,late_pre,XILTM,0.045645030484831595,5.0,25
2011-11-23,1985,late_pre,XSPOR,0.007505320654531467,16.0,25
2011-11-23,1985,late_pre,XTCRT,0.008813552359356214,15.0,25
2011-11-23,1985,late_pre,XTRZM,0.010117681486754737,14.0,25
2011-11-23,1985,late_pre,XULAS,0.015966503457759074,11.0,25
2011-11-23,1985,late_pre,XUMAL,-0.020512426547643625,21.0,25
2011-11-23,1985,late_pre,XBANK,-0.018693436464599755,20.0,25
2011-11-23,1985,late_pre,XSGRT,0.0662350604266887,1.0,25
2011-11-23,1985,late_pre,XFINK,0.056420369264705506,4.0,25
2011-11-23,1985,late_pre,XHOLD,-0.025361535463715,22.0,25
2011-11-23,1985,late_pre,XGMYO,-0.04270763329966598,24.0,25
2011-11-23,1985,late_pre,XYORT,0.06415796922642236,3.0,25
2011-11-23,1985,late_pre,XUTEK,0.013819801655680086,12.0,25
2011-11-23,1985,late_pre,XBLSM,-0.014728729779787897,18.0,25
2011-11-23,1985,late_pre,XTUMY,0.010168993136005833,13.0,25
2011-11-23,1985,early_post,XUSIN,-0.005136076734357564,8.0,25
2011-11-23,1985,early_post,XGIDA,0.010833734829781339,6.0,25
2011-11-23,1985,early_post,XKMYA,0.019996300039768933,4.0,25
2011-11-23,1985,early_post,XMANA,0.01708929637714074,5.0,25
2011-11-23,1985,early_post,XMESY,-0.0268721072305671,13.0,25
2011-11-23,1985,early_post,XKAGT,-0.1423975299946184,24.0,25
2011-11-23,1985,early_post,XTAST,-0.07729029807079923,22.0,25
2011-11-23,1985,early_post,XTEKS,-0.03360997667683008,14.0,25
2011-11-23,1985,early_post,XUHIZ,0.01044962118406767,7.0,25
2011-11-23,1985,early_post,XELKT,-0.017133761585248708,10.0,25
2011-11-23,1985,early_post,XILTM,0.03805707504363198,1.0,25
2011-11-23,1985,early_post,XSPOR,-0.14814885477558992,25.0,25
2011-11-23,1985,early_post,XTCRT,0.02763350402312259,2.0,25
2011-11-23,1985,early_post,XTRZM,-0.09122594327767874,23.0,25
2011-11-23,1985,early_post,XULAS,-0.07284251465042635,21.0,25
2011-11-23,1985,early_post,XUMAL,-0.008459397618817421,9.0,25
2011-11-23,1985,early_post,XBANK,-0.018735422167910354,12.0,25
2011-11-23,1985,early_post,XSGRT,-0.04283598568123903,16.0,25
2011-11-23,1985,early_post,XFINK,-0.017510034749868675,11.0,25
2011-11-23,1985,early_post,XHOLD,0.026992127526423992,3.0,25
2011-11-23,1985,early_post,XGMYO,-0.05397348269363911,19.0,25
2011-11-23,1985,early_post,XYORT,-0.04328139395036046,17.0,25
2011-11-23,1985,early_post,XUTEK,-0.04980129659750965,18.0,25
2011-11-23,1985,early_post,XBLSM,-0.06347072940496035,20.0,25
2011-11-23,1985,early_post,XTUMY,-0.04143741305991244,15.0,25
2011-11-23,1985,mid_post,XUSIN,-0.003263356825250696,9.0,25
2011-11-23,1985,mid_post,XGIDA,-0.017403704215345206,13.0,25
2011-11-23,1985,mid_post,XKMYA,-0.037424417717268565,20.0,25
2011-11-23,1985,mid_post,XMANA,-0.004346349165137875,10.0,25
2011-11-23,1985,mid_post,XMESY,0.11476792330570196,1.0,25
2011-11-23,1985,mid_post,XKAGT,0.04088042160886318,2.0,25
2011-11-23,1985,mid_post,XTAST,-0.027322040766547095,18.0,25
2011-11-23,1985,mid_post,XTEKS,-0.030107711395506498,19.0,25
2011-11-23,1985,mid_post,XUHIZ,-0.010682794561017506,11.0,25
2011-11-23,1985,mid_post,XELKT,-0.10025771265872574,25.0,25
2011-11-23,1985,mid_post,XILTM,-0.018289630524079614,14.0,25
2011-11-23,1985,mid_post,XSPOR,-0.02452516160746765,15.0,25
2011-11-23,1985,mid_post,XTCRT,-0.0031534631218725906,8.0,25
2011-11-23,1985,mid_post,XTRZM,-0.03955251806160187,21.0,25
2011-11-23,1985,mid_post,XULAS,-0.06291738047011486,23.0,25
2011-11-23,1985,mid_post,XUMAL,5.6031024193492485e-05,7.0,25
2011-11-23,1985,mid_post,XBANK,0.008056350115046795,6.0,25
2011-11-23,1985,mid_post,XSGRT,0.040724935277478336,3.0,25
2011-11-23,1985,mid_post,XFINK,0.014490925115333786,4.0,25
2011-11-23,1985,mid_post,XHOLD,-0.015049651692303101,12.0,25
2011-11-23,1985,mid_post,XGMYO,-0.025368871378632418,16.0,25
2011-11-23,1985,mid_post,XYORT,-0.06744145678728031,24.0,25
2011-11-23,1985,mid_post,XUTEK,0.01001177948056542,5.0,25
2011-11-23,1985,mid_post,XBLSM,-0.04548164239858288,22.0,25
2011-11-23,1985,mid_post,XTUMY,-0.02701420833711321,17.0,25
2012-05-24,2114,chop,XUSIN,-0.023542454760355547,17.0,25
2012-05-24,2114,chop,XGIDA,-0.035662546466135314,20.0,25
2012-05-24,2114,chop,XKMYA,-0.06559072946340017,23.0,25
2012-05-24,2114,chop,XMANA,-0.036552984518399056,21.0,25
2012-05-24,2114,chop,XMESY,-0.02556208865913856,18.0,25
2012-05-24,2114,chop,XKAGT,0.13730734681531231,3.0,25
2012-05-24,2114,chop,XTAST,0.010498713625727296,11.0,25
2012-05-24,2114,chop,XTEKS,-0.0678638659334464,24.0,25
2012-05-24,2114,chop,XUHIZ,0.04203407062752951,7.0,25
2012-05-24,2114,chop,XELKT,0.010665599008677917,10.0,25
2012-05-24,2114,chop,XILTM,-0.038387717149213074,22.0,25
2012-05-24,2114,chop,XSPOR,0.07738922106683588,5.0,25
2012-05-24,2114,chop,XTCRT,0.1355233870163408,4.0,25
2012-05-24,2114,chop,XTRZM,-0.08507202827510119,25.0,25
2012-05-24,2114,chop,XULAS,0.004677942496680965,13.0,25
2012-05-24,2114,chop,XUMAL,-0.001450909348460483,15.0,25
2012-05-24,2114,chop,XBANK,0.006946837181716514,12.0,25
2012-05-24,2114,chop,XSGRT,0.05019044971061182,6.0,25
2012-05-24,2114,chop,XFINK,-0.01753050727178984,16.0,25
2012-05-24,2114,chop,XHOLD,-0.027614411131316796,19.0,25
2012-05-24,2114,chop,XGMYO,0.03203083549891539,8.0,25
2012-05-24,2114,chop,XYORT,-0.0002696585332512269,14.0,25
2012-05-24,2114,chop,XUTEK,0.23298307430038978,2.0,25
2012-05-24,2114,chop,XBLSM,0.28845002969641076,1.0,25
2012-05-24,2114,chop,XTUMY,0.024034080729737672,9.0,25
2012-05-24,2114,late_pre,XUSIN,0.020986915644874427,12.0,25
2012-05-24,2114,late_pre,XGIDA,0.06400062011163532,3.0,25
2012-05-24,2114,late_pre,XKMYA,0.0033575189170929054,17.0,25
2012-05-24,2114,late_pre,XMANA,-0.015176746516396888,21.0,25
2012-05-24,2114,late_pre,XMESY,0.04665400860494129,6.0,25
2012-05-24,2114,late_pre,XKAGT,0.022205761396183465,11.0,25
2012-05-24,2114,late_pre,XTAST,0.0024481567728876774,18.0,25
2012-05-24,2114,late_pre,XTEKS,0.019259964207748226,13.0,25
2012-05-24,2114,late_pre,XUHIZ,0.04640413382238706,7.0,25
2012-05-24,2114,late_pre,XELKT,-0.03535202411454508,23.0,25
2012-05-24,2114,late_pre,XILTM,0.031145130011639877,9.0,25
2012-05-24,2114,late_pre,XSPOR,-0.12309762468989882,25.0,25
2012-05-24,2114,late_pre,XTCRT,0.11203013109363114,1.0,25
2012-05-24,2114,late_pre,XTRZM,-0.0015139664226963,19.0,25
2012-05-24,2114,late_pre,XULAS,0.024336845390748207,10.0,25
2012-05-24,2114,late_pre,XUMAL,-0.021865788845511158,22.0,25
2012-05-24,2114,late_pre,XBANK,-0.03672529302131455,24.0,25
2012-05-24,2114,late_pre,XSGRT,0.011181404007402862,14.0,25
2012-05-24,2114,late_pre,XFINK,0.005426453955321153,16.0,25
2012-05-24,2114,late_pre,XHOLD,0.006799661621177511,15.0,25
2012-05-24,2114,late_pre,XGMYO,-0.010521598409792277,20.0,25
2012-05-24,2114,late_pre,XYORT,0.057037094043234426,4.0,25
2012-05-24,2114,late_pre,XUTEK,0.048773703939951174,5.0,25
2012-05-24,2114,late_pre,XBLSM,0.06827395867803854,2.0,25
2012-05-24,2114,late_pre,XTUMY,0.03588790744575876,8.0,25
2012-05-24,2114,early_post,XUSIN,-0.015174469871379825,15.0,26
2012-05-24,2114,early_post,XGIDA,-0.007104877238431007,12.0,26
2012-05-24,2114,early_post,XKMYA,0.001859185415247211,8.0,26
2012-05-24,2114,early_post,XMANA,-0.02856718404427605,18.0,26
2012-05-24,2114,early_post,XMESY,-0.02015532221964933,16.0,26
2012-05-24,2114,early_post,XKAGT,0.012528733565094097,6.0,26
2012-05-24,2114,early_post,XTAST,-0.04882098598544671,22.0,26
2012-05-24,2114,early_post,XTEKS,-0.09155387196004772,24.0,26
2012-05-24,2114,early_post,XUHIZ,-0.08025269246282751,23.0,26
2012-05-24,2114,early_post,XELKT,-0.007996672820180128,13.0,26
2012-05-24,2114,early_post,XILTM,-0.09800016957826985,25.0,26
2012-05-24,2114,early_post,XSPOR,-0.029490880874420533,19.0,26
2012-05-24,2114,early_post,XTCRT,-0.11275212772598986,26.0,26
2012-05-24,2114,early_post,XTRZM,-0.006942803778560824,11.0,26
2012-05-24,2114,early_post,XULAS,0.026571759611267565,5.0,26
2012-05-24,2114,early_post,XUMAL,0.03056516073583282,4.0,26
2012-05-24,2114,early_post,XBANK,0.05257829053247254,1.0,26
2012-05-24,2114,early_post,XSGRT,-0.023145116409074795,17.0,26
2012-05-24,2114,early_post,XFINK,-0.010974681454644752,14.0,26
2012-05-24,2114,early_post,XHOLD,-0.0015465610658880191,9.0,26
2012-05-24,2114,early_post,XGMYO,-0.03632143254125397,20.0,26
2012-05-24,2114,early_post,XYORT,0.0094868899435121,7.0,26
2012-05-24,2114,early_post,XUTEK,0.03835257402249126,2.0,26
2012-05-24,2114,early_post,XBLSM,0.037291273936871594,3.0,26
2012-05-24,2114,early_post,XTUMY,-0.038655336708019794,21.0,26
2012-05-24,2114,early_post,XHARZ,-0.004844161101132949,10.0,26
2012-05-24,2114,mid_post,XUSIN,-0.04901633028833863,15.0,26
2012-05-24,2114,mid_post,XGIDA,-0.05133429320287597,16.0,26
2012-05-24,2114,mid_post,XKMYA,-0.03457429861693484,14.0,26
2012-05-24,2114,mid_post,XMANA,-0.1302955581519355,24.0,26
2012-05-24,2114,mid_post,XMESY,-0.01282162474152293,11.0,26
2012-05-24,2114,mid_post,XKAGT,0.01210921128301834,8.0,26
2012-05-24,2114,mid_post,XTAST,-0.08410739448300286,21.0,26
2012-05-24,2114,mid_post,XTEKS,-0.022233789732956755,12.0,26
2012-05-24,2114,mid_post,XUHIZ,0.055282090838587816,4.0,26
2012-05-24,2114,mid_post,XELKT,0.008706870400887912,9.0,26
2012-05-24,2114,mid_post,XILTM,0.05192614805051776,5.0,26
2012-05-24,2114,mid_post,XSPOR,0.03421367916548235,6.0,26
2012-05-24,2114,mid_post,XTCRT,0.07355733346292492,2.0,26
2012-05-24,2114,mid_post,XTRZM,-0.12830704862950737,23.0,26
2012-05-24,2114,mid_post,XULAS,0.06203620825199607,3.0,26
2012-05-24,2114,mid_post,XUMAL,-0.0006235352728065635,10.0,26
2012-05-24,2114,mid_post,XBANK,0.015023980508646506,7.0,26
2012-05-24,2114,mid_post,XSGRT,0.08961674403874476,1.0,26
2012-05-24,2114,mid_post,XFINK,-0.06840353690053669,20.0,26
2012-05-24,2114,mid_post,XHOLD,-0.024330607496928724,13.0,26
2012-05-24,2114,mid_post,XGMYO,-0.08445954951547252,22.0,26
2012-05-24,2114,mid_post,XYORT,-0.06374960771013205,19.0,26
2012-05-24,2114,mid_post,XUTEK,-0.1677983061622499,25.0,26
2012-05-24,2114,mid_post,XBLSM,-0.27698338147302604,26.0,26
2012-05-24,2114,mid_post,XTUMY,-0.05241497009760554,17.0,26
2012-05-24,2114,mid_post,XHARZ,-0.05557305078680197,18.0,26
2013-02-21,2303,chop,XUSIN,-0.037968559251545964,18.0,26
2013-02-21,2303,chop,XGIDA,-0.06302128309466459,21.0,26
2013-02-21,2303,chop,XKMYA,-0.011150736917262316,15.0,26
2013-02-21,2303,chop,XMANA,0.02183271995165703,7.0,26
2013-02-21,2303,chop,XMESY,-0.044760886846002546,19.0,26
2013-02-21,2303,chop,XKAGT,-0.1288099447319091,26.0,26
2013-02-21,2303,chop,XTAST,0.02754046648917874,6.0,26
2013-02-21,2303,chop,XTEKS,-0.11533487722316749,24.0,26
2013-02-21,2303,chop,XUHIZ,0.004079817856188495,12.0,26
2013-02-21,2303,chop,XELKT,0.0682093192570794,3.0,26
2013-02-21,2303,chop,XILTM,-0.024340265668564953,16.0,26
2013-02-21,2303,chop,XSPOR,-0.12311233237186614,25.0,26
2013-02-21,2303,chop,XTCRT,-0.044941082105892205,20.0,26
2013-02-21,2303,chop,XTRZM,0.05074444536537159,4.0,26
2013-02-21,2303,chop,XULAS,0.2141162147097211,1.0,26
2013-02-21,2303,chop,XUMAL,0.010802767306017369,10.0,26
2013-02-21,2303,chop,XBANK,0.00972974988070785,11.0,26
2013-02-21,2303,chop,XSGRT,0.10449340417020947,2.0,26
2013-02-21,2303,chop,XFINK,-0.08562401207099923,22.0,26
2013-02-21,2303,chop,XHOLD,0.01548228794460571,9.0,26
2013-02-21,2303,chop,XGMYO,-0.00287505786024167,14.0,26
2013-02-21,2303,chop,XYORT,-0.0891661620177926,23.0,26
2013-02-21,2303,chop,XUTEK,0.036612647246047736,5.0,26
2013-02-21,2303,chop,XBLSM,0.0015991220021076558,13.0,26
2013-02-21,2303,chop,XTUMY,-0.0330086130432905,17.0,26
2013-02-21,2303,chop,XHARZ,0.01868481663195931,8.0,26
2013-02-21,2303,late_pre,XUSIN,0.03577297085836462,12.0,26
2013-02-21,2303,late_pre,XGIDA,0.0916283763449911,2.0,26
2013-02-21,2303,late_pre,XKMYA,0.040676499881902584,9.0,26
2013-02-21,2303,late_pre,XMANA,-0.02515695428892295,25.0,26
2013-02-21,2303,late_pre,XMESY,0.03759063882649516,11.0,26
2013-02-21,2303,late_pre,XKAGT,-0.01606143522678216,23.0,26
2013-02-21,2303,late_pre,XTAST,0.017359369620037257,18.0,26
2013-02-21,2303,late_pre,XTEKS,0.04896715609633373,7.0,26
2013-02-21,2303,late_pre,XUHIZ,0.037737838314638616,10.0,26
2013-02-21,2303,late_pre,XELKT,0.028061472088178996,15.0,26
2013-02-21,2303,late_pre,XILTM,0.04973985595012487,6.0,26
2013-02-21,2303,late_pre,XSPOR,-0.006319575736585037,21.0,26
2013-02-21,2303,late_pre,XTCRT,0.035102839834998956,13.0,26
2013-02-21,2303,late_pre,XTRZM,0.010997299435386965,19.0,26
2013-02-21,2303,late_pre,XULAS,0.027737747307496896,16.0,26
2013-02-21,2303,late_pre,XUMAL,-0.02328230977604817,24.0,26
2013-02-21,2303,late_pre,XBANK,-0.04205177290619355,26.0,26
2013-02-21,2303,late_pre,XSGRT,0.06908337554773425,3.0,26
2013-02-21,2303,late_pre,XFINK,0.003911670560934777,20.0,26
2013-02-21,2303,late_pre,XHOLD,0.023662532984425555,17.0,26
2013-02-21,2303,late_pre,XGMYO,-0.011262804073918664,22.0,26
2013-02-21,2303,late_pre,XYORT,0.06369490740135775,4.0,26
2013-02-21,2303,late_pre,XUTEK,0.16595082425117824,1.0,26
2013-02-21,2303,late_pre,XBLSM,0.060680619242836076,5.0,26
2013-02-21,2303,late_pre,XTUMY,0.042260482443106095,8.0,26
2013-02-21,2303,late_pre,XHARZ,0.029651908580364705,14.0,26
2013-02-21,2303,early_post,XUSIN,-0.03321243577678912,9.0,28
2013-02-21,2303,early_post,XGIDA,-0.07165841538980633,21.0,28
2013-02-21,2303,early_post,XKMYA,-0.012032902051926975,7.0,28
2013-02-21,2303,early_post,XMADN,-0.041145969172710295,12.0,28
2013-02-21,2303,early_post,XMANA,-0.0294199313552006,8.0,28
2013-02-21,2303,early_post,XMESY,0.009446566198232809,4.0,28
2013-02-21,2303,early_post,XKAGT,-0.07972866927693589,23.0,28
2013-02-21,2303,early_post,XTAST,-0.055410855496337064,14.0,28
2013-02-21,2303,early_post,XTEKS,-0.06638220345507428,20.0,28
2013-02-21,2303,early_post,XUHIZ,-0.05041798595731373,13.0,28
2013-02-21,2303,early_post,XELKT,-0.058216774757756884,16.0,28
2013-02-21,2303,early_post,XILTM,-0.08462297759518456,24.0,28
2013-02-21,2303,early_post,XINSA,-0.03329289496768051,10.0,28
2013-02-21,2303,early_post,XSPOR,-0.12557844476057223,28.0,28
2013-02-21,2303,early_post,XTCRT,-0.04026690569184832,11.0,28
2013-02-21,2303,early_post,XTRZM,-0.09228961996394314,26.0,28
2013-02-21,2303,early_post,XULAS,0.007959509510304219,5.0,28
2013-02-21,2303,early_post,XUMAL,0.023933116910938468,2.0,28
2013-02-21,2303,early_post,XBANK,0.03526552971160468,1.0,28
2013-02-21,2303,early_post,XSGRT,-0.011426842775995372,6.0,28
2013-02-21,2303,early_post,XFINK,-0.05954996009182412,17.0,28
2013-02-21,2303,early_post,XHOLD,0.01270765692865039,3.0,28
2013-02-21,2303,early_post,XGMYO,-0.06293693309766346,18.0,28
2013-02-21,2303,early_post,XYORT,-0.05595118010913569,15.0,28
2013-02-21,2303,early_post,XUTEK,-0.10226791114126388,27.0,28
2013-02-21,2303,early_post,XBLSM,-0.08857247610778951,25.0,28
2013-02-21,2303,early_post,XTUMY,-0.06623764946978539,19.0,28
2013-02-21,2303,early_post,XHARZ,-0.0720078243444815,22.0,28
2013-02-21,2303,mid_post,XUSIN,0.023340370417756162,9.0,28
2013-02-21,2303,mid_post,XGIDA,0.1670365774422271,1.0,28
2013-02-21,2303,mid_post,XKMYA,-0.08422667804461736,26.0,28
2013-02-21,2303,mid_post,XMADN,-0.13510645318266779,28.0,28
2013-02-21,2303,mid_post,XMANA,0.051926489798199915,5.0,28
2013-02-21,2303,mid_post,XMESY,0.05840221501608189,4.0,28
2013-02-21,2303,mid_post,XKAGT,0.024333557967020303,8.0,28
2013-02-21,2303,mid_post,XTAST,0.012049501156449205,12.0,28
2013-02-21,2303,mid_post,XTEKS,0.06125995218756186,2.0,28
2013-02-21,2303,mid_post,XUHIZ,0.003833181135317165,15.0,28
2013-02-21,2303,mid_post,XELKT,-0.0076513351708937805,17.0,28
2013-02-21,2303,mid_post,XILTM,-0.017722297289390343,20.0,28
2013-02-21,2303,mid_post,XINSA,-0.01904737553442204,21.0,28
2013-02-21,2303,mid_post,XSPOR,-0.028087729238277737,24.0,28
2013-02-21,2303,mid_post,XTCRT,0.058963969620401846,3.0,28
2013-02-21,2303,mid_post,XTRZM,0.015257372165709437,11.0,28
2013-02-21,2303,mid_post,XULAS,-0.05718978691487797,25.0,28
2013-02-21,2303,mid_post,XUMAL,-0.00885014227023484,18.0,28
2013-02-21,2303,mid_post,XBANK,-0.007340799382049457,16.0,28
2013-02-21,2303,mid_post,XSGRT,-0.022668096355170197,23.0,28
2013-02-21,2303,mid_post,XFINK,0.036592627727128235,6.0,28
2013-02-21,2303,mid_post,XHOLD,-0.010711122596407163,19.0,28
2013-02-21,2303,mid_post,XGMYO,-0.019934218886038968,22.0,28
2013-02-21,2303,mid_post,XYORT,-0.09971881839703112,27.0,28
2013-02-21,2303,mid_post,XUTEK,0.0331292689003142,7.0,28
2013-02-21,2303,mid_post,XBLSM,0.004086530149846501,14.0,28
2013-02-21,2303,mid_post,XTUMY,0.02332219722618678,10.0,28
2013-02-21,2303,mid_post,XHARZ,0.010682709770178045,13.0,28
2013-08-27,2432,chop,XUSIN,0.05441483729184704,14.0,28
2013-08-27,2432,chop,XGIDA,0.11632443717585306,6.0,28
2013-08-27,2432,chop,XKMYA,-0.016336529271632427,24.0,28
2013-08-27,2432,chop,XMADN,0.001130394815970548,20.0,28
2013-08-27,2432,chop,XMANA,0.023233915795191296,16.0,28
2013-08-27,2432,chop,XMESY,0.10506571817707522,8.0,28
2013-08-27,2432,chop,XKAGT,0.08556917757333482,11.0,28
2013-08-27,2432,chop,XTAST,0.027429438721492394,15.0,28
2013-08-27,2432,chop,XTEKS,0.090513010572573,9.0,28
2013-08-27,2432,chop,XUHIZ,0.13751323038166585,3.0,28
2013-08-27,2432,chop,XELKT,-0.05445799073662749,27.0,28
2013-08-27,2432,chop,XILTM,0.07569938310962832,12.0,28
2013-08-27,2432,chop,XINSA,0.12765189620335715,4.0,28
2013-08-27,2432,chop,XSPOR,0.01029027762643564,18.0,28
2013-08-27,2432,chop,XTCRT,0.12405534217095193,5.0,28
2013-08-27,2432,chop,XTRZM,-0.0021472172591081584,22.0,28
2013-08-27,2432,chop,XULAS,0.3204438169037619,1.0,28
2013-08-27,2432,chop,XUMAL,-0.05403744860127924,26.0,28
2013-08-27,2432,chop,XBANK,-0.07936263308647395,28.0,28
2013-08-27,2432,chop,XSGRT,0.004100205946308111,19.0,28
2013-08-27,2432,chop,XFINK,0.07278184679009858,13.0,28
2013-08-27,2432,chop,XHOLD,-0.0007175949192854691,21.0,28
2013-08-27,2432,chop,XGMYO,-0.010307348916869019,23.0,28
2013-08-27,2432,chop,XYORT,0.08851271246986159,10.0,28
2013-08-27,2432,chop,XUTEK,0.01792176043719962,17.0,28
2013-08-27,2432,chop,XBLSM,-0.04035247360100502,25.0,28
2013-08-27,2432,chop,XTUMY,0.10632640409214578,7.0,28
2013-08-27,2432,chop,XHARZ,0.2658349940031851,2.0,28
2013-08-27,2432,late_pre,XUSIN,-0.0024713898611202767,16.0,28
2013-08-27,2432,late_pre,XGIDA,-0.047168254856626235,23.0,28
2013-08-27,2432,late_pre,XKMYA,0.004787406263907279,12.0,28
2013-08-27,2432,late_pre,XMADN,0.16819038748979032,1.0,28
2013-08-27,2432,late_pre,XMANA,0.11041060741673436,3.0,28
2013-08-27,2432,late_pre,XMESY,-0.05934033039401043,25.0,28
2013-08-27,2432,late_pre,XKAGT,0.03464425041925134,9.0,28
2013-08-27,2432,late_pre,XTAST,-0.02601559974003631,20.0,28
2013-08-27,2432,late_pre,XTEKS,0.0002457076605630881,15.0,28
2013-08-27,2432,late_pre,XUHIZ,-0.019140336399661284,19.0,28
2013-08-27,2432,late_pre,XELKT,-0.01280648396686479,18.0,28
2013-08-27,2432,late_pre,XILTM,0.03983988171493258,7.0,28
2013-08-27,2432,late_pre,XINSA,0.04390639531126517,6.0,28
2013-08-27,2432,late_pre,XSPOR,0.03518248981821159,8.0,28
2013-08-27,2432,late_pre,XTCRT,-0.05385477585275644,24.0,28
2013-08-27,2432,late_pre,XTRZM,0.002987407959447408,13.0,28
2013-08-27,2432,late_pre,XULAS,-0.06875559902865436,27.0,28
2013-08-27,2432,late_pre,XUMAL,0.00985202819476061,11.0,28
2013-08-27,2432,late_pre,XBANK,0.02036675772932972,10.0,28
2013-08-27,2432,late_pre,XSGRT,0.0626285226958947,4.0,28
2013-08-27,2432,late_pre,XFINK,-0.06071597037976162,26.0,28
2013-08-27,2432,late_pre,XHOLD,-0.008174082858769749,17.0,28
2013-08-27,2432,late_pre,XGMYO,-0.026469458804118773,21.0,28
2013-08-27,2432,late_pre,XYORT,0.11223709929216108,2.0,28
2013-08-27,2432,late_pre,XUTEK,-0.07808597383324523,28.0,28
2013-08-27,2432,late_pre,XBLSM,-0.0436092401121827,22.0,28
2013-08-27,2432,late_pre,XTUMY,0.002792256648264102,14.0,28
2013-08-27,2432,late_pre,XHARZ,0.05370937680424481,5.0,28
2013-08-27,2432,early_post,XUSIN,2.9682181994949985e-05,7.0,28
2013-08-27,2432,early_post,XGIDA,0.008352205951152492,5.0,28
2013-08-27,2432,early_post,XKMYA,0.03792903193805519,1.0,28
2013-08-27,2432,early_post,XMADN,-0.06224026522898374,25.0,28
2013-08-27,2432,early_post,XMANA,-0.030411417264333718,19.0,28
2013-08-27,2432,early_post,XMESY,0.013872672291486587,4.0,28
2013-08-27,2432,early_post,XKAGT,-0.06070910061301893,24.0,28
2013-08-27,2432,early_post,XTAST,-0.03647875048185245,21.0,28
2013-08-27,2432,early_post,XTEKS,-0.035150619982245335,20.0,28
2013-08-27,2432,early_post,XUHIZ,-0.014398779536792361,14.0,28
2013-08-27,2432,early_post,XELKT,-0.026277082472747404,17.0,28
2013-08-27,2432,early_post,XILTM,-0.05660331184019096,23.0,28
2013-08-27,2432,early_post,XINSA,0.018449238954394653,3.0,28
2013-08-27,2432,early_post,XSPOR,-0.13582818329912894,28.0,28
2013-08-27,2432,early_post,XTCRT,0.0340665484942253,2.0,28
2013-08-27,2432,early_post,XTRZM,-0.07530588332571386,26.0,28
2013-08-27,2432,early_post,XULAS,-0.025161588957530734,16.0,28
2013-08-27,2432,early_post,XUMAL,-0.002291861299826392,8.0,28
2013-08-27,2432,early_post,XBANK,-0.004156265100802692,11.0,28
2013-08-27,2432,early_post,XSGRT,-0.012462420338362978,13.0,28
2013-08-27,2432,early_post,XFINK,-0.009189042114374324,12.0,28
2013-08-27,2432,early_post,XHOLD,0.007930760300650874,6.0,28
2013-08-27,2432,early_post,XGMYO,-0.026474851940571087,18.0,28
2013-08-27,2432,early_post,XYORT,-0.09549369175072098,27.0,28
2013-08-27,2432,early_post,XUTEK,-0.0039014820202325495,10.0,28
2013-08-27,2432,early_post,XBLSM,-0.003300288998417944,9.0,28
2013-08-27,2432,early_post,XTUMY,-0.05135991433639431,22.0,28
2013-08-27,2432,early_post,XHARZ,-0.01851692977398378,15.0,28
2013-08-27,2432,mid_post,XUSIN,0.036396678603924926,12.0,28
2013-08-27,2432,mid_post,XGIDA,0.012068977833930017,19.0,28
2013-08-27,2432,mid_post,XKMYA,0.004615814118794193,20.0,28
2013-08-27,2432,mid_post,XMADN,0.06953958362629509,7.0,28
2013-08-27,2432,mid_post,XMANA,0.11745520836478796,2.0,28
2013-08-27,2432,mid_post,XMESY,0.04175143924677527,10.0,28
2013-08-27,2432,mid_post,XKAGT,0.020878137150305953,13.0,28
2013-08-27,2432,mid_post,XTAST,0.0616846578623671,8.0,28
2013-08-27,2432,mid_post,XTEKS,0.003430547140723439,21.0,28
2013-08-27,2432,mid_post,XUHIZ,-0.005499362669868946,24.0,28
2013-08-27,2432,mid_post,XELKT,0.012477648660718765,18.0,28
2013-08-27,2432,mid_post,XILTM,0.01527279876884946,17.0,28
2013-08-27,2432,mid_post,XINSA,-0.007013639617889922,25.0,28
2013-08-27,2432,mid_post,XSPOR,0.31000373385468216,1.0,28
2013-08-27,2432,mid_post,XTCRT,-0.08876321765368456,28.0,28
2013-08-27,2432,mid_post,XTRZM,0.051002190405603276,9.0,28
2013-08-27,2432,mid_post,XULAS,0.07656464530839635,6.0,28
2013-08-27,2432,mid_post,XUMAL,-0.01082318322203979,26.0,28
2013-08-27,2432,mid_post,XBANK,-0.004411247222190662,23.0,28
2013-08-27,2432,mid_post,XSGRT,0.018265059095832203,14.0,28
2013-08-27,2432,mid_post,XFINK,0.08287091001416336,5.0,28
2013-08-27,2432,mid_post,XHOLD,-0.03337938181687283,27.0,28
2013-08-27,2432,mid_post,XGMYO,0.01758100602584367,16.0,28
2013-08-27,2432,mid_post,XYORT,-0.00400458706953466,22.0,28
2013-08-27,2432,mid_post,XUTEK,0.09434978067715916,4.0,28
2013-08-27,2432,mid_post,XBLSM,0.017783265623383615,15.0,28
2013-08-27,2432,mid_post,XTUMY,0.041304046605481926,11.0,28
2013-08-27,2432,mid_post,XHARZ,0.11078916078528711,3.0,28
2014-03-02,2558,chop,XUSIN,0.020371873239791394,18.0,28
2014-03-02,2558,chop,XGIDA,0.073368173771863,5.0,28
2014-03-02,2558,chop,XKMYA,0.01595520363283298,20.0,28
2014-03-02,2558,chop,XMADN,-0.19837890739865593,28.0,28
2014-03-02,2558,chop,XMANA,0.10399237553638119,3.0,28
2014-03-02,2558,chop,XMESY,-0.032046660657238824,25.0,28
2014-03-02,2558,chop,XKAGT,0.028486228630471122,15.0,28
2014-03-02,2558,chop,XTAST,0.03738689928492467,13.0,28
2014-03-02,2558,chop,XTEKS,0.02515278474731053,16.0,28
2014-03-02,2558,chop,XUHIZ,0.05767002962192824,6.0,28
2014-03-02,2558,chop,XELKT,-0.08413657493826832,27.0,28
2014-03-02,2558,chop,XILTM,0.07762961128747792,4.0,28
2014-03-02,2558,chop,XINSA,0.15243859679530303,2.0,28
2014-03-02,2558,chop,XSPOR,0.039133962553447144,12.0,28
2014-03-02,2558,chop,XTCRT,0.04012101553162928,11.0,28
2014-03-02,2558,chop,XTRZM,0.016338862337200277,19.0,28
2014-03-02,2558,chop,XULAS,0.04016672297263946,10.0,28
2014-03-02,2558,chop,XUMAL,-0.024632846308804024,24.0,28
2014-03-02,2558,chop,XBANK,-0.05494683723550686,26.0,28
2014-03-02,2558,chop,XSGRT,0.1604146876907625,1.0,28
2014-03-02,2558,chop,XFINK,0.04419897023610053,9.0,28
2014-03-02,2558,chop,XHOLD,0.03195969813164956,14.0,28
2014-03-02,2558,chop,XGMYO,-0.0050185866008803925,22.0,28
2014-03-02,2558,chop,XYORT,0.04820624073018276,8.0,28
2014-03-02,2558,chop,XUTEK,0.024833265067613963,17.0,28
2014-03-02,2558,chop,XBLSM,-0.0043910626399102926,21.0,28
2014-03-02,2558,chop,XTUMY,0.05184774834236594,7.0,28
2014-03-02,2558,chop,XHARZ,-0.00506959099138049,23.0,28
2014-03-02,2558,late_pre,XUSIN,-0.008196736010225303,19.0,28
2014-03-02,2558,late_pre,XGIDA,-0.049790607179653334,28.0,28
2014-03-02,2558,late_pre,XKMYA,0.012572357261884548,12.0,28
2014-03-02,2558,late_pre,XMADN,0.0008100706692540927,16.0,28
2014-03-02,2558,late_pre,XMANA,-0.017439022226984346,23.0,28
2014-03-02,2558,late_pre,XMESY,0.03402741957854771,5.0,28
2014-03-02,2558,late_pre,XKAGT,0.028506785537733004,9.0,28
2014-03-02,2558,late_pre,XTAST,-0.013888842913665767,21.0,28
2014-03-02,2558,late_pre,XTEKS,-0.024979644291041492,26.0,28
2014-03-02,2558,late_pre,XUHIZ,0.005816379859485021,13.0,28
2014-03-02,2558,late_pre,XELKT,0.02785221760915002,10.0,28
2014-03-02,2558,late_pre,XILTM,0.014699769310710487,11.0,28
2014-03-02,2558,late_pre,XINSA,-0.01641740514056811,22.0,28
2014-03-02,2558,late_pre,XSPOR,-0.0059804914922212404,18.0,28
2014-03-02,2558,late_pre,XTCRT,0.029946169616102747,7.0,28
2014-03-02,2558,late_pre,XTRZM,0.0350184333330712,4.0,28
2014-03-02,2558,late_pre,XULAS,-0.03585817827822668,27.0,28
2014-03-02,2558,late_pre,XUMAL,0.005546592162942177,14.0,28
2014-03-02,2558,late_pre,XBANK,0.0033301588486446265,15.0,28
2014-03-02,2558,late_pre,XSGRT,-0.02338096200482942,25.0,28
2014-03-02,2558,late_pre,XFINK,-0.021445950339329167,24.0,28
2014-03-02,2558,late_pre,XHOLD,-0.00013882803538289856,17.0,28
2014-03-02,2558,late_pre,XGMYO,0.03504570666345286,3.0,28
2014-03-02,2558,late_pre,XYORT,0.03675575304526468,2.0,28
2014-03-02,2558,late_pre,XUTEK,0.06653918481727872,1.0,28
2014-03-02,2558,late_pre,XBLSM,0.028518346358117563,8.0,28
2014-03-02,2558,late_pre,XTUMY,0.030449186274231987,6.0,28
2014-03-02,2558,late_pre,XHARZ,-0.012512329625006147,20.0,28
2014-03-02,2558,early_post,XUSIN,0.011781353661711291,6.0,28
2014-03-02,2558,early_post,XGIDA,0.044033660043502065,2.0,28
2014-03-02,2558,early_post,XKMYA,0.02924165131348455,3.0,28
2014-03-02,2558,early_post,XMADN,-0.05752264222794112,24.0,28
2014-03-02,2558,early_post,XMANA,0.017687755745167344,5.0,28
2014-03-02,2558,early_post,XMESY,-0.012443671553018731,8.0,28
2014-03-02,2558,early_post,XKAGT,-0.03485219687761543,14.0,28
2014-03-02,2558,early_post,XTAST,-0.03420225070111704,13.0,28
2014-03-02,2558,early_post,XTEKS,-0.0427072822891883,19.0,28
2014-03-02,2558,early_post,XUHIZ,-0.015577066294542252,9.0,28
2014-03-02,2558,early_post,XELKT,-0.028526863002560132,12.0,28
2014-03-02,2558,early_post,XILTM,-0.061163101553737165,27.0,28
2014-03-02,2558,early_post,XINSA,-0.09052441535251854,28.0,28
2014-03-02,2558,early_post,XSPOR,-0.015747121445241596,10.0,28
2014-03-02,2558,early_post,XTCRT,0.07612404958841523,1.0,28
2014-03-02,2558,early_post,XTRZM,-0.028245882251336507,11.0,28
2014-03-02,2558,early_post,XULAS,-0.05819813555598685,25.0,28
2014-03-02,2558,early_post,XUMAL,-0.0074345080417757,7.0,28
2014-03-02,2558,early_post,XBANK,0.02034111009488515,4.0,28
2014-03-02,2558,early_post,XSGRT,-0.05254162368076709,22.0,28
2014-03-02,2558,early_post,XFINK,-0.04328047286369974,20.0,28
2014-03-02,2558,early_post,XHOLD,-0.05198019214621985,21.0,28
2014-03-02,2558,early_post,XGMYO,-0.04222390659512354,18.0,28
2014-03-02,2558,early_post,XYORT,-0.0595232354743388,26.0,28
2014-03-02,2558,early_post,XUTEK,-0.041528122462121564,17.0,28
2014-03-02,2558,early_post,XBLSM,-0.03964511724496855,15.0,28
2014-03-02,2558,early_post,XTUMY,-0.05446895499276494,23.0,28
2014-03-02,2558,early_post,XHARZ,-0.039931794412922716,16.0,28
2014-03-02,2558,mid_post,XUSIN,-0.027915035903652408,16.0,28
2014-03-02,2558,mid_post,XGIDA,-0.04975476697426107,18.0,28
2014-03-02,2558,mid_post,XKMYA,-0.021695661178990022,15.0,28
2014-03-02,2558,mid_post,XMADN,-0.05061711556062165,19.0,28
2014-03-02,2558,mid_post,XMANA,-0.011957893968474131,13.0,28
2014-03-02,2558,mid_post,XMESY,-0.005259625009870872,10.0,28
2014-03-02,2558,mid_post,XKAGT,-0.1684024817679014,28.0,28
2014-03-02,2558,mid_post,XTAST,-0.01107453912912515,12.0,28
2014-03-02,2558,mid_post,XTEKS,0.037594209686001134,4.0,28
2014-03-02,2558,mid_post,XUHIZ,-0.05126729307445155,21.0,28
2014-03-02,2558,mid_post,XELKT,0.1205469563701762,1.0,28
2014-03-02,2558,mid_post,XILTM,-0.00921755586951245,11.0,28
2014-03-02,2558,mid_post,XINSA,-0.038516045436627566,17.0,28
2014-03-02,2558,mid_post,XSPOR,-0.05086780725621454,20.0,28
2014-03-02,2558,mid_post,XTCRT,-0.08075413274309806,24.0,28
2014-03-02,2558,mid_post,XTRZM,-0.01681334146845681,14.0,28
2014-03-02,2558,mid_post,XULAS,-0.0879091272315462,25.0,28
2014-03-02,2558,mid_post,XUMAL,0.025821992031381358,6.0,28
2014-03-02,2558,mid_post,XBANK,0.03643732114833109,5.0,28
2014-03-02,2558,mid_post,XSGRT,-0.1464792260133373,26.0,28
2014-03-02,2558,mid_post,XFINK,0.06307573472874495,3.0,28
2014-03-02,2558,mid_post,XHOLD,0.015317233645262496,8.0,28
2014-03-02,2558,mid_post,XGMYO,0.010444133749238249,9.0,28
2014-03-02,2558,mid_post,XYORT,-0.16216302021160234,27.0,28
2014-03-02,2558,mid_post,XUTEK,0.018667897247973464,7.0,28
2014-03-02,2558,mid_post,XBLSM,0.08731175374439815,2.0,28
2014-03-02,2558,mid_post,XTUMY,-0.06471572734317754,22.0,28
2014-03-02,2558,mid_post,XHARZ,-0.078332035032324,23.0,28
2014-10-07,2707,chop,XUSIN,-0.01743171101592389,21.0,28
2014-10-07,2707,chop,XGIDA,-0.06011479047277912,24.0,28
2014-10-07,2707,chop,XKMYA,-0.006194776699606441,14.0,28
2014-10-07,2707,chop,XMADN,-0.14782517219513958,28.0,28
2014-10-07,2707,chop,XMANA,0.0131736898408914,9.0,28
2014-10-07,2707,chop,XMESY,0.023614456397413885,6.0,28
2014-10-07,2707,chop,XKAGT,-0.04406954018043441,23.0,28
2014-10-07,2707,chop,XTAST,0.012830255062180607,10.0,28
2014-10-07,2707,chop,XTEKS,-0.008679792907613226,18.0,28
2014-10-07,2707,chop,XUHIZ,-0.00859076107708745,17.0,28
2014-10-07,2707,chop,XELKT,0.04253716496863702,4.0,28
2014-10-07,2707,chop,XILTM,-0.007919213390803481,16.0,28
2014-10-07,2707,chop,XINSA,-0.06471737747186523,26.0,28
2014-10-07,2707,chop,XSPOR,0.09840381221831818,1.0,28
2014-10-07,2707,chop,XTCRT,-0.028708104422823677,22.0,28
2014-10-07,2707,chop,XTRZM,-0.09919073447013504,27.0,28
2014-10-07,2707,chop,XULAS,0.040507278900961285,5.0,28
2014-10-07,2707,chop,XUMAL,0.00933840481470627,12.0,28
2014-10-07,2707,chop,XBANK,0.009445857715653538,11.0,28
2014-10-07,2707,chop,XSGRT,-0.060745671955031444,25.0,28
2014-10-07,2707,chop,XFINK,-0.006240162308982278,15.0,28
2014-10-07,2707,chop,XHOLD,0.013252530878102409,8.0,28
2014-10-07,2707,chop,XGMYO,0.004802157226221571,13.0,28
2014-10-07,2707,chop,XYORT,-0.015058856613558325,20.0,28
2014-10-07,2707,chop,XUTEK,0.044889870742160554,3.0,28
2014-10-07,2707,chop,XBLSM,0.07750079791927922,2.0,28
2014-10-07,2707,chop,XTUMY,-0.014109519764917478,19.0,28
2014-10-07,2707,chop,XHARZ,0.014942957354131092,7.0,28
2014-10-07,2707,late_pre,XUSIN,0.034217983263979956,14.0,28
2014-10-07,2707,late_pre,XGIDA,0.03997173305658297,12.0,28
2014-10-07,2707,late_pre,XKMYA,0.0053394427290367474,20.0,28
2014-10-07,2707,late_pre,XMADN,-0.04326968224107386,28.0,28
2014-10-07,2707,late_pre,XMANA,0.04580371209253198,10.0,28
2014-10-07,2707,late_pre,XMESY,0.061483059461917566,4.0,28
2014-10-07,2707,late_pre,XKAGT,0.00901841726949748,19.0,28
2014-10-07,2707,late_pre,XTAST,0.05217727743358613,7.0,28
2014-10-07,2707,late_pre,XTEKS,0.0564587044653444,6.0,28
2014-10-07,2707,late_pre,XUHIZ,0.02441683026802044,16.0,28
2014-10-07,2707,late_pre,XELKT,0.045890505436414264,9.0,28
2014-10-07,2707,late_pre,XILTM,0.016904727822174226,18.0,28
2014-10-07,2707,late_pre,XINSA,0.027742035683066324,15.0,28
2014-10-07,2707,late_pre,XSPOR,-0.02224298610979769,25.0,28
2014-10-07,2707,late_pre,XTCRT,0.04600331778413491,8.0,28
2014-10-07,2707,late_pre,XTRZM,-0.0037038703777123594,23.0,28
2014-10-07,2707,late_pre,XULAS,-0.0016890850935461499,22.0,28
2014-10-07,2707,late_pre,XUMAL,-0.018683677888835626,24.0,28
2014-10-07,2707,late_pre,XBANK,-0.03576498268335737,27.0,28
2014-10-07,2707,late_pre,XSGRT,0.03498063046529787,13.0,28
2014-10-07,2707,late_pre,XFINK,0.0428844881635948,11.0,28
2014-10-07,2707,late_pre,XHOLD,0.02204784144535943,17.0,28
2014-10-07,2707,late_pre,XGMYO,-0.030313390695451026,26.0,28
2014-10-07,2707,late_pre,XYORT,0.06638509218489219,2.0,28
2014-10-07,2707,late_pre,XUTEK,0.09181047076947446,1.0,28
2014-10-07,2707,late_pre,XBLSM,0.065038347401708,3.0,28
2014-10-07,2707,late_pre,XTUMY,0.058497712374868005,5.0,28
2014-10-07,2707,late_pre,XHARZ,0.004825759110440364,21.0,28
2014-10-07,2707,early_post,XUSIN,-0.012404935404747297,11.0,28
2014-10-07,2707,early_post,XGIDA,-0.042021353104181536,25.0,28
2014-10-07,2707,early_post,XKMYA,-0.012755841645318622,13.0,28
2014-10-07,2707,early_post,XMADN,-0.10196070483154096,28.0,28
2014-10-07,2707,early_post,XMANA,0.03196528950387956,1.0,28
2014-10-07,2707,early_post,XMESY,0.005517092639381271,9.0,28
2014-10-07,2707,early_post,XKAGT,-0.02120662314168653,18.0,28
2014-10-07,2707,early_post,XTAST,-0.01895916843122092,16.0,28
2014-10-07,2707,early_post,XTEKS,0.0231201346638108,4.0,28
2014-10-07,2707,early_post,XUHIZ,-0.020111870994224512,17.0,28
2014-10-07,2707,early_post,XELKT,0.019546843390333857,5.0,28
2014-10-07,2707,early_post,XILTM,-0.023553431126047908,19.0,28
2014-10-07,2707,early_post,XINSA,-0.03329297412383325,21.0,28
2014-10-07,2707,early_post,XSPOR,0.0069446096318090955,8.0,28
2014-10-07,2707,early_post,XTCRT,-0.03940993885146171,23.0,28
2014-10-07,2707,early_post,XTRZM,0.02698845361045432,2.0,28
2014-10-07,2707,early_post,XULAS,0.01855482879751902,6.0,28
2014-10-07,2707,early_post,XUMAL,0.009699030275365894,7.0,28
2014-10-07,2707,early_post,XBANK,0.026821032933170397,3.0,28
2014-10-07,2707,early_post,XSGRT,-0.014560232024810604,14.0,28
2014-10-07,2707,early_post,XFINK,-0.040226382396215454,24.0,28
2014-10-07,2707,early_post,XHOLD,-0.01879869548653401,15.0,28
2014-10-07,2707,early_post,XGMYO,-0.012504259296471698,12.0,28
2014-10-07,2707,early_post,XYORT,-0.04983862055139099,27.0,28
2014-10-07,2707,early_post,XUTEK,-0.04977334106308895,26.0,28
2014-10-07,2707,early_post,XBLSM,-0.029373995862120195,20.0,28
2014-10-07,2707,early_post,XTUMY,-0.03376716361229026,22.0,28
2014-10-07,2707,early_post,XHARZ,-0.006672695079570801,10.0,28
2014-10-07,2707,mid_post,XUSIN,-0.049908090355774704,20.0,28
2014-10-07,2707,mid_post,XGIDA,-0.09224051338505457,24.0,28
2014-10-07,2707,mid_post,XKMYA,-0.005544313035788839,12.0,28
2014-10-07,2707,mid_post,XMADN,-0.21676037376060298,28.0,28
2014-10-07,2707,mid_post,XMANA,-0.10443865085773385,26.0,28
2014-10-07,2707,mid_post,XMESY,0.0038793979137832224,8.0,28
2014-10-07,2707,mid_post,XKAGT,0.006137782408869974,6.0,28
2014-10-07,2707,mid_post,XTAST,0.014088864620281916,5.0,28
2014-10-07,2707,mid_post,XTEKS,-0.1063461129364488,27.0,28
2014-10-07,2707,mid_post,XUHIZ,0.06258742989343191,4.0,28
2014-10-07,2707,mid_post,XELKT,0.08011178186675894,3.0,28
2014-10-07,2707,mid_post,XILTM,0.0987352950660052,2.0,28
2014-10-07,2707,mid_post,XINSA,-0.0006173200599575157,9.0,28
2014-10-07,2707,mid_post,XSPOR,-0.07288708677522648,22.0,28
2014-10-07,2707,mid_post,XTCRT,-0.030033196147434493,17.0,28
2014-10-07,2707,mid_post,XTRZM,-0.01393007350431108,16.0,28
2014-10-07,2707,mid_post,XULAS,0.2135766609158838,1.0,28
2014-10-07,2707,mid_post,XUMAL,-0.002850758026947231,11.0,28
2014-10-07,2707,mid_post,XBANK,0.004396712769896283,7.0,28
2014-10-07,2707,mid_post,XSGRT,-0.09351440462207972,25.0,28
2014-10-07,2707,mid_post,XFINK,-0.07893023527887477,23.0,28
2014-10-07,2707,mid_post,XHOLD,-0.012266244097019818,15.0,28
2014-10-07,2707,mid_post,XGMYO,-0.009376332089233497,14.0,28
2014-10-07,2707,mid_post,XYORT,-0.07024872653732528,21.0,28
2014-10-07,2707,mid_post,XUTEK,-0.001293665897848184,10.0,28
2014-10-07,2707,mid_post,XBLSM,-0.008571037376586155,13.0,28
2014-10-07,2707,mid_post,XTUMY,-0.042060585866365185,18.0,28
2014-10-07,2707,mid_post,XHARZ,-0.04697634545757223,19.0,28
2015-03-12,2817,chop,XUSIN,0.00872009514689931,16.0,28
2015-03-12,2817,chop,XGIDA,-0.016763018744299307,24.0,28
2015-03-12,2817,chop,XKMYA,0.0038333143094646527,18.0,28
2015-03-12,2817,chop,XMADN,0.14875190133965166,2.0,28
2015-03-12,2817,chop,XMANA,-0.05063150202007238,26.0,28
2015-03-12,2817,chop,XMESY,0.038258379642929885,12.0,28
2015-03-12,2817,chop,XKAGT,0.012698793477422754,15.0,28
2015-03-12,2817,chop,XTAST,0.07555749768189446,5.0,28
2015-03-12,2817,chop,XTEKS,0.07009716951999967,8.0,28
2015-03-12,2817,chop,XUHIZ,-0.013458825583282152,22.0,28
2015-03-12,2817,chop,XELKT,0.07444661912839368,6.0,28
2015-03-12,2817,chop,XILTM,-0.0047927253694413086,19.0,28
2015-03-12,2817,chop,XINSA,-0.06224531622335783,27.0,28
2015-03-12,2817,chop,XSPOR,-0.03194902239033626,25.0,28
2015-03-12,2817,chop,XTCRT,0.01789164495179696,14.0,28
2015-03-12,2817,chop,XTRZM,-0.014589442335565028,23.0,28
2015-03-12,2817,chop,XULAS,-0.06965516395884919,28.0,28
2015-03-12,2817,chop,XUMAL,0.005735566195291586,17.0,28
2015-03-12,2817,chop,XBANK,-0.006215139570065142,20.0,28
2015-03-12,2817,chop,XSGRT,0.03813855468416971,13.0,28
2015-03-12,2817,chop,XFINK,0.07414432829250228,7.0,28
2015-03-12,2817,chop,XHOLD,-0.011063598104295691,21.0,28
2015-03-12,2817,chop,XGMYO,0.12865870313432293,3.0,28
2015-03-12,2817,chop,XYORT,0.04155505730227804,10.0,28
2015-03-12,2817,chop,XUTEK,0.09980147171613396,4.0,28
2015-03-12,2817,chop,XBLSM,0.18256684994939887,1.0,28
2015-03-12,2817,chop,XTUMY,0.045193518999163906,9.0,28
2015-03-12,2817,chop,XHARZ,0.04014347582558142,11.0,28
2015-03-12,2817,late_pre,XUSIN,0.031804612688906,13.0,28
2015-03-12,2817,late_pre,XGIDA,0.03213051991605598,12.0,28
2015-03-12,2817,late_pre,XKMYA,0.03744151520030614,10.0,28
2015-03-12,2817,late_pre,XMADN,0.1271347878059499,2.0,28
2015-03-12,2817,late_pre,XMANA,0.014218092036245245,17.0,28
2015-03-12,2817,late_pre,XMESY,0.043232654861203756,9.0,28
2015-03-12,2817,late_pre,XKAGT,-0.006243939948217592,23.0,28
2015-03-12,2817,late_pre,XTAST,0.017999327494612638,16.0,28
2015-03-12,2817,late_pre,XTEKS,-0.054218407278050385,28.0,28
2015-03-12,2817,late_pre,XUHIZ,0.006977939286387458,20.0,28
2015-03-12,2817,late_pre,XELKT,-0.040132088703695445,27.0,28
2015-03-12,2817,late_pre,XILTM,0.008612072404583171,19.0,28
2015-03-12,2817,late_pre,XINSA,0.07844175138290232,3.0,28
2015-03-12,2817,late_pre,XSPOR,0.15229844674773463,1.0,28
2015-03-12,2817,late_pre,XTCRT,-0.013164738702438394,25.0,28
2015-03-12,2817,late_pre,XTRZM,0.05235866990168747,8.0,28
2015-03-12,2817,late_pre,XULAS,0.005680676672299434,22.0,28
2015-03-12,2817,late_pre,XUMAL,-0.012216366423548064,24.0,28
2015-03-12,2817,late_pre,XBANK,-0.03745318516157459,26.0,28
2015-03-12,2817,late_pre,XSGRT,0.03322460449807474,11.0,28
2015-03-12,2817,late_pre,XFINK,0.026966405856972075,14.0,28
2015-03-12,2817,late_pre,XHOLD,0.01409822784019299,18.0,28
2015-03-12,2817,late_pre,XGMYO,0.06094910855404845,6.0,28
2015-03-12,2817,late_pre,XYORT,0.07617348811799951,4.0,28
2015-03-12,2817,late_pre,XUTEK,0.06718965107346275,5.0,28
2015-03-12,2817,late_pre,XBLSM,0.006963919781070027,21.0,28
2015-03-12,2817,late_pre,XTUMY,0.052573963932769696,7.0,28
2015-03-12,2817,late_pre,XHARZ,0.02133422853308986,15.0,28
2015-03-12,2817,early_post,XUSIN,0.011587506666896452,4.0,28
2015-03-12,2817,early_post,XGIDA,0.0012938557688972896,6.0,28
2015-03-12,2817,early_post,XKMYA,0.05827963993933283,2.0,28
2015-03-12,2817,early_post,XMADN,0.1311347243176999,1.0,28
2015-03-12,2817,early_post,XMANA,-0.018995863848306538,15.0,28
2015-03-12,2817,early_post,XMESY,0.003406657433673299,5.0,28
2015-03-12,2817,early_post,XKAGT,-0.05359715383665287,23.0,28
2015-03-12,2817,early_post,XTAST,-0.03569817228009731,19.0,28
2015-03-12,2817,early_post,XTEKS,-0.024998817574467536,18.0,28
2015-03-12,2817,early_post,XUHIZ,-0.005094750603439113,9.0,28
2015-03-12,2817,early_post,XELKT,-0.04139481251935018,20.0,28
2015-03-12,2817,early_post,XILTM,0.00012848789729380528,7.0,28
2015-03-12,2817,early_post,XINSA,-0.01509856984467639,14.0,28
2015-03-12,2817,early_post,XSPOR,-0.0987400034889967,27.0,28
2015-03-12,2817,early_post,XTCRT,-6.527961599700483e-05,8.0,28
2015-03-12,2817,early_post,XTRZM,-0.013842081826018537,13.0,28
2015-03-12,2817,early_post,XULAS,-0.005823654649493415,11.0,28
2015-03-12,2817,early_post,XUMAL,-0.00727213679126848,12.0,28
2015-03-12,2817,early_post,XBANK,-0.005665055558957244,10.0,28
2015-03-12,2817,early_post,XSGRT,-0.09713704479108642,26.0,28
2015-03-12,2817,early_post,XFINK,-0.05405326891639106,24.0,28
2015-03-12,2817,early_post,XHOLD,0.012050275567229374,3.0,28
2015-03-12,2817,early_post,XGMYO,-0.04589919791273811,21.0,28
2015-03-12,2817,early_post,XYORT,-0.16830642585197964,28.0,28
2015-03-12,2817,early_post,XUTEK,-0.02456160429689369,17.0,28
2015-03-12,2817,early_post,XBLSM,-0.04699939223949401,22.0,28
2015-03-12,2817,early_post,XTUMY,-0.024139313798103634,16.0,28
2015-03-12,2817,early_post,XHARZ,-0.06610580017060097,25.0,28
2015-03-12,2817,mid_post,XUSIN,0.028879178044916465,9.0,28
2015-03-12,2817,mid_post,XGIDA,0.00933981522510452,13.0,28
2015-03-12,2817,mid_post,XKMYA,0.04234283971497388,7.0,28
2015-03-12,2817,mid_post,XMADN,0.13040181835624032,1.0,28
2015-03-12,2817,mid_post,XMANA,0.07819006377659465,4.0,28
2015-03-12,2817,mid_post,XMESY,-0.007207165773363222,15.0,28
2015-03-12,2817,mid_post,XKAGT,-0.024524101341687476,23.0,28
2015-03-12,2817,mid_post,XTAST,-0.01941012467012526,18.0,28
2015-03-12,2817,mid_post,XTEKS,-0.03360435674612616,25.0,28
2015-03-12,2817,mid_post,XUHIZ,-0.02123364430363006,20.0,28
2015-03-12,2817,mid_post,XELKT,-0.02325733493531179,22.0,28
2015-03-12,2817,mid_post,XILTM,-0.09963519032248791,28.0,28
2015-03-12,2817,mid_post,XINSA,0.10008504251328976,3.0,28
2015-03-12,2817,mid_post,XSPOR,-0.030396533699309725,24.0,28
2015-03-12,2817,mid_post,XTCRT,0.018947266195364243,11.0,28
2015-03-12,2817,mid_post,XTRZM,-0.08720880282992138,27.0,28
2015-03-12,2817,mid_post,XULAS,0.02433498459400707,10.0,28
2015-03-12,2817,mid_post,XUMAL,-0.008850320575533255,16.0,28
2015-03-12,2817,mid_post,XBANK,-0.02007765307089504,19.0,28
2015-03-12,2817,mid_post,XSGRT,0.04894514631362479,6.0,28
2015-03-12,2817,mid_post,XFINK,-0.019336556492503654,17.0,28
2015-03-12,2817,mid_post,XHOLD,0.018502105850816575,12.0,28
2015-03-12,2817,mid_post,XGMYO,-0.021302518551330252,21.0,28
2015-03-12,2817,mid_post,XYORT,-0.03719955311886203,26.0,28
2015-03-12,2817,mid_post,XUTEK,0.11572801247230835,2.0,28
2015-03-12,2817,mid_post,XBLSM,0.06512138141381407,5.0,28
2015-03-12,2817,mid_post,XTUMY,0.0002509818635945127,14.0,28
2015-03-12,2817,mid_post,XHARZ,0.03652294986475857,8.0,28
2015-09-13,2944,chop,XUSIN,0.015613615472549025,17.0,28
2015-09-13,2944,chop,XGIDA,-0.04317067715441392,25.0,28
2015-09-13,2944,chop,XKMYA,0.13748683036788745,3.0,28
2015-09-13,2944,chop,XMADN,0.005084405739664288,18.0,28
2015-09-13,2944,chop,XMANA,-0.06343083666268567,27.0,28
2015-09-13,2944,chop,XMESY,0.05976639867690081,10.0,28
2015-09-13,2944,chop,XKAGT,-0.03167330780538857,24.0,28
2015-09-13,2944,chop,XTAST,-0.09206056157553733,28.0,28
2015-09-13,2944,chop,XTEKS,-0.0300529962558721,23.0,28
2015-09-13,2944,chop,XUHIZ,0.06208718824791426,9.0,28
2015-09-13,2944,chop,XELKT,0.023202280033611578,16.0,28
2015-09-13,2944,chop,XILTM,0.02769528606854721,15.0,28
2015-09-13,2944,chop,XINSA,0.049685528246269706,13.0,28
2015-09-13,2944,chop,XSPOR,0.1358699894426244,4.0,28
2015-09-13,2944,chop,XTCRT,0.10234295654272418,7.0,28
2015-09-13,2944,chop,XTRZM,0.18589989921778372,1.0,28
2015-09-13,2944,chop,XULAS,0.05765469871586271,12.0,28
2015-09-13,2944,chop,XUMAL,-0.025656920818505236,22.0,28
2015-09-13,2944,chop,XBANK,-0.043477887546019334,26.0,28
2015-09-13,2944,chop,XSGRT,0.07822409799611252,8.0,28
2015-09-13,2944,chop,XFINK,-0.008621116896511016,20.0,28
2015-09-13,2944,chop,XHOLD,0.003391977763261833,19.0,28
2015-09-13,2944,chop,XGMYO,-0.01563035543091762,21.0,28
2015-09-13,2944,chop,XYORT,0.049081681701121815,14.0,28
2015-09-13,2944,chop,XUTEK,0.12811477661692583,5.0,28
2015-09-13,2944,chop,XBLSM,0.11554874958847472,6.0,28
2015-09-13,2944,chop,XTUMY,0.0595450349112594,11.0,28
2015-09-13,2944,chop,XHARZ,0.1635336034076017,2.0,28
2015-09-13,2944,late_pre,XUSIN,0.020693343912749906,16.0,28
2015-09-13,2944,late_pre,XGIDA,0.02691545628421288,14.0,28
2015-09-13,2944,late_pre,XKMYA,0.02326105187147509,15.0,28
2015-09-13,2944,late_pre,XMADN,-0.10727385416191415,28.0,28
2015-09-13,2944,late_pre,XMANA,0.02851154165842351,13.0,28
2015-09-13,2944,late_pre,XMESY,0.03405216781236986,9.0,28
2015-09-13,2944,late_pre,XKAGT,0.04666912552172575,7.0,28
2015-09-13,2944,late_pre,XTAST,0.0032688980471260454,23.0,28
2015-09-13,2944,late_pre,XTEKS,0.033891018346765334,10.0,28
2015-09-13,2944,late_pre,XUHIZ,0.009699955411485273,20.0,28
2015-09-13,2944,late_pre,XELKT,0.03163922691294396,11.0,28
2015-09-13,2944,late_pre,XILTM,-0.03625416174303786,25.0,28
2015-09-13,2944,late_pre,XINSA,0.06329908590131172,3.0,28
2015-09-13,2944,late_pre,XSPOR,0.04777411632202211,6.0,28
2015-09-13,2944,late_pre,XTCRT,0.07940720325439399,2.0,28
2015-09-13,2944,late_pre,XTRZM,0.011255452921224984,19.0,28
2015-09-13,2944,late_pre,XULAS,-0.050697310600679946,27.0,28
2015-09-13,2944,late_pre,XUMAL,-0.010023622348182104,24.0,28
2015-09-13,2944,late_pre,XBANK,-0.04182288011918167,26.0,28
2015-09-13,2944,late_pre,XSGRT,0.0842664100270818,1.0,28
2015-09-13,2944,late_pre,XFINK,0.004376101537996613,22.0,28
2015-09-13,2944,late_pre,XHOLD,0.028728977850304926,12.0,28
2015-09-13,2944,late_pre,XGMYO,0.04814266178430093,4.0,28
2015-09-13,2944,late_pre,XYORT,0.0478136524658358,5.0,28
2015-09-13,2944,late_pre,XUTEK,0.008457854854976188,21.0,28
2015-09-13,2944,late_pre,XBLSM,0.019399078604926068,17.0,28
2015-09-13,2944,late_pre,XTUMY,0.03797807079657434,8.0,28
2015-09-13,2944,late_pre,XHARZ,0.017064975625279755,18.0,28
2015-09-13,2944,early_post,XUSIN,-0.0013138197770725668,11.0,28
2015-09-13,2944,early_post,XGIDA,0.01940951532213031,2.0,28
2015-09-13,2944,early_post,XKMYA,0.00037103388114334557,9.0,28
2015-09-13,2944,early_post,XMADN,0.027113018109937492,1.0,28
2015-09-13,2944,early_post,XMANA,-0.040388693946473486,28.0,28
2015-09-13,2944,early_post,XMESY,0.00824068217739038,6.0,28
2015-09-13,2944,early_post,XKAGT,-0.0056981670853171185,13.0,28
2015-09-13,2944,early_post,XTAST,-0.011887139919549927,16.0,28
2015-09-13,2944,early_post,XTEKS,0.0012510009010107126,8.0,28
2015-09-13,2944,early_post,XUHIZ,-0.029138395431685282,24.0,28
2015-09-13,2944,early_post,XELKT,-0.01744777582363022,19.0,28
2015-09-13,2944,early_post,XILTM,-0.03716137927249297,26.0,28
2015-09-13,2944,early_post,XINSA,-0.02294244317655303,22.0,28
2015-09-13,2944,early_post,XSPOR,-0.029040305770850816,23.0,28
2015-09-13,2944,early_post,XTCRT,-0.020541670215238783,20.0,28
2015-09-13,2944,early_post,XTRZM,-0.006705782231235746,14.0,28
2015-09-13,2944,early_post,XULAS,-0.03623160078995502,25.0,28
2015-09-13,2944,early_post,XUMAL,0.00969290493735775,4.0,28
2015-09-13,2944,early_post,XBANK,0.019227293905509812,3.0,28
2015-09-13,2944,early_post,XSGRT,-0.017414525845117268,18.0,28
2015-09-13,2944,early_post,XFINK,0.009093270335776005,5.0,28
2015-09-13,2944,early_post,XHOLD,0.002208826201164582,7.0,28
2015-09-13,2944,early_post,XGMYO,-0.01489690103501351,17.0,28
2015-09-13,2944,early_post,XYORT,-0.011058304949112419,15.0,28
2015-09-13,2944,early_post,XUTEK,-0.00030223812941354566,10.0,28
2015-09-13,2944,early_post,XBLSM,-0.00173619300678296,12.0,28
2015-09-13,2944,early_post,XTUMY,-0.02054293824797848,21.0,28
2015-09-13,2944,early_post,XHARZ,-0.03757971775619118,27.0,28
2015-09-13,2944,mid_post,XUSIN,-0.03654259869419452,18.0,28
2015-09-13,2944,mid_post,XGIDA,-0.04485434183074877,21.0,28
2015-09-13,2944,mid_post,XKMYA,-0.03737043233749726,19.0,28
2015-09-13,2944,mid_post,XMADN,-0.39926095145930607,28.0,28
2015-09-13,2944,mid_post,XMANA,-0.045543369142211354,22.0,28
2015-09-13,2944,mid_post,XMESY,0.01091095633732797,12.0,28
2015-09-13,2944,mid_post,XKAGT,0.022646169706418418,9.0,28
2015-09-13,2944,mid_post,XTAST,0.02708881374099148,8.0,28
2015-09-13,2944,mid_post,XTEKS,0.01855895276740971,10.0,28
2015-09-13,2944,mid_post,XUHIZ,-0.00012369444025761567,14.0,28
2015-09-13,2944,mid_post,XELKT,-0.01636567001961997,16.0,28
2015-09-13,2944,mid_post,XILTM,-0.009139214895928394,15.0,28
2015-09-13,2944,mid_post,XINSA,-0.08111070558862066,26.0,28
2015-09-13,2944,mid_post,XSPOR,-0.06994708751781853,24.0,28
2015-09-13,2944,mid_post,XTCRT,0.001539254479818064,13.0,28
2015-09-13,2944,mid_post,XTRZM,0.0546826962365774,2.0,28
2015-09-13,2944,mid_post,XULAS,0.05089422992571779,4.0,28
2015-09-13,2944,mid_post,XUMAL,0.017125256946804113,11.0,28
2015-09-13,2944,mid_post,XBANK,0.046586793177692654,5.0,28
2015-09-13,2944,mid_post,XSGRT,-0.08241091673208745,27.0,28
2015-09-13,2944,mid_post,XFINK,0.044139454517819976,6.0,28
2015-09-13,2944,mid_post,XHOLD,-0.044558473874284354,20.0,28
2015-09-13,2944,mid_post,XGMYO,0.05101265308524705,3.0,28
2015-09-13,2944,mid_post,XYORT,-0.05085755187794083,23.0,28
2015-09-13,2944,mid_post,XUTEK,0.03748427272711763,7.0,28
2015-09-13,2944,mid_post,XBLSM,0.12266457129155173,1.0,28
2015-09-13,2944,mid_post,XTUMY,-0.025343552331549946,17.0,28
2015-09-13,2944,mid_post,XHARZ,-0.07401983382704147,25.0,28
2016-01-20,3033,chop,XUSIN,0.005844226543915143,18.0,28
2016-01-20,3033,chop,XGIDA,-0.00785273090145222,19.0,28
2016-01-20,3033,chop,XKMYA,0.02854666875188272,15.0,28
2016-01-20,3033,chop,XMADN,-0.2691501283493475,28.0,28
2016-01-20,3033,chop,XMANA,-0.11403947574269468,27.0,28
2016-01-20,3033,chop,XMESY,0.0951244463739177,8.0,28
2016-01-20,3033,chop,XKAGT,0.23353356435293382,3.0,28
2016-01-20,3033,chop,XTAST,0.040383336420460214,13.0,28
2016-01-20,3033,chop,XTEKS,0.11164971492370868,5.0,28
2016-01-20,3033,chop,XUHIZ,-0.029025359279663987,23.0,28
2016-01-20,3033,chop,XELKT,0.13725599152356505,4.0,28
2016-01-20,3033,chop,XILTM,-0.06327621782292114,25.0,28
2016-01-20,3033,chop,XINSA,-0.07243095162545565,26.0,28
2016-01-20,3033,chop,XSPOR,0.009360701445556452,17.0,28
2016-01-20,3033,chop,XTCRT,-0.012109280787851118,21.0,28
2016-01-20,3033,chop,XTRZM,-0.04395209829537483,24.0,28
2016-01-20,3033,chop,XULAS,-0.011632528427599542,20.0,28
2016-01-20,3033,chop,XUMAL,0.018963967371785517,16.0,28
2016-01-20,3033,chop,XBANK,0.031159647568189786,14.0,28
2016-01-20,3033,chop,XSGRT,0.07981257297876942,9.0,28
2016-01-20,3033,chop,XFINK,0.052179715473175126,12.0,28
2016-01-20,3033,chop,XHOLD,-0.02346066964262017,22.0,28
2016-01-20,3033,chop,XGMYO,0.06412851053254098,11.0,28
2016-01-20,3033,chop,XYORT,0.07759087602298476,10.0,28
2016-01-20,3033,chop,XUTEK,0.27663510180501805,2.0,28
2016-01-20,3033,chop,XBLSM,0.2970312765010502,1.0,28
2016-01-20,3033,chop,XTUMY,0.1042711236984567,6.0,28
2016-01-20,3033,chop,XHARZ,0.10189042969002926,7.0,28
2016-01-20,3033,late_pre,XUSIN,0.003946658463496511,16.0,28
2016-01-20,3033,late_pre,XGIDA,-0.0717221677311719,28.0,28
2016-01-20,3033,late_pre,XKMYA,0.050714207511507126,9.0,28
2016-01-20,3033,late_pre,XMADN,0.0650022435263029,6.0,28
2016-01-20,3033,late_pre,XMANA,-0.004170170153328323,19.0,28
2016-01-20,3033,late_pre,XMESY,0.016165370204900942,12.0,28
2016-01-20,3033,late_pre,XKAGT,-0.022410112882241484,24.0,28
2016-01-20,3033,late_pre,XTAST,-0.0069952737707801305,20.0,28
2016-01-20,3033,late_pre,XTEKS,0.02191310709193406,11.0,28
2016-01-20,3033,late_pre,XUHIZ,-0.011379072829109993,22.0,28
2016-01-20,3033,late_pre,XELKT,-0.039796863063719434,26.0,28
2016-01-20,3033,late_pre,XILTM,-0.010956827633093691,21.0,28
2016-01-20,3033,late_pre,XINSA,-0.0034952653759252605,18.0,28
2016-01-20,3033,late_pre,XSPOR,0.12527266010845373,1.0,28
2016-01-20,3033,late_pre,XTCRT,-0.03307878399683051,25.0,28
2016-01-20,3033,late_pre,XTRZM,-0.019803526125231508,23.0,28
2016-01-20,3033,late_pre,XULAS,0.01611558414308456,13.0,28
2016-01-20,3033,late_pre,XUMAL,0.009027076846227056,15.0,28
2016-01-20,3033,late_pre,XBANK,0.0037364760106340933,17.0,28
2016-01-20,3033,late_pre,XSGRT,0.05334476732565008,8.0,28
2016-01-20,3033,late_pre,XFINK,0.0682069702445659,5.0,28
2016-01-20,3033,late_pre,XHOLD,0.01120676026151679,14.0,28
2016-01-20,3033,late_pre,XGMYO,0.023250225493196663,10.0,28
2016-01-20,3033,late_pre,XYORT,0.07049069545474163,4.0,28
2016-01-20,3033,late_pre,XUTEK,0.08545214337521578,2.0,28
2016-01-20,3033,late_pre,XBLSM,0.07964840412588381,3.0,28
2016-01-20,3033,late_pre,XTUMY,0.05347286126826545,7.0,28
2016-01-20,3033,late_pre,XHARZ,-0.06585227884546874,27.0,28
2016-01-20,3033,early_post,XUSIN,-0.01756319885787505,16.0,28
2016-01-20,3033,early_post,XGIDA,-0.026394991593712502,20.0,28
2016-01-20,3033,early_post,XKMYA,-0.05796611804345719,26.0,28
2016-01-20,3033,early_post,XMADN,0.03256071248798631,3.0,28
2016-01-20,3033,early_post,XMANA,0.009349903154498573,6.0,28
2016-01-20,3033,early_post,XMESY,0.01861161855275517,4.0,28
2016-01-20,3033,early_post,XKAGT,-0.06513956408361099,27.0,28
2016-01-20,3033,early_post,XTAST,-0.0017943600541145965,10.0,28
2016-01-20,3033,early_post,XTEKS,-0.007779188632937917,13.0,28
2016-01-20,3033,early_post,XUHIZ,0.01265573357556904,5.0,28
2016-01-20,3033,early_post,XELKT,-0.021944364401358163,18.0,28
2016-01-20,3033,early_post,XILTM,0.0761595467802807,2.0,28
2016-01-20,3033,early_post,XINSA,-0.015428892306189157,15.0,28
2016-01-20,3033,early_post,XSPOR,0.14011447053499881,1.0,28
2016-01-20,3033,early_post,XTCRT,-0.001934996545312595,11.0,28
2016-01-20,3033,early_post,XTRZM,-0.038347727083998695,23.0,28
2016-01-20,3033,early_post,XULAS,-0.05504763458358619,25.0,28
2016-01-20,3033,early_post,XUMAL,-0.0005568625362519786,9.0,28
2016-01-20,3033,early_post,XBANK,0.007635652460545872,8.0,28
2016-01-20,3033,early_post,XSGRT,-0.021613951446788793,17.0,28
2016-01-20,3033,early_post,XFINK,0.007880849221761244,7.0,28
2016-01-20,3033,early_post,XHOLD,-0.0072634696897835305,12.0,28
2016-01-20,3033,early_post,XGMYO,-0.02275763129140329,19.0,28
2016-01-20,3033,early_post,XYORT,-0.07458049272741873,28.0,28
2016-01-20,3033,early_post,XUTEK,-0.034487727266296675,21.0,28
2016-01-20,3033,early_post,XBLSM,-0.008221258343478866,14.0,28
2016-01-20,3033,early_post,XTUMY,-0.038253861953170265,22.0,28
2016-01-20,3033,early_post,XHARZ,-0.042966171084152016,24.0,28
2016-01-20,3033,mid_post,XUSIN,0.00023191426926505443,10.0,28
2016-01-20,3033,mid_post,XGIDA,0.02767680858605681,5.0,28
2016-01-20,3033,mid_post,XKMYA,-0.014883336058934882,12.0,28
2016-01-20,3033,mid_post,XMADN,0.11932695677608796,2.0,28
2016-01-20,3033,mid_post,XMANA,0.053745374433964654,3.0,28
2016-01-20,3033,mid_post,XMESY,-0.02444597579529595,15.0,28
2016-01-20,3033,mid_post,XKAGT,-0.10509402550783653,28.0,28
2016-01-20,3033,mid_post,XTAST,-0.029360963198400203,18.0,28
2016-01-20,3033,mid_post,XTEKS,-0.09873739633565681,25.0,28
2016-01-20,3033,mid_post,XUHIZ,0.015322163232122765,8.0,28
2016-01-20,3033,mid_post,XELKT,-0.057819085880255416,21.0,28
2016-01-20,3033,mid_post,XILTM,0.021638883581958313,7.0,28
2016-01-20,3033,mid_post,XINSA,-0.006921128548693645,11.0,28
2016-01-20,3033,mid_post,XSPOR,0.1438878433408366,1.0,28
2016-01-20,3033,mid_post,XTCRT,0.03468926882082224,4.0,28
2016-01-20,3033,mid_post,XTRZM,0.02326207671815328,6.0,28
2016-01-20,3033,mid_post,XULAS,-0.028030946399260293,17.0,28
2016-01-20,3033,mid_post,XUMAL,-0.016472921118251493,13.0,28
2016-01-20,3033,mid_post,XBANK,-0.023992363303392716,14.0,28
2016-01-20,3033,mid_post,XSGRT,-0.06715718750701583,22.0,28
2016-01-20,3033,mid_post,XFINK,-0.025828047799670184,16.0,28
2016-01-20,3033,mid_post,XHOLD,0.00855623753743684,9.0,28
2016-01-20,3033,mid_post,XGMYO,-0.03321107387158895,19.0,28
2016-01-20,3033,mid_post,XYORT,-0.04519695713624827,20.0,28
2016-01-20,3033,mid_post,XUTEK,-0.10470668675255912,26.0,28
2016-01-20,3033,mid_post,XBLSM,-0.08523160498454363,24.0,28
2016-01-20,3033,mid_post,XTUMY,-0.07724575457871508,23.0,28
2016-01-20,3033,mid_post,XHARZ,-0.10477845450497614,27.0,28
2016-11-30,3249,chop,XUSIN,-0.010237572863062816,21.0,28
2016-11-30,3249,chop,XGIDA,-0.03921184626698426,26.0,28
2016-11-30,3249,chop,XKMYA,0.02542845810092631,15.0,28
2016-11-30,3249,chop,XMADN,0.4421795640416357,1.0,28
2016-11-30,3249,chop,XMANA,-0.07035912588546667,28.0,28
2016-11-30,3249,chop,XMESY,-0.03563554912607014,25.0,28
2016-11-30,3249,chop,XKAGT,0.03574394436093087,11.0,28
2016-11-30,3249,chop,XTAST,0.030197309295056263,12.0,28
2016-11-30,3249,chop,XTEKS,-0.016597764464725717,23.0,28
2016-11-30,3249,chop,XUHIZ,-0.010494596499711073,22.0,28
2016-11-30,3249,chop,XELKT,0.025851611730342228,14.0,28
2016-11-30,3249,chop,XILTM,-0.034222323446267744,24.0,28
2016-11-30,3249,chop,XINSA,0.04797129969976832,7.0,28
2016-11-30,3249,chop,XSPOR,0.13962658288572372,2.0,28
2016-11-30,3249,chop,XTCRT,-0.04255460006882783,27.0,28
2016-11-30,3249,chop,XTRZM,0.06314117048615131,5.0,28
2016-11-30,3249,chop,XULAS,0.04518435607292992,10.0,28
2016-11-30,3249,chop,XUMAL,0.011904489633481896,18.0,28
2016-11-30,3249,chop,XBANK,0.006403449576333875,20.0,28
2016-11-30,3249,chop,XSGRT,0.01986699124221003,16.0,28
2016-11-30,3249,chop,XFINK,0.0452575387360763,9.0,28
2016-11-30,3249,chop,XHOLD,0.009479219338575762,19.0,28
2016-11-30,3249,chop,XGMYO,0.046028162473556566,8.0,28
2016-11-30,3249,chop,XYORT,0.1060810962327059,3.0,28
2016-11-30,3249,chop,XUTEK,0.027464336085405217,13.0,28
2016-11-30,3249,chop,XBLSM,0.08800458370470943,4.0,28
2016-11-30,3249,chop,XTUMY,0.017846598511140677,17.0,28
2016-11-30,3249,chop,XHARZ,0.05121675351123245,6.0,28
2016-11-30,3249,late_pre,XUSIN,0.031936408574300024,8.0,28
2016-11-30,3249,late_pre,XGIDA,-0.0087543722799035,17.0,28
2016-11-30,3249,late_pre,XKMYA,0.052613814947258586,5.0,28
2016-11-30,3249,late_pre,XMADN,-0.042758190394482365,25.0,28
2016-11-30,3249,late_pre,XMANA,0.11187757896158923,1.0,28
2016-11-30,3249,late_pre,XMESY,-0.0028329880266774188,15.0,28
2016-11-30,3249,late_pre,XKAGT,-0.04376538594539603,27.0,28
2016-11-30,3249,late_pre,XTAST,0.018236570829925802,10.0,28
2016-11-30,3249,late_pre,XTEKS,0.00470800081597933,14.0,28
2016-11-30,3249,late_pre,XUHIZ,-0.013530621782659513,18.0,28
2016-11-30,3249,late_pre,XELKT,-0.022918097010415805,22.0,28
2016-11-30,3249,late_pre,XILTM,-0.033732368416599434,23.0,28
2016-11-30,3249,late_pre,XINSA,0.06530941613683472,3.0,28
2016-11-30,3249,late_pre,XSPOR,-0.043724729462156886,26.0,28
2016-11-30,3249,late_pre,XTCRT,0.009651872358268032,13.0,28
2016-11-30,3249,late_pre,XTRZM,0.025274776183836556,9.0,28
2016-11-30,3249,late_pre,XULAS,-0.06892880837312643,28.0,28
2016-11-30,3249,late_pre,XUMAL,-0.015290145501054897,19.0,28
2016-11-30,3249,late_pre,XBANK,-0.021513907323793324,21.0,28
2016-11-30,3249,late_pre,XSGRT,0.05718489733389853,4.0,28
2016-11-30,3249,late_pre,XFINK,0.04239998421847402,6.0,28
2016-11-30,3249,late_pre,XHOLD,-0.0058315830194486384,16.0,28
2016-11-30,3249,late_pre,XGMYO,-0.02020556404430307,20.0,28
2016-11-30,3249,late_pre,XYORT,0.0350024681668748,7.0,28
2016-11-30,3249,late_pre,XUTEK,0.10087175338986698,2.0,28
2016-11-30,3249,late_pre,XBLSM,0.016776591003462293,11.0,28
2016-11-30,3249,late_pre,XTUMY,0.013243209529584576,12.0,28
2016-11-30,3249,late_pre,XHARZ,-0.03829493529770911,24.0,28
2016-11-30,3249,early_post,XUSIN,-0.0046702063707178,13.0,28
2016-11-30,3249,early_post,XGIDA,-0.05932116979375701,27.0,28
2016-11-30,3249,early_post,XKMYA,-0.0071751509593431795,16.0,28
2016-11-30,3249,early_post,XMADN,0.018776693221890906,2.0,28
2016-11-30,3249,early_post,XMANA,0.03389410579742558,1.0,28
2016-11-30,3249,early_post,XMESY,0.006420528637686607,6.0,28
2016-11-30,3249,early_post,XKAGT,-0.006067474212178237,15.0,28
2016-11-30,3249,early_post,XTAST,-0.005880039950619809,14.0,28
2016-11-30,3249,early_post,XTEKS,-0.008253451789193234,17.0,28
2016-11-30,3249,early_post,XUHIZ,-0.01178333729777159,19.0,28
2016-11-30,3249,early_post,XELKT,0.00473509366979008,7.0,28
2016-11-30,3249,early_post,XILTM,-0.0369980470373823,25.0,28
2016-11-30,3249,early_post,XINSA,0.009377960409035824,3.0,28
2016-11-30,3249,early_post,XSPOR,0.0010495902231897336,9.0,28
2016-11-30,3249,early_post,XTCRT,-0.0012969302611987032,10.0,28
2016-11-30,3249,early_post,XTRZM,-0.004598856145274999,12.0,28
2016-11-30,3249,early_post,XULAS,-0.0042524775970587125,11.0,28
2016-11-30,3249,early_post,XUMAL,0.0038621977248749495,8.0,28
2016-11-30,3249,early_post,XBANK,0.00867845398601097,5.0,28
2016-11-30,3249,early_post,XSGRT,-0.07654956834724824,28.0,28
2016-11-30,3249,early_post,XFINK,-0.03903771381274179,26.0,28
2016-11-30,3249,early_post,XHOLD,0.00926543693760129,4.0,28
2016-11-30,3249,early_post,XGMYO,-0.021027963982918285,20.0,28
2016-11-30,3249,early_post,XYORT,-0.01062756268720877,18.0,28
2016-11-30,3249,early_post,XUTEK,-0.023384268394681218,21.0,28
2016-11-30,3249,early_post,XBLSM,-0.032791657449193545,24.0,28
2016-11-30,3249,early_post,XTUMY,-0.02406447705265169,22.0,28
2016-11-30,3249,early_post,XHARZ,-0.030174770439008736,23.0,28
2016-11-30,3249,mid_post,XUSIN,0.02704998826295446,11.0,28
2016-11-30,3249,mid_post,XGIDA,0.05161779579103909,4.0,28
2016-11-30,3249,mid_post,XKMYA,0.038023200662758105,7.0,28
2016-11-30,3249,mid_post,XMADN,-0.10342802655421501,28.0,28
2016-11-30,3249,mid_post,XMANA,0.016575811595402223,15.0,28
2016-11-30,3249,mid_post,XMESY,0.020267861207574844,14.0,28
2016-11-30,3249,mid_post,XKAGT,0.035253858200756216,8.0,28
2016-11-30,3249,mid_post,XTAST,0.021827770439392324,13.0,28
2016-11-30,3249,mid_post,XTEKS,0.04970214282954366,5.0,28
2016-11-30,3249,mid_post,XUHIZ,0.030518002217983176,10.0,28
2016-11-30,3249,mid_post,XELKT,-0.01357527250360846,19.0,28
2016-11-30,3249,mid_post,XILTM,0.095065704780394,1.0,28
2016-11-30,3249,mid_post,XINSA,0.030997190069383063,9.0,28
2016-11-30,3249,mid_post,XSPOR,-0.014732270527878066,20.0,28
2016-11-30,3249,mid_post,XTCRT,-0.0229722670226975,22.0,28
2016-11-30,3249,mid_post,XTRZM,0.06559445468339642,2.0,28
2016-11-30,3249,mid_post,XULAS,0.04504270811392508,6.0,28
2016-11-30,3249,mid_post,XUMAL,-0.02558809090779124,23.0,28
2016-11-30,3249,mid_post,XBANK,-0.03993274619092868,25.0,28
2016-11-30,3249,mid_post,XSGRT,0.06303222519340146,3.0,28
2016-11-30,3249,mid_post,XFINK,-0.01964537294884905,21.0,28
2016-11-30,3249,mid_post,XHOLD,0.010774611130468514,17.0,28
2016-11-30,3249,mid_post,XGMYO,-0.05922317696970203,27.0,28
2016-11-30,3249,mid_post,XYORT,-0.030736144165974588,24.0,28
2016-11-30,3249,mid_post,XUTEK,0.025235040536326414,12.0,28
2016-11-30,3249,mid_post,XBLSM,-0.046686929825633605,26.0,28
2016-11-30,3249,mid_post,XTUMY,0.014399435081245304,16.0,28
2016-11-30,3249,mid_post,XHARZ,0.006598857967859306,18.0,28
2017-11-27,3500,chop,XUSIN,0.04098168970059701,10.0,28
2017-11-27,3500,chop,XGIDA,-0.020113409562541817,18.0,28
2017-11-27,3500,chop,XKMYA,0.09892378116483136,5.0,28
2017-11-27,3500,chop,XMADN,-0.03042935593759266,21.0,28
2017-11-27,3500,chop,XMANA,0.06765953774424838,8.0,28
2017-11-27,3500,chop,XMESY,-0.02675800494117142,20.0,28
2017-11-27,3500,chop,XKAGT,0.03063464213562961,12.0,28
2017-11-27,3500,chop,XTAST,0.030212962813871647,13.0,28
2017-11-27,3500,chop,XTEKS,0.16017611089148898,2.0,28
2017-11-27,3500,chop,XUHIZ,0.029645712089520826,14.0,28
2017-11-27,3500,chop,XELKT,-0.05961175806420449,26.0,28
2017-11-27,3500,chop,XILTM,0.03749262823153465,11.0,28
2017-11-27,3500,chop,XINSA,0.052670930829487705,9.0,28
2017-11-27,3500,chop,XSPOR,-0.04211628794759059,24.0,28
2017-11-27,3500,chop,XTCRT,0.011168321773054934,16.0,28
2017-11-27,3500,chop,XTRZM,-0.07336792309435536,28.0,28
2017-11-27,3500,chop,XULAS,0.06931362882163739,7.0,28
2017-11-27,3500,chop,XUMAL,-0.047868621339253625,25.0,28
2017-11-27,3500,chop,XBANK,-0.061656592347197337,27.0,28
2017-11-27,3500,chop,XSGRT,-0.03678263188195541,22.0,28
2017-11-27,3500,chop,XFINK,0.108661849444186,4.0,28
2017-11-27,3500,chop,XHOLD,-0.0244889460235187,19.0,28
2017-11-27,3500,chop,XGMYO,-0.03982787838253954,23.0,28
2017-11-27,3500,chop,XYORT,0.02018126503975637,15.0,28
2017-11-27,3500,chop,XUTEK,0.1942295939097025,1.0,28
2017-11-27,3500,chop,XBLSM,0.07537490282157377,6.0,28
2017-11-27,3500,chop,XTUMY,0.009840688235644768,17.0,28
2017-11-27,3500,chop,XHARZ,0.14981682837122534,3.0,28
2017-11-27,3500,late_pre,XUSIN,0.006674528230402377,13.0,28
2017-11-27,3500,late_pre,XGIDA,0.03767373443882316,7.0,28
2017-11-27,3500,late_pre,XKMYA,-0.013836096264074227,17.0,28
2017-11-27,3500,late_pre,XMADN,-0.11004291341742667,27.0,28
2017-11-27,3500,late_pre,XMANA,0.02188906478925945,10.0,28
2017-11-27,3500,late_pre,XMESY,0.030135900947937944,8.0,28
2017-11-27,3500,late_pre,XKAGT,-0.07035290969124297,23.0,28
2017-11-27,3500,late_pre,XTAST,0.015260805365591934,12.0,28
2017-11-27,3500,late_pre,XTEKS,0.024469660098326185,9.0,28
2017-11-27,3500,late_pre,XUHIZ,0.04304334516007302,6.0,28
2017-11-27,3500,late_pre,XELKT,-0.026355994209092404,19.0,28
2017-11-27,3500,late_pre,XILTM,0.04473363971418143,5.0,28
2017-11-27,3500,late_pre,XINSA,0.058244197741446624,2.0,28
2017-11-27,3500,late_pre,XSPOR,-0.0738714302037553,24.0,28
2017-11-27,3500,late_pre,XTCRT,0.006026060679763523,14.0,28
2017-11-27,3500,late_pre,XTRZM,-0.0763238125373239,25.0,28
2017-11-27,3500,late_pre,XULAS,0.127711574756611,1.0,28
2017-11-27,3500,late_pre,XUMAL,-0.01948589053257077,18.0,28
2017-11-27,3500,late_pre,XBANK,-0.06384795347843364,22.0,28
2017-11-27,3500,late_pre,XSGRT,0.05328738167261582,4.0,28
2017-11-27,3500,late_pre,XFINK,-0.09229203097038496,26.0,28
2017-11-27,3500,late_pre,XHOLD,0.05785774155510881,3.0,28
2017-11-27,3500,late_pre,XGMYO,0.00402969975549794,15.0,28
2017-11-27,3500,late_pre,XYORT,-0.02824351832032035,20.0,28
2017-11-27,3500,late_pre,XUTEK,-0.029992316678329245,21.0,28
2017-11-27,3500,late_pre,XBLSM,-0.005278117249449266,16.0,28
2017-11-27,3500,late_pre,XTUMY,0.016080916520391675,11.0,28
2017-11-27,3500,late_pre,XHARZ,-0.1472030101114119,28.0,28
2017-11-27,3500,early_post,XUSIN,-0.029526720182626587,19.0,28
2017-11-27,3500,early_post,XGIDA,-0.06132083042674252,27.0,28
2017-11-27,3500,early_post,XKMYA,-0.06587070472079692,28.0,28
2017-11-27,3500,early_post,XMADN,0.09381744903936884,2.0,28
2017-11-27,3500,early_post,XMANA,-0.0014169523318630084,13.0,28
2017-11-27,3500,early_post,XMESY,0.003521057463176769,10.0,28
2017-11-27,3500,early_post,XKAGT,0.0009829552548357157,12.0,28
2017-11-27,3500,early_post,XTAST,-0.04669058883158117,25.0,28
2017-11-27,3500,early_post,XTEKS,-0.03763466788450809,22.0,28
2017-11-27,3500,early_post,XUHIZ,0.020960016554146588,7.0,28
2017-11-27,3500,early_post,XELKT,0.05581636188919137,4.0,28
2017-11-27,3500,early_post,XILTM,0.023286255762819508,6.0,28
2017-11-27,3500,early_post,XINSA,-0.05896281003634907,26.0,28
2017-11-27,3500,early_post,XSPOR,-0.026275671076775087,18.0,28
2017-11-27,3500,early_post,XTCRT,-0.03988399027410039,23.0,28
2017-11-27,3500,early_post,XTRZM,0.00898397451464028,9.0,28
2017-11-27,3500,early_post,XULAS,0.16155433042952327,1.0,28
2017-11-27,3500,early_post,XUMAL,0.010682932625412311,8.0,28
2017-11-27,3500,early_post,XBANK,0.027568469483210345,5.0,28
2017-11-27,3500,early_post,XSGRT,-0.03407925351953223,21.0,28
2017-11-27,3500,early_post,XFINK,-0.024739513773960553,17.0,28
2017-11-27,3500,early_post,XHOLD,-0.011068354703772876,16.0,28
2017-11-27,3500,early_post,XGMYO,-0.00744471145484682,15.0,28
2017-11-27,3500,early_post,XYORT,-0.032732068772002076,20.0,28
2017-11-27,3500,early_post,XUTEK,0.0010496004249045399,11.0,28
2017-11-27,3500,early_post,XBLSM,-0.04210210392561087,24.0,28
2017-11-27,3500,early_post,XTUMY,-0.006362713047683988,14.0,28
2017-11-27,3500,early_post,XHARZ,0.07500589077125852,3.0,28
2017-11-27,3500,mid_post,XUSIN,-0.00122214568605572,15.0,28
2017-11-27,3500,mid_post,XGIDA,0.08444427289963485,2.0,28
2017-11-27,3500,mid_post,XKMYA,-0.04487823478547037,21.0,28
2017-11-27,3500,mid_post,XMADN,0.04113540785206693,6.0,28
2017-11-27,3500,mid_post,XMANA,0.0470569480547014,4.0,28
2017-11-27,3500,mid_post,XMESY,-0.05966141670879077,24.0,28
2017-11-27,3500,mid_post,XKAGT,-0.05584818286455229,22.0,28
2017-11-27,3500,mid_post,XTAST,0.02013763504542343,11.0,28
2017-11-27,3500,mid_post,XTEKS,0.009313956825010461,13.0,28
2017-11-27,3500,mid_post,XUHIZ,-0.013377815196212062,17.0,28
2017-11-27,3500,mid_post,XELKT,0.18967968571252491,1.0,28
2017-11-27,3500,mid_post,XILTM,-0.01225011190851566,16.0,28
2017-11-27,3500,mid_post,XINSA,-0.07662893424417705,26.0,28
2017-11-27,3500,mid_post,XSPOR,-0.08886164217896075,27.0,28
2017-11-27,3500,mid_post,XTCRT,-0.05643898637813005,23.0,28
2017-11-27,3500,mid_post,XTRZM,0.07030045277542074,3.0,28
2017-11-27,3500,mid_post,XULAS,0.038291770398988234,7.0,28
2017-11-27,3500,mid_post,XUMAL,0.013804292369836935,12.0,28
2017-11-27,3500,mid_post,XBANK,0.0435198462523978,5.0,28
2017-11-27,3500,mid_post,XSGRT,0.021034044049802025,10.0,28
2017-11-27,3500,mid_post,XFINK,-0.02527824587532801,19.0,28
2017-11-27,3500,mid_post,XHOLD,-0.015968125606213635,18.0,28
2017-11-27,3500,mid_post,XGMYO,-0.07205506078782387,25.0,28
2017-11-27,3500,mid_post,XYORT,0.002364416947129966,14.0,28
2017-11-27,3500,mid_post,XUTEK,-0.027246364844448978,20.0,28
2017-11-27,3500,mid_post,XBLSM,0.02863809024908881,8.0,28
2017-11-27,3500,mid_post,XTUMY,0.02293280320811486,9.0,28
2017-11-27,3500,mid_post,XHARZ,-0.10983703594754779,28.0,28
2018-08-15,3683,chop,XUSIN,0.044736746066109334,13.0,28
2018-08-15,3683,chop,XGIDA,-0.024673402215838136,20.0,28
2018-08-15,3683,chop,XKMYA,0.09130378721639276,4.0,28
2018-08-15,3683,chop,XMADN,-0.02221205273221294,19.0,28
2018-08-15,3683,chop,XMANA,0.05003501389833298,12.0,28
2018-08-15,3683,chop,XMESY,0.022440794421975996,15.0,28
2018-08-15,3683,chop,XKAGT,0.1326727989036337,3.0,28
2018-08-15,3683,chop,XTAST,0.07586563508181388,6.0,28
2018-08-15,3683,chop,XTEKS,-0.02867276345138514,22.0,28
2018-08-15,3683,chop,XUHIZ,0.03394367290329037,14.0,28
2018-08-15,3683,chop,XELKT,0.06321267596224422,9.0,28
2018-08-15,3683,chop,XILTM,-0.03035096425153916,23.0,28
2018-08-15,3683,chop,XINSA,0.05246644000161138,10.0,28
2018-08-15,3683,chop,XSPOR,-0.00830128502001326,18.0,28
2018-08-15,3683,chop,XTCRT,0.06751570299556431,7.0,28
2018-08-15,3683,chop,XTRZM,0.19171507063335247,2.0,28
2018-08-15,3683,chop,XULAS,0.06531444713382661,8.0,28
2018-08-15,3683,chop,XUMAL,-0.07172050818649311,25.0,28
2018-08-15,3683,chop,XBANK,-0.1496001092367174,27.0,28
2018-08-15,3683,chop,XSGRT,0.021866547654645685,16.0,28
2018-08-15,3683,chop,XFINK,-0.30185462883852354,28.0,28
2018-08-15,3683,chop,XHOLD,0.08163330582148665,5.0,28
2018-08-15,3683,chop,XGMYO,-0.10964246156757518,26.0,28
2018-08-15,3683,chop,XYORT,0.05128132353955861,11.0,28
2018-08-15,3683,chop,XUTEK,0.23145580261753318,1.0,28
2018-08-15,3683,chop,XBLSM,-0.025775414597470125,21.0,28
2018-08-15,3683,chop,XTUMY,0.01706666095688858,17.0,28
2018-08-15,3683,chop,XHARZ,-0.0639408167321216,24.0,28
2018-08-15,3683,late_pre,XUSIN,0.05204124375265795,3.0,28
2018-08-15,3683,late_pre,XGIDA,0.012704740116268542,10.0,28
2018-08-15,3683,late_pre,XKMYA,0.19450637931839265,1.0,28
2018-08-15,3683,late_pre,XMADN,0.04357697022159934,6.0,28
2018-08-15,3683,late_pre,XMANA,-0.013131104876052735,15.0,28
2018-08-15,3683,late_pre,XMESY,-0.014381826134819975,16.0,28
2018-08-15,3683,late_pre,XKAGT,0.008864202319420311,11.0,28
2018-08-15,3683,late_pre,XTAST,0.02486851004965762,8.0,28
2018-08-15,3683,late_pre,XTEKS,0.007272175719588492,12.0,28
2018-08-15,3683,late_pre,XUHIZ,-0.03470856386082488,19.0,28
2018-08-15,3683,late_pre,XELKT,-0.06926090975126631,23.0,28
2018-08-15,3683,late_pre,XILTM,-0.06269288011714336,22.0,28
2018-08-15,3683,late_pre,XINSA,0.06303170165036953,2.0,28
2018-08-15,3683,late_pre,XSPOR,-0.1016324368404643,28.0,28
2018-08-15,3683,late_pre,XTCRT,-0.05159030336093151,21.0,28
2018-08-15,3683,late_pre,XTRZM,-0.04144836310700839,20.0,28
2018-08-15,3683,late_pre,XULAS,0.019267916564375764,9.0,28
2018-08-15,3683,late_pre,XUMAL,-0.02356573382983629,17.0,28
2018-08-15,3683,late_pre,XBANK,-0.08913830622710439,26.0,28
2018-08-15,3683,late_pre,XSGRT,0.03042953774818502,7.0,28
2018-08-15,3683,late_pre,XFINK,-0.10081061042642858,27.0,28
2018-08-15,3683,late_pre,XHOLD,0.051311085336058104,4.0,28
2018-08-15,3683,late_pre,XGMYO,0.04441432929486244,5.0,28
2018-08-15,3683,late_pre,XYORT,-0.0003513402103715313,13.0,28
2018-08-15,3683,late_pre,XUTEK,-0.03270709299569019,18.0,28
2018-08-15,3683,late_pre,XBLSM,-0.08385851721187731,25.0,28
2018-08-15,3683,late_pre,XTUMY,-0.004466171907957839,14.0,28
2018-08-15,3683,late_pre,XHARZ,-0.08343649130966635,24.0,28
2018-08-15,3683,early_post,XUSIN,0.019344032017215573,8.0,28
2018-08-15,3683,early_post,XGIDA,-0.020116492163357647,20.0,28
2018-08-15,3683,early_post,XKMYA,0.01801798075977401,9.0,28
2018-08-15,3683,early_post,XMADN,0.0011505149442221363,12.0,28
2018-08-15,3683,early_post,XMANA,0.02056860220649992,7.0,28
2018-08-15,3683,early_post,XMESY,0.05383470753096087,2.0,28
2018-08-15,3683,early_post,XKAGT,-0.008669437405582014,17.0,28
2018-08-15,3683,early_post,XTAST,0.03366617947876982,5.0,28
2018-08-15,3683,early_post,XTEKS,-0.0040640070626825064,14.0,28
2018-08-15,3683,early_post,XUHIZ,-0.006398291555625102,16.0,28
2018-08-15,3683,early_post,XELKT,-0.03947472695304044,24.0,28
2018-08-15,3683,early_post,XILTM,-0.07146310020359381,28.0,28
2018-08-15,3683,early_post,XINSA,0.07149578731582884,1.0,28
2018-08-15,3683,early_post,XSPOR,-0.02181420919193422,21.0,28
2018-08-15,3683,early_post,XTCRT,0.007711887095037895,11.0,28
2018-08-15,3683,early_post,XTRZM,0.011497044151835611,10.0,28
2018-08-15,3683,early_post,XULAS,0.04226945992327602,4.0,28
2018-08-15,3683,early_post,XUMAL,-0.012230010257965773,19.0,28
2018-08-15,3683,early_post,XBANK,-0.037971232445439984,23.0,28
2018-08-15,3683,early_post,XSGRT,-0.05826408263448957,26.0,28
2018-08-15,3683,early_post,XFINK,-0.060436971291913055,27.0,28
2018-08-15,3683,early_post,XHOLD,0.021927740716004562,6.0,28
2018-08-15,3683,early_post,XGMYO,-0.009588965595846988,18.0,28
2018-08-15,3683,early_post,XYORT,-0.0007819016165528936,13.0,28
2018-08-15,3683,early_post,XUTEK,-0.04161827608447677,25.0,28
2018-08-15,3683,early_post,XBLSM,0.04584107327466458,3.0,28
2018-08-15,3683,early_post,XTUMY,-0.006307180706391691,15.0,28
2018-08-15,3683,early_post,XHARZ,-0.03249090261804777,22.0,28
2018-08-15,3683,mid_post,XUSIN,-0.06696945403163668,19.0,28
2018-08-15,3683,mid_post,XGIDA,-0.09152816885151205,23.0,28
2018-08-15,3683,mid_post,XKMYA,0.003689636033045618,7.0,28
2018-08-15,3683,mid_post,XMADN,-0.012745307051025723,10.0,28
2018-08-15,3683,mid_post,XMANA,-0.12903940491644084,26.0,28
2018-08-15,3683,mid_post,XMESY,-0.051139549783379534,13.0,28
2018-08-15,3683,mid_post,XKAGT,-0.07278347760295467,21.0,28
2018-08-15,3683,mid_post,XTAST,-0.17839210698644514,28.0,28
2018-08-15,3683,mid_post,XTEKS,0.024800542052066277,6.0,28
2018-08-15,3683,mid_post,XUHIZ,-0.003155605421694352,8.0,28
2018-08-15,3683,mid_post,XELKT,-0.06491741841277454,18.0,28
2018-08-15,3683,mid_post,XILTM,-0.010474130876149124,9.0,28
2018-08-15,3683,mid_post,XINSA,-0.12580619289409412,25.0,28
2018-08-15,3683,mid_post,XSPOR,-0.1715974462554204,27.0,28
2018-08-15,3683,mid_post,XTCRT,0.09216727750281017,3.0,28
2018-08-15,3683,mid_post,XTRZM,-0.07044802597084887,20.0,28
2018-08-15,3683,mid_post,XULAS,-0.08256296948280917,22.0,28
2018-08-15,3683,mid_post,XUMAL,0.05595756313336242,5.0,28
2018-08-15,3683,mid_post,XBANK,0.16029114647426668,2.0,28
2018-08-15,3683,mid_post,XSGRT,-0.06181295588691971,16.0,28
2018-08-15,3683,mid_post,XFINK,0.07979957346546551,4.0,28
2018-08-15,3683,mid_post,XHOLD,-0.03137347574953964,12.0,28
2018-08-15,3683,mid_post,XGMYO,-0.05569339986652,14.0,28
2018-08-15,3683,mid_post,XYORT,-0.05801205767794326,15.0,28
2018-08-15,3683,mid_post,XUTEK,-0.01445048900774859,11.0,28
2018-08-15,3683,mid_post,XBLSM,-0.09438812383717166,24.0,28
2018-08-15,3683,mid_post,XTUMY,-0.0630654354032667,17.0,28
2018-08-15,3683,mid_post,XHARZ,0.16684246600447583,1.0,28
2019-01-02,3776,chop,XUSIN,-0.07834198211971266,26.0,28
2019-01-02,3776,chop,XGIDA,0.13719279435268128,5.0,28
2019-01-02,3776,chop,XKMYA,-0.05102581982911136,22.0,28
2019-01-02,3776,chop,XMADN,0.16838577876782368,3.0,28
2019-01-02,3776,chop,XMANA,-0.23613794154276946,28.0,28
2019-01-02,3776,chop,XMESY,-0.07277388390461847,25.0,28
2019-01-02,3776,chop,XKAGT,0.0010799342486795815,17.0,28
2019-01-02,3776,chop,XTAST,-0.06736780042511792,23.0,28
2019-01-02,3776,chop,XTEKS,0.012182005396711215,15.0,28
2019-01-02,3776,chop,XUHIZ,0.0651119626006037,10.0,28
2019-01-02,3776,chop,XELKT,-0.02325891046499584,18.0,28
2019-01-02,3776,chop,XILTM,0.1962633694127952,2.0,28
2019-01-02,3776,chop,XINSA,-0.06770016260022438,24.0,28
2019-01-02,3776,chop,XSPOR,-0.16370062285021347,27.0,28
2019-01-02,3776,chop,XTCRT,0.09815706964385928,6.0,28
2019-01-02,3776,chop,XTRZM,0.08978423846203276,8.0,28
2019-01-02,3776,chop,XULAS,-0.034613279523040275,19.0,28
2019-01-02,3776,chop,XUMAL,0.03887535794344121,12.0,28
2019-01-02,3776,chop,XBANK,0.09270220394262652,7.0,28
2019-01-02,3776,chop,XSGRT,0.02746202714156698,13.0,28
2019-01-02,3776,chop,XFINK,0.828644398829376,1.0,28
2019-01-02,3776,chop,XHOLD,-0.03778641691089002,20.0,28
2019-01-02,3776,chop,XGMYO,0.05092670653454101,11.0,28
2019-01-02,3776,chop,XYORT,0.1492011180423335,4.0,28
2019-01-02,3776,chop,XUTEK,0.003047034865726883,16.0,28
2019-01-02,3776,chop,XBLSM,-0.043596526413814396,21.0,28
2019-01-02,3776,chop,XTUMY,0.014374895045829339,14.0,28
2019-01-02,3776,chop,XHARZ,0.08462492913429964,9.0,28
2019-01-02,3776,late_pre,XUSIN,-0.02606791797981478,21.0,28
2019-01-02,3776,late_pre,XGIDA,-0.04102509165098689,24.0,28
2019-01-02,3776,late_pre,XKMYA,-0.005111075300739509,17.0,28
2019-01-02,3776,late_pre,XMADN,-0.0055245111926715,18.0,28
2019-01-02,3776,late_pre,XMANA,-0.06555097189070813,26.0,28
2019-01-02,3776,late_pre,XMESY,-0.02935954766198756,22.0,28
2019-01-02,3776,late_pre,XKAGT,0.0019232288478611137,15.0,28
2019-01-02,3776,late_pre,XTAST,0.014202810061679005,9.0,28
2019-01-02,3776,late_pre,XTEKS,0.03197692016909859,6.0,28
2019-01-02,3776,late_pre,XUHIZ,0.02677627793556203,7.0,28
2019-01-02,3776,late_pre,XELKT,-0.02332541282144196,20.0,28
2019-01-02,3776,late_pre,XILTM,0.013436281339584633,11.0,28
2019-01-02,3776,late_pre,XINSA,0.07597803655439594,3.0,28
2019-01-02,3776,late_pre,XSPOR,0.08968628716475957,2.0,28
2019-01-02,3776,late_pre,XTCRT,0.06046075056783118,4.0,28
2019-01-02,3776,late_pre,XTRZM,0.0033147954805055058,14.0,28
2019-01-02,3776,late_pre,XULAS,-0.002554010647450533,16.0,28
2019-01-02,3776,late_pre,XUMAL,0.007450532816580258,13.0,28
2019-01-02,3776,late_pre,XBANK,0.013470439019438674,10.0,28
2019-01-02,3776,late_pre,XSGRT,0.012297475055583318,12.0,28
2019-01-02,3776,late_pre,XFINK,0.046734559236812356,5.0,28
2019-01-02,3776,late_pre,XHOLD,0.01546841186798864,8.0,28
2019-01-02,3776,late_pre,XGMYO,-0.06851636061555011,27.0,28
2019-01-02,3776,late_pre,XYORT,0.09625727009925555,1.0,28
2019-01-02,3776,late_pre,XUTEK,-0.06876035925164814,28.0,28
2019-01-02,3776,late_pre,XBLSM,-0.030963584113506304,23.0,28
2019-01-02,3776,late_pre,XTUMY,-0.022760383442484988,19.0,28
2019-01-02,3776,late_pre,XHARZ,-0.04416906018753697,25.0,28
2019-01-02,3776,early_post,XUSIN,-0.02840592876364112,7.0,28
2019-01-02,3776,early_post,XGIDA,-0.04152563641784668,11.0,28
2019-01-02,3776,early_post,XKMYA,-0.029051162382432105,8.0,28
2019-01-02,3776,early_post,XMADN,-0.03717898006086462,9.0,28
2019-01-02,3776,early_post,XMANA,-0.05419422159533083,16.0,28
2019-01-02,3776,early_post,XMESY,0.04166234365103594,4.0,28
2019-01-02,3776,early_post,XKAGT,-0.05675401718493234,18.0,28
2019-01-02,3776,early_post,XTAST,-0.04333089822652547,12.0,28
2019-01-02,3776,early_post,XTEKS,-0.08527354297443468,24.0,28
2019-01-02,3776,early_post,XUHIZ,-0.05073994532951387,13.0,28
2019-01-02,3776,early_post,XELKT,-0.038837109002031855,10.0,28
2019-01-02,3776,early_post,XILTM,0.0509178619552475,2.0,28
2019-01-02,3776,early_post,XINSA,-0.09326156315569056,25.0,28
2019-01-02,3776,early_post,XSPOR,-0.05159005779525749,14.0,28
2019-01-02,3776,early_post,XTCRT,-0.05629933914853469,17.0,28
2019-01-02,3776,early_post,XTRZM,-0.07650009832551796,22.0,28
2019-01-02,3776,early_post,XULAS,-0.1548127829328595,28.0,28
2019-01-02,3776,early_post,XUMAL,0.045604089817276705,3.0,28
2019-01-02,3776,early_post,XBANK,0.08968725176066994,1.0,28
2019-01-02,3776,early_post,XSGRT,-0.07381534133621304,20.0,28
2019-01-02,3776,early_post,XFINK,-0.07487424518360086,21.0,28
2019-01-02,3776,early_post,XHOLD,0.013657164867314942,5.0,28
2019-01-02,3776,early_post,XGMYO,-0.07919106493154171,23.0,28
2019-01-02,3776,early_post,XYORT,-0.09860547240928264,26.0,28
2019-01-02,3776,early_post,XUTEK,-0.05382820351132955,15.0,28
2019-01-02,3776,early_post,XBLSM,0.010346770013185402,6.0,28
2019-01-02,3776,early_post,XTUMY,-0.06820084320779629,19.0,28
2019-01-02,3776,early_post,XHARZ,-0.10174843654463883,27.0,28
2019-01-02,3776,mid_post,XUSIN,0.04291157596482931,9.0,28
2019-01-02,3776,mid_post,XGIDA,0.0024864200624150623,16.0,28
2019-01-02,3776,mid_post,XKMYA,0.0265979014156692,11.0,28
2019-01-02,3776,mid_post,XMADN,-0.2246404228382607,28.0,28
2019-01-02,3776,mid_post,XMANA,0.14761394317092025,4.0,28
2019-01-02,3776,mid_post,XMESY,0.06642638967091319,6.0,28
2019-01-02,3776,mid_post,XKAGT,0.006051379069857754,15.0,28
2019-01-02,3776,mid_post,XTAST,0.010535565208480868,14.0,28
2019-01-02,3776,mid_post,XTEKS,0.11308608819736343,5.0,28
2019-01-02,3776,mid_post,XUHIZ,-0.04894814911716572,24.0,28
2019-01-02,3776,mid_post,XELKT,0.035306472631037034,10.0,28
2019-01-02,3776,mid_post,XILTM,-0.012618831557977161,19.0,28
2019-01-02,3776,mid_post,XINSA,0.01605815821922496,13.0,28
2019-01-02,3776,mid_post,XSPOR,-0.05949144315214383,25.0,28
2019-01-02,3776,mid_post,XTCRT,-0.09939418600888872,27.0,28
2019-01-02,3776,mid_post,XTRZM,-0.046894871792324544,23.0,28
2019-01-02,3776,mid_post,XULAS,-0.062115841700061125,26.0,28
2019-01-02,3776,mid_post,XUMAL,0.0012249737732539234,17.0,28
2019-01-02,3776,mid_post,XBANK,-0.03489097387286,21.0,28
2019-01-02,3776,mid_post,XSGRT,-0.04656448514513167,22.0,28
2019-01-02,3776,mid_post,XFINK,0.3725757762709865,1.0,28
2019-01-02,3776,mid_post,XHOLD,0.06400502972186684,7.0,28
2019-01-02,3776,mid_post,XGMYO,-0.019041608390179876,20.0,28
2019-01-02,3776,mid_post,XYORT,0.05688260365850861,8.0,28
2019-01-02,3776,mid_post,XUTEK,-0.0020660344170437828,18.0,28
2019-01-02,3776,mid_post,XBLSM,0.19434193976735736,2.0,28
2019-01-02,3776,mid_post,XTUMY,0.025662054716393268,12.0,28
2019-01-02,3776,mid_post,XHARZ,0.1922275602196577,3.0,28
2019-05-21,3873,chop,XUSIN,0.013123321393887166,15.0,28
2019-05-21,3873,chop,XGIDA,0.01732410598233114,14.0,28
2019-05-21,3873,chop,XKMYA,-0.035694116187840796,25.0,28
2019-05-21,3873,chop,XMADN,-0.026820715012771168,24.0,28
2019-05-21,3873,chop,XMANA,0.0843275605255216,3.0,28
2019-05-21,3873,chop,XMESY,0.019960287418361977,13.0,28
2019-05-21,3873,chop,XKAGT,-0.016538490292547614,22.0,28
2019-05-21,3873,chop,XTAST,-0.009422819950393957,21.0,28
2019-05-21,3873,chop,XTEKS,0.08644619125634168,2.0,28
2019-05-21,3873,chop,XUHIZ,0.005183303003366446,17.0,28
2019-05-21,3873,chop,XELKT,-0.008603211094909469,19.0,28
2019-05-21,3873,chop,XILTM,-0.03585476026594825,26.0,28
2019-05-21,3873,chop,XINSA,0.07882966011724812,4.0,28
2019-05-21,3873,chop,XSPOR,0.05626930475220582,8.0,28
2019-05-21,3873,chop,XTCRT,-0.00910485504965386,20.0,28
2019-05-21,3873,chop,XTRZM,0.05020498015416752,11.0,28
2019-05-21,3873,chop,XULAS,0.0751257940426906,5.0,28
2019-05-21,3873,chop,XUMAL,0.001961655526796613,18.0,28
2019-05-21,3873,chop,XBANK,0.005670622298860506,16.0,28
2019-05-21,3873,chop,XSGRT,0.05910311737282903,7.0,28
2019-05-21,3873,chop,XFINK,0.12780744714200964,1.0,28
2019-05-21,3873,chop,XHOLD,-0.01952042698386869,23.0,28
2019-05-21,3873,chop,XGMYO,0.06595881980476681,6.0,28
2019-05-21,3873,chop,XYORT,-0.10359523423445993,28.0,28
2019-05-21,3873,chop,XUTEK,-0.05853976440936581,27.0,28
2019-05-21,3873,chop,XBLSM,0.0510936739381449,9.0,28
2019-05-21,3873,chop,XTUMY,0.050681659223314246,10.0,28
2019-05-21,3873,chop,XHARZ,0.03803223680709644,12.0,28
2019-05-21,3873,late_pre,XUSIN,0.013868094613018744,12.0,28
2019-05-21,3873,late_pre,XGIDA,0.02499940073330864,9.0,28
2019-05-21,3873,late_pre,XKMYA,0.07100640253377533,5.0,28
2019-05-21,3873,late_pre,XMADN,0.240385466388658,1.0,28
2019-05-21,3873,late_pre,XMANA,-0.08235497586888596,27.0,28
2019-05-21,3873,late_pre,XMESY,-0.004232190085399545,18.0,28
2019-05-21,3873,late_pre,XKAGT,-0.007481935041550591,20.0,28
2019-05-21,3873,late_pre,XTAST,-0.014889400254394114,22.0,28
2019-05-21,3873,late_pre,XTEKS,0.03273047662452677,7.0,28
2019-05-21,3873,late_pre,XUHIZ,0.008876274259607242,13.0,28
2019-05-21,3873,late_pre,XELKT,0.0026968179164338357,17.0,28
2019-05-21,3873,late_pre,XILTM,0.023974103027480376,10.0,28
2019-05-21,3873,late_pre,XINSA,0.10735608364875548,3.0,28
2019-05-21,3873,late_pre,XSPOR,0.040233658145899076,6.0,28
2019-05-21,3873,late_pre,XTCRT,0.008016962736186906,15.0,28
2019-05-21,3873,late_pre,XTRZM,0.006150427875943443,16.0,28
2019-05-21,3873,late_pre,XULAS,-0.039458117360929856,25.0,28
2019-05-21,3873,late_pre,XUMAL,-0.006117272354907666,19.0,28
2019-05-21,3873,late_pre,XBANK,-0.013501686731437257,21.0,28
2019-05-21,3873,late_pre,XSGRT,0.08467070217454575,4.0,28
2019-05-21,3873,late_pre,XFINK,-0.22420675143045898,28.0,28
2019-05-21,3873,late_pre,XHOLD,0.008643740575927872,14.0,28
2019-05-21,3873,late_pre,XGMYO,-0.036174676494257874,23.0,28
2019-05-21,3873,late_pre,XYORT,0.1140808403691067,2.0,28
2019-05-21,3873,late_pre,XUTEK,-0.07289380796892286,26.0,28
2019-05-21,3873,late_pre,XBLSM,-0.03779764870607938,24.0,28
2019-05-21,3873,late_pre,XTUMY,0.020290865981303363,11.0,28
2019-05-21,3873,late_pre,XHARZ,0.028702950775719716,8.0,28
2019-05-21,3873,early_post,XUSIN,-0.031230106068554697,16.0,28
2019-05-21,3873,early_post,XGIDA,-0.011806875515503634,12.0,28
2019-05-21,3873,early_post,XKMYA,-0.044006944788304914,19.0,28
2019-05-21,3873,early_post,XMADN,-0.024790684356386095,14.0,28
2019-05-21,3873,early_post,XMANA,-0.040009485618808016,17.0,28
2019-05-21,3873,early_post,XMESY,0.0038623329093134817,6.0,28
2019-05-21,3873,early_post,XKAGT,-0.030338077080518833,15.0,28
2019-05-21,3873,early_post,XTAST,-0.06690833471492397,25.0,28
2019-05-21,3873,early_post,XTEKS,-0.04037912266334853,18.0,28
2019-05-21,3873,early_post,XUHIZ,0.0028695993069585146,8.0,28
2019-05-21,3873,early_post,XELKT,-0.023909730573318466,13.0,28
2019-05-21,3873,early_post,XILTM,-0.0017405974656643508,10.0,28
2019-05-21,3873,early_post,XINSA,-0.05614463640851608,22.0,28
2019-05-21,3873,early_post,XSPOR,-0.07137539788453351,26.0,28
2019-05-21,3873,early_post,XTCRT,-0.008485866847109502,11.0,28
2019-05-21,3873,early_post,XTRZM,-0.056426817477490454,23.0,28
2019-05-21,3873,early_post,XULAS,0.06264406584212767,1.0,28
2019-05-21,3873,early_post,XUMAL,0.010864592302028742,4.0,28
2019-05-21,3873,early_post,XBANK,0.028856407977375653,2.0,28
2019-05-21,3873,early_post,XSGRT,-0.1208474045496708,27.0,28
2019-05-21,3873,early_post,XFINK,-0.12163273290006327,28.0,28
2019-05-21,3873,early_post,XHOLD,0.009581385594089165,5.0,28
2019-05-21,3873,early_post,XGMYO,-0.061121665431823624,24.0,28
2019-05-21,3873,early_post,XYORT,-0.05558444693742315,21.0,28
2019-05-21,3873,early_post,XUTEK,0.01927828573750756,3.0,28
2019-05-21,3873,early_post,XBLSM,0.0035117351837483657,7.0,28
2019-05-21,3873,early_post,XTUMY,-0.05362830156662968,20.0,28
2019-05-21,3873,early_post,XHARZ,0.0013286558341496502,9.0,28
2019-05-21,3873,mid_post,XUSIN,-0.04697171859873994,18.0,28
2019-05-21,3873,mid_post,XGIDA,-0.03622384009798041,15.0,28
2019-05-21,3873,mid_post,XKMYA,-0.06424110021051899,24.0,28
2019-05-21,3873,mid_post,XMADN,-0.05399289379635497,21.0,28
2019-05-21,3873,mid_post,XMANA,-0.0830955266380109,26.0,28
2019-05-21,3873,mid_post,XMESY,0.030705223892115496,5.0,28
2019-05-21,3873,mid_post,XKAGT,-0.05456457303494533,22.0,28
2019-05-21,3873,mid_post,XTAST,-0.04314269492761169,16.0,28
2019-05-21,3873,mid_post,XTEKS,-0.050637687162469414,19.0,28
2019-05-21,3873,mid_post,XUHIZ,-0.0023046486523552456,8.0,28
2019-05-21,3873,mid_post,XELKT,0.00022526690986879316,7.0,28
2019-05-21,3873,mid_post,XILTM,-0.016168036843250633,10.0,28
2019-05-21,3873,mid_post,XINSA,-0.008902425751742937,9.0,28
2019-05-21,3873,mid_post,XSPOR,-0.04673356025776543,17.0,28
2019-05-21,3873,mid_post,XTCRT,0.05725864712001427,3.0,28
2019-05-21,3873,mid_post,XTRZM,-0.030733173051245233,14.0,28
2019-05-21,3873,mid_post,XULAS,-0.0627270150991095,23.0,28
2019-05-21,3873,mid_post,XUMAL,0.039829844319474894,4.0,28
2019-05-21,3873,mid_post,XBANK,0.10106271576805348,1.0,28
2019-05-21,3873,mid_post,XSGRT,-0.07164919573825856,25.0,28
2019-05-21,3873,mid_post,XFINK,-0.48052553804124676,28.0,28
2019-05-21,3873,mid_post,XHOLD,-0.024419343682266392,11.0,28
2019-05-21,3873,mid_post,XGMYO,-0.03023854982841745,13.0,28
2019-05-21,3873,mid_post,XYORT,0.06254191108090157,2.0,28
2019-05-21,3873,mid_post,XUTEK,-0.09566826489004387,27.0,28
2019-05-21,3873,mid_post,XBLSM,0.0242515264436014,6.0,28
2019-05-21,3873,mid_post,XTUMY,-0.028723374513657474,12.0,28
2019-05-21,3873,mid_post,XHARZ,-0.053012692131572337,20.0,28
2019-10-13,3968,chop,XUSIN,0.013636757296099145,15.0,28
2019-10-13,3968,chop,XGIDA,0.11699246829827192,4.0,28
2019-10-13,3968,chop,XKMYA,0.01201815274828899,16.0,28
2019-10-13,3968,chop,XMADN,0.21124637584995054,3.0,28
2019-10-13,3968,chop,XMANA,-0.06927763939431653,27.0,28
2019-10-13,3968,chop,XMESY,-0.018750419498332116,22.0,28
2019-10-13,3968,chop,XKAGT,0.09802868393568565,6.0,28
2019-10-13,3968,chop,XTAST,0.0012995803805950779,20.0,28
2019-10-13,3968,chop,XTEKS,0.07909101573179078,11.0,28
2019-10-13,3968,chop,XUHIZ,0.014241877734427755,14.0,28
2019-10-13,3968,chop,XELKT,0.008950848627618857,18.0,28
2019-10-13,3968,chop,XILTM,-0.04560281272977296,25.0,28
2019-10-13,3968,chop,XINSA,-0.05522115240103331,26.0,28
2019-10-13,3968,chop,XSPOR,0.2942176438778954,1.0,28
2019-10-13,3968,chop,XTCRT,0.08014997468867424,10.0,28
2019-10-13,3968,chop,XTRZM,0.055128472737886236,12.0,28
2019-10-13,3968,chop,XULAS,-0.04251210183390852,24.0,28
2019-10-13,3968,chop,XUMAL,-0.005457996735301451,21.0,28
2019-10-13,3968,chop,XBANK,0.003368776439210519,19.0,28
2019-10-13,3968,chop,XSGRT,0.02451590420858696,13.0,28
2019-10-13,3968,chop,XFINK,-0.20008719660166352,28.0,28
2019-10-13,3968,chop,XHOLD,-0.03863623241343661,23.0,28
2019-10-13,3968,chop,XGMYO,0.09513978191399541,8.0,28
2019-10-13,3968,chop,XYORT,0.268091375302113,2.0,28
2019-10-13,3968,chop,XUTEK,0.1023561097902479,5.0,28
2019-10-13,3968,chop,XBLSM,0.009413936129351486,17.0,28
2019-10-13,3968,chop,XTUMY,0.096389569253027,7.0,28
2019-10-13,3968,chop,XHARZ,0.08017652083168736,9.0,28
2019-10-13,3968,late_pre,XUSIN,0.017770849216073636,17.0,28
2019-10-13,3968,late_pre,XGIDA,-0.07886327793285142,28.0,28
2019-10-13,3968,late_pre,XKMYA,0.0004182596450873488,21.0,28
2019-10-13,3968,late_pre,XMADN,0.1114599226714793,1.0,28
2019-10-13,3968,late_pre,XMANA,0.03767196619055313,8.0,28
2019-10-13,3968,late_pre,XMESY,0.04877838141498181,6.0,28
2019-10-13,3968,late_pre,XKAGT,0.024076702670609795,13.0,28
2019-10-13,3968,late_pre,XTAST,0.09713151500423012,3.0,28
2019-10-13,3968,late_pre,XTEKS,0.00726823177446112,19.0,28
2019-10-13,3968,late_pre,XUHIZ,0.026353161072293796,11.0,28
2019-10-13,3968,late_pre,XELKT,0.02044340382083565,16.0,28
2019-10-13,3968,late_pre,XILTM,0.00538704529554046,20.0,28
2019-10-13,3968,late_pre,XINSA,0.08214810004205364,4.0,28
2019-10-13,3968,late_pre,XSPOR,-0.038629130965660785,25.0,28
2019-10-13,3968,late_pre,XTCRT,0.04557877462816973,7.0,28
2019-10-13,3968,late_pre,XTRZM,-0.002931704620139919,22.0,28
2019-10-13,3968,late_pre,XULAS,0.013534752253201554,18.0,28
2019-10-13,3968,late_pre,XUMAL,-0.013847477799600272,24.0,28
2019-10-13,3968,late_pre,XBANK,-0.04482712304878145,26.0,28
2019-10-13,3968,late_pre,XSGRT,0.11074511566875433,2.0,28
2019-10-13,3968,late_pre,XFINK,0.030941468689216878,10.0,28
2019-10-13,3968,late_pre,XHOLD,0.022127032983140893,15.0,28
2019-10-13,3968,late_pre,XGMYO,0.025292364890891483,12.0,28
2019-10-13,3968,late_pre,XYORT,0.02260825655311327,14.0,28
2019-10-13,3968,late_pre,XUTEK,-0.0454212386899332,27.0,28
2019-10-13,3968,late_pre,XBLSM,0.03354713301885015,9.0,28
2019-10-13,3968,late_pre,XTUMY,0.052585371435247774,5.0,28
2019-10-13,3968,late_pre,XHARZ,-0.0061775288718833865,23.0,28
2019-10-13,3968,early_post,XUSIN,-0.011096927464415485,22.0,28
2019-10-13,3968,early_post,XGIDA,0.019142255075742742,14.0,28
2019-10-13,3968,early_post,XKMYA,-0.015458701463558766,23.0,28
2019-10-13,3968,early_post,XMADN,-0.042374534389861385,25.0,28
2019-10-13,3968,early_post,XMANA,-0.0499261679911287,27.0,28
2019-10-13,3968,early_post,XMESY,0.013993564516746604,17.0,28
2019-10-13,3968,early_post,XKAGT,0.02336365386635264,11.0,28
2019-10-13,3968,early_post,XTAST,0.02668791738695453,10.0,28
2019-10-13,3968,early_post,XTEKS,0.022735085008296574,12.0,28
2019-10-13,3968,early_post,XUHIZ,-0.009436267308123858,20.0,28
2019-10-13,3968,early_post,XELKT,0.018004030198712773,16.0,28
2019-10-13,3968,early_post,XILTM,0.010995985413002396,18.0,28
2019-10-13,3968,early_post,XINSA,-0.04870896911143596,26.0,28
2019-10-13,3968,early_post,XSPOR,0.10428722413690705,2.0,28
2019-10-13,3968,early_post,XTCRT,-0.051970660855335415,28.0,28
2019-10-13,3968,early_post,XTRZM,0.05810505153044376,3.0,28
2019-10-13,3968,early_post,XULAS,0.040669961933174514,5.0,28
2019-10-13,3968,early_post,XUMAL,0.021191737428049695,13.0,28
2019-10-13,3968,early_post,XBANK,0.03650706657820568,7.0,28
2019-10-13,3968,early_post,XSGRT,-0.029935775933144892,24.0,28
2019-10-13,3968,early_post,XFINK,0.21716129493985803,1.0,28
2019-10-13,3968,early_post,XHOLD,0.003589474851793062,19.0,28
2019-10-13,3968,early_post,XGMYO,-0.010435657743929738,21.0,28
2019-10-13,3968,early_post,XYORT,0.05402870794545289,4.0,28
2019-10-13,3968,early_post,XUTEK,0.034164932491472566,9.0,28
2019-10-13,3968,early_post,XBLSM,0.03645388285242346,8.0,28
2019-10-13,3968,early_post,XTUMY,0.04043978850444674,6.0,28
2019-10-13,3968,early_post,XHARZ,0.019044975902328343,15.0,28
2019-10-13,3968,mid_post,XUSIN,0.03941324324527429,18.0,28
2019-10-13,3968,mid_post,XGIDA,0.052340063584269236,16.0,28
2019-10-13,3968,mid_post,XKMYA,-0.054172670224203134,27.0,28
2019-10-13,3968,mid_post,XMADN,0.007062327344790065,21.0,28
2019-10-13,3968,mid_post,XMANA,0.16466605914446641,9.0,28
2019-10-13,3968,mid_post,XMESY,0.019491413958512727,19.0,28
2019-10-13,3968,mid_post,XKAGT,0.32071003148243404,3.0,28
2019-10-13,3968,mid_post,XTAST,0.11113851351020676,12.0,28
2019-10-13,3968,mid_post,XTEKS,0.11719654690355763,11.0,28
2019-10-13,3968,mid_post,XUHIZ,-0.011777875282301897,25.0,28
2019-10-13,3968,mid_post,XELKT,0.23111362104040878,6.0,28
2019-10-13,3968,mid_post,XILTM,-0.01748616750223153,26.0,28
2019-10-13,3968,mid_post,XINSA,-0.002918399779768599,23.0,28
2019-10-13,3968,mid_post,XSPOR,0.30011647609594694,4.0,28
2019-10-13,3968,mid_post,XTCRT,-0.10247403172828484,28.0,28
2019-10-13,3968,mid_post,XTRZM,0.35556499974193523,2.0,28
2019-10-13,3968,mid_post,XULAS,0.08844996859769672,14.0,28
2019-10-13,3968,mid_post,XUMAL,0.017011830325433408,20.0,28
2019-10-13,3968,mid_post,XBANK,-0.0057639915170213385,24.0,28
2019-10-13,3968,mid_post,XSGRT,0.051080327110634594,17.0,28
2019-10-13,3968,mid_post,XFINK,0.1012921694191764,13.0,28
2019-10-13,3968,mid_post,XHOLD,0.0027930492308538835,22.0,28
2019-10-13,3968,mid_post,XGMYO,0.25993459200835645,5.0,28
2019-10-13,3968,mid_post,XYORT,0.1921477724190228,7.0,28
2019-10-13,3968,mid_post,XUTEK,0.06280231247868073,15.0,28
2019-10-13,3968,mid_post,XBLSM,0.3820737723413854,1.0,28
2019-10-13,3968,mid_post,XTUMY,0.1859238629991986,8.0,28
2019-10-13,3968,mid_post,XHARZ,0.14196121180171728,10.0,28
2020-03-22,4081,chop,XUSIN,0.023264826846270292,20.0,29
2020-03-22,4081,chop,XGIDA,0.02989696985220247,17.0,29
2020-03-22,4081,chop,XKMYA,-0.017224395045121743,24.0,29
2020-03-22,4081,chop,XMADN,0.17160061126067738,9.0,29
2020-03-22,4081,chop,XMANA,-0.013607128589215867,23.0,29
2020-03-22,4081,chop,XMESY,0.05129052752341856,16.0,29
2020-03-22,4081,chop,XKAGT,0.194107782648119,8.0,29
2020-03-22,4081,chop,XTAST,-0.00019026172713143552,22.0,29
2020-03-22,4081,chop,XTEKS,0.19423559089878095,7.0,29
2020-03-22,4081,chop,XUHIZ,0.026753813254620784,19.0,29
2020-03-22,4081,chop,XELKT,0.08951991120855096,12.0,29
2020-03-22,4081,chop,XILTM,0.028931562554768586,18.0,29
2020-03-22,4081,chop,XINSA,0.056506794048471365,15.0,29
2020-03-22,4081,chop,XSPOR,0.515699740781089,1.0,29
2020-03-22,4081,chop,XTCRT,0.010650561683247073,21.0,29
2020-03-22,4081,chop,XTRZM,0.19988366585568906,6.0,29
2020-03-22,4081,chop,XULAS,-0.03693308183600752,27.0,29
2020-03-22,4081,chop,XUMAL,-0.018189900851666052,25.0,29
2020-03-22,4081,chop,XBANK,-0.025953366767860198,26.0,29
2020-03-22,4081,chop,XSGRT,0.07935564018058328,13.0,29
2020-03-22,4081,chop,XFINK,-0.08280939716988145,29.0,29
2020-03-22,4081,chop,XHOLD,-0.04344088647016264,28.0,29
2020-03-22,4081,chop,XGMYO,0.11051996815899101,11.0,29
2020-03-22,4081,chop,XAKUR,0.23198013145747076,5.0,29
2020-03-22,4081,chop,XYORT,0.2781094824112058,4.0,29
2020-03-22,4081,chop,XUTEK,0.39233420173486744,2.0,29
2020-03-22,4081,chop,XBLSM,0.2893086193552261,3.0,29
2020-03-22,4081,chop,XTUMY,0.1584866421554587,10.0,29
2020-03-22,4081,chop,XHARZ,0.07292345058139937,14.0,29
2020-03-22,4081,late_pre,XUSIN,-0.037175887255019635,13.0,29
2020-03-22,4081,late_pre,XGIDA,0.03442392090780633,9.0,29
2020-03-22,4081,late_pre,XKMYA,-0.05928778734094675,18.0,29
2020-03-22,4081,late_pre,XMADN,-0.10532204147801116,23.0,29
2020-03-22,4081,late_pre,XMANA,0.077408466415542,5.0,29
2020-03-22,4081,late_pre,XMESY,-0.12498806065405332,25.0,29
2020-03-22,4081,late_pre,XKAGT,-0.0784523471251437,21.0,29
2020-03-22,4081,late_pre,XTAST,-0.0701620067448292,19.0,29
2020-03-22,4081,late_pre,XTEKS,-0.18065838870841489,26.0,29
2020-03-22,4081,late_pre,XUHIZ,0.07834592014233988,4.0,29
2020-03-22,4081,late_pre,XELKT,-0.03649176129907039,12.0,29
2020-03-22,4081,late_pre,XILTM,0.17014444730848577,2.0,29
2020-03-22,4081,late_pre,XINSA,0.1026498553137154,3.0,29
2020-03-22,4081,late_pre,XSPOR,-0.36238920284672915,29.0,29
2020-03-22,4081,late_pre,XTCRT,0.24252173127566545,1.0,29
2020-03-22,4081,late_pre,XTRZM,-0.24753350551999265,28.0,29
2020-03-22,4081,late_pre,XULAS,-0.22197861561570886,27.0,29
2020-03-22,4081,late_pre,XUMAL,-0.0462205846223952,16.0,29
2020-03-22,4081,late_pre,XBANK,-0.04563237678022769,15.0,29
2020-03-22,4081,late_pre,XSGRT,0.04320110120389464,8.0,29
2020-03-22,4081,late_pre,XFINK,0.047913746881031116,7.0,29
2020-03-22,4081,late_pre,XHOLD,-0.0508468667069818,17.0,29
2020-03-22,4081,late_pre,XGMYO,-0.072165287754546,20.0,29
2020-03-22,4081,late_pre,XAKUR,0.02809471898048843,10.0,29
2020-03-22,4081,late_pre,XYORT,0.06226486004854903,6.0,29
2020-03-22,4081,late_pre,XUTEK,-0.030835466883123108,11.0,29
2020-03-22,4081,late_pre,XBLSM,-0.08225131886393777,22.0,29
2020-03-22,4081,late_pre,XTUMY,-0.10631198535301911,24.0,29
2020-03-22,4081,late_pre,XHARZ,-0.03811850147745366,14.0,29
2020-03-22,4081,early_post,XUSIN,0.0671312932994923,15.0,29
2020-03-22,4081,early_post,XGIDA,0.0031852779509906615,20.0,29
2020-03-22,4081,early_post,XKMYA,0.12634351150728973,10.0,29
2020-03-22,4081,early_post,XMADN,0.12906637109542451,9.0,29
2020-03-22,4081,early_post,XMANA,-0.027699289554177886,23.0,29
2020-03-22,4081,early_post,XMESY,0.09640292001722983,13.0,29
2020-03-22,4081,early_post,XKAGT,0.27639030433998935,3.0,29
2020-03-22,4081,early_post,XTAST,0.12621136204603922,11.0,29
2020-03-22,4081,early_post,XTEKS,0.13686164691677583,8.0,29
2020-03-22,4081,early_post,XUHIZ,-0.03988231990713209,24.0,29
2020-03-22,4081,early_post,XELKT,0.02262556576505248,17.0,29
2020-03-22,4081,early_post,XILTM,-0.12527481063879986,29.0,29
2020-03-22,4081,early_post,XINSA,-0.004842880738574973,21.0,29
2020-03-22,4081,early_post,XSPOR,0.43833061013429697,1.0,29
2020-03-22,4081,early_post,XTCRT,-0.08021968554599002,28.0,29
2020-03-22,4081,early_post,XTRZM,0.3448532831899416,2.0,29
2020-03-22,4081,early_post,XULAS,0.16360723394004628,6.0,29
2020-03-22,4081,early_post,XUMAL,0.011245089447562417,19.0,29
2020-03-22,4081,early_post,XBANK,-0.01665455350510725,22.0,29
2020-03-22,4081,early_post,XSGRT,-0.054933736639666275,26.0,29
2020-03-22,4081,early_post,XFINK,-0.04283999129256033,25.0,29
2020-03-22,4081,early_post,XHOLD,0.04530097795539101,16.0,29
2020-03-22,4081,early_post,XGMYO,0.09816195758413881,12.0,29
2020-03-22,4081,early_post,XAKUR,-0.06975432274277438,27.0,29
2020-03-22,4081,early_post,XYORT,0.01363394654277994,18.0,29
2020-03-22,4081,early_post,XUTEK,0.0851645969822794,14.0,29
2020-03-22,4081,early_post,XBLSM,0.1783967888368656,5.0,29
2020-03-22,4081,early_post,XTUMY,0.16333215790240496,7.0,29
2020-03-22,4081,early_post,XHARZ,0.20406893720737318,4.0,29
2020-03-22,4081,mid_post,XUSIN,0.03298211528006867,20.0,29
2020-03-22,4081,mid_post,XGIDA,0.027920256629481832,22.0,29
2020-03-22,4081,mid_post,XKMYA,-0.011265188629905554,25.0,29
2020-03-22,4081,mid_post,XMADN,0.16818903924846684,10.0,29
2020-03-22,4081,mid_post,XMANA,-0.016375462689079967,26.0,29
2020-03-22,4081,mid_post,XMESY,0.04780442990219247,18.0,29
2020-03-22,4081,mid_post,XKAGT,0.044899608623451215,19.0,29
2020-03-22,4081,mid_post,XTAST,0.1804304455726382,8.0,29
2020-03-22,4081,mid_post,XTEKS,0.217260036034449,5.0,29
2020-03-22,4081,mid_post,XUHIZ,0.08120459748586728,16.0,29
2020-03-22,4081,mid_post,XELKT,0.12639342520565156,15.0,29
2020-03-22,4081,mid_post,XILTM,0.0014629366544858247,24.0,29
2020-03-22,4081,mid_post,XINSA,-0.09259394675923094,28.0,29
2020-03-22,4081,mid_post,XSPOR,0.1952315518487302,7.0,29
2020-03-22,4081,mid_post,XTCRT,0.12934519389107368,13.0,29
2020-03-22,4081,mid_post,XTRZM,0.322580772060743,2.0,29
2020-03-22,4081,mid_post,XULAS,0.12828963881725963,14.0,29
2020-03-22,4081,mid_post,XUMAL,-0.03202153737572333,27.0,29
2020-03-22,4081,mid_post,XBANK,-0.09362998122439747,29.0,29
2020-03-22,4081,mid_post,XSGRT,0.15106855889334248,12.0,29
2020-03-22,4081,mid_post,XFINK,0.1762865901180244,9.0,29
2020-03-22,4081,mid_post,XHOLD,0.029904719811350677,21.0,29
2020-03-22,4081,mid_post,XGMYO,0.010064160744182704,23.0,29
2020-03-22,4081,mid_post,XAKUR,0.25529685473394803,3.0,29
2020-03-22,4081,mid_post,XYORT,0.07261078619789552,17.0,29
2020-03-22,4081,mid_post,XUTEK,0.1627338513753318,11.0,29
2020-03-22,4081,mid_post,XBLSM,0.22842580299263449,4.0,29
2020-03-22,4081,mid_post,XTUMY,0.21122329310711363,6.0,29
2020-03-22,4081,mid_post,XHARZ,0.34047677914375685,1.0,29
2020-08-05,4171,chop,XUSIN,0.013841824690608462,19.0,29
2020-08-05,4171,chop,XGIDA,-0.02828626750010632,23.0,29
2020-08-05,4171,chop,XKMYA,-0.04453498649059218,25.0,29
2020-08-05,4171,chop,XMADN,-0.1111988523142513,29.0,29
2020-08-05,4171,chop,XMANA,-0.03582862186007274,24.0,29
2020-08-05,4171,chop,XMESY,0.11685788519800822,10.0,29
2020-08-05,4171,chop,XKAGT,0.07141689508649862,14.0,29
2020-08-05,4171,chop,XTAST,0.31385537776973527,1.0,29
2020-08-05,4171,chop,XTEKS,0.1793210710399944,5.0,29
2020-08-05,4171,chop,XUHIZ,0.07523741139758022,12.0,29
2020-08-05,4171,chop,XELKT,0.22066947347055033,3.0,29
2020-08-05,4171,chop,XILTM,0.010247202369358277,20.0,29
2020-08-05,4171,chop,XINSA,0.023714708090700753,18.0,29
2020-08-05,4171,chop,XSPOR,0.12522852045648336,8.0,29
2020-08-05,4171,chop,XTCRT,0.16116969178445473,6.0,29
2020-08-05,4171,chop,XTRZM,0.2011370659142464,4.0,29
2020-08-05,4171,chop,XULAS,-0.1082670761291884,28.0,29
2020-08-05,4171,chop,XUMAL,-0.015549680416428346,21.0,29
2020-08-05,4171,chop,XBANK,-0.10175786345034155,27.0,29
2020-08-05,4171,chop,XSGRT,0.07396002957270476,13.0,29
2020-08-05,4171,chop,XFINK,0.10801996975177719,11.0,29
2020-08-05,4171,chop,XHOLD,0.028789987320082533,17.0,29
2020-08-05,4171,chop,XGMYO,0.2633345249118608,2.0,29
2020-08-05,4171,chop,XAKUR,0.0540691899716188,16.0,29
2020-08-05,4171,chop,XYORT,0.15072875977970135,7.0,29
2020-08-05,4171,chop,XUTEK,-0.021104906629273,22.0,29
2020-08-05,4171,chop,XBLSM,-0.07374278808726209,26.0,29
2020-08-05,4171,chop,XTUMY,0.11917183308368862,9.0,29
2020-08-05,4171,chop,XHARZ,0.06431438555419522,15.0,29
2020-08-05,4171,late_pre,XUSIN,0.0478580531195697,10.0,29
2020-08-05,4171,late_pre,XGIDA,0.009277605849780324,20.0,29
2020-08-05,4171,late_pre,XKMYA,0.050899164594861546,8.0,29
2020-08-05,4171,late_pre,XMADN,0.10570043086746961,4.0,29
2020-08-05,4171,late_pre,XMANA,0.043790319006169254,13.0,29
2020-08-05,4171,late_pre,XMESY,0.07854580174296,6.0,29
2020-08-05,4171,late_pre,XKAGT,0.03487077016554818,14.0,29
2020-08-05,4171,late_pre,XTAST,0.0050155642466446215,21.0,29
2020-08-05,4171,late_pre,XTEKS,0.03099988614225846,15.0,29
2020-08-05,4171,late_pre,XUHIZ,-0.0021671363286435152,24.0,29
2020-08-05,4171,late_pre,XELKT,-0.034115692052146374,27.0,29
2020-08-05,4171,late_pre,XILTM,0.014363914850662685,19.0,29
2020-08-05,4171,late_pre,XINSA,0.10961661003665202,3.0,29
2020-08-05,4171,late_pre,XSPOR,-0.18304665800925524,29.0,29
2020-08-05,4171,late_pre,XTCRT,0.00039109950759064205,23.0,29
2020-08-05,4171,late_pre,XTRZM,0.02490243812659987,17.0,29
2020-08-05,4171,late_pre,XULAS,-0.02079350786384393,25.0,29
2020-08-05,4171,late_pre,XUMAL,-0.028708030196757384,26.0,29
2020-08-05,4171,late_pre,XBANK,-0.07546222790574142,28.0,29
2020-08-05,4171,late_pre,XSGRT,0.09206107780685169,5.0,29
2020-08-05,4171,late_pre,XFINK,0.04483436874467073,11.0,29
2020-08-05,4171,late_pre,XHOLD,0.0019970602005184857,22.0,29
2020-08-05,4171,late_pre,XGMYO,0.01634319982535215,18.0,29
2020-08-05,4171,late_pre,XAKUR,0.21235954394326761,2.0,29
2020-08-05,4171,late_pre,XYORT,0.2247367136790367,1.0,29
2020-08-05,4171,late_pre,XUTEK,0.05910075258134506,7.0,29
2020-08-05,4171,late_pre,XBLSM,0.04386675194630296,12.0,29
2020-08-05,4171,late_pre,XTUMY,0.04985985289802508,9.0,29
2020-08-05,4171,late_pre,XHARZ,0.028443333159329454,16.0,29
2020-08-05,4171,early_post,XUSIN,0.013582891997308666,8.0,29
2020-08-05,4171,early_post,XGIDA,-0.014551040354996214,18.0,29
2020-08-05,4171,early_post,XKMYA,0.0568493400608201,3.0,29
2020-08-05,4171,early_post,XMADN,-0.09032552572488028,28.0,29
2020-08-05,4171,early_post,XMANA,0.022163438607561314,7.0,29
2020-08-05,4171,early_post,XMESY,0.012014820305252805,9.0,29
2020-08-05,4171,early_post,XKAGT,-0.028709153712028312,23.0,29
2020-08-05,4171,early_post,XTAST,0.02515002819658796,5.0,29
2020-08-05,4171,early_post,XTEKS,-0.049574997886770555,26.0,29
2020-08-05,4171,early_post,XUHIZ,-0.0027665612883476243,14.0,29
2020-08-05,4171,early_post,XELKT,0.10249846690732545,2.0,29
2020-08-05,4171,early_post,XILTM,-0.037649183775541495,24.0,29
2020-08-05,4171,early_post,XINSA,-0.026735467422509762,22.0,29
2020-08-05,4171,early_post,XSPOR,0.15500449511426262,1.0,29
2020-08-05,4171,early_post,XTCRT,-0.0037731061480785755,15.0,29
2020-08-05,4171,early_post,XTRZM,-0.012718853459410928,17.0,29
2020-08-05,4171,early_post,XULAS,0.002727439126134934,11.0,29
2020-08-05,4171,early_post,XUMAL,-0.018502886337564917,20.0,29
2020-08-05,4171,early_post,XBANK,-0.004435304596143386,16.0,29
2020-08-05,4171,early_post,XSGRT,-0.01523860450502701,19.0,29
2020-08-05,4171,early_post,XFINK,0.004360877104834016,10.0,29
2020-08-05,4171,early_post,XHOLD,-0.026189398292329136,21.0,29
2020-08-05,4171,early_post,XGMYO,-0.04800211483371597,25.0,29
2020-08-05,4171,early_post,XAKUR,-0.07089442684606118,27.0,29
2020-08-05,4171,early_post,XYORT,-0.14603998070377733,29.0,29
2020-08-05,4171,early_post,XUTEK,0.045294530719921955,4.0,29
2020-08-05,4171,early_post,XBLSM,-0.002194732831788837,12.0,29
2020-08-05,4171,early_post,XTUMY,-0.002280927126006027,13.0,29
2020-08-05,4171,early_post,XHARZ,0.022790151020194216,6.0,29
2020-08-05,4171,mid_post,XUSIN,0.059728169049312774,13.0,29
2020-08-05,4171,mid_post,XGIDA,0.16237181169966997,7.0,29
2020-08-05,4171,mid_post,XKMYA,-0.02507780576114771,26.0,29
2020-08-05,4171,mid_post,XMADN,-0.060316648652577465,29.0,29
2020-08-05,4171,mid_post,XMANA,0.09816390640681738,11.0,29
2020-08-05,4171,mid_post,XMESY,0.050883135480751296,14.0,29
2020-08-05,4171,mid_post,XKAGT,0.29233081911393843,2.0,29
2020-08-05,4171,mid_post,XTAST,0.10518375576321182,10.0,29
2020-08-05,4171,mid_post,XTEKS,0.13770697856910497,9.0,29
2020-08-05,4171,mid_post,XUHIZ,0.01797236512297795,20.0,29
2020-08-05,4171,mid_post,XELKT,0.02464608371765964,18.0,29
2020-08-05,4171,mid_post,XILTM,-0.017817938474250505,25.0,29
2020-08-05,4171,mid_post,XINSA,0.03703720007829259,17.0,29
2020-08-05,4171,mid_post,XSPOR,0.4181320475581014,1.0,29
2020-08-05,4171,mid_post,XTCRT,0.021902166456748695,19.0,29
2020-08-05,4171,mid_post,XTRZM,0.1893626802296129,5.0,29
2020-08-05,4171,mid_post,XULAS,-0.03228145376178759,28.0,29
2020-08-05,4171,mid_post,XUMAL,0.015423600218385625,22.0,29
2020-08-05,4171,mid_post,XBANK,-0.005683264500376817,24.0,29
2020-08-05,4171,mid_post,XSGRT,0.0424344221295454,15.0,29
2020-08-05,4171,mid_post,XFINK,-0.030802416353176154,27.0,29
2020-08-05,4171,mid_post,XHOLD,0.03970093497406135,16.0,29
2020-08-05,4171,mid_post,XGMYO,0.0028125774044052143,23.0,29
2020-08-05,4171,mid_post,XAKUR,0.253701742517527,3.0,29
2020-08-05,4171,mid_post,XYORT,0.017627162903376625,21.0,29
2020-08-05,4171,mid_post,XUTEK,0.08059301598046775,12.0,29
2020-08-05,4171,mid_post,XBLSM,0.18383300572135575,6.0,29
2020-08-05,4171,mid_post,XTUMY,0.21863668327964647,4.0,29
2020-08-05,4171,mid_post,XHARZ,0.15497323686939768,8.0,29
2021-12-21,4517,chop,XUSIN,-0.007585208287059775,10.0,29
2021-12-21,4517,chop,XGIDA,-0.18182806739696078,23.0,29
2021-12-21,4517,chop,XKMYA,0.013651954413590683,7.0,29
2021-12-21,4517,chop,XMADN,-0.028270336101499094,13.0,29
2021-12-21,4517,chop,XMANA,0.06671236004607772,2.0,29
2021-12-21,4517,chop,XMESY,0.05670391678186659,3.0,29
2021-12-21,4517,chop,XKAGT,-0.0810495997585623,14.0,29
2021-12-21,4517,chop,XTAST,-0.14476460523393198,18.0,29
2021-12-21,4517,chop,XTEKS,-0.24155637234355098,26.0,29
2021-12-21,4517,chop,XUHIZ,-0.11270851467222265,16.0,29
2021-12-21,4517,chop,XELKT,-0.21311048028256274,25.0,29
2021-12-21,4517,chop,XILTM,-0.08733855888391129,15.0,29
2021-12-21,4517,chop,XINSA,-0.001253738395649906,9.0,29
2021-12-21,4517,chop,XSPOR,0.11630946089972727,1.0,29
2021-12-21,4517,chop,XTCRT,-0.1738079703572335,21.0,29
2021-12-21,4517,chop,XTRZM,-0.14095148356996234,17.0,29
2021-12-21,4517,chop,XULAS,0.04181196900422046,4.0,29
2021-12-21,4517,chop,XUMAL,-0.014089676109165117,11.0,29
2021-12-21,4517,chop,XBANK,0.036814006171754565,5.0,29
2021-12-21,4517,chop,XSGRT,-0.1908544410949513,24.0,29
2021-12-21,4517,chop,XFINK,-0.2899032369989629,28.0,29
2021-12-21,4517,chop,XHOLD,0.0031224320466283206,8.0,29
2021-12-21,4517,chop,XGMYO,-0.15474126113288977,20.0,29
2021-12-21,4517,chop,XAKUR,0.02547185203451008,6.0,29
2021-12-21,4517,chop,XYORT,-0.3290246985488414,29.0,29
2021-12-21,4517,chop,XUTEK,-0.025697378880131794,12.0,29
2021-12-21,4517,chop,XBLSM,-0.15250684895986422,19.0,29
2021-12-21,4517,chop,XTUMY,-0.1739088327546563,22.0,29
2021-12-21,4517,chop,XHARZ,-0.2675050212512784,27.0,29
2021-12-21,4517,late_pre,XUSIN,0.00843763790914398,11.0,29
2021-12-21,4517,late_pre,XGIDA,-0.0029454259658944215,15.0,29
2021-12-21,4517,late_pre,XKMYA,0.02149496963437958,8.0,29
2021-12-21,4517,late_pre,XMADN,-0.07503542855392886,27.0,29
2021-12-21,4517,late_pre,XMANA,0.08621796935188653,3.0,29
2021-12-21,4517,late_pre,XMESY,-0.045814605360954164,22.0,29
2021-12-21,4517,late_pre,XKAGT,-0.12234730277833505,28.0,29
2021-12-21,4517,late_pre,XTAST,-0.030876265269281777,20.0,29
2021-12-21,4517,late_pre,XTEKS,-0.04705949315460989,23.0,29
2021-12-21,4517,late_pre,XUHIZ,-0.033760249126680186,21.0,29
2021-12-21,4517,late_pre,XELKT,-0.030033047086840292,19.0,29
2021-12-21,4517,late_pre,XILTM,-0.005206282884196667,17.0,29
2021-12-21,4517,late_pre,XINSA,-0.010194470200111216,18.0,29
2021-12-21,4517,late_pre,XSPOR,-0.14933335641773682,29.0,29
2021-12-21,4517,late_pre,XTCRT,-0.06196119107206344,25.0,29
2021-12-21,4517,late_pre,XTRZM,0.3665203225209215,1.0,29
2021-12-21,4517,late_pre,XULAS,-0.047727785896534036,24.0,29
2021-12-21,4517,late_pre,XUMAL,0.017366852474785643,10.0,29
2021-12-21,4517,late_pre,XBANK,0.03642419125588625,6.0,29
2021-12-21,4517,late_pre,XSGRT,0.020063033925687312,9.0,29
2021-12-21,4517,late_pre,XFINK,-0.06490682918724444,26.0,29
2021-12-21,4517,late_pre,XHOLD,-0.0031471269950499314,16.0,29
2021-12-21,4517,late_pre,XGMYO,0.00573019965645627,13.0,29
2021-12-21,4517,late_pre,XAKUR,0.22041630937357137,2.0,29
2021-12-21,4517,late_pre,XYORT,0.02809446238618385,7.0,29
2021-12-21,4517,late_pre,XUTEK,0.0015185220944599065,14.0,29
2021-12-21,4517,late_pre,XBLSM,0.041943104870310055,5.0,29
2021-12-21,4517,late_pre,XTUMY,0.007619007514327203,12.0,29
2021-12-21,4517,late_pre,XHARZ,0.05017830150959268,4.0,29
2021-12-21,4517,early_post,XUSIN,0.03150143936067229,5.0,29
2021-12-21,4517,early_post,XGIDA,-0.04031544191174197,18.0,29
2021-12-21,4517,early_post,XKMYA,0.04814785028163371,3.0,29
2021-12-21,4517,early_post,XMADN,0.020982046338500426,6.0,29
2021-12-21,4517,early_post,XMANA,0.05666498593564229,2.0,29
2021-12-21,4517,early_post,XMESY,0.04112008876217366,4.0,29
2021-12-21,4517,early_post,XKAGT,-0.048761786387920836,20.0,29
2021-12-21,4517,early_post,XTAST,-0.03047174933329244,16.0,29
2021-12-21,4517,early_post,XTEKS,-0.030190605725675113,15.0,29
2021-12-21,4517,early_post,XUHIZ,-0.003920127154545261,11.0,29
2021-12-21,4517,early_post,XELKT,0.009479455852130059,8.0,29
2021-12-21,4517,early_post,XILTM,0.006482833024552326,9.0,29
2021-12-21,4517,early_post,XINSA,-0.01797330196620406,13.0,29
2021-12-21,4517,early_post,XSPOR,-0.09156563931107953,25.0,29
2021-12-21,4517,early_post,XTCRT,-0.03935851217492203,17.0,29
2021-12-21,4517,early_post,XTRZM,-0.11394066518610302,27.0,29
2021-12-21,4517,early_post,XULAS,0.12062147556491398,1.0,29
2021-12-21,4517,early_post,XUMAL,-0.0661934643526898,23.0,29
2021-12-21,4517,early_post,XBANK,-0.13557652843054935,28.0,29
2021-12-21,4517,early_post,XSGRT,-0.06959715833174585,24.0,29
2021-12-21,4517,early_post,XFINK,-0.028329062516244674,14.0,29
2021-12-21,4517,early_post,XHOLD,-0.002851527939666587,10.0,29
2021-12-21,4517,early_post,XGMYO,-0.05498982434257704,22.0,29
2021-12-21,4517,early_post,XAKUR,-0.14123972173475463,29.0,29
2021-12-21,4517,early_post,XYORT,-0.10819839641018625,26.0,29
2021-12-21,4517,early_post,XUTEK,0.011297781632866988,7.0,29
2021-12-21,4517,early_post,XBLSM,-0.010259683353722071,12.0,29
2021-12-21,4517,early_post,XTUMY,-0.048917458504941225,21.0,29
2021-12-21,4517,early_post,XHARZ,-0.04856974155951632,19.0,29
2021-12-21,4517,mid_post,XUSIN,-0.040004859745734644,20.0,29
2021-12-21,4517,mid_post,XGIDA,0.0034918109806831854,13.0,29
2021-12-21,4517,mid_post,XKMYA,-0.032126775075162484,18.0,29
2021-12-21,4517,mid_post,XMADN,0.024289678043997842,9.0,29
2021-12-21,4517,mid_post,XMANA,-0.0739018060018336,25.0,29
2021-12-21,4517,mid_post,XMESY,-0.025657806760667756,16.0,29
2021-12-21,4517,mid_post,XKAGT,-0.037790970736873764,19.0,29
2021-12-21,4517,mid_post,XTAST,-0.1024489178037451,28.0,29
2021-12-21,4517,mid_post,XTEKS,0.01529671171369662,12.0,29
2021-12-21,4517,mid_post,XUHIZ,0.027193799707935673,8.0,29
2021-12-21,4517,mid_post,XELKT,0.061107340252755105,4.0,29
2021-12-21,4517,mid_post,XILTM,-0.09564489797410825,27.0,29
2021-12-21,4517,mid_post,XINSA,-0.059593790821507286,22.0,29
2021-12-21,4517,mid_post,XSPOR,-0.14857470134312345,29.0,29
2021-12-21,4517,mid_post,XTCRT,0.0340766089946507,7.0,29
2021-12-21,4517,mid_post,XTRZM,0.4666494804628798,1.0,29
2021-12-21,4517,mid_post,XULAS,0.1804354542310478,2.0,29
2021-12-21,4517,mid_post,XUMAL,0.035657143082927556,6.0,29
2021-12-21,4517,mid_post,XBANK,0.05941012050189465,5.0,29
2021-12-21,4517,mid_post,XSGRT,-0.010393275960654424,14.0,29
2021-12-21,4517,mid_post,XFINK,-0.06729377762602495,24.0,29
2021-12-21,4517,mid_post,XHOLD,0.01700613629136538,11.0,29
2021-12-21,4517,mid_post,XGMYO,0.07266371100592206,3.0,29
2021-12-21,4517,mid_post,XAKUR,-0.09091905371959708,26.0,29
2021-12-21,4517,mid_post,XYORT,-0.031478185845459694,17.0,29
2021-12-21,4517,mid_post,XUTEK,-0.05831123075191358,21.0,29
2021-12-21,4517,mid_post,XBLSM,-0.06523078446734287,23.0,29
2021-12-21,4517,mid_post,XTUMY,-0.013192527587418512,15.0,29
2021-12-21,4517,mid_post,XHARZ,0.01847840180093252,10.0,29
2022-02-23,4563,chop,XUSIN,-0.027066648348757605,15.0,29
2022-02-23,4563,chop,XGIDA,0.0416357339391904,5.0,29
2022-02-23,4563,chop,XKMYA,-0.03454951124579164,16.0,29
2022-02-23,4563,chop,XMADN,-0.011044220614909284,13.0,29
2022-02-23,4563,chop,XMANA,0.06488884400792139,4.0,29
2022-02-23,4563,chop,XMESY,-0.10375148023005076,24.0,29
2022-02-23,4563,chop,XKAGT,-0.19315380057985188,28.0,29
2022-02-23,4563,chop,XTAST,-0.12551059823747135,27.0,29
2022-02-23,4563,chop,XTEKS,-0.10102488814775756,23.0,29
2022-02-23,4563,chop,XUHIZ,0.002607724595502958,12.0,29
2022-02-23,4563,chop,XELKT,0.028425494946656915,7.0,29
2022-02-23,4563,chop,XILTM,-0.08564484036442965,22.0,29
2022-02-23,4563,chop,XINSA,-0.113460943467517,26.0,29
2022-02-23,4563,chop,XSPOR,-0.255607516274141,29.0,29
2022-02-23,4563,chop,XTCRT,-0.05122106449870589,17.0,29
2022-02-23,4563,chop,XTRZM,0.30434110704400497,2.0,29
2022-02-23,4563,chop,XULAS,0.35839262955854556,1.0,29
2022-02-23,4563,chop,XUMAL,0.010646605200104409,10.0,29
2022-02-23,4563,chop,XBANK,0.027511414255408706,8.0,29
2022-02-23,4563,chop,XSGRT,0.03766686194243207,6.0,29
2022-02-23,4563,chop,XFINK,-0.10905549874129228,25.0,29
2022-02-23,4563,chop,XHOLD,0.0049966391604296945,11.0,29
2022-02-23,4563,chop,XGMYO,-0.022936286109463078,14.0,29
2022-02-23,4563,chop,XAKUR,0.0659355990154542,3.0,29
2022-02-23,4563,chop,XYORT,-0.06584175684929428,20.0,29
2022-02-23,4563,chop,XUTEK,-0.0569125213008288,19.0,29
2022-02-23,4563,chop,XBLSM,-0.06834532771116286,21.0,29
2022-02-23,4563,chop,XTUMY,-0.05260536079138367,18.0,29
2022-02-23,4563,chop,XHARZ,0.011598527378978929,9.0,29
2022-02-23,4563,late_pre,XUSIN,0.009265805098409574,7.0,29
2022-02-23,4563,late_pre,XGIDA,-0.06597531267307144,22.0,29
2022-02-23,4563,late_pre,XKMYA,-0.00774007064933413,11.0,29
2022-02-23,4563,late_pre,XMADN,-0.06901363808929162,23.0,29
2022-02-23,4563,late_pre,XMANA,0.07129730428826575,3.0,29
2022-02-23,4563,late_pre,XMESY,0.018091670730938536,5.0,29
2022-02-23,4563,late_pre,XKAGT,-0.019534992609275492,12.0,29
2022-02-23,4563,late_pre,XTAST,-0.057633368564734555,19.0,29
2022-02-23,4563,late_pre,XTEKS,0.005856943531486025,8.0,29
2022-02-23,4563,late_pre,XUHIZ,0.0003446833293669904,10.0,29
2022-02-23,4563,late_pre,XELKT,0.015765099544602812,6.0,29
2022-02-23,4563,late_pre,XILTM,0.0751538570782071,2.0,29
2022-02-23,4563,late_pre,XINSA,-0.06960978757547354,24.0,29
2022-02-23,4563,late_pre,XSPOR,-0.11093364714336229,29.0,29
2022-02-23,4563,late_pre,XTCRT,0.0021478392615464914,9.0,29
2022-02-23,4563,late_pre,XTRZM,0.08644497065225831,1.0,29
2022-02-23,4563,late_pre,XULAS,-0.03922106858004859,17.0,29
2022-02-23,4563,late_pre,XUMAL,-0.022503735348192833,14.0,29
2022-02-23,4563,late_pre,XBANK,-0.020054013641731316,13.0,29
2022-02-23,4563,late_pre,XSGRT,-0.09887910478529693,28.0,29
2022-02-23,4563,late_pre,XFINK,-0.07359374707313293,26.0,29
2022-02-23,4563,late_pre,XHOLD,-0.03072578610801746,15.0,29
2022-02-23,4563,late_pre,XGMYO,0.028604671935964165,4.0,29
2022-02-23,4563,late_pre,XAKUR,-0.09045068868423944,27.0,29
2022-02-23,4563,late_pre,XYORT,-0.0605936005156783,20.0,29
2022-02-23,4563,late_pre,XUTEK,-0.07169255614240067,25.0,29
2022-02-23,4563,late_pre,XBLSM,-0.06469920395976048,21.0,29
2022-02-23,4563,late_pre,XTUMY,-0.03523907486866018,16.0,29
2022-02-23,4563,late_pre,XHARZ,-0.05562097819732059,18.0,29
2022-02-23,4563,early_post,XUSIN,0.03256714105111724,5.0,29
2022-02-23,4563,early_post,XGIDA,-0.08015276579360164,25.0,29
2022-02-23,4563,early_post,XKMYA,0.06982494623888047,3.0,29
2022-02-23,4563,early_post,XMADN,0.182903282793343,1.0,29
2022-02-23,4563,early_post,XMANA,0.10930995038013958,2.0,29
2022-02-23,4563,early_post,XMESY,-0.07154823108369546,24.0,29
2022-02-23,4563,early_post,XKAGT,0.0019456775190898057,9.0,29
2022-02-23,4563,early_post,XTAST,-0.030321005645869148,13.0,29
2022-02-23,4563,early_post,XTEKS,-0.0474626624331389,20.0,29
2022-02-23,4563,early_post,XUHIZ,-0.04232841277225541,18.0,29
2022-02-23,4563,early_post,XELKT,-0.034141329084520944,16.0,29
2022-02-23,4563,early_post,XILTM,-0.04398149712958732,19.0,29
2022-02-23,4563,early_post,XINSA,0.02872358380669704,6.0,29
2022-02-23,4563,early_post,XSPOR,-0.08504141290906775,26.0,29
2022-02-23,4563,early_post,XTCRT,-0.020375929247413493,10.0,29
2022-02-23,4563,early_post,XTRZM,-0.20219836835342542,29.0,29
2022-02-23,4563,early_post,XULAS,-0.10311811646913782,27.0,29
2022-02-23,4563,early_post,XUMAL,-0.037621445493628336,17.0,29
2022-02-23,4563,early_post,XBANK,-0.059338953769569436,23.0,29
2022-02-23,4563,early_post,XSGRT,-0.12613405516873843,28.0,29
2022-02-23,4563,early_post,XFINK,-0.04833311490593539,21.0,29
2022-02-23,4563,early_post,XHOLD,-0.031478510633623946,15.0,29
2022-02-23,4563,early_post,XGMYO,0.011820448031984343,7.0,29
2022-02-23,4563,early_post,XAKUR,0.010637392529584844,8.0,29
2022-02-23,4563,early_post,XYORT,-0.022987844141240554,12.0,29
2022-02-23,4563,early_post,XUTEK,0.062166439245180616,4.0,29
2022-02-23,4563,early_post,XBLSM,-0.052249838960411576,22.0,29
2022-02-23,4563,early_post,XTUMY,-0.030811645852573122,14.0,29
2022-02-23,4563,early_post,XHARZ,-0.021640816479619573,11.0,29
2022-02-23,4563,mid_post,XUSIN,-0.0648697453359195,20.0,29
2022-02-23,4563,mid_post,XGIDA,-0.08016556128623753,21.0,29
2022-02-23,4563,mid_post,XKMYA,0.004337762426106062,12.0,29
2022-02-23,4563,mid_post,XMADN,-0.0049574202545081825,14.0,29
2022-02-23,4563,mid_post,XMANA,-0.18987071655527044,28.0,29
2022-02-23,4563,mid_post,XMESY,0.006524795089103641,11.0,29
2022-02-23,4563,mid_post,XKAGT,-0.01872044376793003,16.0,29
2022-02-23,4563,mid_post,XTAST,0.028099688578723248,8.0,29
2022-02-23,4563,mid_post,XTEKS,0.004041304117592404,13.0,29
2022-02-23,4563,mid_post,XUHIZ,-0.005931859891149083,15.0,29
2022-02-23,4563,mid_post,XELKT,0.038268992465192,7.0,29
2022-02-23,4563,mid_post,XILTM,-0.094449220737852,23.0,29
2022-02-23,4563,mid_post,XINSA,-0.12823552811336203,26.0,29
2022-02-23,4563,mid_post,XSPOR,0.058908558352606555,6.0,29
2022-02-23,4563,mid_post,XTCRT,-0.052421336798722296,18.0,29
2022-02-23,4563,mid_post,XTRZM,-0.23765757151026778,29.0,29
2022-02-23,4563,mid_post,XULAS,0.2525460150599792,1.0,29
2022-02-23,4563,mid_post,XUMAL,0.06078314618091207,5.0,29
2022-02-23,4563,mid_post,XBANK,0.07796043798505492,2.0,29
2022-02-23,4563,mid_post,XSGRT,-0.05477520447056161,19.0,29
2022-02-23,4563,mid_post,XFINK,0.019296766219715655,9.0,29
2022-02-23,4563,mid_post,XHOLD,0.06686765864757116,3.0,29
2022-02-23,4563,mid_post,XGMYO,0.017803763118793503,10.0,29
2022-02-23,4563,mid_post,XAKUR,0.06330648790339088,4.0,29
2022-02-23,4563,mid_post,XYORT,-0.15732097981094784,27.0,29
2022-02-23,4563,mid_post,XUTEK,-0.1007788661828879,24.0,29
2022-02-23,4563,mid_post,XBLSM,-0.11877357726068216,25.0,29
2022-02-23,4563,mid_post,XTUMY,-0.08049105470231921,22.0,29
2022-02-23,4563,mid_post,XHARZ,-0.04477556706205754,17.0,29
2022-07-04,4652,chop,XUSIN,-0.018313962087114444,16.0,29
2022-07-04,4652,chop,XGIDA,-0.00045764158917727116,13.0,29
2022-07-04,4652,chop,XKMYA,0.06740395846629377,8.0,29
2022-07-04,4652,chop,XMADN,0.05426687127591934,10.0,29
2022-07-04,4652,chop,XMANA,-0.11753014286297381,25.0,29
2022-07-04,4652,chop,XMESY,-0.07754013708626273,22.0,29
2022-07-04,4652,chop,XKAGT,0.09702614079318472,6.0,29
2022-07-04,4652,chop,XTAST,0.11695722343086667,4.0,29
2022-07-04,4652,chop,XTEKS,0.1651269648304039,2.0,29
2022-07-04,4652,chop,XUHIZ,-0.01894490413240213,17.0,29
2022-07-04,4652,chop,XELKT,0.10501321510316375,5.0,29
2022-07-04,4652,chop,XILTM,-0.2741607405035881,29.0,29
2022-07-04,4652,chop,XINSA,-0.04367315935643856,19.0,29
2022-07-04,4652,chop,XSPOR,-0.08798440542356789,23.0,29
2022-07-04,4652,chop,XTCRT,-0.06235107545761487,21.0,29
2022-07-04,4652,chop,XTRZM,-0.22292625017665024,28.0,29
2022-07-04,4652,chop,XULAS,0.25146278950048107,1.0,29
2022-07-04,4652,chop,XUMAL,0.045165976208689784,12.0,29
2022-07-04,4652,chop,XBANK,0.08057729564865279,7.0,29
2022-07-04,4652,chop,XSGRT,-0.143526672159066,27.0,29
2022-07-04,4652,chop,XFINK,-0.003041678981741569,14.0,29
2022-07-04,4652,chop,XHOLD,0.04717728789606079,11.0,29
2022-07-04,4652,chop,XGMYO,-0.02300584483939061,18.0,29
2022-07-04,4652,chop,XAKUR,0.12345793253986681,3.0,29
2022-07-04,4652,chop,XYORT,-0.13063463949841903,26.0,29
2022-07-04,4652,chop,XUTEK,-0.11425385396851961,24.0,29
2022-07-04,4652,chop,XBLSM,-0.047054008771732825,20.0,29
2022-07-04,4652,chop,XTUMY,-0.011793620165742258,15.0,29
2022-07-04,4652,chop,XHARZ,0.05914976160449048,9.0,29
2022-07-04,4652,late_pre,XUSIN,-0.024289757134469125,27.0,29
2022-07-04,4652,late_pre,XGIDA,0.07374333028179336,10.0,29
2022-07-04,4652,late_pre,XKMYA,0.006555060980804717,22.0,29
2022-07-04,4652,late_pre,XMADN,0.013675792410809628,21.0,29
2022-07-04,4652,late_pre,XMANA,-0.13338365780904327,29.0,29
2022-07-04,4652,late_pre,XMESY,-0.012724627622404006,25.0,29
2022-07-04,4652,late_pre,XKAGT,0.09288062883109294,6.0,29
2022-07-04,4652,late_pre,XTAST,0.016410585013061696,20.0,29
2022-07-04,4652,late_pre,XTEKS,0.053357543904885785,15.0,29
2022-07-04,4652,late_pre,XUHIZ,0.0725142014128679,11.0,29
2022-07-04,4652,late_pre,XELKT,0.08850360974191196,8.0,29
2022-07-04,4652,late_pre,XILTM,-0.017196314536761292,26.0,29
2022-07-04,4652,late_pre,XINSA,0.19055590699148595,1.0,29
2022-07-04,4652,late_pre,XSPOR,0.14090120374734205,2.0,29
2022-07-04,4652,late_pre,XTCRT,0.053697534660499535,14.0,29
2022-07-04,4652,late_pre,XTRZM,0.038335699154912306,16.0,29
2022-07-04,4652,late_pre,XULAS,0.10017978392477223,5.0,29
2022-07-04,4652,late_pre,XUMAL,0.02669017072862767,18.0,29
2022-07-04,4652,late_pre,XBANK,-0.03523515687797951,28.0,29
2022-07-04,4652,late_pre,XSGRT,0.06814591124687686,12.0,29
2022-07-04,4652,late_pre,XFINK,-0.010985427432048,24.0,29
2022-07-04,4652,late_pre,XHOLD,0.029835268623678912,17.0,29
2022-07-04,4652,late_pre,XGMYO,0.1263790740733477,3.0,29
2022-07-04,4652,late_pre,XAKUR,0.058540747799279313,13.0,29
2022-07-04,4652,late_pre,XYORT,0.09111962793821338,7.0,29
2022-07-04,4652,late_pre,XUTEK,0.005989092238211091,23.0,29
2022-07-04,4652,late_pre,XBLSM,0.026362287004713547,19.0,29
2022-07-04,4652,late_pre,XTUMY,0.07694372271419847,9.0,29
2022-07-04,4652,late_pre,XHARZ,0.11323747854143629,4.0,29
2022-07-04,4652,early_post,XUSIN,-0.009272377184867953,24.0,29
2022-07-04,4652,early_post,XGIDA,0.048145844863488385,5.0,29
2022-07-04,4652,early_post,XKMYA,-0.02519624266152576,26.0,29
2022-07-04,4652,early_post,XMADN,-0.17548209248085178,29.0,29
2022-07-04,4652,early_post,XMANA,0.013721269571027372,16.0,29
2022-07-04,4652,early_post,XMESY,-0.008602987688322461,23.0,29
2022-07-04,4652,early_post,XKAGT,0.030262056853697095,9.0,29
2022-07-04,4652,early_post,XTAST,0.021286819894095865,13.0,29
2022-07-04,4652,early_post,XTEKS,-0.004858960301594273,21.0,29
2022-07-04,4652,early_post,XUHIZ,0.019003153256980765,14.0,29
2022-07-04,4652,early_post,XELKT,0.0771876067085393,1.0,29
2022-07-04,4652,early_post,XILTM,-0.006030526050439633,22.0,29
2022-07-04,4652,early_post,XINSA,0.03287328989920546,8.0,29
2022-07-04,4652,early_post,XSPOR,0.006716479561782007,17.0,29
2022-07-04,4652,early_post,XTCRT,0.014939306876935676,15.0,29
2022-07-04,4652,early_post,XTRZM,0.06428831043924044,2.0,29
2022-07-04,4652,early_post,XULAS,-0.018670396197615124,25.0,29
2022-07-04,4652,early_post,XUMAL,0.02436017760001641,12.0,29
2022-07-04,4652,early_post,XBANK,0.0582520727067688,3.0,29
2022-07-04,4652,early_post,XSGRT,-0.06212043857362359,28.0,29
2022-07-04,4652,early_post,XFINK,0.002620183174206314,20.0,29
2022-07-04,4652,early_post,XHOLD,0.005056109866019121,18.0,29
2022-07-04,4652,early_post,XGMYO,0.03733639738112715,7.0,29
2022-07-04,4652,early_post,XAKUR,0.0290868211122004,11.0,29
2022-07-04,4652,early_post,XYORT,-0.03480519508255808,27.0,29
2022-07-04,4652,early_post,XUTEK,0.0027805634263793344,19.0,29
2022-07-04,4652,early_post,XBLSM,0.02941480301101751,10.0,29
2022-07-04,4652,early_post,XTUMY,0.04090085934282861,6.0,29
2022-07-04,4652,early_post,XHARZ,0.05337165966269519,4.0,29
2022-07-04,4652,mid_post,XUSIN,-0.11843877893454491,17.0,29
2022-07-04,4652,mid_post,XGIDA,-0.1871543703479801,24.0,29
2022-07-04,4652,mid_post,XKMYA,-0.010766088489610803,7.0,29
2022-07-04,4652,mid_post,XMADN,-0.2712399909511658,27.0,29
2022-07-04,4652,mid_post,XMANA,-0.20999560325981337,25.0,29
2022-07-04,4652,mid_post,XMESY,-0.10845920621917116,16.0,29
2022-07-04,4652,mid_post,XKAGT,-0.17581519972478477,23.0,29
2022-07-04,4652,mid_post,XTAST,-0.096832431473864,15.0,29
2022-07-04,4652,mid_post,XTEKS,-0.15354251933759322,20.0,29
2022-07-04,4652,mid_post,XUHIZ,-0.015366605785514631,9.0,29
2022-07-04,4652,mid_post,XELKT,-0.024292980122354813,10.0,29
2022-07-04,4652,mid_post,XILTM,-0.051482281602446944,13.0,29
2022-07-04,4652,mid_post,XINSA,-0.2921099222893191,29.0,29
2022-07-04,4652,mid_post,XSPOR,-0.013199924993189782,8.0,29
2022-07-04,4652,mid_post,XTCRT,0.015306393523901507,5.0,29
2022-07-04,4652,mid_post,XTRZM,-0.16310668056099842,21.0,29
2022-07-04,4652,mid_post,XULAS,0.12330913101378571,3.0,29
2022-07-04,4652,mid_post,XUMAL,0.07940964070643175,4.0,29
2022-07-04,4652,mid_post,XBANK,0.5087966929200609,1.0,29
2022-07-04,4652,mid_post,XSGRT,0.007913515329554865,6.0,29
2022-07-04,4652,mid_post,XFINK,0.434571449174016,2.0,29
2022-07-04,4652,mid_post,XHOLD,-0.047361884700618306,12.0,29
2022-07-04,4652,mid_post,XGMYO,-0.2372172281528171,26.0,29
2022-07-04,4652,mid_post,XAKUR,-0.07688524580056977,14.0,29
2022-07-04,4652,mid_post,XYORT,-0.025475438886769064,11.0,29
2022-07-04,4652,mid_post,XUTEK,-0.17564469348212053,22.0,29
2022-07-04,4652,mid_post,XBLSM,-0.2783911904427525,28.0,29
2022-07-04,4652,mid_post,XTUMY,-0.15208039111298288,19.0,29
2022-07-04,4652,mid_post,XHARZ,-0.13965951488539585,18.0,29
2022-09-28,4710,chop,XUSIN,-0.0943531059721574,22.0,29
2022-09-28,4710,chop,XGIDA,-0.05562602880784162,17.0,29
2022-09-28,4710,chop,XKMYA,0.011703609544658988,9.0,29
2022-09-28,4710,chop,XMADN,-0.38195846313009996,29.0,29
2022-09-28,4710,chop,XMANA,-0.22747138905884912,28.0,29
2022-09-28,4710,chop,XMESY,-0.08389522340598154,21.0,29
2022-09-28,4710,chop,XKAGT,-0.09747869661150621,23.0,29
2022-09-28,4710,chop,XTAST,-0.008605827993672932,13.0,29
2022-09-28,4710,chop,XTEKS,-0.08229995849630711,20.0,29
2022-09-28,4710,chop,XUHIZ,0.05468464337648138,8.0,29
2022-09-28,4710,chop,XELKT,0.14175658920438505,3.0,29
2022-09-28,4710,chop,XILTM,-0.013261829529650715,14.0,29
2022-09-28,4710,chop,XINSA,-0.16943466107820582,27.0,29
2022-09-28,4710,chop,XSPOR,0.14087745296530008,4.0,29
2022-09-28,4710,chop,XTCRT,0.07576740993348641,6.0,29
2022-09-28,4710,chop,XTRZM,-0.05726645835260724,18.0,29
2022-09-28,4710,chop,XULAS,0.09197209337537893,5.0,29
2022-09-28,4710,chop,XUMAL,0.07338932849169866,7.0,29
2022-09-28,4710,chop,XBANK,0.41590524562574793,2.0,29
2022-09-28,4710,chop,XSGRT,-0.00018382960913077007,10.0,29
2022-09-28,4710,chop,XFINK,0.4832679052031448,1.0,29
2022-09-28,4710,chop,XHOLD,-0.038585747789777525,15.0,29
2022-09-28,4710,chop,XGMYO,-0.14167735464728404,24.0,29
2022-09-28,4710,chop,XAKUR,-0.06631791596534753,19.0,29
2022-09-28,4710,chop,XYORT,-0.003360705807502695,12.0,29
2022-09-28,4710,chop,XUTEK,-0.16721883321524245,26.0,29
2022-09-28,4710,chop,XBLSM,-0.16069598689044984,25.0,29
2022-09-28,4710,chop,XTUMY,-0.043035310967474816,16.0,29
2022-09-28,4710,chop,XHARZ,-0.00045192043424835404,11.0,29
2022-09-28,4710,late_pre,XUSIN,0.027152005744679242,14.0,29
2022-09-28,4710,late_pre,XGIDA,0.015472272637369278,17.0,29
2022-09-28,4710,late_pre,XKMYA,0.027524967575029313,13.0,29
2022-09-28,4710,late_pre,XMADN,0.09731328077439283,5.0,29
2022-09-28,4710,late_pre,XMANA,0.042205181926527,10.0,29
2022-09-28,4710,late_pre,XMESY,0.0047310075294269005,19.0,29
2022-09-28,4710,late_pre,XKAGT,0.00812124449343643,18.0,29
2022-09-28,4710,late_pre,XTAST,0.020222401519196298,15.0,29
2022-09-28,4710,late_pre,XTEKS,0.04068682316136574,11.0,29
2022-09-28,4710,late_pre,XUHIZ,0.04362057872029057,9.0,29
2022-09-28,4710,late_pre,XELKT,0.14954613932031058,3.0,29
2022-09-28,4710,late_pre,XILTM,-0.049480086689301817,24.0,29
2022-09-28,4710,late_pre,XINSA,-0.057108942412474106,25.0,29
2022-09-28,4710,late_pre,XSPOR,-0.17924121349530975,29.0,29
2022-09-28,4710,late_pre,XTCRT,0.09112081021451557,6.0,29
2022-09-28,4710,late_pre,XTRZM,0.17666893149101548,2.0,29
2022-09-28,4710,late_pre,XULAS,-0.011965778584266729,21.0,29
2022-09-28,4710,late_pre,XUMAL,-0.04052509866458798,23.0,29
2022-09-28,4710,late_pre,XBANK,-0.12348811740904153,28.0,29
2022-09-28,4710,late_pre,XSGRT,0.0029511142027316417,20.0,29
2022-09-28,4710,late_pre,XFINK,-0.09502889923651581,26.0,29
2022-09-28,4710,late_pre,XHOLD,0.03140558787881931,12.0,29
2022-09-28,4710,late_pre,XGMYO,-0.11377243637077228,27.0,29
2022-09-28,4710,late_pre,XAKUR,0.22631863783955786,1.0,29
2022-09-28,4710,late_pre,XYORT,0.01711218364434508,16.0,29
2022-09-28,4710,late_pre,XUTEK,0.07302597013675238,7.0,29
2022-09-28,4710,late_pre,XBLSM,-0.012619202390139361,22.0,29
2022-09-28,4710,late_pre,XTUMY,0.051398779294523855,8.0,29
2022-09-28,4710,late_pre,XHARZ,0.13575664617003036,4.0,29
2022-09-28,4710,early_post,XUSIN,-0.009345714773653313,9.0,29
2022-09-28,4710,early_post,XGIDA,-0.01267907817275482,11.0,29
2022-09-28,4710,early_post,XKMYA,0.06931592256539898,3.0,29
2022-09-28,4710,early_post,XMADN,-0.0420967138741104,19.0,29
2022-09-28,4710,early_post,XMANA,-0.08952691744435248,25.0,29
2022-09-28,4710,early_post,XMESY,-0.06103187850645564,22.0,29
2022-09-28,4710,early_post,XKAGT,0.06444606887449944,4.0,29
2022-09-28,4710,early_post,XTAST,-0.02985526174170694,17.0,29
2022-09-28,4710,early_post,XTEKS,-0.018875655319487317,12.0,29
2022-09-28,4710,early_post,XUHIZ,0.030620392769355798,5.0,29
2022-09-28,4710,early_post,XELKT,0.09345697916980056,2.0,29
2022-09-28,4710,early_post,XILTM,0.020076012714609792,7.0,29
2022-09-28,4710,early_post,XINSA,-0.019387054240135315,13.0,29
2022-09-28,4710,early_post,XSPOR,-0.12544449162665594,27.0,29
2022-09-28,4710,early_post,XTCRT,-0.060823861415483016,21.0,29
2022-09-28,4710,early_post,XTRZM,-0.13860647352192423,28.0,29
2022-09-28,4710,early_post,XULAS,0.12325760755319592,1.0,29
2022-09-28,4710,early_post,XUMAL,-0.020235112963276958,16.0,29
2022-09-28,4710,early_post,XBANK,-0.007864484860325094,8.0,29
2022-09-28,4710,early_post,XSGRT,-0.07952373125368872,24.0,29
2022-09-28,4710,early_post,XFINK,-0.06365647042654876,23.0,29
2022-09-28,4710,early_post,XHOLD,-0.012056985576479606,10.0,29
2022-09-28,4710,early_post,XGMYO,-0.0317266795876876,18.0,29
2022-09-28,4710,early_post,XAKUR,-0.2060756750030297,29.0,29
2022-09-28,4710,early_post,XYORT,-0.10345538899122886,26.0,29
2022-09-28,4710,early_post,XUTEK,-0.05477743390298384,20.0,29
2022-09-28,4710,early_post,XBLSM,-0.019614031564200607,14.0,29
2022-09-28,4710,early_post,XTUMY,-0.019765714465160622,15.0,29
2022-09-28,4710,early_post,XHARZ,0.027909490956508298,6.0,29
2022-09-28,4710,mid_post,XUSIN,0.03972856918169021,13.0,29
2022-09-28,4710,mid_post,XGIDA,-0.04795812460936566,24.0,29
2022-09-28,4710,mid_post,XKMYA,0.06869887343662029,11.0,29
2022-09-28,4710,mid_post,XMADN,0.2098340469939166,3.0,29
2022-09-28,4710,mid_post,XMANA,0.03811090101659831,14.0,29
2022-09-28,4710,mid_post,XMESY,0.012208488203173218,16.0,29
2022-09-28,4710,mid_post,XKAGT,0.056926563005905706,12.0,29
2022-09-28,4710,mid_post,XTAST,0.014176042212663997,15.0,29
2022-09-28,4710,mid_post,XTEKS,-0.038353279334575996,22.0,29
2022-09-28,4710,mid_post,XUHIZ,-0.001004178044002435,18.0,29
2022-09-28,4710,mid_post,XELKT,0.12148281015348883,7.0,29
2022-09-28,4710,mid_post,XILTM,0.10032059869702481,9.0,29
2022-09-28,4710,mid_post,XINSA,0.26209540710519397,1.0,29
2022-09-28,4710,mid_post,XSPOR,-0.2502936266658662,29.0,29
2022-09-28,4710,mid_post,XTCRT,-0.21131633979703857,28.0,29
2022-09-28,4710,mid_post,XTRZM,0.10598202837808013,8.0,29
2022-09-28,4710,mid_post,XULAS,-0.0743859239454372,25.0,29
2022-09-28,4710,mid_post,XUMAL,-0.008878998259773452,20.0,29
2022-09-28,4710,mid_post,XBANK,-0.023315761701147686,21.0,29
2022-09-28,4710,mid_post,XSGRT,0.21935031151051287,2.0,29
2022-09-28,4710,mid_post,XFINK,-0.1269120299682891,26.0,29
2022-09-28,4710,mid_post,XHOLD,-0.00839617258578551,19.0,29
2022-09-28,4710,mid_post,XGMYO,0.0046650479434273695,17.0,29
2022-09-28,4710,mid_post,XAKUR,-0.041895604482453,23.0,29
2022-09-28,4710,mid_post,XYORT,-0.14082439360194776,27.0,29
2022-09-28,4710,mid_post,XUTEK,0.13517072586791645,6.0,29
2022-09-28,4710,mid_post,XBLSM,0.15938162654531407,5.0,29
2022-09-28,4710,mid_post,XTUMY,0.08308418784914107,10.0,29
2022-09-28,4710,mid_post,XHARZ,0.19417128242545556,4.0,29
2023-02-06,4803,chop,XUSIN,-0.030742156280847643,22.0,29
2023-02-06,4803,chop,XGIDA,0.050572749010623363,11.0,29
2023-02-06,4803,chop,XKMYA,-0.18865897499875495,26.0,29
2023-02-06,4803,chop,XMADN,0.6861091427869974,1.0,29
2023-02-06,4803,chop,XMANA,-0.005954771092024691,18.0,29
2023-02-06,4803,chop,XMESY,0.14041758700228435,5.0,29
2023-02-06,4803,chop,XKAGT,-0.10868029624422282,25.0,29
2023-02-06,4803,chop,XTAST,0.03422569198812364,14.0,29
2023-02-06,4803,chop,XTEKS,0.05122020062931698,10.0,29
2023-02-06,4803,chop,XUHIZ,-0.010091397066130492,19.0,29
2023-02-06,4803,chop,XELKT,-0.21051612056650948,27.0,29
2023-02-06,4803,chop,XILTM,0.1125277988910307,8.0,29
2023-02-06,4803,chop,XINSA,0.1824696449711698,2.0,29
2023-02-06,4803,chop,XSPOR,0.01776039304411703,15.0,29
2023-02-06,4803,chop,XTCRT,-0.02585643104889601,20.0,29
2023-02-06,4803,chop,XTRZM,-0.2372461956282892,29.0,29
2023-02-06,4803,chop,XULAS,0.12631998204210104,6.0,29
2023-02-06,4803,chop,XUMAL,0.0364597547085832,13.0,29
2023-02-06,4803,chop,XBANK,-0.026358211348468386,21.0,29
2023-02-06,4803,chop,XSGRT,0.14052964724120298,4.0,29
2023-02-06,4803,chop,XFINK,-0.23184950821378003,28.0,29
2023-02-06,4803,chop,XHOLD,0.0423388445235382,12.0,29
2023-02-06,4803,chop,XGMYO,0.155628313827342,3.0,29
2023-02-06,4803,chop,XAKUR,0.10032371905202986,9.0,29
2023-02-06,4803,chop,XYORT,0.017599963712474187,16.0,29
2023-02-06,4803,chop,XUTEK,0.11461084015502854,7.0,29
2023-02-06,4803,chop,XBLSM,-0.1001967089375424,24.0,29
2023-02-06,4803,chop,XTUMY,0.00017448892947391492,17.0,29
2023-02-06,4803,chop,XHARZ,-0.0847609781116554,23.0,29
2023-02-06,4803,late_pre,XUSIN,0.015001667062875423,8.0,29
2023-02-06,4803,late_pre,XGIDA,-0.07240808281866207,24.0,29
2023-02-06,4803,late_pre,XKMYA,0.0016105006166486913,11.0,29
2023-02-06,4803,late_pre,XMADN,-0.01703096025720008,14.0,29
2023-02-06,4803,late_pre,XMANA,0.03838582506374322,4.0,29
2023-02-06,4803,late_pre,XMESY,0.04358848709008023,3.0,29
2023-02-06,4803,late_pre,XKAGT,-0.09336642354436475,27.0,29
2023-02-06,4803,late_pre,XTAST,0.16504119037245102,1.0,29
2023-02-06,4803,late_pre,XTEKS,-0.04595036188188073,20.0,29
2023-02-06,4803,late_pre,XUHIZ,-0.0038665959800195937,12.0,29
2023-02-06,4803,late_pre,XELKT,-0.11417410705355535,28.0,29
2023-02-06,4803,late_pre,XILTM,0.01338579170164389,9.0,29
2023-02-06,4803,late_pre,XINSA,-0.07410071695047304,25.0,29
2023-02-06,4803,late_pre,XSPOR,0.035385571182250275,6.0,29
2023-02-06,4803,late_pre,XTCRT,0.00303694193576709,10.0,29
2023-02-06,4803,late_pre,XTRZM,0.035832682810172045,5.0,29
2023-02-06,4803,late_pre,XULAS,0.06855620522087447,2.0,29
2023-02-06,4803,late_pre,XUMAL,-0.03249156244174267,18.0,29
2023-02-06,4803,late_pre,XBANK,-0.04848958203772291,21.0,29
2023-02-06,4803,late_pre,XSGRT,-0.06049435974513795,22.0,29
2023-02-06,4803,late_pre,XFINK,-0.12037064026893518,29.0,29
2023-02-06,4803,late_pre,XHOLD,-0.013420742001021169,13.0,29
2023-02-06,4803,late_pre,XGMYO,-0.06222922193434821,23.0,29
2023-02-06,4803,late_pre,XAKUR,0.019552965247783938,7.0,29
2023-02-06,4803,late_pre,XYORT,-0.04138051045579827,19.0,29
2023-02-06,4803,late_pre,XUTEK,-0.02227685864663065,16.0,29
2023-02-06,4803,late_pre,XBLSM,-0.0768021994124024,26.0,29
2023-02-06,4803,late_pre,XTUMY,-0.027207642164034374,17.0,29
2023-02-06,4803,late_pre,XHARZ,-0.02117387104412427,15.0,29
2023-02-06,4803,early_post,XUSIN,0.028755637437921644,4.0,29
2023-02-06,4803,early_post,XGIDA,-0.04632519945508751,20.0,29
2023-02-06,4803,early_post,XKMYA,0.028004662712234563,5.0,29
2023-02-06,4803,early_post,XMADN,-0.11252287518840731,26.0,29
2023-02-06,4803,early_post,XMANA,0.06407313905231238,3.0,29
2023-02-06,4803,early_post,XMESY,0.0015142197267628,8.0,29
2023-02-06,4803,early_post,XKAGT,-0.01277634487740964,12.0,29
2023-02-06,4803,early_post,XTAST,0.24202161072998463,1.0,29
2023-02-06,4803,early_post,XTEKS,0.017792574897024016,6.0,29
2023-02-06,4803,early_post,XUHIZ,-0.047195953183412964,21.0,29
2023-02-06,4803,early_post,XELKT,-0.02497125154155011,16.0,29
2023-02-06,4803,early_post,XILTM,-0.20818910346091724,29.0,29
2023-02-06,4803,early_post,XINSA,0.07550071701145233,2.0,29
2023-02-06,4803,early_post,XSPOR,-0.10619764447939017,25.0,29
2023-02-06,4803,early_post,XTCRT,-0.03591469303170447,18.0,29
2023-02-06,4803,early_post,XTRZM,-0.11360987522166277,27.0,29
2023-02-06,4803,early_post,XULAS,-0.035031482522092094,17.0,29
2023-02-06,4803,early_post,XUMAL,-0.0016213052793516702,10.0,29
2023-02-06,4803,early_post,XBANK,0.017135989900964654,7.0,29
2023-02-06,4803,early_post,XSGRT,-0.12048768809964572,28.0,29
2023-02-06,4803,early_post,XFINK,-0.03889912414118046,19.0,29
2023-02-06,4803,early_post,XHOLD,-0.0005332625351728293,9.0,29
2023-02-06,4803,early_post,XGMYO,-0.01069349739707981,11.0,29
2023-02-06,4803,early_post,XAKUR,-0.08167242996745583,23.0,29
2023-02-06,4803,early_post,XYORT,-0.023265288494228598,14.0,29
2023-02-06,4803,early_post,XUTEK,-0.08978187202981003,24.0,29
2023-02-06,4803,early_post,XBLSM,-0.05063664003747004,22.0,29
2023-02-06,4803,early_post,XTUMY,-0.02370110975098405,15.0,29
2023-02-06,4803,early_post,XHARZ,-0.013439733338580284,13.0,29
2023-02-06,4803,mid_post,XUSIN,-0.035046380665029075,24.0,29
2023-02-06,4803,mid_post,XGIDA,0.08694099922713283,4.0,29
2023-02-06,4803,mid_post,XKMYA,-0.05020838488250767,26.0,29
2023-02-06,4803,mid_post,XMADN,-0.06338790571354402,27.0,29
2023-02-06,4803,mid_post,XMANA,-0.12526030687889922,28.0,29
2023-02-06,4803,mid_post,XMESY,0.0867529850759039,5.0,29
2023-02-06,4803,mid_post,XKAGT,-0.02620812655557514,22.0,29
2023-02-06,4803,mid_post,XTAST,-0.14600170271460844,29.0,29
2023-02-06,4803,mid_post,XTEKS,-0.010682036715346288,20.0,29
2023-02-06,4803,mid_post,XUHIZ,0.040044332721447695,12.0,29
2023-02-06,4803,mid_post,XELKT,0.013903128828878009,17.0,29
2023-02-06,4803,mid_post,XILTM,0.12994104274538976,1.0,29
2023-02-06,4803,mid_post,XINSA,0.08267642516536955,6.0,29
2023-02-06,4803,mid_post,XSPOR,0.044083762355795475,11.0,29
2023-02-06,4803,mid_post,XTCRT,0.11694245946774529,2.0,29
2023-02-06,4803,mid_post,XTRZM,0.03012362839051219,15.0,29
2023-02-06,4803,mid_post,XULAS,-0.03471062752124432,23.0,29
2023-02-06,4803,mid_post,XUMAL,0.03442905526104356,14.0,29
2023-02-06,4803,mid_post,XBANK,0.07063620308650198,7.0,29
2023-02-06,4803,mid_post,XSGRT,0.06584549235172443,9.0,29
2023-02-06,4803,mid_post,XFINK,0.06910127660821352,8.0,29
2023-02-06,4803,mid_post,XHOLD,0.034846564697270654,13.0,29
2023-02-06,4803,mid_post,XGMYO,-0.038314135849915276,25.0,29
2023-02-06,4803,mid_post,XAKUR,-0.017887160215387832,21.0,29
2023-02-06,4803,mid_post,XYORT,0.06309300197863732,10.0,29
2023-02-06,4803,mid_post,XUTEK,-0.0037178071927999046,18.0,29
2023-02-06,4803,mid_post,XBLSM,-0.007267610788732837,19.0,29
2023-02-06,4803,mid_post,XTUMY,0.028103726129734552,16.0,29
2023-02-06,4803,mid_post,XHARZ,0.09396088117761825,3.0,29
2023-05-04,4859,chop,XUSIN,-0.007255732721912489,14.0,29
2023-05-04,4859,chop,XGIDA,0.034632482868248715,10.0,29
2023-05-04,4859,chop,XKMYA,-0.07928504538100856,25.0,29
2023-05-04,4859,chop,XMADN,-0.2271367222121221,29.0,29
2023-05-04,4859,chop,XMANA,-0.006868971147134806,13.0,29
2023-05-04,4859,chop,XMESY,0.12127478678644077,2.0,29
2023-05-04,4859,chop,XKAGT,-0.04074274313683124,17.0,29
2023-05-04,4859,chop,XTAST,0.22055931211531843,1.0,29
2023-05-04,4859,chop,XTEKS,0.041914267741637534,8.0,29
2023-05-04,4859,chop,XUHIZ,-0.01387425875055004,15.0,29
2023-05-04,4859,chop,XELKT,-0.0656742759529676,20.0,29
2023-05-04,4859,chop,XILTM,-0.06747336200223897,22.0,29
2023-05-04,4859,chop,XINSA,0.039458684542282185,9.0,29
2023-05-04,4859,chop,XSPOR,-0.14417156555371513,28.0,29
2023-05-04,4859,chop,XTCRT,0.11852909428864078,3.0,29
2023-05-04,4859,chop,XTRZM,-0.08989341397335304,26.0,29
2023-05-04,4859,chop,XULAS,-0.06896952806596512,23.0,29
2023-05-04,4859,chop,XUMAL,0.04718675492445312,7.0,29
2023-05-04,4859,chop,XBANK,0.09488628643566188,4.0,29
2023-05-04,4859,chop,XSGRT,-0.057415636159641625,18.0,29
2023-05-04,4859,chop,XFINK,0.0051762597663658205,12.0,29
2023-05-04,4859,chop,XHOLD,0.06638936402254991,6.0,29
2023-05-04,4859,chop,XGMYO,-0.066111828392737,21.0,29
2023-05-04,4859,chop,XAKUR,-0.11776373313545974,27.0,29
2023-05-04,4859,chop,XYORT,-0.01878866599500939,16.0,29
2023-05-04,4859,chop,XUTEK,-0.061663311049295455,19.0,29
2023-05-04,4859,chop,XBLSM,-0.06911388708341326,24.0,29
2023-05-04,4859,chop,XTUMY,0.02239569810812081,11.0,29
2023-05-04,4859,chop,XHARZ,0.08482724807475117,5.0,29
2023-05-04,4859,late_pre,XUSIN,-0.02135388195863064,19.0,29
2023-05-04,4859,late_pre,XGIDA,0.0695499559981223,5.0,29
2023-05-04,4859,late_pre,XKMYA,-0.011154915095730078,15.0,29
2023-05-04,4859,late_pre,XMADN,-0.08306687811609037,28.0,29
2023-05-04,4859,late_pre,XMANA,-0.06438729583705438,27.0,29
2023-05-04,4859,late_pre,XMESY,-0.033358688592801444,22.0,29
2023-05-04,4859,late_pre,XKAGT,-0.052687736671252816,25.0,29
2023-05-04,4859,late_pre,XTAST,0.013401612204273827,8.0,29
2023-05-04,4859,late_pre,XTEKS,-0.03310608279347671,21.0,29
2023-05-04,4859,late_pre,XUHIZ,0.03648763496392149,7.0,29
2023-05-04,4859,late_pre,XELKT,-0.03928954671402696,23.0,29
2023-05-04,4859,late_pre,XILTM,-0.0008369969875364758,13.0,29
2023-05-04,4859,late_pre,XINSA,-0.060015501796722215,26.0,29
2023-05-04,4859,late_pre,XSPOR,0.20495026521967497,1.0,29
2023-05-04,4859,late_pre,XTCRT,0.10409471633996425,3.0,29
2023-05-04,4859,late_pre,XTRZM,-0.015585800491262236,16.0,29
2023-05-04,4859,late_pre,XULAS,0.08333895265670843,4.0,29
2023-05-04,4859,late_pre,XUMAL,0.00287183152167525,12.0,29
2023-05-04,4859,late_pre,XBANK,0.011820501674819406,9.0,29
2023-05-04,4859,late_pre,XSGRT,0.051614055058773256,6.0,29
2023-05-04,4859,late_pre,XFINK,0.009206648276400164,10.0,29
2023-05-04,4859,late_pre,XHOLD,0.003796000600811089,11.0,29
2023-05-04,4859,late_pre,XGMYO,-0.043456971992198556,24.0,29
2023-05-04,4859,late_pre,XAKUR,0.1068178833580794,2.0,29
2023-05-04,4859,late_pre,XYORT,-0.017398991045276202,17.0,29
2023-05-04,4859,late_pre,XUTEK,-0.08353386065622104,29.0,29
2023-05-04,4859,late_pre,XBLSM,-0.027820321385771396,20.0,29
2023-05-04,4859,late_pre,XTUMY,-0.004168367675553619,14.0,29
2023-05-04,4859,late_pre,XHARZ,-0.01786238205134616,18.0,29
2023-05-04,4859,early_post,XUSIN,0.038195282498405314,7.0,29
2023-05-04,4859,early_post,XGIDA,-0.02577293401965497,25.0,29
2023-05-04,4859,early_post,XKMYA,0.018335609342576165,10.0,29
2023-05-04,4859,early_post,XMADN,0.17779693812603492,1.0,29
2023-05-04,4859,early_post,XMANA,0.07922688094123598,2.0,29
2023-05-04,4859,early_post,XMESY,0.03935140784589275,6.0,29
2023-05-04,4859,early_post,XKAGT,0.03331265645233894,8.0,29
2023-05-04,4859,early_post,XTAST,0.06556976448018981,4.0,29
2023-05-04,4859,early_post,XTEKS,-0.030637882162323327,26.0,29
2023-05-04,4859,early_post,XUHIZ,-0.014710586091352784,21.0,29
2023-05-04,4859,early_post,XELKT,0.010487424555700064,15.0,29
2023-05-04,4859,early_post,XILTM,-0.009524615619530774,19.0,29
2023-05-04,4859,early_post,XINSA,-0.02452082523323451,24.0,29
2023-05-04,4859,early_post,XSPOR,-0.0853926789815379,29.0,29
2023-05-04,4859,early_post,XTCRT,-0.08398005495735417,28.0,29
2023-05-04,4859,early_post,XTRZM,0.011834602000022842,13.0,29
2023-05-04,4859,early_post,XULAS,0.04591597345077081,5.0,29
2023-05-04,4859,early_post,XUMAL,-0.018057337677492957,22.0,29
2023-05-04,4859,early_post,XBANK,-0.04779869635188494,27.0,29
2023-05-04,4859,early_post,XSGRT,0.0074288257247574485,16.0,29
2023-05-04,4859,early_post,XFINK,0.004787882389975184,17.0,29
2023-05-04,4859,early_post,XHOLD,-0.023817633578068653,23.0,29
2023-05-04,4859,early_post,XGMYO,0.06987121464816015,3.0,29
2023-05-04,4859,early_post,XAKUR,-0.0010897648185419495,18.0,29
2023-05-04,4859,early_post,XYORT,0.012982943063279961,12.0,29
2023-05-04,4859,early_post,XUTEK,0.011641940017848462,14.0,29
2023-05-04,4859,early_post,XBLSM,-0.01047836918050371,20.0,29
2023-05-04,4859,early_post,XTUMY,0.026049039751530945,9.0,29
2023-05-04,4859,early_post,XHARZ,0.013720073903500385,11.0,29
2023-05-04,4859,mid_post,XUSIN,-0.04621728437163153,17.0,29
2023-05-04,4859,mid_post,XGIDA,-0.1761790661525129,28.0,29
2023-05-04,4859,mid_post,XKMYA,-0.06667109219157052,21.0,29
2023-05-04,4859,mid_post,XMADN,-0.013056091719668483,11.0,29
2023-05-04,4859,mid_post,XMANA,-0.09251145786874293,24.0,29
2023-05-04,4859,mid_post,XMESY,0.07567533562083928,5.0,29
2023-05-04,4859,mid_post,XKAGT,-0.08014143168430898,23.0,29
2023-05-04,4859,mid_post,XTAST,-0.06560905744655043,20.0,29
2023-05-04,4859,mid_post,XTEKS,-0.09473322284286678,25.0,29
2023-05-04,4859,mid_post,XUHIZ,0.031465395953006015,9.0,29
2023-05-04,4859,mid_post,XELKT,-0.025465423546520594,15.0,29
2023-05-04,4859,mid_post,XILTM,-0.05846890247171732,18.0,29
2023-05-04,4859,mid_post,XINSA,-0.10885694251596245,27.0,29
2023-05-04,4859,mid_post,XSPOR,0.03199800205865855,8.0,29
2023-05-04,4859,mid_post,XTCRT,-0.01916432203470353,13.0,29
2023-05-04,4859,mid_post,XTRZM,-0.03074328553540462,16.0,29
2023-05-04,4859,mid_post,XULAS,0.2102903175610864,2.0,29
2023-05-04,4859,mid_post,XUMAL,-0.01921679392914455,14.0,29
2023-05-04,4859,mid_post,XBANK,0.0047636817447376245,10.0,29
2023-05-04,4859,mid_post,XSGRT,-0.22187117481039875,29.0,29
2023-05-04,4859,mid_post,XFINK,0.13746476411570008,3.0,29
2023-05-04,4859,mid_post,XHOLD,-0.017441893182620127,12.0,29
2023-05-04,4859,mid_post,XGMYO,-0.07550050641525874,22.0,29
2023-05-04,4859,mid_post,XAKUR,0.05853502610644923,6.0,29
2023-05-04,4859,mid_post,XYORT,0.3908903326236517,1.0,29
2023-05-04,4859,mid_post,XUTEK,0.04697545629602651,7.0,29
2023-05-04,4859,mid_post,XBLSM,0.08488758159103704,4.0,29
2023-05-04,4859,mid_post,XTUMY,-0.06336813021973664,19.0,29
2023-05-04,4859,mid_post,XHARZ,-0.10527759267946979,26.0,29
2023-12-26,5022,chop,XUSIN,-0.016363538251063514,20.0,29
2023-12-26,5022,chop,XGIDA,-0.007461071678572573,18.0,29
2023-12-26,5022,chop,XKMYA,0.06237002888591425,6.0,29
2023-12-26,5022,chop,XMADN,-0.14145023639415444,27.0,29
2023-12-26,5022,chop,XMANA,-0.06438212819439237,24.0,29
2023-12-26,5022,chop,XMESY,-0.05080858473071315,23.0,29
2023-12-26,5022,chop,XKAGT,-0.045794068371641905,21.0,29
2023-12-26,5022,chop,XTAST,-0.04793630814506178,22.0,29
2023-12-26,5022,chop,XTEKS,-0.09394589440303602,26.0,29
2023-12-26,5022,chop,XUHIZ,0.010098924939698772,14.0,29
2023-12-26,5022,chop,XELKT,-0.14421003724291415,28.0,29
2023-12-26,5022,chop,XILTM,0.08647813528891846,4.0,29
2023-12-26,5022,chop,XINSA,-0.005749304533002264,17.0,29
2023-12-26,5022,chop,XSPOR,0.03052214152406285,10.0,29
2023-12-26,5022,chop,XTCRT,0.037227967940571594,9.0,29
2023-12-26,5022,chop,XTRZM,0.13026314324730504,1.0,29
2023-12-26,5022,chop,XULAS,0.0698551063453704,5.0,29
2023-12-26,5022,chop,XUMAL,0.0028924021138775347,16.0,29
2023-12-26,5022,chop,XBANK,0.029561769742883937,11.0,29
2023-12-26,5022,chop,XSGRT,0.017327729808385817,12.0,29
2023-12-26,5022,chop,XFINK,0.09285324118447924,3.0,29
2023-12-26,5022,chop,XHOLD,-0.01250684312661432,19.0,29
2023-12-26,5022,chop,XGMYO,0.010340906494439861,13.0,29
2023-12-26,5022,chop,XAKUR,-0.16519056477409677,29.0,29
2023-12-26,5022,chop,XYORT,0.0522740101975242,8.0,29
2023-12-26,5022,chop,XUTEK,0.12302294587129003,2.0,29
2023-12-26,5022,chop,XBLSM,0.061718465073462014,7.0,29
2023-12-26,5022,chop,XTUMY,0.007260755257701645,15.0,29
2023-12-26,5022,chop,XHARZ,-0.07208146459215758,25.0,29
2023-12-26,5022,late_pre,XUSIN,-0.04347942028613794,13.0,29
2023-12-26,5022,late_pre,XGIDA,0.05859357487960781,2.0,29
2023-12-26,5022,late_pre,XKMYA,-0.06946837964709651,19.0,29
2023-12-26,5022,late_pre,XMADN,-0.10499064109720091,25.0,29
2023-12-26,5022,late_pre,XMANA,0.005705502304985122,7.0,29
2023-12-26,5022,late_pre,XMESY,-0.04730809376256395,14.0,29
2023-12-26,5022,late_pre,XKAGT,-0.08670581604490846,21.0,29
2023-12-26,5022,late_pre,XTAST,-0.09959902037735735,24.0,29
2023-12-26,5022,late_pre,XTEKS,-0.04178508275912196,12.0,29
2023-12-26,5022,late_pre,XUHIZ,-0.02624381580180213,10.0,29
2023-12-26,5022,late_pre,XELKT,-0.11871456573655725,27.0,29
2023-12-26,5022,late_pre,XILTM,0.04256418510608362,4.0,29
2023-12-26,5022,late_pre,XINSA,-0.052091808713967014,15.0,29
2023-12-26,5022,late_pre,XSPOR,-0.13341332411943907,29.0,29
2023-12-26,5022,late_pre,XTCRT,0.05024418338831593,3.0,29
2023-12-26,5022,late_pre,XTRZM,-0.12497098610998059,28.0,29
2023-12-26,5022,late_pre,XULAS,-0.03384892667656503,11.0,29
2023-12-26,5022,late_pre,XUMAL,0.020136840064889694,6.0,29
2023-12-26,5022,late_pre,XBANK,0.0946431743773849,1.0,29
2023-12-26,5022,late_pre,XSGRT,0.0374640668868087,5.0,29
2023-12-26,5022,late_pre,XFINK,-0.11540382292827767,26.0,29
2023-12-26,5022,late_pre,XHOLD,-0.008513206983682964,8.0,29
2023-12-26,5022,late_pre,XGMYO,-0.06416732575151785,18.0,29
2023-12-26,5022,late_pre,XAKUR,-0.014356425336288448,9.0,29
2023-12-26,5022,late_pre,XYORT,-0.05842821566677525,17.0,29
2023-12-26,5022,late_pre,XUTEK,-0.05687838669325651,16.0,29
2023-12-26,5022,late_pre,XBLSM,-0.09868971674701832,23.0,29
2023-12-26,5022,late_pre,XTUMY,-0.08080356013535639,20.0,29
2023-12-26,5022,late_pre,XHARZ,-0.09222917422179155,22.0,29
2023-12-26,5022,early_post,XUSIN,-0.03778605673078883,27.0,29
2023-12-26,5022,early_post,XGIDA,-0.0486435583557967,28.0,29
2023-12-26,5022,early_post,XKMYA,-0.08984280983548043,29.0,29
2023-12-26,5022,early_post,XMADN,-0.013656562409540385,22.0,29
2023-12-26,5022,early_post,XMANA,-0.0041012838599363555,20.0,29
2023-12-26,5022,early_post,XMESY,0.004708235716973874,17.0,29
2023-12-26,5022,early_post,XKAGT,-0.017929297112696085,25.0,29
2023-12-26,5022,early_post,XTAST,-0.02956695361040773,26.0,29
2023-12-26,5022,early_post,XTEKS,-0.016981778119824487,24.0,29
2023-12-26,5022,early_post,XUHIZ,0.018928357857627587,14.0,29
2023-12-26,5022,early_post,XELKT,0.03428834882434817,9.0,29
2023-12-26,5022,early_post,XILTM,0.04626556658365333,6.0,29
2023-12-26,5022,early_post,XINSA,0.0070855484002081415,16.0,29
2023-12-26,5022,early_post,XSPOR,0.004324760249745374,18.0,29
2023-12-26,5022,early_post,XTCRT,-0.0037490797258723507,19.0,29
2023-12-26,5022,early_post,XTRZM,0.025493565131718743,12.0,29
2023-12-26,5022,early_post,XULAS,0.024033489807541386,13.0,29
2023-12-26,5022,early_post,XUMAL,0.041979091957897285,8.0,29
2023-12-26,5022,early_post,XBANK,0.07597411581057378,2.0,29
2023-12-26,5022,early_post,XSGRT,0.07062077250413923,3.0,29
2023-12-26,5022,early_post,XFINK,0.043820105066586734,7.0,29
2023-12-26,5022,early_post,XHOLD,0.015668148287958594,15.0,29
2023-12-26,5022,early_post,XGMYO,0.03339261438740282,10.0,29
2023-12-26,5022,early_post,XAKUR,-0.005901723660801883,21.0,29
2023-12-26,5022,early_post,XYORT,-0.014837777495397608,23.0,29
2023-12-26,5022,early_post,XUTEK,0.05789220163759756,4.0,29
2023-12-26,5022,early_post,XBLSM,0.1070910934506617,1.0,29
2023-12-26,5022,early_post,XTUMY,0.03169636518110197,11.0,29
2023-12-26,5022,early_post,XHARZ,0.053916006556886886,5.0,29
2023-12-26,5022,mid_post,XUSIN,0.06100623647293335,12.0,29
2023-12-26,5022,mid_post,XGIDA,0.13777563036539853,5.0,29
2023-12-26,5022,mid_post,XKMYA,0.036191718206033396,15.0,29
2023-12-26,5022,mid_post,XMADN,0.012305184027102456,21.0,29
2023-12-26,5022,mid_post,XMANA,-0.006487833618051386,22.0,29
2023-12-26,5022,mid_post,XMESY,0.08859727991835564,8.0,29
2023-12-26,5022,mid_post,XKAGT,0.1237431969345244,7.0,29
2023-12-26,5022,mid_post,XTAST,0.024717298396221166,17.0,29
2023-12-26,5022,mid_post,XTEKS,0.06976921472161601,11.0,29
2023-12-26,5022,mid_post,XUHIZ,0.01248065627329642,20.0,29
2023-12-26,5022,mid_post,XELKT,0.07981403039367119,9.0,29
2023-12-26,5022,mid_post,XILTM,-0.07493454062394034,27.0,29
2023-12-26,5022,mid_post,XINSA,-0.02460385508524232,25.0,29
2023-12-26,5022,mid_post,XSPOR,0.0225023143482459,18.0,29
2023-12-26,5022,mid_post,XTCRT,0.02945201755718352,16.0,29
2023-12-26,5022,mid_post,XTRZM,0.15208822987205406,4.0,29
2023-12-26,5022,mid_post,XULAS,-0.020761934008736382,24.0,29
2023-12-26,5022,mid_post,XUMAL,-0.028449055802513445,26.0,29
2023-12-26,5022,mid_post,XBANK,-0.12860114183116322,29.0,29
2023-12-26,5022,mid_post,XSGRT,-0.10007431323467975,28.0,29
2023-12-26,5022,mid_post,XFINK,-0.008338689780710506,23.0,29
2023-12-26,5022,mid_post,XHOLD,0.03651105921458031,14.0,29
2023-12-26,5022,mid_post,XGMYO,0.043651893195902236,13.0,29
2023-12-26,5022,mid_post,XAKUR,0.020761696153349884,19.0,29
2023-12-26,5022,mid_post,XYORT,0.07351705586875834,10.0,29
2023-12-26,5022,mid_post,XUTEK,0.3335753555203198,2.0,29
2023-12-26,5022,mid_post,XBLSM,0.5219346917844554,1.0,29
2023-12-26,5022,mid_post,XTUMY,0.1251609570170693,6.0,29
2023-12-26,5022,mid_post,XHARZ,0.16704372403741385,3.0,29
2024-11-04,5234,chop,XUSIN,-0.021095316206588666,17.0,29
2024-11-04,5234,chop,XGIDA,-0.11775162499941505,28.0,29
2024-11-04,5234,chop,XKMYA,-0.008810534308656748,14.0,29
2024-11-04,5234,chop,XMADN,-0.10163536988297717,27.0,29
2024-11-04,5234,chop,XMANA,0.04713696680586488,5.0,29
2024-11-04,5234,chop,XMESY,0.009086950240032254,7.0,29
2024-11-04,5234,chop,XKAGT,-0.08021622765532266,24.0,29
2024-11-04,5234,chop,XTAST,-0.008412215973447212,13.0,29
2024-11-04,5234,chop,XTEKS,-0.05335423853847443,21.0,29
2024-11-04,5234,chop,XUHIZ,-0.03508345301822535,18.0,29
2024-11-04,5234,chop,XELKT,-0.018467767086765896,16.0,29
2024-11-04,5234,chop,XILTM,-0.09908793575609154,26.0,29
2024-11-04,5234,chop,XINSA,0.08072505303810296,3.0,29
2024-11-04,5234,chop,XSPOR,-0.19762666716474175,29.0,29
2024-11-04,5234,chop,XTCRT,-0.06747196144315315,22.0,29
2024-11-04,5234,chop,XTRZM,-0.04551048955859227,20.0,29
2024-11-04,5234,chop,XULAS,0.006742869380288674,9.0,29
2024-11-04,5234,chop,XUMAL,0.05305470956235436,4.0,29
2024-11-04,5234,chop,XBANK,0.1001535108284275,1.0,29
2024-11-04,5234,chop,XSGRT,0.04345193589031415,6.0,29
2024-11-04,5234,chop,XFINK,-0.01763654053837238,15.0,29
2024-11-04,5234,chop,XHOLD,0.0035634476717614216,10.0,29
2024-11-04,5234,chop,XGMYO,0.09916510414049662,2.0,29
2024-11-04,5234,chop,XAKUR,0.007289143319449298,8.0,29
2024-11-04,5234,chop,XYORT,-0.09109173245671465,25.0,29
2024-11-04,5234,chop,XUTEK,-0.0017848736011280009,12.0,29
2024-11-04,5234,chop,XBLSM,-0.07669507393283936,23.0,29
2024-11-04,5234,chop,XTUMY,-3.734781640363227e-05,11.0,29
2024-11-04,5234,chop,XHARZ,-0.039081800426730595,19.0,29
2024-11-04,5234,late_pre,XUSIN,0.01891026344512181,21.0,29
2024-11-04,5234,late_pre,XGIDA,-0.020224559467158953,27.0,29
2024-11-04,5234,late_pre,XKMYA,-0.014278137025778515,26.0,29
2024-11-04,5234,late_pre,XMADN,0.0196254103120862,20.0,29
2024-11-04,5234,late_pre,XMANA,0.02392181251034231,18.0,29
2024-11-04,5234,late_pre,XMESY,0.06729707240862359,5.0,29
2024-11-04,5234,late_pre,XKAGT,0.08758027314299699,3.0,29
2024-11-04,5234,late_pre,XTAST,0.03451973012124443,16.0,29
2024-11-04,5234,late_pre,XTEKS,0.04724047875608972,11.0,29
2024-11-04,5234,late_pre,XUHIZ,0.0368802405269254,14.0,29
2024-11-04,5234,late_pre,XELKT,0.03584126314104197,15.0,29
2024-11-04,5234,late_pre,XILTM,0.06325238683833045,7.0,29
2024-11-04,5234,late_pre,XINSA,0.09598922614907746,1.0,29
2024-11-04,5234,late_pre,XSPOR,-0.011709457678329538,25.0,29
2024-11-04,5234,late_pre,XTCRT,0.0017656341128218234,23.0,29
2024-11-04,5234,late_pre,XTRZM,0.06322149223390483,8.0,29
2024-11-04,5234,late_pre,XULAS,0.05496042016008429,9.0,29
2024-11-04,5234,late_pre,XUMAL,-0.026208215980463856,28.0,29
2024-11-04,5234,late_pre,XBANK,-0.08752245024030991,29.0,29
2024-11-04,5234,late_pre,XSGRT,0.019877227153511923,19.0,29
2024-11-04,5234,late_pre,XFINK,0.06630434666346263,6.0,29
2024-11-04,5234,late_pre,XHOLD,0.003936554897965849,22.0,29
2024-11-04,5234,late_pre,XGMYO,0.044201266512328585,12.0,29
2024-11-04,5234,late_pre,XAKUR,-0.004439287514906298,24.0,29
2024-11-04,5234,late_pre,XYORT,0.03299758290031274,17.0,29
2024-11-04,5234,late_pre,XUTEK,0.09040644954040811,2.0,29
2024-11-04,5234,late_pre,XBLSM,0.03714850333857278,13.0,29
2024-11-04,5234,late_pre,XTUMY,0.051472293019462545,10.0,29
2024-11-04,5234,late_pre,XHARZ,0.076186341039015,4.0,29
2024-11-04,5234,early_post,XUSIN,-0.028043224536414613,21.0,29
2024-11-04,5234,early_post,XGIDA,-0.017696835210371686,16.0,29
2024-11-04,5234,early_post,XKMYA,-0.044976428439830185,25.0,29
2024-11-04,5234,early_post,XMADN,0.01698100164596794,6.0,29
2024-11-04,5234,early_post,XMANA,-0.045496203621448794,26.0,29
2024-11-04,5234,early_post,XMESY,-0.00985101646522124,11.0,29
2024-11-04,5234,early_post,XKAGT,-0.047370837815720046,27.0,29
2024-11-04,5234,early_post,XTAST,-0.015411710093279796,15.0,29
2024-11-04,5234,early_post,XTEKS,-0.008803381857257486,10.0,29
2024-11-04,5234,early_post,XUHIZ,-0.014333861936889791,13.0,29
2024-11-04,5234,early_post,XELKT,-0.010661797204561063,12.0,29
2024-11-04,5234,early_post,XILTM,0.016283783706701804,7.0,29
2024-11-04,5234,early_post,XINSA,0.021992652051726624,5.0,29
2024-11-04,5234,early_post,XSPOR,-0.03544776028005803,22.0,29
2024-11-04,5234,early_post,XTCRT,-0.038774272709611646,23.0,29
2024-11-04,5234,early_post,XTRZM,-0.0031079643674876145,9.0,29
2024-11-04,5234,early_post,XULAS,-0.02685960478705396,20.0,29
2024-11-04,5234,early_post,XUMAL,0.03603330537391436,4.0,29
2024-11-04,5234,early_post,XBANK,0.07217654720495226,1.0,29
2024-11-04,5234,early_post,XSGRT,-0.05759645703545857,29.0,29
2024-11-04,5234,early_post,XFINK,-0.026361275864761113,19.0,29
2024-11-04,5234,early_post,XHOLD,0.010288582129222013,8.0,29
2024-11-04,5234,early_post,XGMYO,0.05158634829320574,2.0,29
2024-11-04,5234,early_post,XAKUR,0.045972014436664654,3.0,29
2024-11-04,5234,early_post,XYORT,-0.02542697690136375,18.0,29
2024-11-04,5234,early_post,XUTEK,-0.043701481384400775,24.0,29
2024-11-04,5234,early_post,XBLSM,-0.047466125095566136,28.0,29
2024-11-04,5234,early_post,XTUMY,-0.014657419159819884,14.0,29
2024-11-04,5234,early_post,XHARZ,-0.020832209598045548,17.0,29
2024-11-04,5234,mid_post,XUSIN,-0.005409162976963255,17.0,29
2024-11-04,5234,mid_post,XGIDA,0.026350551264337385,9.0,29
2024-11-04,5234,mid_post,XKMYA,-0.0050199532992196705,16.0,29
2024-11-04,5234,mid_post,XMADN,0.06827016533214203,6.0,29
2024-11-04,5234,mid_post,XMANA,-0.04316093266965293,23.0,29
2024-11-04,5234,mid_post,XMESY,-0.054092156090916665,25.0,29
2024-11-04,5234,mid_post,XKAGT,0.018547427086234913,13.0,29
2024-11-04,5234,mid_post,XTAST,0.09241512476782998,3.0,29
2024-11-04,5234,mid_post,XTEKS,0.008468389888722783,15.0,29
2024-11-04,5234,mid_post,XUHIZ,-0.010408343447131818,20.0,29
2024-11-04,5234,mid_post,XELKT,-0.006524154527375092,18.0,29
2024-11-04,5234,mid_post,XILTM,-0.06685055725813793,29.0,29
2024-11-04,5234,mid_post,XINSA,-0.06346614564899022,28.0,29
2024-11-04,5234,mid_post,XSPOR,-0.06290029143134723,27.0,29
2024-11-04,5234,mid_post,XTCRT,0.07403885631531115,4.0,29
2024-11-04,5234,mid_post,XTRZM,-0.04604390876065634,24.0,29
2024-11-04,5234,mid_post,XULAS,-0.0571973621973898,26.0,29
2024-11-04,5234,mid_post,XUMAL,0.03453283529866158,8.0,29
2024-11-04,5234,mid_post,XBANK,0.06849033470390165,5.0,29
2024-11-04,5234,mid_post,XSGRT,0.2635309835987383,1.0,29
2024-11-04,5234,mid_post,XFINK,0.044806404826645,7.0,29
2024-11-04,5234,mid_post,XHOLD,-0.015883921186805594,22.0,29
2024-11-04,5234,mid_post,XGMYO,0.012078442596668237,14.0,29
2024-11-04,5234,mid_post,XAKUR,0.1774600061539624,2.0,29
2024-11-04,5234,mid_post,XYORT,0.02083246194088728,11.0,29
2024-11-04,5234,mid_post,XUTEK,-0.011198631913118096,21.0,29
2024-11-04,5234,mid_post,XBLSM,-0.009576463346689712,19.0,29
2024-11-04,5234,mid_post,XTUMY,0.02566722671356647,10.0,29
2024-11-04,5234,mid_post,XHARZ,0.02011675382792877,12.0,29
2025-06-01,5377,chop,XUSIN,0.08561597845135605,13.0,29
2025-06-01,5377,chop,XGIDA,0.09701243094524947,11.0,29
2025-06-01,5377,chop,XKMYA,0.05164177196995057,19.0,29
2025-06-01,5377,chop,XMADN,0.29347131527356807,3.0,29
2025-06-01,5377,chop,XMANA,0.11462289560082783,10.0,29
2025-06-01,5377,chop,XMESY,0.031344949974569936,22.0,29
2025-06-01,5377,chop,XKAGT,0.14376175469475638,8.0,29
2025-06-01,5377,chop,XTAST,0.1507787330965712,7.0,29
2025-06-01,5377,chop,XTEKS,0.039433249376592205,21.0,29
2025-06-01,5377,chop,XUHIZ,0.05038704000016603,20.0,29
2025-06-01,5377,chop,XELKT,0.08021346642139593,14.0,29
2025-06-01,5377,chop,XILTM,-0.005652853783340461,24.0,29
2025-06-01,5377,chop,XINSA,0.3293133510886411,2.0,29
2025-06-01,5377,chop,XSPOR,-0.04399130394613526,28.0,29
2025-06-01,5377,chop,XTCRT,-0.018831526552257283,26.0,29
2025-06-01,5377,chop,XTRZM,0.02713552725896584,23.0,29
2025-06-01,5377,chop,XULAS,0.05931155608464711,17.0,29
2025-06-01,5377,chop,XUMAL,-0.040453401183161763,27.0,29
2025-06-01,5377,chop,XBANK,-0.20630879723257312,29.0,29
2025-06-01,5377,chop,XSGRT,-0.007406599559396376,25.0,29
2025-06-01,5377,chop,XFINK,0.6309660433052556,1.0,29
2025-06-01,5377,chop,XHOLD,0.05739618834213178,18.0,29
2025-06-01,5377,chop,XGMYO,0.09382734152434191,12.0,29
2025-06-01,5377,chop,XAKUR,0.07543771424789447,15.0,29
2025-06-01,5377,chop,XYORT,0.06494166723812655,16.0,29
2025-06-01,5377,chop,XUTEK,0.2894431815687023,4.0,29
2025-06-01,5377,chop,XBLSM,0.1387001132077469,9.0,29
2025-06-01,5377,chop,XTUMY,0.17166237530972006,6.0,29
2025-06-01,5377,chop,XHARZ,0.21315866528913052,5.0,29
2025-06-01,5377,late_pre,XUSIN,-0.038339531884741485,22.0,29
2025-06-01,5377,late_pre,XGIDA,-0.04814680412014394,25.0,29
2025-06-01,5377,late_pre,XKMYA,-0.042934032258844956,24.0,29
2025-06-01,5377,late_pre,XMADN,-0.019316092455332612,20.0,29
2025-06-01,5377,late_pre,XMANA,-0.013444296006457135,17.0,29
2025-06-01,5377,late_pre,XMESY,-0.04921565099497338,27.0,29
2025-06-01,5377,late_pre,XKAGT,0.0290832290490165,11.0,29
2025-06-01,5377,late_pre,XTAST,-0.04856467339771031,26.0,29
2025-06-01,5377,late_pre,XTEKS,-0.017168430848892857,19.0,29
2025-06-01,5377,late_pre,XUHIZ,0.01130482891270801,15.0,29
2025-06-01,5377,late_pre,XELKT,0.051795553257408034,6.0,29
2025-06-01,5377,late_pre,XILTM,0.040250987949686956,9.0,29
2025-06-01,5377,late_pre,XINSA,0.052715110608655524,5.0,29
2025-06-01,5377,late_pre,XSPOR,-0.11380802044460969,29.0,29
2025-06-01,5377,late_pre,XTCRT,0.01659968614549634,13.0,29
2025-06-01,5377,late_pre,XTRZM,0.07533472787265205,3.0,29
2025-06-01,5377,late_pre,XULAS,-0.04256244771127826,23.0,29
2025-06-01,5377,late_pre,XUMAL,0.03858592446466835,10.0,29
2025-06-01,5377,late_pre,XBANK,0.07503003074047687,4.0,29
2025-06-01,5377,late_pre,XSGRT,-0.02806040809873278,21.0,29
2025-06-01,5377,late_pre,XFINK,0.2133269631759237,1.0,29
2025-06-01,5377,late_pre,XHOLD,0.0073538218523399035,16.0,29
2025-06-01,5377,late_pre,XGMYO,0.01849003248230041,12.0,29
2025-06-01,5377,late_pre,XAKUR,0.07786337003112787,2.0,29
2025-06-01,5377,late_pre,XYORT,0.04836543264556192,8.0,29
2025-06-01,5377,late_pre,XUTEK,-0.014523854067472808,18.0,29
2025-06-01,5377,late_pre,XBLSM,-0.05882458010827596,28.0,29
2025-06-01,5377,late_pre,XTUMY,0.011915016626617314,14.0,29
2025-06-01,5377,late_pre,XHARZ,0.04985656254063919,7.0,29
2025-06-01,5377,early_post,XUSIN,0.003686524038345018,14.0,29
2025-06-01,5377,early_post,XGIDA,-0.025936698911090628,26.0,29
2025-06-01,5377,early_post,XKMYA,0.01634008327779579,11.0,29
2025-06-01,5377,early_post,XMADN,0.00028065590290760056,16.0,29
2025-06-01,5377,early_post,XMANA,0.0656721714206443,3.0,29
2025-06-01,5377,early_post,XMESY,-0.007509475274003696,18.0,29
2025-06-01,5377,early_post,XKAGT,0.044825240807181865,6.0,29
2025-06-01,5377,early_post,XTAST,-0.04760421519150371,28.0,29
2025-06-01,5377,early_post,XTEKS,-0.02275211686036116,24.0,29
2025-06-01,5377,early_post,XUHIZ,-0.024870501649716048,25.0,29
2025-06-01,5377,early_post,XELKT,-0.006505976739286101,17.0,29
2025-06-01,5377,early_post,XILTM,-0.016381056809877892,20.0,29
2025-06-01,5377,early_post,XINSA,0.01323547086713317,13.0,29
2025-06-01,5377,early_post,XSPOR,0.013535351907107085,12.0,29
2025-06-01,5377,early_post,XTCRT,-0.02054403452767395,23.0,29
2025-06-01,5377,early_post,XTRZM,-0.019468836612906992,22.0,29
2025-06-01,5377,early_post,XULAS,-0.07166056704001278,29.0,29
2025-06-01,5377,early_post,XUMAL,0.025800290595441755,8.0,29
2025-06-01,5377,early_post,XBANK,0.05062828728096069,5.0,29
2025-06-01,5377,early_post,XSGRT,-0.016709261468542458,21.0,29
2025-06-01,5377,early_post,XFINK,0.07430372230261795,2.0,29
2025-06-01,5377,early_post,XHOLD,-0.009374452940300815,19.0,29
2025-06-01,5377,early_post,XGMYO,0.024586171847826854,9.0,29
2025-06-01,5377,early_post,XAKUR,0.24601895957663578,1.0,29
2025-06-01,5377,early_post,XYORT,-0.044189256071547,27.0,29
2025-06-01,5377,early_post,XUTEK,0.06161309587538155,4.0,29
2025-06-01,5377,early_post,XBLSM,0.0006814631266436333,15.0,29
2025-06-01,5377,early_post,XTUMY,0.022881254201671197,10.0,29
2025-06-01,5377,early_post,XHARZ,0.028377383229877706,7.0,29
2025-06-01,5377,mid_post,XUSIN,-0.022027514035881435,17.0,29
2025-06-01,5377,mid_post,XGIDA,-0.03419136493633812,18.0,29
2025-06-01,5377,mid_post,XKMYA,0.026849361893675372,12.0,29
2025-06-01,5377,mid_post,XMADN,-0.14871741634098612,28.0,29
2025-06-01,5377,mid_post,XMANA,-0.11277655168515288,26.0,29
2025-06-01,5377,mid_post,XMESY,0.04885872072764985,9.0,29
2025-06-01,5377,mid_post,XKAGT,-0.037305550537230836,20.0,29
2025-06-01,5377,mid_post,XTAST,-0.07039694080408077,25.0,29
2025-06-01,5377,mid_post,XTEKS,0.028694063631882427,11.0,29
2025-06-01,5377,mid_post,XUHIZ,-0.04381700148149226,22.0,29
2025-06-01,5377,mid_post,XELKT,0.024552816575907244,15.0,29
2025-06-01,5377,mid_post,XILTM,-0.15432485368149385,29.0,29
2025-06-01,5377,mid_post,XINSA,-0.055182930608120406,24.0,29
2025-06-01,5377,mid_post,XSPOR,-0.13249678128545184,27.0,29
2025-06-01,5377,mid_post,XTCRT,-0.04125490242934604,21.0,29
2025-06-01,5377,mid_post,XTRZM,0.13151316323277795,3.0,29
2025-06-01,5377,mid_post,XULAS,-0.051035284838675476,23.0,29
2025-06-01,5377,mid_post,XUMAL,0.06344358432071151,7.0,29
2025-06-01,5377,mid_post,XBANK,0.057686422747611044,8.0,29
2025-06-01,5377,mid_post,XSGRT,0.025588342010797627,13.0,29
2025-06-01,5377,mid_post,XFINK,0.45057386039019054,1.0,29
2025-06-01,5377,mid_post,XHOLD,0.023326156862092384,16.0,29
2025-06-01,5377,mid_post,XGMYO,0.10606805398466257,4.0,29
2025-06-01,5377,mid_post,XAKUR,0.13772307159760921,2.0,29
2025-06-01,5377,mid_post,XYORT,0.024901039377412726,14.0,29
2025-06-01,5377,mid_post,XUTEK,0.07041893664975807,6.0,29
2025-06-01,5377,mid_post,XBLSM,-0.03484461388442828,19.0,29
2025-06-01,5377,mid_post,XTUMY,0.032635010135030784,10.0,29
2025-06-01,5377,mid_post,XHARZ,0.0810315182938206,5.0,29
2025-10-16,5473,chop,XUSIN,0.040383767932744785,16.0,29
2025-10-16,5473,chop,XGIDA,-0.025215402310648116,23.0,29
2025-10-16,5473,chop,XKMYA,0.11118007393493667,6.0,29
2025-10-16,5473,chop,XMADN,-0.13815271769952253,29.0,29
2025-10-16,5473,chop,XMANA,0.03031094790795308,18.0,29
2025-10-16,5473,chop,XMESY,0.060703159334051016,12.0,29
2025-10-16,5473,chop,XKAGT,0.06975074635634959,10.0,29
2025-10-16,5473,chop,XTAST,-0.05027946935341143,26.0,29
2025-10-16,5473,chop,XTEKS,0.25903875962917033,3.0,29
2025-10-16,5473,chop,XUHIZ,6.545191443385612e-05,20.0,29
2025-10-16,5473,chop,XELKT,0.06224438412331468,11.0,29
2025-10-16,5473,chop,XILTM,-0.03139011432273242,24.0,29
2025-10-16,5473,chop,XINSA,0.019167555565214656,19.0,29
2025-10-16,5473,chop,XSPOR,-0.007115714609530421,22.0,29
2025-10-16,5473,chop,XTCRT,-0.0611299693155416,27.0,29
2025-10-16,5473,chop,XTRZM,0.13722334917360524,5.0,29
2025-10-16,5473,chop,XULAS,-0.0007568690561041702,21.0,29
2025-10-16,5473,chop,XUMAL,0.03191067984680718,17.0,29
2025-10-16,5473,chop,XBANK,-0.04259255706882059,25.0,29
2025-10-16,5473,chop,XSGRT,-0.12136586470407895,28.0,29
2025-10-16,5473,chop,XFINK,0.279569023757515,1.0,29
2025-10-16,5473,chop,XHOLD,0.05877519922871999,13.0,29
2025-10-16,5473,chop,XGMYO,0.05558955299988644,14.0,29
2025-10-16,5473,chop,XAKUR,0.2602240649423133,2.0,29
2025-10-16,5473,chop,XYORT,0.16095558779068475,4.0,29
2025-10-16,5473,chop,XUTEK,0.052569418803581236,15.0,29
2025-10-16,5473,chop,XBLSM,0.07793675637833175,9.0,29
2025-10-16,5473,chop,XTUMY,0.10256488148557108,7.0,29
2025-10-16,5473,chop,XHARZ,0.10120175081787552,8.0,29
2025-10-16,5473,late_pre,XUSIN,-0.007550712629307954,19.0,29
2025-10-16,5473,late_pre,XGIDA,0.03168029741394007,14.0,29
2025-10-16,5473,late_pre,XKMYA,-0.011165565184973913,23.0,29
2025-10-16,5473,late_pre,XMADN,0.09468534925143057,6.0,29
2025-10-16,5473,late_pre,XMANA,-0.008988262163594274,21.0,29
2025-10-16,5473,late_pre,XMESY,-0.04842777919431818,27.0,29
2025-10-16,5473,late_pre,XKAGT,0.03463706404635225,12.0,29
2025-10-16,5473,late_pre,XTAST,-0.0011944625268874853,18.0,29
2025-10-16,5473,late_pre,XTEKS,-0.015404507284517366,24.0,29
2025-10-16,5473,late_pre,XUHIZ,0.04733644067860465,11.0,29
2025-10-16,5473,late_pre,XELKT,0.04798780529097013,10.0,29
2025-10-16,5473,late_pre,XILTM,0.05471579097520174,9.0,29
2025-10-16,5473,late_pre,XINSA,-0.009157928885477173,22.0,29
2025-10-16,5473,late_pre,XSPOR,-0.04771434835290722,26.0,29
2025-10-16,5473,late_pre,XTCRT,0.09566842104303175,5.0,29
2025-10-16,5473,late_pre,XTRZM,0.09809167193424906,4.0,29
2025-10-16,5473,late_pre,XULAS,0.03189557361393358,13.0,29
2025-10-16,5473,late_pre,XUMAL,0.018387370274608128,17.0,29
2025-10-16,5473,late_pre,XBANK,-0.09432651820918914,28.0,29
2025-10-16,5473,late_pre,XSGRT,0.10640188463235956,2.0,29
2025-10-16,5473,late_pre,XFINK,-0.11344050054094346,29.0,29
2025-10-16,5473,late_pre,XHOLD,0.06789221367969922,7.0,29
2025-10-16,5473,late_pre,XGMYO,0.10137713720150598,3.0,29
2025-10-16,5473,late_pre,XAKUR,0.22995019317601662,1.0,29
2025-10-16,5473,late_pre,XYORT,0.030264452915808038,15.0,29
2025-10-16,5473,late_pre,XUTEK,0.020307570643212536,16.0,29
2025-10-16,5473,late_pre,XBLSM,-0.035795731257181385,25.0,29
2025-10-16,5473,late_pre,XTUMY,0.06788765954652498,8.0,29
2025-10-16,5473,late_pre,XHARZ,-0.008905700044168019,20.0,29
2025-10-16,5473,early_post,XUSIN,0.008118122993033605,16.0,29
2025-10-16,5473,early_post,XGIDA,0.009123112843029135,15.0,29
2025-10-16,5473,early_post,XKMYA,0.02019318697311223,11.0,29
2025-10-16,5473,early_post,XMADN,0.010785425410593907,12.0,29
2025-10-16,5473,early_post,XMANA,0.029209606127765575,8.0,29
2025-10-16,5473,early_post,XMESY,-0.009727355229701251,21.0,29
2025-10-16,5473,early_post,XKAGT,-0.06436502098812924,28.0,29
2025-10-16,5473,early_post,XTAST,-0.005933757387892813,20.0,29
2025-10-16,5473,early_post,XTEKS,0.005184601809597789,18.0,29
2025-10-16,5473,early_post,XUHIZ,-0.03769573006434235,24.0,29
2025-10-16,5473,early_post,XELKT,0.009563495836591995,14.0,29
2025-10-16,5473,early_post,XILTM,-0.049322782952306854,25.0,29
2025-10-16,5473,early_post,XINSA,-0.0011387481777724862,19.0,29
2025-10-16,5473,early_post,XSPOR,-0.028444031534310854,22.0,29
2025-10-16,5473,early_post,XTCRT,-0.05292933113258247,26.0,29
2025-10-16,5473,early_post,XTRZM,-0.0909940697731586,29.0,29
2025-10-16,5473,early_post,XULAS,-0.06318435876590067,27.0,29
2025-10-16,5473,early_post,XUMAL,0.05142529643946192,4.0,29
2025-10-16,5473,early_post,XBANK,0.053007415679019676,3.0,29
2025-10-16,5473,early_post,XSGRT,0.1526551183634708,2.0,29
2025-10-16,5473,early_post,XFINK,0.15503506578511272,1.0,29
2025-10-16,5473,early_post,XHOLD,0.0470278177688519,6.0,29
2025-10-16,5473,early_post,XGMYO,0.025064121461196853,9.0,29
2025-10-16,5473,early_post,XAKUR,0.05073238905782618,5.0,29
2025-10-16,5473,early_post,XYORT,0.009737584338860295,13.0,29
2025-10-16,5473,early_post,XUTEK,-0.02878299959221642,23.0,29
2025-10-16,5473,early_post,XBLSM,0.006872449140049808,17.0,29
2025-10-16,5473,early_post,XTUMY,0.02489072319538632,10.0,29
2025-10-16,5473,early_post,XHARZ,0.045510727230876125,7.0,29
2025-10-16,5473,mid_post,XUSIN,-0.05066158585747038,14.0,29
2025-10-16,5473,mid_post,XGIDA,0.025947245521066753,7.0,29
2025-10-16,5473,mid_post,XKMYA,-0.07138952905486196,18.0,29
2025-10-16,5473,mid_post,XMADN,0.11077452968228263,2.0,29
2025-10-16,5473,mid_post,XMANA,-0.08772468164016345,24.0,29
2025-10-16,5473,mid_post,XMESY,-0.054524667309391206,15.0,29
2025-10-16,5473,mid_post,XKAGT,-0.0846678692177063,22.0,29
2025-10-16,5473,mid_post,XTAST,-0.08395646075510543,21.0,29
2025-10-16,5473,mid_post,XTEKS,-0.08992139712829694,25.0,29
2025-10-16,5473,mid_post,XUHIZ,-0.04101293734665967,13.0,29
2025-10-16,5473,mid_post,XELKT,-0.03734921810801206,12.0,29
2025-10-16,5473,mid_post,XILTM,0.060798224850326044,4.0,29
2025-10-16,5473,mid_post,XINSA,-0.0029213173840723083,10.0,29
2025-10-16,5473,mid_post,XSPOR,-0.14107538187695923,28.0,29
2025-10-16,5473,mid_post,XTCRT,0.027138935477936332,6.0,29
2025-10-16,5473,mid_post,XTRZM,-0.14096690089966335,27.0,29
2025-10-16,5473,mid_post,XULAS,-0.08706468721363758,23.0,29
2025-10-16,5473,mid_post,XUMAL,0.016631688703824032,9.0,29
2025-10-16,5473,mid_post,XBANK,0.07629577518249864,3.0,29
2025-10-16,5473,mid_post,XSGRT,-0.08144948263265206,20.0,29
2025-10-16,5473,mid_post,XFINK,-0.16053795686876682,29.0,29
2025-10-16,5473,mid_post,XHOLD,0.018488295502399943,8.0,29
2025-10-16,5473,mid_post,XGMYO,-0.07753991601882804,19.0,29
2025-10-16,5473,mid_post,XAKUR,0.18542865824917865,1.0,29
2025-10-16,5473,mid_post,XYORT,0.058367983324900674,5.0,29
2025-10-16,5473,mid_post,XUTEK,-0.025583072543522656,11.0,29
2025-10-16,5473,mid_post,XBLSM,-0.10335391812493278,26.0,29
2025-10-16,5473,mid_post,XTUMY,-0.06851958833899585,17.0,29
2025-10-16,5473,mid_post,XHARZ,-0.06528253672164486,16.0,29
2026-03-08,5572,chop,XUSIN,-0.04181515563494087,10.0,29
2026-03-08,5572,chop,XGIDA,-0.019709250047529325,8.0,29
2026-03-08,5572,chop,XKMYA,-0.119305119574032,21.0,29
2026-03-08,5572,chop,XMADN,0.12224435190364491,2.0,29
2026-03-08,5572,chop,XMANA,0.06706872020073806,4.0,29
2026-03-08,5572,chop,XMESY,-0.03650051042011926,9.0,29
2026-03-08,5572,chop,XKAGT,-0.11115755289441687,20.0,29
2026-03-08,5572,chop,XTAST,-0.085345747122618,17.0,29
2026-03-08,5572,chop,XTEKS,-0.06381959099476697,14.0,29
2026-03-08,5572,chop,XUHIZ,-0.0740750074120593,15.0,29
2026-03-08,5572,chop,XELKT,-0.14970196444477235,26.0,29
2026-03-08,5572,chop,XILTM,-0.09258917769865649,19.0,29
2026-03-08,5572,chop,XINSA,-0.08530222978207269,16.0,29
2026-03-08,5572,chop,XSPOR,-0.3097277747863769,28.0,29
2026-03-08,5572,chop,XTCRT,0.001365213460349457,7.0,29
2026-03-08,5572,chop,XTRZM,-0.18218897236396758,27.0,29
2026-03-08,5572,chop,XULAS,-0.05763915712367851,13.0,29
2026-03-08,5572,chop,XUMAL,-0.04680377729743013,11.0,29
2026-03-08,5572,chop,XBANK,-0.048033948373231716,12.0,29
2026-03-08,5572,chop,XSGRT,-0.14053081189037808,24.0,29
2026-03-08,5572,chop,XFINK,0.25530477108405414,1.0,29
2026-03-08,5572,chop,XHOLD,0.009851236259764029,5.0,29
2026-03-08,5572,chop,XGMYO,-0.1240915771604838,22.0,29
2026-03-08,5572,chop,XAKUR,-0.4194395789487625,29.0,29
2026-03-08,5572,chop,XYORT,-0.08607254952862586,18.0,29
2026-03-08,5572,chop,XUTEK,0.1032219269353154,3.0,29
2026-03-08,5572,chop,XBLSM,-0.13984449613732197,23.0,29
2026-03-08,5572,chop,XTUMY,-0.1476860717106958,25.0,29
2026-03-08,5572,chop,XHARZ,0.0022307631333424727,6.0,29
2026-03-08,5572,late_pre,XUSIN,0.035637452423079696,14.0,29
2026-03-08,5572,late_pre,XGIDA,-0.006153610123998954,19.0,29
2026-03-08,5572,late_pre,XKMYA,0.10942416865814975,6.0,29
2026-03-08,5572,late_pre,XMADN,0.079250197270466,7.0,29
2026-03-08,5572,late_pre,XMANA,-0.033168916690862194,25.0,29
2026-03-08,5572,late_pre,XMESY,0.012851755929433328,16.0,29
2026-03-08,5572,late_pre,XKAGT,-0.003249612092439902,18.0,29
2026-03-08,5572,late_pre,XTAST,0.043746341496393004,12.0,29
2026-03-08,5572,late_pre,XTEKS,0.003273297570142941,17.0,29
2026-03-08,5572,late_pre,XUHIZ,-0.0066869807124742,20.0,29
2026-03-08,5572,late_pre,XELKT,0.044617666645884735,11.0,29
2026-03-08,5572,late_pre,XILTM,-0.012397913619504486,22.0,29
2026-03-08,5572,late_pre,XINSA,0.04852164012204074,10.0,29
2026-03-08,5572,late_pre,XSPOR,-0.03017227345441653,24.0,29
2026-03-08,5572,late_pre,XTCRT,-0.016712005633193416,23.0,29
2026-03-08,5572,late_pre,XTRZM,0.02686970841512215,15.0,29
2026-03-08,5572,late_pre,XULAS,-0.06670156134729965,28.0,29
2026-03-08,5572,late_pre,XUMAL,-0.012191981804380525,21.0,29
2026-03-08,5572,late_pre,XBANK,-0.043303882591094967,27.0,29
2026-03-08,5572,late_pre,XSGRT,0.03956732336185287,13.0,29
2026-03-08,5572,late_pre,XFINK,0.8673924531265352,1.0,29
2026-03-08,5572,late_pre,XHOLD,-0.14175928803810356,29.0,29
2026-03-08,5572,late_pre,XGMYO,0.05149563600668161,9.0,29
2026-03-08,5572,late_pre,XAKUR,0.2573699993243944,2.0,29
2026-03-08,5572,late_pre,XYORT,-0.034252461873457984,26.0,29
2026-03-08,5572,late_pre,XUTEK,0.16409202866707473,4.0,29
2026-03-08,5572,late_pre,XBLSM,0.13441084969167683,5.0,29
2026-03-08,5572,late_pre,XTUMY,0.06512307660285988,8.0,29
2026-03-08,5572,late_pre,XHARZ,0.23668596921873186,3.0,29
2026-03-08,5572,early_post,XUSIN,-0.00044742489564031374,19.0,29
2026-03-08,5572,early_post,XGIDA,0.0012079197234151628,18.0,29
2026-03-08,5572,early_post,XKMYA,0.028381713107871187,13.0,29
2026-03-08,5572,early_post,XMADN,-0.13117528639757192,29.0,29
2026-03-08,5572,early_post,XMANA,-0.025292453397272263,25.0,29
2026-03-08,5572,early_post,XMESY,-0.007802759401427606,21.0,29
2026-03-08,5572,early_post,XKAGT,0.04337243121891321,10.0,29
2026-03-08,5572,early_post,XTAST,0.03683924380087311,12.0,29
2026-03-08,5572,early_post,XTEKS,0.008962256176939576,16.0,29
2026-03-08,5572,early_post,XUHIZ,0.02301524787393161,14.0,29
2026-03-08,5572,early_post,XELKT,0.04635830086142034,8.0,29
2026-03-08,5572,early_post,XILTM,-0.02875337923329857,26.0,29
2026-03-08,5572,early_post,XINSA,0.05732779188195258,6.0,29
2026-03-08,5572,early_post,XSPOR,-0.05533261683656299,27.0,29
2026-03-08,5572,early_post,XTCRT,0.01974848140660157,15.0,29
2026-03-08,5572,early_post,XTRZM,-0.01807720814094549,24.0,29
2026-03-08,5572,early_post,XULAS,0.002862481130711414,17.0,29
2026-03-08,5572,early_post,XUMAL,-0.0052988762536934075,20.0,29
2026-03-08,5572,early_post,XBANK,-0.07053870812138752,28.0,29
2026-03-08,5572,early_post,XSGRT,0.03803754265212622,11.0,29
2026-03-08,5572,early_post,XFINK,0.049740941385734594,7.0,29
2026-03-08,5572,early_post,XHOLD,-0.009316284240847628,22.0,29
2026-03-08,5572,early_post,XGMYO,0.061014929624026326,5.0,29
2026-03-08,5572,early_post,XAKUR,0.06809227674016127,4.0,29
2026-03-08,5572,early_post,XYORT,-0.012850673726130246,23.0,29
2026-03-08,5572,early_post,XUTEK,0.08968407415561042,2.0,29
2026-03-08,5572,early_post,XBLSM,0.11848971859185586,1.0,29
2026-03-08,5572,early_post,XTUMY,0.04535056700757023,9.0,29
2026-03-08,5572,early_post,XHARZ,0.0714365483497923,3.0,29
2026-03-08,5572,mid_post,XUSIN,0.0046806135406751714,11.0,29
2026-03-08,5572,mid_post,XGIDA,0.025391302956489836,8.0,29
2026-03-08,5572,mid_post,XKMYA,-0.04960103713241826,21.0,29
2026-03-08,5572,mid_post,XMADN,-0.136123072923789,27.0,29
2026-03-08,5572,mid_post,XMANA,0.11314360559413039,3.0,29
2026-03-08,5572,mid_post,XMESY,0.08225195751264569,6.0,29
2026-03-08,5572,mid_post,XKAGT,0.09545290588706412,4.0,29
2026-03-08,5572,mid_post,XTAST,-0.08613608077041479,25.0,29
2026-03-08,5572,mid_post,XTEKS,-0.16028393925093098,28.0,29
2026-03-08,5572,mid_post,XUHIZ,-0.03646288774518114,18.0,29
2026-03-08,5572,mid_post,XELKT,-0.02185425299404642,16.0,29
2026-03-08,5572,mid_post,XILTM,-0.03863061599306805,19.0,29
2026-03-08,5572,mid_post,XINSA,-0.020646792593521424,15.0,29
2026-03-08,5572,mid_post,XSPOR,0.020795089980894188,9.0,29
2026-03-08,5572,mid_post,XTCRT,-0.017248206924108667,14.0,29
2026-03-08,5572,mid_post,XTRZM,0.011503310727352556,10.0,29
2026-03-08,5572,mid_post,XULAS,-0.10257134309608706,26.0,29
2026-03-08,5572,mid_post,XUMAL,-0.012705872663993034,13.0,29
2026-03-08,5572,mid_post,XBANK,-0.06897393917124561,23.0,29
2026-03-08,5572,mid_post,XSGRT,-0.05505229371337772,22.0,29
2026-03-08,5572,mid_post,XFINK,0.2868279438360486,1.0,29
2026-03-08,5572,mid_post,XHOLD,-0.008948104567023218,12.0,29
2026-03-08,5572,mid_post,XGMYO,-0.03866990448941565,20.0,29
2026-03-08,5572,mid_post,XAKUR,-0.3419988681372135,29.0,29
2026-03-08,5572,mid_post,XYORT,-0.0720747013551093,24.0,29
2026-03-08,5572,mid_post,XUTEK,0.0621621768279601,7.0,29
2026-03-08,5572,mid_post,XBLSM,0.09404641952355863,5.0,29
2026-03-08,5572,mid_post,XTUMY,-0.02308145994326649,17.0,29
2026-03-08,5572,mid_post,XHARZ,0.11707442228933629,2.0,29
