tree
version=v4
num_class=1
num_tree_per_iteration=1
label_index=0
max_feature_idx=24
objective=binary sigmoid:1
feature_names=atr_pct atr_ratio_daily xu100_atr_pct vol_z_20 ret_1d ret_5d gap_pct price_vs_20d_high price_vs_60d_high event_multiplicity n_concurrent_sources n_concurrent_families n_concurrent_timeframes liquidity_proxy_rank_pct_by_date atr_pct_rank_pct_by_date vol_z_20_rank_pct_by_date ret_1d_rank_pct_by_date ret_5d_rank_pct_by_date price_vs_20d_high_rank_pct_by_date price_vs_60d_high_rank_pct_by_date source family setup_label signal_state timeframe
feature_infos=[0.022676140982117236:0.0878944808757324] [1.1738887895534555:4.8038656930528196] [0.012081538495147951:0.05591339996740681] [-1.3233376039959219:4.1225284715116031] [-0.091920821008376827:0.10000000000000009] [-0.1333333333333333:0.30152671191946268] [-0.059039138588107283:0.091787439613526756] [-0.281668380297806:0] [-0.43877096321318815:0] [1:10] [1:4] [1:6] [1:3] [0.001152073732718894:1] [0.0012180267965895249:1] [0.0010940919037199124:1] [0.0010940919037199124:1] [0.0010940919037199124:1] [0.00094339622641509435:1] [0.0012224938875305623:1] -1:1:3:0:2 -1:10:3:8:1:4:5:9:14:2:12:6:7:13:0 -1:9:0:10:1:2:11:3:6:23:17:8:5:21:20:22:4:7:15:16:14:19:18 -1:3:0:2 -1:3:1:2
tree_sizes=6842 7035 7023 7001 7038 7024 7048 7032 7057 7019 7019 7025 7064 7051 7059 7032 7062 7053 7066 7045 7081 7058 7060 7051 7082 7089 7069 7059 7058 7032 7053 7101 7098 7064 7040 7092 7037 7028 7093 7085 7062 7036 7057 7038 7095 7060 7016 7048 7063 7107 7052 7065 7070 7049 7016 7061 7073 7063

Tree=0
num_leaves=63
num_cat=0
split_feature=0 2 16 16 2 8 0 13 0 7 8 7 7 7 2 8 13 0 2 13 19 15 8 8 13 8 0 2 2 15 13 19 0 17 0 8 0 17 6 5 17 19 13 18 16 13 0 8 0 8 0 19 2 15 7 19 16 2 18 8 10 2
split_gain=4614.74 1359.21 1241.29 906.192 770.68 613.626 522.573 316.884 313.047 286.046 264.849 241.112 234.606 233.599 225.503 211.358 178.669 175.455 167.844 160.709 137.465 132.404 120.969 113.302 139.582 97.8314 94.6226 92.5271 89.7829 88.8526 92.6136 86.1115 86.0897 84.663 84.5911 76.1998 73.6075 71.1424 70.0154 68.6251 68.0955 67.5768 67.1003 62.2879 60.9369 60.8885 59.7891 58.9304 61.3067 58.5885 58.3056 58.1912 63.1724 57.9264 69.7149 57.2902 56.1716 55.4059 54.4594 68.2497 53.4162 53.0198
threshold=0.045469238684358544 0.024430463225263918 0.88788269290846622 0.85656968087246976 0.024688065147332416 inf 0.03447412151267417 0.25544016358157562 0.052777623591325908 -1.0000000180025095e-35 -0.062312597089810011 -0.090148990500085222 -0.065321805991548784 -0.066064120588380612 0.030338905914821291 -0.067634606938954775 0.34676517283683345 0.066460278890172281 0.02493986271024955 0.61151747746783991 0.31869400807045151 0.16824047984211341 -0.15684410645901756 -0.13096415024608318 0.38672220685840714 -0.25770473245347614 0.06369536830473374 0.031827200496059742 0.015855146407099511 0.69072506315286419 0.16018690773792224 0.22764795385384023 0.068373690988599314 0.88722315299117371 0.064815915274965996 -0.34879759036144575 0.058295889737128133 0.85554594386774319 0.012824168586914599 0.20371824858841228 0.91851627704043592 0.11675953519173859 0.89936271457193928 0.9151053093462046 0.81708291124444798 0.90324038966341957 0.037619686944548196 -0.17768498177013706 0.042329541181850283 -0.12526150837663338 0.053308343567844148 0.87996070241111457 0.029488768802778721 0.91114100953577359 -0.06074208387898327 0.97773885693961005 0.82465993721917907 0.032476069765123509 0.26401320132013206 -0.091891891827715719 1.5000000000000002 0.034598278818654737
decision_type=8 10 2 2 10 8 10 8 10 10 10 10 10 10 10 10 10 8 10 10 8 10 10 10 10 10 10 10 10 10 10 8 8 10 10 8 10 10 2 10 10 10 10 10 2 8 10 10 10 10 10 8 10 10 8 8 2 10 10 10 2 10
left_child=1 3 4 6 8 14 7 43 13 -5 20 26 -8 40 23 32 28 56 21 37 22 -17 41 34 44 27 -10 -16 -14 38 55 -30 53 49 -6 -18 -13 -12 -11 47 -2 -3 -27 -1 -25 -9 -40 -37 -49 -33 -23 52 -22 54 -4 -31 -7 -29 -15 -60 -26 -19
right_child=2 10 15 9 5 17 12 45 11 29 19 36 16 58 25 18 35 61 -20 -21 51 50 -24 24 60 42 -28 57 31 30 -32 33 -34 -35 -36 39 -38 -39 46 -41 -42 -43 -44 -45 -46 -47 -48 48 -50 -51 -52 -53 -54 -55 -56 -57 -58 -59 59 -61 -62 -63
leaf_value=-1.0739647667201933 -1.0724072731647745 -1.0155226736937559 -1.0369525905928725 -1.0604686363651707 -1.0449038671758273 -1.0789809914911843 -1.0842182242533831 -1.0939580012185499 -1.0591064717291503 -1.0269269566073025 -1.0067977165174975 -1.0390173892860275 -1.0802823116312987 -1.0251741030587698 -1.0199727584126712 -0.9322576121319186 -1.0138056594312532 -1.0549516255205829 -0.96155615927457527 -1.0376494492585666 -1.067830367718094 -1.0226355247022709 -0.99205329679575793 -1.0058820061507572 -1.0226806655486131 -1.005215316547166 -1.0424850597992048 -0.92023170353985684 -1.0272466957981092 -0.99101944523893593 -1.0418387929510158 -1.0732701326454483 -0.99849954361054238 -1.0156819670944377 -1.0181266191549325 -1.0874399599323739 -1.0234187803897514 -0.96161677777749766 -1.0051224480007408 -1.0181875064113575 -1.012441523025656 -1.0646965594710149 -1.0497172958648722 -1.0367571598089902 -0.96313813996557329 -1.1074336320296183 -0.92443758527806019 -1.0751836073212084 -1.0602441107261946 -1.0528212156978654 -0.99670919126412016 -1.0851933573886248 -1.0363475520472996 -1.0457995191852572 -1.008546675715555 -1.054319460988711 -1.0247035339556589 -0.97654773043902199 -1.0609011694133352 -1.0446278709171952 -1.0490223340198532 -1.0187022337949241
leaf_weight=1402.8743149340153 2065.3959919512272 110.61198137700558 351.58123716711998 1036.723735332489 937.422164529562 651.01956456899643 2776.0348393768072 3320.4681619256735 1722.057935371995 71.504799053072929 467.36916914582253 1571.763666048646 323.97616729140282 217.38992527127266 105.62773264944553 62.686512842774391 53.293121010065079 174.25700359046459 346.98039218783379 467.36916914582253 369.21780958771706 367.87589646875858 156.62043116986752 599.6434623003006 994.35762114822865 816.07487820088863 1701.1624310910702 57.127158492803574 299.0549236536026 183.84209729731083 487.11446218192577 508.96847583353519 399.69840757548809 118.85516196489334 429.9873036891222 702.20396496355534 1463.2604052871466 108.31155888736248 44.474834799766541 54.635034129023552 47.542064785957336 185.950817912817 94.700725823640823 121.53898820281029 97.959657683968544 1139.2842379957438 50.992698520421982 2918.2776299864054 899.4651934504509 1118.388733714819 544.43332254886627 198.02803598344326 278.73452499508858 269.34113316237926 566.28733620047569 44.283132925629616 50.609294772148132 223.1409814953804 1073.3387932926416 1608.7621277570724 239.05223704874516 238.28542955219746
leaf_count=7318 10774 577 1834 5408 4890 3396 14481 17321 8983 373 2438 8199 1690 1134 551 327 278 909 1810 2438 1926 1919 817 3128 5187 4257 8874 298 1560 959 2541 2655 2085 620 2243 3663 7633 565 232 285 248 970 494 634 511 5943 266 15223 4692 5834 2840 1033 1454 1405 2954 231 264 1164 5599 8392 1247 1243
internal_value=-1.05337 -1.07036 -1.03644 -1.0751 -1.04155 -1.02654 -1.07905 -1.09068 -1.04902 -1.04266 -1.03457 -1.04175 -1.07192 -1.0584 -1.01847 -1.00624 -1.06704 -1.05983 -0.99146 -1.01582 -1.04964 -1.00219 -1.02745 -1.02543 -1.01763 -1.0008 -1.05085 -0.979657 -1.05587 -1.02175 -1.02948 -1.05199 -1.01858 -1.05624 -1.03646 -1.07275 -1.03149 -0.998153 -0.988984 -1.07345 -1.07104 -1.04629 -1.00983 -1.07099 -0.999759 -1.09741 -0.961134 -1.07412 -1.07167 -1.05922 -1.00712 -1.06155 -1.05428 -1.02538 -1.0194 -1.00326 -1.07503 -0.964636 -1.04918 -1.05114 -1.02778 -1.03398
internal_weight=40107.3 20018.5 20088.8 17676.3 17179.9 5709.27 15757.3 5984.17 11470.7 1918.94 2342.21 6458.24 9773.15 5012.43 4595.09 2908.88 6997.12 1114.17 1321.98 1043.05 1299.16 974.996 453.183 3298.42 1931.01 1296.67 3423.22 385.896 2369.24 882.212 715.24 2045.27 1586.91 1746.21 1367.41 4627.87 3035.02 575.681 166.972 4574.58 2112.94 296.563 910.776 1524.41 697.603 4459.75 95.4675 4519.95 3817.74 1627.36 912.309 845.98 647.952 1187.21 917.869 228.125 701.629 280.268 2899.49 2682.1 1233.41 412.542
internal_count=209217 104425 104792 92207 89618 29782 82197 31216 59836 10010 12218 33689 50981 26147 23970 15174 36500 5812 6896 5441 6777 5086 2364 17206 10073 6764 17857 2013 12359 4602 3731 10669 8278 9109 7133 24141 15832 3003 871 23863 11022 1547 4751 7952 3639 23264 498 23578 19915 8489 4759 4413 3380 6193 4788 1190 3660 1462 15125 13991 6434 2152
is_linear=0
shrinkage=1


Tree=1
num_leaves=63
num_cat=0
split_feature=0 2 7 7 2 0 8 0 7 13 7 7 8 5 2 0 13 19 14 8 13 0 2 13 0 13 8 8 14 13 6 14 17 1 19 2 5 0 8 14 19 14 3 17 19 2 0 19 14 6 2 8 10 7 1 5 8 8 13 14 6 19
split_gain=4165.17 1238.51 848.422 794.59 678.293 563.61 531.616 425.969 373.082 258.086 246.51 242.239 237.723 233.968 201.713 201.493 180.483 151.451 140.301 121.949 116.786 109.664 100.525 99.609 98.3674 97.938 86.4247 84.6154 112.519 102.092 83.9899 78.2569 76.181 73.8767 73.7502 72.4904 71.3124 70.4829 68.9492 68.7224 68.2508 68.1343 67.6854 65.0473 61.8527 58.4878 58.2375 66.2065 57.407 57.3413 56.0591 60.658 55.2291 51.8717 51.8188 58.4698 51.5114 50.5544 50.2402 67.8405 52.9066 55.3021
threshold=0.045469238684358544 0.024430463225263918 -1.0000000180025095e-35 -1.0000000180025095e-35 0.024688065147332416 0.036461582948084055 -1.0000000180025095e-35 0.055495207179306665 -0.079090417456506787 0.25544016358157562 -0.10556702896332541 -0.065321805991548784 -0.12875222519787385 0.10472318135715099 0.030338905914821291 0.068373690988599314 0.86793072670022087 0.13639610389610393 0.46471996663252485 -0.2098419510401158 0.5918938475378418 0.063000231465265191 0.015855146407099511 0.20763587337162071 0.032516026175530559 0.084622027368141381 -0.056113876978808701 -0.13096415024608318 0.55225044822688441 0.72977409894593681 0.047261628752820702 0.29792062015929505 0.85941705524989354 2.5018440931260062 0.41808127908905951 0.031278153677514971 0.20371824858841228 0.087893955439120638 -0.13806991496828178 0.646821322642678 0.1087188282191527 0.82899814126394056 3.7381486475242576 0.97403330304007518 0.75827642631595094 0.024688065147332416 0.037484101097026844 0.31869400807045151 0.39326952968867973 0.011803831407939282 0.022290144831727348 -0.079648054890073192 2.5000000000000004 -0.061403507702920905 1.6459588477448805 0.11866408161463983 -0.30083882840704157 -0.10173599423879263 0.2792266019054736 0.70622632608130853 -0.0039408866440410742 0.44946081850947567
decision_type=8 10 10 10 10 10 8 10 10 8 10 10 10 10 10 8 10 8 10 10 10 10 10 10 10 10 10 10 10 10 2 10 10 10 10 10 10 10 10 10 8 10 10 10 10 10 10 10 10 2 10 10 2 10 10 10 10 10 10 10 2 10
left_child=1 3 4 5 7 9 14 10 21 -1 -2 -7 17 25 27 -8 32 19 -16 -3 22 -9 -13 42 -11 -5 39 28 -6 52 43 -25 46 -27 -31 -19 48 -30 -23 -12 -24 -10 -15 45 -28 58 -14 -48 57 -43 -42 -52 -29 -51 -47 -56 -20 -22 60 -60 -4 -62
right_child=2 12 30 13 6 11 15 8 41 24 26 20 16 23 18 -17 -18 35 56 -21 36 38 40 31 -26 33 44 29 37 34 -32 -33 -34 -35 -36 -37 -38 -39 -40 -41 50 49 -44 -45 -46 54 47 -49 -50 53 51 -53 -54 -55 55 -57 -58 -59 59 -61 61 -63
leaf_value=-0.017489628836183893 -0.019734374053544133 0.0074618976578605016 0.0014584470042160538 0.032440360537985567 -0.0022910255609117362 -0.028214634094868005 -0.017436622791595455 -0.0046323288555285185 0.020923377273922114 -0.044842910837173414 -0.0085305777285934001 -0.02470469844344271 0.015623631728419407 0.068593812800373008 0.028785670168839157 0.025160571996544097 -0.0063887595708824272 -0.024236794628265248 0.083711014169087633 0.1028869290109708 -0.043092689752872004 0.0089225953408959332 0.029166987221809201 -0.010636124591763284 -0.031718156147056288 -0.02821188074610111 0.024385727126660706 0.043987840549551085 0.024455891184919334 0.048034471212625364 0.081229469585424874 0.033656527182256882 0.068547154885891068 0.033674890409089775 0.0053759011049966604 0.016830553274047848 0.045267952381395742 0.08116780849704737 0.031367888556709175 0.0053072488826520084 -0.0051431475552413571 0.033787886699524358 0.0081502855526430495 0.071417008990941125 0.0048172567032899582 0.0089307952196217132 0.083817950826945764 0.035045014600217472 -0.011944184183473636 0.019860519572413839 -0.0091356922484547333 0.031287639660925827 0.0083084202676338877 0.070441110003656077 0.096518265098413963 0.04979409574167256 0.055094560815896532 -0.020212450066986676 0.001737173561687962 0.040156346752994405 0.014211865502678859 0.08127604758267018
leaf_weight=1882.7077580094337 1509.0001296699047 95.964928701519966 39.546669587492943 112.72140744328499 450.2106771916151 2438.4103728830814 798.6004164814949 1388.9133684933186 848.69425544142723 3124.5404699593782 1696.898699387908 507.72958587110043 359.76110832393169 242.08157102763653 505.70921565592289 424.26305523514748 293.96535620093346 496.713363930583 208.39703969657421 50.563807606697083 359.27332633733749 1721.5482674241066 178.57381501793861 143.30823421478271 2656.7152147591114 358.77242946624756 662.35874252021313 1360.1366609334946 951.83732645213604 133.25189153850079 217.86375702917576 323.93908324837685 166.46936744451523 54.825035735964775 414.32041108608246 136.27013848721981 42.468906283378601 57.398539066314697 426.51324205100536 1901.6908002644777 2655.8057873696089 1155.8950302004814 57.579872772097588 232.71349385380745 1033.7650012969971 45.791773855686188 77.252701818943024 686.33395551145077 1220.9833172261715 66.931929305195808 153.44985796511173 232.40182043612003 118.4217436760664 221.35598386824131 104.52846455574036 197.9774227142334 712.64698314666748 744.44082342088223 195.86731205880642 277.29668276011944 40.666431784629822 131.37000648677349
leaf_count=9905 7925 493 203 580 2338 12908 4198 7249 4373 16648 8867 2674 1849 1236 2576 2187 1525 2604 1052 259 1897 8919 929 745 14071 1879 3433 6958 4915 686 1106 1674 843 283 2130 711 219 294 2207 9906 13904 5938 295 1185 5357 233 392 3542 6420 344 806 1216 608 1133 530 1001 3633 3918 1008 1416 210 674
internal_value=0.000135276 -0.0161383 0.0160887 -0.0207286 0.0132097 -0.02374 0.0268483 0.00658489 0.016502 -0.0335816 -0.00191392 -0.0148983 0.0178295 0.0169769 0.0341904 -0.00264937 0.0289491 -0.00477105 0.0500317 0.0408652 -0.00956727 0.0063147 -0.00405023 0.034578 -0.0388181 -0.00868695 0.0031677 0.0276936 0.0184935 0.0343082 0.0524765 0.0200779 0.0370018 -0.019947 0.0158255 -0.0153831 -0.0182505 0.0277584 0.0133918 -0.00121847 -0.000787007 0.0322073 0.0570453 0.0474672 0.0124689 0.0420082 0.0322703 0.0400826 -0.0194298 0.0388194 -0.0025546 0.0152296 0.0411377 0.058807 0.0587213 0.0662041 0.0616531 -0.0276925 0.0334339 0.0242898 0.0536722 0.065597
internal_weight=40106.4 19854 20252.4 17490.7 18768.8 16197.5 6135.19 12633.6 5829.85 7663.96 6803.71 8533.54 2363.29 1293.23 4912.33 1222.86 1583.78 779.512 1426.75 146.529 6095.13 3536.97 3727.96 766.909 5781.26 526.319 5294.71 3485.58 1459.45 2026.13 1483.62 467.247 1289.82 413.597 547.572 632.984 2367.17 1009.24 2148.06 3598.59 3220.23 2292.88 299.661 1265.76 1696.12 1033.04 1123.35 763.587 2324.7 1444.18 3041.66 385.852 1478.56 288.288 348.298 302.506 921.044 1103.71 684.747 473.164 211.583 172.036
internal_count=209217 104425 104792 92207 97226 85515 31575 65651 30163 40624 35488 44891 12218 6692 25190 6385 8151 4067 7261 752 31983 18375 19529 3950 30719 2742 27563 17929 7547 10382 7566 2419 6626 2162 2816 3315 12454 5209 11126 18773 16855 11788 1531 6460 8790 5275 5783 3934 12235 7415 15926 2022 7566 1477 1764 1531 4685 5815 3511 2424 1087 884
is_linear=0
shrinkage=0.05


Tree=2
num_leaves=63
num_cat=0
split_feature=0 4 2 4 2 8 0 0 8 7 7 8 2 8 0 7 19 14 8 6 14 14 7 2 8 0 2 8 2 15 8 4 19 19 2 0 14 6 15 17 2 18 2 19 2 4 2 2 2 2 19 14 14 19 2 7 7 2 19 6 8 14
split_gain=3761.29 1462.12 1128.75 988.505 543.859 480.989 479.685 246.182 215.368 211.662 201.47 192.318 180.788 164.921 156.766 127.893 116.927 110.275 106.518 99.9153 99.7423 87.3149 88.8125 83.3326 83.2072 81.1457 78.4986 75.3947 95.1611 75.2521 71.0227 69.5164 72.2957 68.7948 68.5941 62.9864 61.1365 58.0011 56.0917 55.4439 55.7874 53.3967 52.1023 60.0414 50.9672 96.8004 110.536 94.5897 55.7437 51.0766 50.4593 50.4081 50.1611 49.4961 56.8956 49.1884 48.8211 47.4099 46.5794 45.8438 45.0356 57.6946
threshold=0.045469238684358544 0.095702299823622008 0.024430463225263918 0.076585212744782818 0.024688065147332416 inf 0.034914319538046544 0.052777623591325908 -0.062312597089810011 -0.065321805991548784 -0.10556702896332541 -0.12526150837663338 0.030338905914821291 -0.083628017596026602 0.066460278890172281 -1.0000000180025095e-35 0.32281352732480556 0.53620299578717445 -0.38069632390753744 0.047261628752820702 0.29792062015929505 0.74594045264776987 -0.056922705851794091 0.023495922710901292 -0.15684410645901756 0.052272440187856629 0.015855146407099511 -0.227905821978753 0.031827200496059742 0.69072506315286419 -0.056113876978808701 0.073818531671934765 0.66383378274268112 0.48120844017558351 0.030196908294105849 0.087893955439120638 0.30594653222131979 0.037037138474228189 0.20424987616734927 0.85941705524989354 0.033449360586656769 0.20410497594975013 0.030338905914821291 0.11675953519173859 0.029488768802778721 0.02641370951395761 0.029675767752523629 0.028990808477946977 0.028521094297324818 0.02878252898519407 0.23192132437639532 0.85266079081671298 0.66250864453665292 0.87589161248308367 0.030338905914821291 -0.068109781608233597 -0.06203703703703705 0.034598278818654737 0.12840173040074296 0.020769003907489373 -0.12638743953076317 0.65863198988848803
decision_type=8 2 10 2 10 8 10 10 10 10 10 10 10 10 8 10 8 8 8 2 10 10 10 10 10 10 10 10 10 10 10 2 10 10 10 10 10 2 10 10 10 10 10 10 10 2 10 10 10 10 8 10 10 8 10 10 10 10 10 2 10 10
left_child=2 4 3 6 7 12 37 10 16 -8 -2 21 34 17 -7 52 24 -3 -11 23 -14 -9 35 25 42 -15 -20 28 -22 59 41 32 -10 -24 44 -23 -28 58 -19 40 -29 -12 43 -4 47 55 -47 48 60 -50 -38 -32 -5 54 -18 -46 -40 -16 -1 -17 61 -6
right_child=1 13 8 15 5 14 9 11 31 18 30 -13 20 19 57 29 53 38 26 -21 27 22 33 -25 -26 -27 36 39 -30 -31 51 -33 -34 -35 -36 -37 50 -39 56 -41 -42 -43 -44 -45 45 46 -48 -49 49 -51 -52 -53 -54 -55 -56 -57 -58 -59 -60 -61 -62 -63
leaf_value=-0.018666899801762032 -0.023927990581355814 0.0035131857301323927 0.028069336537879852 -0.0038276918091070377 0.00029025993021197024 -0.021975070817113963 -0.028553913493762646 -0.010458201763234927 0.04851917393420746 0.067733218342884302 0.011285939466802029 0.020529714462971634 0.015270463114076472 0.020603449905203387 -0.0031650678025705301 0.032690125116481256 -0.0094385910785915669 0.072863173589158253 -0.026008376031722777 0.09054875763362881 0.032650469408841684 0.0015583841001019149 0.03497532919138098 0.071415396829746763 0.05105279070897728 0.055406343992793199 -0.017033060717664011 0.043252998499828416 0.081297901011906537 0.023514529380825197 0.012923340885171004 0.061729189635039698 0.017924407248355537 -0.031917919387124356 -0.0069075449574886915 0.030132899095435397 0.0069301556971453878 0.014171383693602185 0.02637575465648791 0.072773853434243446 0.0073067165544717389 -0.007340689591782381 0.058225594182889931 -0.020807925066411784 0.089624742443294825 0.082730598113670242 -0.0092879075131199994 0.0010231608739771755 0.070911615431613353 0.018066749421862347 -0.0089533851171993122 -0.020563558154483311 0.039971849134652251 -0.030001073881702502 0.025931425799378127 0.036369741721817353 0.048274511361196926 0.030821776039385587 -0.036028689874101412 0.085323070744292739 0.030022983700968581 0.026585864584413366
leaf_weight=417.61280964314938 1066.7101313322783 219.99237996339798 104.02933046221733 563.2487771064043 368.87162353098392 685.66664186120033 2653.226822078228 913.44582822918892 282.3117870092392 40.737360164523125 462.72894670069218 2616.5374131053686 236.36745162308216 247.80445270240307 174.99094024300575 80.716788530349731 494.53145331144333 131.8707981556654 917.69172739982605 229.29624663293362 147.87177835404873 2501.1328710913658 383.25023278594017 456.28070746362209 168.94251018762589 526.89661115407944 2142.0737049281597 381.36425419151783 326.79702407121658 728.34727105498314 1224.7699012160301 179.48934072256088 613.42396107316017 41.92814427614212 179.55331556499004 207.9802347868681 592.83433742821217 60.404200881719589 480.09715281426907 105.84124843776226 151.0362464338541 2260.0222155302763 42.033558890223503 155.38931730389595 107.07208877801895 43.366089969873428 122.81517940759659 430.87291842699051 126.41789065301418 72.672969773411751 3170.6567419320345 122.82840563356876 72.93474817276001 195.67425745725632 146.55389040708542 76.026307508349419 553.2386140525341 246.48443809151649 5780.507094964385 88.374323204159737 1291.4712295681238 479.15340138971806
leaf_count=2249 5668 1123 525 2972 1908 3645 14247 4764 1431 209 2420 13391 1189 1258 905 410 2577 665 4885 1125 737 12967 1950 2248 840 2631 11351 1906 1600 3717 6317 898 3112 213 918 1074 3109 322 2447 528 755 11829 218 822 546 219 625 2194 641 370 16702 632 384 1043 752 387 2790 1252 31215 435 6519 2436
internal_value=0.000119205 0.0151646 -0.0154685 -0.0199095 0.00977431 0.0223753 -0.0236351 0.00362827 0.0167934 -0.0165619 -0.00459654 0.00996799 0.0294294 0.0484064 -0.00723613 0.0184038 0.00315283 0.0359996 -0.011923 0.0601425 0.0448494 0.0031373 0.00710159 0.0544098 0.0230712 0.0443148 -0.0124085 0.0511123 0.0662435 0.03055 0.000474252 0.033358 0.0276104 0.0283194 0.0231096 0.00376238 -0.0102911 -0.0343867 0.0421249 0.039773 0.0330882 -0.00417213 0.00727262 -0.00117516 0.0248395 0.0428452 0.0150761 0.0225539 0.0265188 0.0518087 -0.00645019 0.00985815 0.00124852 -0.00805873 -0.00132511 0.0678298 0.0381355 0.0167368 -0.0348621 0.0605383 0.0241423 0.0151617
internal_weight=40093.3 20401.5 19691.7 17309.4 17556 5754.71 15775.7 11801.3 2382.38 9517.22 5137.06 6664.27 4647.57 2845.48 1107.14 1533.62 1307.15 1385.2 6863.99 1460.28 1349.28 4047.74 3134.29 1230.98 470.395 774.701 6823.26 1112.91 474.669 897.438 4070.35 1075.23 895.736 425.178 3298.29 2709.11 5905.56 6258.52 1165.21 638.242 532.401 2722.75 301.452 259.419 3118.74 349.28 166.181 2769.46 2338.59 199.091 3763.49 1347.6 636.184 836.76 641.085 183.098 1033.34 421.475 6198.12 169.091 2139.5 848.025
internal_count=209217 104792 104425 92207 90505 29280 84289 61225 12218 50503 26866 34359 23478 14287 5802 7918 6777 7025 36256 7262 6715 20968 16204 6137 2405 3889 36047 5526 2337 4562 21198 5441 4543 2163 16763 14041 31162 33786 5902 3189 2661 14249 1565 1347 15845 1777 844 14068 11874 1011 19811 6949 3356 4372 3329 933 5237 2157 33464 845 10863 4344
is_linear=0
shrinkage=0.05


Tree=3
num_leaves=63
num_cat=0
split_feature=0 4 2 4 2 0 8 13 0 7 8 7 8 2 13 0 8 19 13 7 2 8 8 13 19 13 8 3 15 13 5 2 13 15 13 2 17 7 0 18 2 3 3 8 5 11 2 15 17 6 0 2 17 1 17 19 8 13 13 2 8 0
split_gain=3397.5 1276.9 1028.67 903.953 482.904 450.568 425.46 290.543 221.256 196.89 191.196 184.507 170.826 157.417 155.217 142.773 140.087 125.932 120.684 112.818 105.358 104.549 101.199 95.0003 90.0152 88.9634 85.162 75.701 73.0354 74.017 72.7074 72.1977 68.4992 77.9472 65.0197 61.7373 59.8083 58.9839 81.5697 71.9457 58.5435 56.2368 73.0739 56.1143 54.7513 52.9292 66.4039 53.1276 51.9208 50.6878 50.3591 50.306 63.2834 50.1262 54.601 61.5348 53.9906 49.0071 47.851 51.186 62.6471 47.6607
threshold=0.045469238684358544 0.095702299823622008 0.024430463225263918 0.076585212744782818 0.024688065147332416 0.034914319538046544 inf 0.30680875923413242 0.052777623591325908 -0.065321805991548784 -0.12875222519787385 -0.10556702896332541 -0.12526150837663338 0.031622433230216032 0.87585035762583752 0.068373690988599314 -0.083628017596026602 0.13639610389610393 0.31482765706066684 -1.0000000180025095e-35 0.015855146407099511 -0.25770473245347614 -0.2098419510401158 0.38672220685840714 0.22764795385384023 0.56055025410899673 -0.15426008966681917 -0.50664115323291925 0.91114100953577359 0.14413839860268435 0.14784637389964098 0.023413789601894098 0.16018690773792224 0.69072506315286419 0.43811978399607271 0.031278153677514971 0.85941705524989354 -0.056922705851794091 0.064427543502027923 0.44244198320801603 0.030338905914821291 2.4119917758700224 3.0307035592163474 -0.36847072247453955 0.20371824858841228 4.5000000000000009 0.024375579553134259 0.32693907589914251 0.88722315299117371 0.010161126647550979 0.030132301001901601 0.032476069765123509 0.35886132119154196 2.5186335658272565 0.76464840020967217 0.82056933940422916 -0.071276460780049275 0.89146292983502307 0.72208653591109184 0.022140277062111056 -0.10289203204282292 0.037484101097026844
decision_type=8 2 10 2 10 10 8 8 10 10 10 10 10 10 10 8 10 8 10 10 10 10 10 10 8 10 10 10 10 10 10 10 10 10 10 10 10 10 10 10 10 10 10 8 10 2 10 8 10 2 10 10 10 10 10 8 10 10 10 10 10 10
left_child=2 4 3 5 8 7 13 49 11 -7 17 -2 37 23 36 -8 28 22 20 57 -11 -15 -4 26 -22 31 -6 -27 45 -30 -13 -18 -21 34 -34 -19 61 38 -10 -39 -28 -41 -43 -20 58 46 47 -3 -26 -1 -9 -23 -53 54 -35 56 -56 -5 59 -45 -61 -12
right_child=1 16 10 19 6 9 15 50 12 18 14 30 -14 21 -16 -17 25 35 43 32 24 51 -24 -25 48 27 40 -29 29 -31 -32 -33 33 53 -36 -37 -38 39 -40 41 -42 42 -44 44 -46 -47 -48 -49 -50 -51 -52 52 -54 -55 55 -57 -58 -59 -60 60 -62 -63
leaf_value=-0.020104454769141165 -0.023014183165105492 0.055723680663088207 0.0056701916696097424 0.004862194364403008 0.017490562062070749 -0.027535256061852167 -0.019719761610798674 -0.047166058107852411 -0.0067167106254064635 -0.029398169491355392 0.013641169002144704 -0.001842235401526549 0.019314306642546634 0.067161572750362622 -0.0079764995384323713 0.018304527824504889 0.053688268477201678 -0.022814470808816309 0.043775529309247829 0.048503602474624 0.028509900429064202 0.054990684997538689 0.090745899333088187 0.016800842475903445 -0.0045059024427980118 0.094124232309985678 0.038798974547988085 0.035844872678347434 0.048583352140985227 -0.0090650422954212228 0.019925963561540656 0.08346959118941992 0.10372213797777759 -0.03431838670024244 0.026474096203443782 0.014935566339183895 0.059961985373897478 0.044928191765165403 0.0087635123460937502 -0.0016837833746990072 0.084747986911610784 0.088637026957653131 -0.0025095029378477186 -0.015433997435634162 0.027947121605674322 0.071170896465166542 0.051450668177182718 0.018496757599948798 0.029896052659289764 0.004292525488538171 -0.036008523778360467 -0.0033018319487856116 0.037407743156083001 0.042951871403272647 0.015710418158843498 -0.0076860406566516444 0.081989629730123512 -0.050981191699005994 -0.02338786389946447 -0.027472110131954237 0.01912759021630861 0.03544582487986303
leaf_weight=1648.9136101454496 1053.9820621311665 116.89096227288246 97.481927424669266 595.48479767143726 533.78910531103611 2614.8437552452087 731.37103475630283 1715.5606210082769 1853.0377109199762 289.99335817992687 368.24915213882923 3643.3775921314955 2641.5289878696203 356.18288646638393 283.74647180736065 371.47092089056969 494.97125640511513 487.53348867595196 38.209190413355827 293.05671165883541 289.67531798779964 179.55729848146439 53.623015075922012 2348.8456753641367 1413.4483440369368 61.214637249708176 793.22561649978161 583.20798726379871 80.781420335173607 173.71249893307686 427.72193446755409 358.58293634653091 43.240667015314102 78.831800550222397 73.491627618670464 138.39832277595997 174.82703520357609 168.16929718852043 1571.9075934737921 373.50229504704475 75.997142627835274 42.674197196960449 44.181688785552979 2471.1833276301622 67.892493322491646 115.00042174756527 396.40311586856842 524.90457254648209 117.89955455064774 244.07616969943047 2540.05550968647 145.82700276374817 274.57940863072872 95.023969054222107 102.10944947600365 180.62166315317154 43.361872747540474 41.058256074786186 1793.0694731771946 101.95563517510891 239.9719872623682 795.86691091954708
leaf_count=8931 5668 579 493 3138 2707 14247 3921 9527 9692 1568 1859 18989 13391 1697 1462 1881 2422 2604 192 1441 1487 880 259 11812 7455 290 3932 2843 405 878 2209 1707 209 408 363 711 846 850 8087 1897 372 216 226 13174 348 570 1966 2627 609 1307 14021 723 1355 480 520 920 221 218 9610 547 1266 3984
internal_value=0.000105032 0.0143038 -0.0148234 -0.0191177 0.00924108 -0.0227351 0.0210417 -0.0332674 0.0034385 -0.0158708 0.015831 -0.00437969 0.00942315 0.0275888 0.0255925 -0.00690704 0.0450095 -0.00456073 -0.0113973 0.0173372 -0.0014613 0.0457004 0.0362593 0.0229621 0.00300127 0.0556639 0.0332577 0.0415182 0.0336403 0.00935224 0.000449129 0.0662826 0.0286246 0.0191146 0.0557267 -0.0144571 0.032707 0.0029742 0.000388553 0.0170408 0.0429091 0.00677822 0.0427719 -0.0158473 -0.0163439 0.0389875 0.0353575 0.0253531 -0.00183949 -0.0169582 -0.0405165 0.0328688 0.0233124 0.0104719 0.00276272 0.0118045 0.0358917 0.00118587 -0.0170027 -0.0129259 0.00519295 0.0285659
internal_weight=40069.4 20536.6 19532.8 17133 17630.9 15586.7 5810.85 6148.61 11820.1 9438.14 2399.73 5125.08 6695 4708 1622.69 1102.84 2905.67 777.037 6823.3 1546.28 2111.02 956.147 151.105 3751.86 1821.02 1497.98 1403.01 644.423 1407.69 254.494 4071.1 853.554 909.738 616.681 116.732 625.932 1338.94 4053.47 3424.95 628.527 869.223 460.358 86.8559 4712.28 4674.07 1153.2 1038.2 641.796 1531.35 1892.99 4255.62 599.964 420.406 499.949 404.925 326.093 145.471 636.543 4606.18 2813.11 341.928 1164.12
internal_count=209217 104792 104425 92207 90505 84289 29280 33786 61225 50503 12218 26866 34359 23478 8151 5802 14287 4067 36256 7918 11119 4655 752 18823 9551 7262 7011 3133 7025 1283 21198 4129 4562 3121 572 3315 6689 20968 17779 3189 4304 2339 442 25137 24945 5742 5172 3206 8064 10238 23548 2958 2078 2549 2069 1661 741 3356 24597 14987 1813 5843
is_linear=0
shrinkage=0.05


Tree=4
num_leaves=63
num_cat=0
split_feature=0 4 4 0 13 1 0 8 8 7 13 7 7 0 1 8 0 5 1 8 13 8 0 13 19 6 1 8 1 4 7 18 1 8 5 15 13 13 0 13 19 19 7 5 13 19 19 0 18 0 19 0 7 13 1 8 5 6 13 7 18 8
split_gain=3070.71 1119.44 917.605 683.051 324.564 308.772 293.129 251.939 193.606 161.174 158.863 149.713 136.036 128.721 125.062 120.049 106.681 97.9045 92.5761 247.046 85.022 83.9448 82.7846 80.4838 80.4439 78.0485 76.9412 74.2063 76.6786 73.2505 72.0521 108.419 71.6891 71.5624 69.4464 68.78 71.1985 65.9065 65.8133 62.2709 62.0983 59.2474 58.9034 58.3749 56.8101 56.7299 60.078 56.6558 55.7733 55.4037 55.2187 53.2383 50.454 50.3276 49.1151 45.5052 44.2525 43.7351 43.5734 42.886 42.5587 43.3305
threshold=0.045469238684358544 0.095702299823622008 0.076585212744782818 0.036461582948084055 0.19968173669978431 1.7282737905296222 0.055495207179306665 -0.10289203204282292 -0.12180507263890654 -0.082626827922995125 0.82095104978290623 -1.0000000180025095e-35 -0.079090417456506787 0.068968256882130069 2.1567758851631775 -0.083628017596026602 0.03367790152461593 0.084885140034135956 1.7754982957841106 -0.10608968769027886 0.16018690773792224 -0.14323001825812073 0.037484101097026844 0.80125019534302255 0.041270730614074415 0.047261628752820702 2.7774235880015574 -0.33333333333333326 1.9840484890861563 -0.075577446130864298 -0.066064120588380612 0.25994671528720042 1.5229860341617396 -0.38069632390753744 0.15020744721399995 0.69072506315286419 0.43811978399607271 0.71819178628389169 0.058820115840825908 0.67892396754785966 0.38996989119362491 0.6988212135247801 -0.06203703703703705 0.12637003435649755 0.46996087292800931 0.29117540773333234 0.073015561942920207 0.047891250404277885 0.30344403965093625 0.051284050108470834 0.15229155726705179 0.087893955439120638 -0.053915047084752525 0.56055025410899673 2.1440190426388033 -0.19263880277993731 -0.0097368195045344757 0.091745248578291264 0.33486768226794078 -0.044060353997202088 0.9151053093462046 -0.077773701801581427
decision_type=8 2 2 10 8 10 8 10 10 10 10 10 10 8 10 10 10 10 10 8 10 10 10 8 10 2 8 8 10 2 10 10 8 8 10 10 10 10 8 10 10 10 8 10 10 8 10 10 10 10 8 10 10 10 10 10 10 2 8 10 10 10
left_child=2 6 3 4 17 8 7 18 32 -7 22 -4 13 21 39 38 23 60 19 -2 57 27 -10 -6 -14 53 58 28 -8 -23 49 -32 50 -11 37 36 -22 -35 45 -9 -24 -41 -40 47 -42 46 -3 -16 52 -20 -5 -28 -26 -17 -31 -44 -56 -13 -15 -18 -1 -62
right_child=1 15 11 5 16 9 12 14 10 33 -12 20 24 26 43 25 59 -19 30 -21 35 29 40 -25 48 -27 51 -29 -30 54 31 -33 -34 34 -36 -37 -38 -39 42 41 44 -43 55 -45 -46 -47 -48 -49 -50 -51 -52 -53 -54 -55 56 -57 -58 -59 -60 -61 61 -63
leaf_value=-0.016002897847843412 0.024668747689171266 0.0016044094818269601 0.0020926134652548643 0.040003560551573045 -0.033446263843147681 -0.028249242862469898 0.068213123065631362 0.03047143410236593 -0.0036513047620884463 0.053729753726701628 -0.0085708035931721886 0.042576347567312711 0.00075935850660112446 0.060506983796544282 -0.012603575197806428 0.055714725624541606 -0.034759253917674399 0.023750043562662866 -0.019893178202244871 -0.035599956272411602 0.099153807042546518 -0.0298031704961037 0.074365530052149367 -0.048210028548868855 0.032989083355707716 0.077719644737946611 0.0097629126305816272 -0.004160562021604571 0.008589300199366233 0.048843916521640933 0.042484421860652738 -0.0038603754426112407 -0.026501892531673923 -0.0084702202117567012 0.011958227227904862 0.013560100140773008 0.025700576219668009 -0.020707319905677535 0.030085038632152367 0.025324983659064871 0.047527965002947391 -0.0076738631629990747 0.0433876074210435 0.019845854927702519 0.018031225436039845 0.0073923952814812293 0.051847897330984098 0.0062314921353390611 0.023482931572488333 -0.0049337023505428412 -0.005265562679422485 0.032990598695548788 0.072642736206096542 0.035697743571776401 -0.0045067413022333571 0.083896216097534573 0.022802879581974352 0.087711405911218496 0.027979882840111065 -0.019738804881028006 -0.018504765661334101 0.043143666753090192
leaf_weight=1363.5424884557724 675.17667803168297 84.810576900839806 731.17573295533657 81.917305439710617 2627.7079828381538 1479.2562206536531 68.961701527237892 990.34302662312984 138.45547491312027 42.938932701945305 332.00526286661625 300.11623384058475 339.69226399064064 132.23853480815887 553.01465399563313 706.33489972352982 721.96948827803135 198.74066054821014 1432.2183062434196 226.19904737174511 50.873150631785393 77.277899533510208 103.06616713106632 1438.0873361378908 319.80841660499573 243.76118171215057 1287.5009941011667 2039.6743203103542 236.87146018445492 131.20700603723526 136.97972328960896 1476.5230578333139 374.53158642351627 4309.2348157912493 329.95585162937641 576.73836825788021 93.500680819153786 1478.0800685882568 457.30372855067253 280.42408181726933 322.85539039969444 262.57471923530102 191.50614230334759 515.4151483476162 333.12982343137264 383.20705209672451 198.85621407628059 1428.2969764471054 2331.7434554696083 1090.8884271383286 358.2466241568327 304.67818635702133 108.07434168457985 581.55706463754177 198.87155325710773 112.53007072210312 579.37317740917206 66.204314723610878 475.54990410804749 1409.2510721236467 50.619645833969116 62.970713630318642
leaf_count=7370 3330 419 3828 409 14746 8168 321 4927 715 213 1727 1451 1761 642 2866 3346 3975 1041 7675 1223 237 394 503 8166 1598 1125 6551 10543 1226 643 701 7704 2018 22996 1727 2913 457 8006 2249 1410 1602 1323 925 2629 1669 1905 985 7354 11580 5749 1892 1530 534 2791 1013 542 2939 314 2339 7686 266 330
internal_value=9.21466e-05 0.013502 -0.0142065 -0.0177087 -0.0286458 -0.0088148 0.00874122 0.00246298 0.00844199 -0.013433 0.0209608 0.0195941 0.0153359 0.0106345 0.0117797 0.0419583 -0.0339246 -0.009117 -0.00499068 0.00952171 0.0313491 0.00443506 0.0318826 -0.0386788 0.0237218 0.0516932 0.0200183 -0.000713783 0.0222123 0.0166624 -0.0081545 9.79838e-05 -0.0104536 -0.00987111 -0.0103262 0.0213351 0.0520874 -0.0115986 0.0314895 0.0230145 0.0383604 0.00938315 0.0415369 0.00487355 0.0325988 0.0199738 0.0368845 0.000970628 0.026547 -0.0134298 0.00323089 0.0142257 0.0431508 0.0467106 0.0206391 0.0586066 0.0158274 0.0509501 0.0351447 -0.024841 -0.0135522 0.0157493
internal_weight=40034.6 20659.4 19375.2 17556.6 7872.89 9683.67 17699.6 9068.05 2044.21 7639.47 1229.51 1818.61 8631.52 5532.2 4030.07 2959.87 6197.02 1675.87 5037.99 901.376 1087.43 3332.24 897.507 4065.8 3099.32 1531.65 2199.97 2345.51 305.833 986.73 4136.61 1613.5 814.696 6160.21 6117.27 721.112 144.374 5787.31 1428.21 1533.34 759.051 542.999 761.34 2496.73 655.985 666.874 283.667 1981.31 2759.63 2523.11 440.164 1592.18 427.883 1287.89 909.452 304.036 778.245 366.321 607.788 2131.22 1477.13 113.59
internal_count=209217 104792 104425 95225 43580 51645 90505 46891 10535 41110 6216 9200 43614 28141 20509 14287 34573 9007 26382 4553 5372 17079 4489 22912 15473 7262 11062 12090 1547 4989 21829 8405 4319 32942 32729 3607 694 31002 7025 7660 3774 2733 3716 12849 3271 3309 1404 10220 13712 13424 2301 8081 2132 6137 4595 1467 3952 1765 2981 11661 7966 596
is_linear=0
shrinkage=0.05


Tree=5
num_leaves=63
num_cat=0
split_feature=0 4 2 4 2 0 8 13 14 8 8 7 2 2 2 13 8 7 0 13 17 19 14 13 8 7 13 13 0 18 4 18 13 3 14 13 8 14 14 8 2 3 13 19 8 0 1 5 2 0 7 2 13 16 18 1 14 18 16 0 0 5
split_gain=2873.06 1042.39 852.939 747.989 423.803 401.967 368.109 249.596 197.246 244.96 164.019 162.486 137.542 128.857 163.585 111.781 111.382 110.174 123.485 108.299 94.2483 91.8982 91.1412 83.759 79.8972 79.2409 75.4457 72.5345 69.2801 68.4271 79.1929 71.5717 68.2506 76.5044 67.4857 66.0479 64.1886 56.2656 55.6386 63.9265 55.57 55.4302 56.9317 54.1062 70.0818 53.1444 64.9972 66.6256 51.3713 51.2371 50.9813 54.4369 49.7475 49.6213 48.5342 47.5848 63.193 44.8367 44.3285 44.2653 44.0319 43.7111
threshold=0.045469238684358544 0.095702299823622008 0.024430463225263918 0.078060606570337546 0.024688065147332416 0.036322854143790016 inf 0.21587229799874602 0.74594045264776987 -0.091891891827715719 -0.062312597089810011 -0.065321805991548784 0.037379936113057795 0.031827200496059742 0.032476069765123509 0.5527683138411198 -0.083628017596026602 -0.11579675863329418 0.048980033358595264 0.35489008118318471 0.87908183106895998 0.36613195727226228 0.53620299578717445 0.63478942347008327 -0.28431000906806997 -1.0000000180025095e-35 0.30680875923413242 0.76994385826033529 0.03083309880171917 0.11669861603811289 -0.012809169836235255 0.90589320599088363 0.16018690773792224 2.2831415425513124 0.52843205630141554 0.33486768226794078 -0.15426008966681917 0.65863198988848803 0.39740072066661669 -0.13096415024608318 0.022680379435067784 3.0730777134075971 0.50922996037348245 0.19190638083447906 -0.11714675142884699 0.051765738562434917 2.2706740701871175 0.20371824858841228 0.030338905914821291 0.087893955439120638 -0.07034392728731996 0.015381346692968216 0.5681988551178957 0.92752551239173331 0.89667517006802722 2.1075818619804614 0.87230364961761941 0.84939015320541433 0.3371603571303034 0.038408303717559274 0.06060425085851915 0.20371824858841228
decision_type=8 2 10 2 10 10 8 8 8 10 10 10 10 10 10 10 10 10 10 10 10 8 8 8 10 10 10 10 10 10 2 10 10 10 10 10 10 8 10 10 8 10 10 8 10 10 10 10 10 10 10 10 10 2 10 10 10 10 2 10 10 10
left_child=2 4 3 5 8 7 13 54 9 23 21 -7 34 35 -15 53 22 49 -19 43 -11 -4 41 40 -16 37 -18 -26 -9 -20 -31 50 -27 52 -8 36 -6 -5 39 -37 -2 42 -3 -13 -45 46 -28 -48 -23 -10 60 -52 -34 -12 -1 -24 57 -57 -46 -35 -32 -21
right_child=1 16 10 25 6 11 12 28 17 20 15 19 -14 14 24 -17 26 18 29 61 -22 48 55 -25 27 32 45 -29 -30 30 31 -33 33 59 -36 38 -38 -39 -40 -41 -42 -43 -44 44 58 -47 47 -49 -50 -51 51 -53 -54 -55 -56 56 -58 -59 -60 -61 -62 -63
leaf_value=-0.015330051290814535 -0.0032866404760536886 0.037671254703181292 0.017389600408880046 -0.0046392989191807454 0.01673477217695318 -0.02491978162412517 -0.034759700171214207 -0.041827343390451577 -0.0021948039998525184 0.0041374127899223906 0.038929076825486637 0.02160933503643199 0.022424702712690276 0.087125870194054822 0.058546553960745075 0.011891949370056911 0.06524109510096486 -0.0095144038126152332 0.03896827496956292 -0.015027007984340469 0.031813503524097633 -0.017145319710370917 0.060757598285115913 -0.025357046935437329 0.031343047320387396 0.043831179508987628 0.045701051178716263 -0.014683850351038738 -0.030372138663436521 -0.00012682315410135077 -0.0075033902842816082 -0.025355914048773964 0.05896807843086932 -0.016037587559365005 -0.0053253658336304324 -0.021323576388547805 0.039778310270827483 0.041979338201611947 0.020602638007005167 0.014554554331658457 -0.021232628907968079 -0.035663997363739423 -0.027707021566086995 -0.017133115164713348 0.019218328547238924 0.048869477722060357 -0.022528811098297626 0.049743170101007886 0.012259102252667518 0.023736303863760192 -0.0024457481937523724 0.026443640246764571 0.011396915619592279 0.091366594379036895 0.012307444031283197 0.0077401719794432727 0.044285225847786103 0.036232049610542501 -0.0020165173741891369 0.017144765447278356 0.020319301236369585 0.027123232933214336
leaf_weight=1379.5991950035095 1752.2486780583858 106.7855040282011 552.76181168854237 520.05334042012691 499.93793205916882 2285.5752620846033 336.51524324715137 2158.0054945796728 2197.8024378418922 1627.8826112598181 510.11285383999348 250.76387016475201 289.22971324622631 166.61006805300713 198.61302830278873 546.19282150268555 506.01574763655663 512.38476721942425 313.95735186338425 3660.1622797995806 378.40371997654438 560.37267175316811 160.87752646207809 945.65653049945831 374.92264929413795 306.5111446082592 163.59709107875824 110.17914211750031 3456.8132621645927 720.05767573416233 274.79511307179928 88.804870128631592 126.44206067919731 184.09323532879353 461.36642324924469 182.50757758319378 772.14715600013733 72.90465635061264 2133.2822817564011 382.92205755412579 571.45608986914158 70.519589096307755 47.334491401910782 600.29497909545898 333.35270710289478 746.56844072043896 101.55744412541389 45.278868928551674 201.1679957062006 207.56357266008854 178.93908767402172 1818.4221621900797 97.646208390593529 49.318680554628372 178.75197710096836 323.44051343202591 509.74287883937359 240.87459906935692 927.0278418213129 218.94052256643772 292.83085849881172 61.678416848182678
leaf_count=7558 9303 528 2801 2744 2491 12783 1847 12507 11433 8349 2466 1284 1471 772 910 2732 2323 2664 1612 19785 1907 2960 770 5033 1803 1447 762 539 19558 3650 1416 440 604 934 2430 926 3714 376 10522 1888 3027 356 235 3199 1772 3473 493 215 1031 1037 899 9072 481 229 937 1588 2448 1160 4908 1102 1472 310
internal_value=9.37215e-06 0.0128846 -0.0139189 -0.0179123 0.00827097 -0.0212439 0.0192137 -0.0298681 0.00282826 -0.00438004 0.0138315 -0.0136215 -0.00706351 0.0251391 0.0428037 0.0280147 0.0400267 0.0085851 0.0134708 -0.00919112 0.00937062 0.00188792 0.030056 -0.0128186 0.0318916 0.0154527 0.0493123 0.0208804 -0.0347815 0.0166661 0.0145798 0.0185687 0.0245232 0.0150316 -0.0177676 0.0213466 0.0307423 0.00115353 0.016908 0.00295672 -0.00770723 0.000755789 0.0175426 -0.000145467 -0.0030874 0.0416323 0.0241266 -5.70877e-05 -0.00937198 5.17743e-05 0.0200987 0.0238556 0.0383817 0.0437067 -0.012154 0.0353809 0.0315269 0.0199443 0.00361058 0.00198592 0.00686047 -0.0143214
internal_weight=40050.6 20812 19238.5 16818.6 17789.4 15292 5908.23 7173.17 11881.2 5275.65 2419.93 8118.86 1087.11 4821.12 850.325 1105.62 3022.59 6605.56 4200.19 5833.28 2006.29 1314.3 1459.58 3269.36 683.715 1526.59 1563.02 485.102 5614.82 3687.81 3373.85 2653.79 933.633 627.122 797.882 3970.8 1272.09 592.958 2698.71 565.43 2323.7 224.64 154.12 2111.44 1860.68 1057 310.433 146.836 761.541 2405.37 2564.99 1997.36 224.088 559.432 1558.35 1234.94 1074.06 564.315 1260.38 403.034 567.626 3721.84
internal_count=209486 104978 104508 92289 90627 84601 29313 40560 61314 27619 12219 44041 5748 23565 4024 5427 14351 33695 21225 31258 10256 6792 7085 17363 3252 7688 7266 2342 32065 18561 16949 13299 4568 3121 4277 19541 6205 3120 13336 2814 12330 1119 763 11163 9879 4943 1470 708 3991 12470 12859 9971 1085 2695 8495 5966 5196 2748 6680 2036 2888 20095
is_linear=0
shrinkage=0.05


Tree=6
num_leaves=63
num_cat=0
split_feature=0 4 5 0 2 19 7 13 2 17 7 2 0 0 7 7 2 2 13 15 0 8 13 9 8 13 2 8 3 13 13 8 18 7 13 2 5 2 0 19 8 15 0 8 8 13 2 5 13 18 15 15 3 16 8 18 2 11 18 2 8 16
split_gain=2598 919.154 792.729 514.398 377.759 328.036 273.099 253.088 240.454 180.489 149.408 146.674 145.764 120.322 119.03 112.359 109.773 148.006 106.969 102.659 97.194 89.5059 87.2721 86.7889 85.2975 75.5312 70.6245 68.6255 65.3393 64.4946 64.2772 62.7907 62.1268 74.7307 61.6277 58.0825 58.0319 57.8277 55.4746 54.6632 95.7333 76.0814 54.2971 54.2479 52.0488 51.9312 50.8589 64.6199 63.4162 50.5232 52.888 62.2264 50.7588 56.5387 50.096 49.2441 49.2386 60.0298 49.0585 47.2487 54.7156 45.6932
threshold=0.045469238684358544 0.095702299823622008 0.10472318135715099 0.036461582948084055 0.024688065147332416 0.013262287049600485 -1.0000000180025095e-35 0.25544016358157562 0.02493986271024955 0.87908183106895998 -0.072621338153761469 0.023237896492095036 0.055495207179306665 0.06403792459378288 -0.080748257661913556 -0.066064120588380612 0.031827200496059742 0.032476069765123509 0.86793072670022087 0.32315317084345835 0.032516026175530559 -0.083628017596026602 0.35489008118318471 6.5000000000000009 -0.0033679486234230445 0.21587229799874602 0.027862282336196666 -0.28431000906806997 3.7381486475242576 0.76994385826033529 0.30680875923413242 -0.053550552687902757 0.44633138107492537 -0.038317654658490179 0.38672220685840714 0.016973353613076697 0.15273251244432798 0.034396249380162246 0.063000231465265191 0.23192132437639532 -0.11714675142884699 0.97795130448873768 0.035203429874883542 -0.039920769700618745 -0.15426008966681917 0.83265717577353537 0.029488768802778721 0.016639272748881665 0.10437136255690145 0.95671528658056126 0.96225899013252969 0.69072506315286419 2.9507908811730625 0.9470978382930938 -0.13806991496828178 0.91126110331930821 0.018871097507704639 3.5000000000000004 0.26401320132013206 0.018079702308349873 -0.07488820169680159 0.90367468922514804
decision_type=8 2 10 10 10 10 10 8 10 10 10 10 8 8 8 10 10 10 8 10 10 10 10 2 8 10 10 10 10 10 10 10 10 10 10 10 10 10 10 8 10 10 10 10 10 10 10 10 10 10 10 10 10 2 10 10 10 2 10 10 10 2
left_child=2 4 3 7 9 13 11 55 10 12 -5 36 15 -6 38 -2 34 -18 24 -3 -9 -21 39 26 31 28 -13 -19 56 -29 -23 46 33 58 44 -22 45 -15 -14 -12 -41 -42 -27 -34 -7 -4 48 -48 -10 50 51 -44 53 -51 -40 -1 -8 -58 -17 -57 -61 -37
right_child=1 19 6 8 5 16 25 20 18 -11 22 23 14 37 -16 32 17 27 -20 21 35 30 -24 -25 -26 42 -28 29 -30 -31 -32 -33 43 -35 -36 61 -38 -39 54 40 41 -43 49 -45 -46 -47 47 -49 -50 52 -52 -53 -54 -55 -56 59 57 -59 -60 60 -62 -63
leaf_value=-0.015160567794054794 -0.012609017060078834 0.058549916540432595 -0.0092761767815896842 -0.025019858896220222 -0.021235006274377036 0.016446954296551668 0.034911703734309234 -0.039527140450178938 0.061636313537285117 0.018342026539049493 0.017023284907414043 0.030300783121173049 -0.0070215541586130959 -0.0060507288917141383 0.018246326565899751 0.023811892397809401 0.081960765352987117 0.054817390439303594 -0.01862658351958333 0.023702846159753217 -0.037673731917022585 0.057392315716171385 -0.013670419949509752 0.082197742804387117 -0.021863558351043054 -0.012216472061967317 -0.0093982472290453315 0.029397962007212126 0.0054003831947831999 -0.014045826409483896 0.034339169817396091 0.043371725556084761 -0.0093388292811606797 0.039854832982210708 0.015465567296104574 -0.022171796959215308 0.0069090503745950303 0.026087411247315437 0.0028632304195057544 -0.021712438484300628 0.0010645007565455555 0.069768572868307871 0.069051396864301159 0.0072479855578230197 0.035719288594444752 -0.037412226927288329 0.070749406228476391 0.014266896812730877 -0.0038156343456395981 -0.0057763290410428004 0.09188184306415989 0.011525124676520447 -0.020828505697114495 0.060816869981954805 0.024654870436516652 -0.016544336884147224 0.051158235054885343 0.1087847719042193 -0.003395339435243601 -0.0041841452180120938 0.061923669022384692 0.032114226763822341
leaf_weight=1814.6327539235353 2644.0588709115982 486.20048080384731 836.59295877814293 1899.3709479570389 601.5434851795435 569.49974097311497 147.19715867936611 2839.3407169878483 40.500727072358131 1592.2697651088238 356.78853565454483 297.14077906310558 1227.4137433320284 264.23326741158962 1538.9702204763889 238.67451457679272 168.97751061618328 194.10558144748211 246.57636725902557 1234.8430477380753 742.60038028657436 467.54489709436893 3471.3731194883585 53.276964589953423 117.10307063162327 106.31005823612213 178.85308262705803 379.68145549297333 74.419925481081009 109.48823222517967 878.95070621371269 271.76195296645164 1362.4284650981426 191.07777857780457 2447.8830747157335 1703.2117738127708 435.91001309454441 295.89165489375591 1471.291483476758 549.26799216866493 1174.579661950469 40.728109508752823 71.343982487916946 771.18861149251461 921.48262710869312 203.35618934035301 75.138867154717445 153.27849414944649 341.06436547636986 60.630992159247398 43.793967917561531 135.71028065681458 83.877569541335106 65.829836547374725 320.42758294939995 95.015323117375374 121.49050404131413 74.770674780011177 536.06725160777569 60.171054244041443 63.966248467564583 38.820818558335304
leaf_count=9977 14216 2232 4551 10758 3310 2818 691 16768 205 7972 1835 1475 6422 1353 7573 1206 760 872 1292 5950 4242 2103 18864 262 627 554 892 1803 358 539 4066 1309 7113 983 12022 9649 2300 1467 7519 2969 6212 208 339 3936 4369 1143 375 774 1722 304 214 670 418 317 1599 488 563 348 2775 310 321 204
internal_value=1.90758e-06 0.0121745 -0.0133368 -0.017729 0.00782774 0.0181092 0.0103009 -0.0274692 -0.00952482 0.00268088 -0.0129065 -0.0002948 0.000258662 -0.00572367 0.00693419 -0.0050394 0.0238877 0.0401593 0.0108126 0.0374531 -0.0332004 0.0334583 -0.00878894 0.0222623 0.0180914 0.0318404 0.0153956 0.0297169 0.0479619 0.0196654 0.0423806 0.0234165 0.00142006 0.0119348 0.0203577 -0.0259575 -0.00839379 0.0109428 0.00116382 -0.000798264 -0.00440929 0.00342242 0.0199058 -0.00334299 0.0283739 -0.0148087 0.0144695 0.0330745 0.00327463 0.0273208 0.0424335 0.0315834 0.00918199 0.0290943 0.00677198 -0.0124571 0.0571416 0.0735527 0.00500628 0.00989536 0.0301029 -0.0209443
internal_weight=40000 20914.2 19085.8 16095.3 17846.7 5952.79 2990.5 7357.76 8737.53 11893.9 7492.11 2005.13 10301.6 1161.67 4558.1 5743.5 4791.12 852.253 1245.42 3067.54 5323.97 2581.34 5592.74 529.271 998.847 985.375 475.994 683.275 417.878 489.17 1346.5 881.744 3099.44 965.82 3938.87 2484.63 1475.86 560.125 3019.13 2121.36 1764.58 1215.31 567.497 2133.62 1490.98 1039.95 609.982 228.417 381.565 461.187 250.848 207.054 210.338 126.461 1791.72 2033.79 343.458 196.261 774.742 219.153 124.137 1742.03
internal_count=209486 104978 104508 89109 90627 29313 15399 41959 47150 61314 40846 10623 53342 6130 23113 30229 23183 3974 6304 14351 30863 12119 30088 2629 5012 4776 2367 3214 1960 2342 6169 4385 16013 4964 19209 14095 7994 2820 15540 11224 9389 6420 2816 11049 7187 5694 3076 1149 1927 2262 1223 1009 1039 621 9118 11096 1602 911 3981 1119 631 9853
is_linear=0
shrinkage=0.05


Tree=7
num_leaves=63
num_cat=0
split_feature=0 4 5 2 8 13 0 0 13 2 8 2 8 14 2 2 2 15 2 14 5 13 5 14 8 3 13 2 18 13 2 4 2 13 0 14 9 13 18 3 2 8 8 14 14 13 2 2 2 3 2 16 8 1 16 5 14 18 19 13 5 9
split_gain=2354.12 1013.24 563.999 498.616 332.432 304.43 308.615 265.897 212.008 189.788 160.455 130.269 127.423 113.48 124.665 120.898 110.59 99.1218 91.1529 87.8979 85.2709 82.7023 79.5479 77.7006 71.8003 103.602 69.2229 65.8592 59.978 59.1483 57.6504 56.0032 55.2077 54.345 54.319 53.845 73.0737 56.2089 53.4289 50.3282 49.4527 52.7915 49.3547 59.2438 48.5779 48.4334 50.9882 48.1297 47.0732 46.9209 48.0876 46.4626 46.0218 44.8365 44.4479 44.1243 47.8985 55.2701 44.7637 44.1832 44.1154 43.5402
threshold=0.041828989179322172 0.095702299823622008 0.10472318135715099 0.024688065147332416 inf 0.30680875923413242 0.03367790152461593 0.052777623591325908 0.21587229799874602 0.029488768802778721 -0.071276460780049275 0.037379936113057795 -0.12526150837663338 0.15173036032227902 0.031827200496059742 0.032476069765123509 0.01629649707805603 0.29913450854567475 0.024197384994838991 0.67848369640293826 0.21805659254263879 0.61540565561353322 0.049517088882902301 0.52843205630141554 -0.086802255263855918 3.6807682611184198 0.74170943415988078 0.023495922710901292 0.59174698050844854 0.33085315263445386 0.036378053270572357 0.085328782707622244 0.014514192757359325 0.90324038966341957 0.036032396458375492 0.77004415957070205 4.5000000000000009 0.64708067476619191 0.91126110331930821 1.8113852936592625 0.015855146407099511 -0.34075514268250429 -0.17508280398556361 0.40111274236675548 0.34172945108480152 0.88350149951710477 0.023366724855946545 0.027862282336196666 0.017545297514126746 4.0570900501903147 0.022219116742868653 0.9628335301062575 -0.15426008966681917 1.300900251158551 0.65282292311079904 0.15273251244432798 0.74192012288786502 0.57609657560600247 0.62399677938808384 0.196046666788528 0.087559489241026758 4.5000000000000009
decision_type=8 2 10 10 8 8 10 8 10 10 10 10 10 10 10 10 10 10 10 10 10 8 10 10 10 10 10 10 10 10 10 2 10 8 10 8 2 8 10 10 10 8 10 10 10 10 10 10 10 10 10 2 10 10 2 10 10 10 10 10 10 2
left_child=2 3 5 7 13 16 33 10 28 40 19 23 35 -5 29 -16 32 -3 20 21 31 -2 -21 -6 25 -19 27 -26 -4 52 -17 -10 -1 48 38 37 -37 -9 60 -38 -8 -42 43 -43 -33 46 54 -48 -7 50 -30 -46 -15 -20 -44 58 57 -57 61 -59 -18 -12
right_child=1 17 8 4 11 6 9 12 18 -11 55 -13 -14 14 15 30 34 24 53 22 -22 -23 -24 -25 26 -27 -28 -29 49 -31 -32 44 -34 -35 -36 36 39 -39 -40 -41 41 42 45 -45 51 -47 47 -49 -50 -51 -52 -53 -54 -55 -56 56 -58 59 -60 -61 -62 -63
leaf_value=-0.0090403756715555211 -0.010421497749839387 0.055180081002907437 -0.0052924892663061187 -0.0095847545452880586 -0.034940188618317561 -0.040456368295454091 -0.032100962482155181 -0.00081623843279747185 -0.018876207581007012 0.035273650445446066 0.01794225730248904 0.020101588943214468 0.015764739447619244 0.016424619751563209 0.075326215351633169 0.022581121019601007 -0.015429900106572775 0.026957091917975459 -0.011658633218701839 -0.011202917660371089 0.041467866808807825 -0.026735203032884448 0.010536270731663896 -0.0044358002533790497 0.034349650403964843 -0.017081149753284869 0.017405718441768237 0.057614814327860357 0.032960962196432672 0.015790475048575229 0.059427750656475146 -0.015985480562773723 -0.03399811552411177 -0.048429593884231716 0.0027145319389842407 0.0026280780803167873 0.012979434700492093 -0.026650173807933848 0.015727582233866218 0.055677230163638208 0.027469025994079462 -0.035854153920199992 -0.019575495652678312 -0.0077778370269151855 0.053858566989881763 -0.027071625395304524 0.016484535837638033 -0.024013442825679028 -0.026177326553511529 -0.011352989262386606 0.06717478909797707 -0.0021507941985190663 0.035048225609752445 0.037107981258326178 -0.0041522182466131865 0.06552165067488798 -0.011586288394878281 0.059794345785386317 -0.0027823746443529115 0.0045027491388536572 0.027792788854342599 -0.016902960027135011
leaf_weight=371.88257513940334 2478.290851816535 477.82388301193714 87.852154776453972 281.89807561039925 382.60817290842533 1227.585444778204 692.79456090927124 768.84893316030502 784.73263370990753 161.23330990970135 549.82359240949154 297.70699696242809 2735.3629185259342 532.83490417897701 192.53143107891083 518.31463365256786 1403.6260378360748 1235.0858414769173 62.324230328202248 970.46568064391613 78.783035919070244 1132.3228746801615 741.40105478465557 458.73144593834877 851.22202184796333 149.04861511290073 339.22222301363945 480.25198915600777 336.67488300800323 3126.8613287806511 133.49421209096909 119.51834386587143 550.70055024325848 866.45112673938274 1472.6071266680956 2700.2793081700802 188.74944989383221 288.99701489508152 172.60856412351131 108.58166898787022 62.877451777458191 704.44201008975506 1622.5110834389925 256.99797596037388 75.535149782896042 712.11831580102444 259.40989480912685 101.17065165936947 1107.5863470882177 41.773809224367142 149.9596654176712 71.586733862757683 891.22611767053604 187.39016672968864 656.73106417059898 75.68782377243042 96.025114044547081 44.702726796269417 1975.6487442702055 173.44516465067863 60.732718989253044 106.25277598202229
leaf_count=2075 13473 2150 457 1399 2160 7378 3925 4042 4367 820 2873 1490 13489 2625 854 2418 7822 5901 310 5262 391 6259 3911 2433 3930 736 1577 2120 1635 15278 608 611 3071 5288 7830 13794 953 1534 880 540 339 3988 9112 1431 375 4000 1328 507 6602 205 694 354 4176 907 3616 380 482 221 10344 872 328 556
internal_value=-4.07832e-06 0.00913937 -0.0161174 0.00513901 0.016367 -0.020069 -0.0254724 8.15884e-05 0.00855408 -0.0179826 -0.00589684 -0.00827873 0.00742723 0.0213124 0.0229282 0.0405723 -0.00876601 0.0339882 -0.00234005 -0.0111203 -0.00838418 -0.0155436 -0.00178713 -0.018333 0.0306564 0.022206 0.03764 0.0427781 0.0329114 0.0196465 0.030207 -0.0121556 -0.0239586 -0.0376985 -0.00425224 0.00180117 0.00522349 -0.00789241 -0.0105173 0.0287065 -0.0196831 -0.0177104 -0.0183752 -0.0283651 0.00761997 -0.0155022 -0.0123722 0.00508674 -0.0336978 0.0392611 0.0436203 0.0267749 0.0280963 0.0249388 -0.0151353 0.00330484 0.0189807 0.0289753 0.000976308 0.0160542 -0.0136195 0.0122819
internal_weight=39943.9 25483.7 14460.2 21951.1 6816.21 12464.1 8431.91 15134.9 1996.13 5230.29 8344.07 1139.05 6790.82 5677.16 5395.26 844.34 4032.16 3532.65 1379.87 5322.48 1130.16 3610.61 1711.87 841.34 3054.83 1384.13 1670.7 1331.47 616.261 4550.92 651.809 1051.37 922.583 3201.62 3109.57 4055.46 2997.61 1057.85 1636.97 297.331 5069.05 4376.26 4313.38 961.44 266.64 3351.94 2639.82 360.581 2335.17 528.408 486.635 147.122 1424.06 249.714 2279.24 3021.59 389.861 293.836 2631.73 218.148 1464.36 656.076
internal_count=209486 128840 80646 112426 33441 70340 48334 78985 10306 29066 44633 6083 34352 27358 25959 3880 22006 16414 7315 28905 6098 19732 9173 4593 14264 6637 7627 6050 2991 22079 3026 5707 5146 19268 16860 20863 15287 5576 9030 1493 28246 24321 23982 5419 1340 18563 14563 1835 13980 2534 2329 729 6801 1217 12728 15728 1955 1473 13773 1093 8150 3429
is_linear=0
shrinkage=0.05


Tree=8
num_leaves=63
num_cat=1
split_feature=0 4 4 2 2 8 13 0 0 7 7 2 14 2 18 15 18 13 2 4 13 8 6 14 13 2 14 7 7 19 13 8 2 19 17 19 0 11 2 13 7 7 13 0 14 13 13 14 14 13 9 7 13 21 7 15 0 9 14 1 8 17
split_gain=2136.28 899.031 512.981 446.269 445.59 296.613 271.405 240.332 226.19 187.295 122.211 118.114 102.767 105.534 87.3323 86.2767 85.2293 84.8388 82.0366 77.1969 73.9744 77.6997 72.7885 72.4704 69.4745 65.8426 82.1655 69.101 64.8 56.8036 54.0161 53.6466 56.3086 51.8824 51.4543 51.101 49.8178 49.1862 49.0938 48.5853 48.57 48.5489 48.2408 47.3756 49.3086 45.5082 44.9752 57.401 44.5981 44.5108 44.332 43.2691 42.8794 42.4211 42.1787 40.8235 40.6946 40.5544 40.2339 42.3298 38.9118 41.8843
threshold=0.041828989179322172 0.095702299823622008 0.078060606570337546 0.024688065147332416 0.024430463225263918 inf 0.30680875923413242 0.053308343567844148 0.03367790152461593 -0.071116288157592564 -0.11579675863329418 0.037379936113057795 0.47252656738591303 0.031622433230216032 0.13299616368286449 0.29913450854567475 0.25994671528720042 0.21587229799874602 0.01629649707805603 -0.029065278508234534 0.89936271457193928 -0.2257336343115123 0.01582060836104671 0.52843205630141554 0.77377742349149148 0.024430463225263918 0.70622632608130853 -0.083457184352886668 -0.043108187124793577 0.14005418921495302 0.14413839860268435 -0.12180507263890654 0.031827200496059742 0.57626556669514017 0.96588627236217606 0.96565252323902129 0.063000231465265191 3.5000000000000004 0.032476069765123509 0.88350149951710477 -0.016765876530961673 -0.06403679124680399 0.75413793890689929 0.043838690104983431 0.39740072066661669 0.60742994576446285 0.5527683138411198 0.38934013919583077 0.40519679097660755 0.90324038966341957 4.5000000000000009 -0.017420654414958488 0.96221975907645996 0 -0.06403679124680399 0.86379953679876487 0.055683478698486923 8.5000000000000018 0.12801711522111811 1.5507166275414812 -0.21557170559166564 0.18397355861480005
decision_type=8 2 2 10 10 8 8 8 10 10 8 10 10 10 8 10 10 10 10 2 8 10 2 10 10 10 10 10 10 8 10 10 10 10 10 8 10 2 10 10 10 10 10 10 10 10 10 10 10 8 2 10 10 9 10 10 8 2 10 10 10 10
left_child=2 3 4 7 6 12 18 9 49 48 36 23 24 52 -12 -3 -11 40 53 -16 21 -6 46 -7 31 26 30 -28 -10 -20 -17 32 -5 50 39 42 -9 -24 -34 -19 -4 -33 -27 44 -32 -30 -18 -48 -2 -8 -15 -39 60 -1 -31 57 -21 -29 -26 -60 -14 -62
right_child=1 15 17 5 20 11 8 10 28 16 14 -13 13 33 19 25 22 34 29 56 -22 -23 37 -25 58 35 27 55 45 54 43 41 38 -35 -36 -37 -38 51 -40 -41 -42 -43 -44 -45 -46 -47 47 -49 -50 -51 -52 -53 -54 -55 -56 -57 -58 -59 59 -61 61 -63
leaf_value=0.0035499809882174691 -0.029247734244111374 0.051499373692436026 -0.014804907702292789 -0.0021607389853450566 -0.018494184892535931 -0.033851852360199969 -0.033343773461350409 -0.0093486513750542805 -0.026911431375269912 0.020515316095224698 0.037442548670729693 0.018928093491081915 0.010803579948800608 0.047154168267998703 -0.0078426951647565784 0.035765491700917786 0.00010462559581896259 0.0044213502797474614 0.016317101609941889 0.0037440552235675773 -0.019729722803117068 0.018995538819759517 0.0071099173126285041 -0.0042239600103021286 -0.037326345719003916 0.051958025762926047 0.0066272396534022299 0.03982592791743627 -0.0080710282120371023 -0.021470590221268234 -0.008031075787765244 0.046519213928716857 0.071694083191181215 0.022462439320996369 0.043665755143536815 0.019659939938492813 0.0046996539144994057 0.066032649326157586 0.015685062922423887 -0.041543680008997802 0.036393699973884808 0.018520213251512364 0.018892922473232487 -0.0011189232149576682 0.058602497722055717 -0.020590695661918262 -0.027500378307793699 -0.0055892097896881538 -0.012937353306433233 -0.04674292387099744 0.094844038953461912 0.0049731269566289137 -0.019668504123496217 -0.027352912790676906 -0.0049903026402665172 0.01992108321541463 0.016900770786186695 0.084058936375151661 0.026095261037616259 -0.0077296565037357663 0.038733260132416236 0.021757615934745598
leaf_weight=133.84044194221497 510.33991931378841 486.21996237337589 51.033866256475449 525.72660446166992 159.83740171790123 375.38206994533539 2313.9828788787127 1069.9361605197191 1961.3431029617786 455.93865868449211 331.03646473586559 300.34770184755325 596.84335359930992 373.38992394506931 487.95923680067062 182.0403546243906 2852.2061048895121 578.62580361962318 260.56708940863609 789.91384573280811 191.559172347188 988.17565384507179 378.80342674255371 457.72738796472549 76.811114177107811 610.05477428436279 222.4991409778595 712.91919754445553 1280.3969925194979 480.59289936721325 43.965442329645157 204.79453366994858 47.7473054677248 196.32108969986439 73.864999860525131 248.62680564820766 1535.4846434295177 77.248002097010612 203.09975081682205 62.819628223776817 453.92427386343479 637.67017920315266 136.49278256297112 547.36849157512188 73.340607330203056 1681.0276690721512 368.3644262701273 1571.3042697310448 2351.9588204175234 859.68216089904308 56.697981461882591 46.388629838824272 61.768793284893036 784.5792361497879 2008.5099579393864 254.27768802642822 2303.0177818387747 55.980697706341743 126.32179176807404 337.16117638349533 456.18977263569832 1822.9563422501087
leaf_count=750 2904 2150 270 2633 858 2160 14175 5681 11300 2358 1654 1490 2902 1667 2462 844 14959 2960 1410 3989 1022 4871 1970 2433 399 2739 1063 3247 7124 2740 219 974 213 901 359 1133 7808 401 944 329 2125 3013 629 2601 357 9528 2005 8274 13040 5405 253 238 302 4449 10971 1177 11242 255 627 1669 2182 8679
internal_value=-1.00726e-05 0.00865241 -0.0154671 0.00487117 -0.0183545 0.0154515 -0.0214656 7.54153e-05 -0.0265772 -0.00540619 0.00731897 -0.00791122 0.0200787 0.0252937 0.0129055 0.0319077 -0.000203413 0.0155302 -0.0101789 0.0106274 0.00896351 0.0137643 -0.00199122 -0.0175983 0.0114631 0.0288068 0.0237496 0.0319159 -0.0198599 -0.00585317 0.0117119 0.0166415 0.00714799 0.0439246 0.00444006 0.0394052 -0.00107076 0.0160952 0.0265884 -0.000137869 0.0312003 0.0253736 0.045946 0.00508032 0.0337719 -0.0151823 -0.00389058 -0.00976241 -0.0158546 -0.0369869 0.0536465 0.0433467 0.0213075 -0.0231094 -0.00817964 0.0374033 0.0135429 0.0431514 -0.00405654 0.00152562 0.0221941 0.0251709
internal_weight=39885 25560.6 14324.4 21986.9 13104.1 6856.96 11764.5 15129.9 8096.43 8612.55 6517.35 1133.46 5723.5 3564.17 3911.93 3573.79 5750.25 1220.27 3668.09 3580.89 1339.57 1148.01 5294.31 833.109 2159.33 3087.57 2092.39 1245.68 4922.77 2749.67 846.715 1619.04 776.574 626.409 715.31 995.174 2605.42 502.44 250.847 641.445 504.958 842.465 746.548 664.675 117.306 2961.42 4791.87 1939.67 2862.3 3173.67 430.088 123.637 2937.76 918.42 2489.1 1023.18 3092.93 768.9 540.294 463.483 2875.99 2279.15
internal_count=209486 128840 80646 112426 74603 33441 67852 78985 47532 46149 32836 6083 27358 16886 19347 16414 30205 6043 20320 17693 6751 5729 27847 4593 10472 14264 9763 5742 27952 15121 4021 7777 3790 2821 3648 4501 13489 2609 1157 3289 2395 3987 3368 3177 576 16652 25238 10279 15944 19580 1920 639 14065 5199 13711 4679 15231 3502 2695 2296 13763 10861
cat_boundaries=0 1
cat_threshold=20661
is_linear=0
shrinkage=0.05


Tree=9
num_leaves=63
num_cat=0
split_feature=0 4 0 4 1 7 0 8 19 0 15 1 8 14 15 1 19 0 14 14 0 7 8 7 0 18 6 11 9 14 1 1 17 6 0 1 1 17 4 9 6 1 4 19 19 1 0 17 6 9 14 8 14 17 17 19 18 4 18 6 19 14
split_gain=1962.25 951.505 446.731 318.265 204.299 172.371 154.45 132.481 128.651 98.584 89.7193 88.9313 75.7875 96.656 74.9584 72.9313 135.895 94.5925 91.3591 77.246 67.6601 67.0157 64.4252 63.0405 62.7192 60.891 58.0694 52.4907 51.4376 49.7906 61.6713 49.284 49.1599 48.8605 61.105 76.6005 52.1522 47.6837 47.3045 51.3394 46.5781 45.8909 45.1263 44.8463 44.5702 54.9604 53.3312 52.1993 51.7705 46.0762 43.368 45.9972 42.1489 41.8334 41.2229 44.4094 41.0674 39.3862 38.8993 38.6177 38.567 38.2957
threshold=0.038544270248551664 0.095702299823622008 0.049569877231926067 0.078060606570337546 1.7340998582311851 -0.065321805991548784 0.03447412151267417 -0.12638743953076317 0.0093203897551723657 0.087893955439120638 0.15200502512562816 1.4625725344734397 -0.09735116661487124 0.53620299578717445 0.93464309608357798 2.0758849010064178 0.79332189822755872 0.06403792459378288 0.66250864453665292 0.29792062015929505 0.042713554253717437 -0.10441878009274662 -0.081497842761265579 -0.044060353997202088 0.063000231465265191 0.12508366800535478 -0.0019094597940900735 3.5000000000000004 7.5000000000000009 0.084600925390399082 1.3725043825118557 1.7754982957841106 0.91073348694316447 0.047261628752820702 0.057583129959688832 2.1377844081739918 2.4189880843140554 0.85160985425940616 0.056167952444532328 5.5000000000000009 0.091745248578291264 1.9624993333386884 -0.075577446130864298 0.75827642631595094 0.62399677938808384 1.8605451808502653 0.053308343567844148 0.8280461215932915 0.044256063381369677 7.5000000000000009 0.68617315738654661 -0.11956168601858912 0.68256537682138385 0.50493015945035014 0.76067363389638276 0.97773885693961005 0.25994671528720042 -0.029065278508234534 0.65880165735417184 0.012560385583695323 0.14005418921495302 0.15173036032227902
decision_type=8 2 8 2 10 10 10 10 10 10 8 10 10 8 10 10 8 8 10 10 10 10 10 10 10 10 2 2 2 10 10 10 10 2 10 10 10 10 2 2 2 10 2 8 10 10 10 10 2 2 10 10 10 10 10 8 10 2 10 2 8 10
left_child=3 2 4 6 8 37 38 9 -2 15 -3 22 13 14 -12 16 19 -18 -17 -4 -7 24 -8 -13 -20 -23 27 -9 29 -10 -31 -21 -25 34 35 -14 -37 -6 39 60 54 50 -28 -34 45 53 -47 49 -49 -46 51 -22 58 -44 -5 -56 -43 -27 -33 -58 -1 -32
right_child=1 10 7 40 5 20 11 26 28 -11 12 23 33 -15 -16 18 17 -19 21 31 41 25 -24 32 -26 57 42 -29 -30 30 61 52 43 -35 -36 36 -38 -39 -40 -41 -42 56 44 -45 47 46 -48 48 -50 -51 -52 -53 -54 -55 55 -57 59 -59 -60 -61 -62 -63
leaf_value=-0.0099017164430324246 -0.028789145316189653 0.059420124625084163 -0.010237669450195512 -0.01245843034418718 -0.018357289284851881 -0.0089862961321141265 -0.013118343372486414 0.0095099993249496886 -0.014287089282464105 0.031050665514425885 0.013374355077354539 -0.024861423716773856 0.039949563881564051 0.02593158437474757 -0.033593373133034538 -0.011801784941313271 -0.020693857219930886 0.016525181292628539 -0.0091630815641581542 0.041838887049688439 -0.015328730297824597 0.046666124051171133 0.026789229115276966 -0.012893808322247558 0.0053422616652796561 -0.01182696099393241 -0.028376530024297877 -0.020253818191941719 0.054228707335421414 0.041286862941288811 -0.0082278160183461065 -0.00085931348544638665 0.063390314557791622 0.052600188819719444 0.043739440721103126 -0.004407753393220977 0.023388947308272186 0.014997665952024182 -0.0059079036863075429 -0.04184076430584175 0.04618078727761038 0.01991191040066095 0.077301058968942168 -0.0024324280449782056 0.0096937590840167759 0.007625873547578251 0.026287034284331108 0.019989106841171861 0.071239006764886981 -0.032627760692821736 0.061243425439478416 0.017338646964049818 0.032138344784601466 0.018608279307823355 0.021283516765360042 -0.020443378497326116 -0.0045948502577923189 0.012556446822516401 0.04843229807678226 0.012619131656142896 -0.027343062979680945 0.01393880235066873
leaf_weight=343.65144537389278 200.18237490952015 232.93287806212902 152.72590760886669 186.11007942259312 2931.1151226758957 2604.9634978622198 187.41158853471279 812.8191305398941 169.38213764131069 348.51012103259563 239.1457395106554 1357.7490565776825 478.05903206765652 1217.8747752904892 130.45970988273621 1100.6168364584446 402.95085529983044 294.71565929055214 1193.8932264149189 388.72254957258701 138.31070898473263 118.44590081274509 217.51429949700832 2114.2071978896856 1979.2363328784704 187.69219017028809 52.281132444739342 180.12155935168266 72.403740286827087 184.98068384826183 225.33791197836399 273.4723227918148 39.179713249206543 292.67042511701584 595.29118411242962 248.1175961792469 524.62288153171539 110.49772170186043 259.09177516400814 582.34905400872231 87.313335388898849 217.72264425456524 79.171525731682777 72.498016446828842 1496.7720362246037 525.54836630821228 1419.6137444674969 848.52252525091171 51.537103265523911 66.235459491610527 43.29287177324295 476.56090207397938 314.74265593290329 50.148413792252541 425.2154852449894 74.162800028920174 2693.2211234122515 1363.4658042341471 45.88133005797863 369.65741209685802 4318.8092014938593 1411.9299847483635
leaf_count=2031 1157 1006 741 970 16645 14224 985 3968 861 1686 1159 7854 2163 5655 656 5870 2280 1450 6369 1765 743 595 1074 11848 9889 966 263 876 355 900 1143 1330 212 1273 2621 1158 2413 601 1500 3518 397 1111 370 391 7295 2677 6838 4082 244 325 208 2384 1469 234 2083 363 14241 6807 221 1916 26152 6905
internal_value=-1.53203e-05 0.00652573 0.00299702 -0.0188476 -0.00411758 -0.00730842 -0.0213596 0.00912911 0.00938775 0.00506953 0.0293335 -0.013862 0.0274373 0.0191397 -0.00324977 0.00390731 0.0125073 -0.00497025 0.00119513 0.0228754 -0.00273617 0.00415079 0.00833202 -0.0163713 -0.000116556 0.0122562 0.0150645 0.00409583 0.0131025 0.011581 0.013992 0.027825 -0.0111837 0.0335843 0.0305428 0.0242322 0.0144696 -0.017141 -0.0267895 -0.0278198 0.0119954 0.00139868 0.017436 0.0210177 0.0179699 0.023372 0.0212516 0.0134125 0.0229995 0.00788059 0.0134374 0.00997741 0.0191816 0.0548583 0.00758015 0.0150582 -0.00101992 0.0096003 0.00635146 -0.00251386 -0.0260599 0.0108848
internal_weight=39821.8 29556.6 25597.4 10265.3 11849.6 9585.34 9492.46 13747.8 2264.22 8165.07 3959.17 3988.56 3726.24 1587.48 369.605 7816.56 1873.21 697.667 5943.35 1175.54 6543.73 4842.73 404.926 3583.63 3173.13 1669.6 5582.77 992.941 2064.03 1991.63 1822.25 1022.82 2225.88 2138.76 1846.09 1250.8 772.74 3041.61 5503.9 5244.81 772.802 3938.77 4589.83 111.678 4537.55 2074.48 1945.16 2463.07 900.06 1563.01 658.164 614.872 634.096 129.32 685.488 499.378 3280.6 1551.16 319.354 3062.88 4662.46 1637.27
internal_count=209486 150108 132004 59378 63394 52073 55565 68610 11321 41438 18104 22364 17098 7470 1815 39752 9256 3730 30496 5526 34827 24626 2059 20305 16258 8368 27172 4844 10164 9809 8948 4785 12451 9628 8355 5734 3571 17246 33201 31701 3813 20603 22328 603 22065 10119 9515 11946 4326 7620 3335 3127 3020 604 3416 2446 17268 7773 1551 16157 28183 8048
is_linear=0
shrinkage=0.05


Tree=10
num_leaves=63
num_cat=0
split_feature=0 4 0 13 1 7 13 5 13 5 6 7 13 7 0 18 1 17 14 18 4 3 0 1 14 9 3 14 4 7 13 5 5 1 0 13 9 17 7 13 7 7 4 14 13 3 14 18 1 9 17 13 15 1 7 0 0 17 0 15 6 14
split_gain=1788.08 912.519 490.117 363.638 227.679 161.103 133.333 130.772 105.864 94.9849 92.132 86.4484 86.2762 74.5387 130.037 100.875 91.3123 77.5973 76.9388 68.7828 65.4217 68.0154 64.9938 78.006 89.3566 62.039 57.426 57.1805 55.5178 53.3057 53.0822 70.9426 50.8459 50.1508 48.8289 48.4394 64.1495 50.6839 48.0208 46.5852 46.3363 45.8904 45.8497 43.5138 42.5218 46.5766 41.6685 60.4406 55.5551 41.4464 40.3297 40.2603 38.216 37.6808 37.1699 37.1277 37.1094 34.646 34.3375 34.3215 34.1543 33.6409
threshold=0.03671773857805672 0.095702299823622008 0.049117903333946875 0.16018690773792224 1.7282737905296222 -0.065321805991548784 0.86793072670022087 0.084885140034135956 0.90324038966341957 0.15273251244432798 0.047261628752820702 -0.032456385788197477 0.71819178628389169 -0.10220024083249939 0.068968256882130069 0.15295460650013434 2.0758849010064178 0.54040878711931362 0.39326952968867973 0.41058608844997863 0.09883720930232566 2.2831415425513124 0.057583129959688832 2.1377844081739918 0.65863198988848803 9.5000000000000018 3.6245493502670443 0.14759322459056437 -0.012809169836235255 -0.06074208387898327 0.76994385826033529 0.14344828963909265 0.1201298708427221 1.6266042663698224 0.030611760522001638 0.23564651589417265 7.5000000000000009 0.33493206355048466 -0.034090909012439323 0.1720058309037901 -0.062770240470332403 -0.02336896564841939 0.034616322244308668 0.50453517071164133 0.46996087292800931 3.7996321549297853 0.74192012288786502 0.90589320599088363 2.0699451750532343 5.5000000000000009 0.93443882276663748 0.024888534082401968 0.87964470275743278 1.6130588410470375 -0.12154789828721145 0.054346335991300281 0.032161651414996356 0.15243198332676169 0.042455816848347878 0.98579879667910331 0.0063829787234043209 0.63911902316558267
decision_type=8 2 8 8 10 10 8 10 8 10 2 10 10 8 10 8 10 10 10 10 2 10 8 10 10 2 10 10 2 10 10 10 10 10 10 10 2 10 10 10 8 10 2 10 8 10 8 10 8 2 10 8 10 10 10 10 10 10 10 10 2 10
left_child=3 2 4 7 6 32 35 -1 11 12 22 -5 19 14 16 -15 18 -18 33 38 34 -22 23 24 44 28 40 -8 -17 -24 59 -32 51 -4 -13 43 37 -37 -7 -11 -12 -21 -40 -2 45 -3 50 48 -48 -16 -30 -6 -43 -39 -29 -52 -10 -36 -14 -25 -41 -54
right_child=1 10 13 8 5 9 27 -9 56 39 26 20 58 15 49 25 17 -19 -20 41 21 -23 29 30 -26 -27 -28 54 46 -31 31 -33 -34 -35 57 36 -38 53 42 60 -42 52 -44 -45 -46 -47 47 -49 -50 -51 55 -53 61 -55 -56 -57 -58 -59 -60 -61 -62 -63
leaf_value=-0.0079443692903463613 0.021913503171132536 0.043503704259229808 0.016771699290245769 -0.031364624181289213 0.016962948871480272 0.0045249685290279914 -0.034823672684571504 0.025207626952730228 -0.047499193753238057 0.046463978346753615 0.014579924887211144 -0.028605512796784062 -0.022738959959001048 0.032838220160943635 0.013796334679102405 0.0015581536690734356 -0.009498842648017156 0.010189822140091145 0.021239975600674272 -0.010992294093818611 0.062254850439140634 -0.0079405071736486435 0.020270661555182388 0.017418865427025067 0.069348116682076424 -0.040542298282181671 0.004065960964792871 -0.044569230944390352 0.006509759922190818 0.04035639159248236 -0.03636972760025526 0.019623109305750536 0.017403388908163311 -0.028569574322850469 0.01331691107686692 0.01960438550723629 0.058368205233199834 0.0074001873457818432 0.015732608806460123 -0.0016463271121167221 0.057094701023045528 0.002423301286710334 0.079973687626712309 0.071869469080205292 0.0096452519335829285 0.0019270604285052196 0.039364811064583373 -0.019756170498991033 0.015577981988219539 0.063759392239905663 0.0097318761462933303 -0.0196272289786871 -0.025034922836976795 -0.013004253986512554 0.0062736213747511954 0.048198348963315943 -0.030227137627876557 -0.016701709565272848 -0.0083002161732188672 -0.026849090644833502 0.0252323235974195 0.0211001896546281
leaf_weight=1212.9257865101099 510.66853855550289 308.86382542550564 99.112290754914284 2005.8823057711124 76.37394092977047 1029.1872692257166 209.73734495043755 393.01645877957344 668.66142800450325 97.28429551422596 75.63473716378212 1031.0049043744802 854.29171612858772 516.28983972966671 1825.2056680172682 1440.1694628000259 2365.4974888563156 633.77022023499012 684.57703472673893 2049.4758560955524 47.535601824522018 118.77907676994801 548.26499570906162 1057.659658908844 125.57375431060791 59.197856888175011 74.460577815771103 40.753297060728073 2822.2574175298214 844.31957057118416 123.45865912735462 102.83483065664768 99.843202114105225 155.42336551845074 100.58289541304111 530.28514562547207 62.56431919336319 670.92411541938782 84.206614047288895 305.06695063412189 451.06844933331013 1730.1013496816158 40.944310486316681 46.979299515485764 307.87538693845272 86.194247975945473 267.50232374668121 111.41964231431484 2935.935377523303 41.566736370325089 138.17941683530807 3015.8593228459358 236.00317269563675 340.13492356240749 257.54954427480698 114.87726111710072 597.97754247486591 1878.8037342131138 797.49579465389252 44.809245556592941 191.81516183912754 46.622870445251465
leaf_count=6781 2518 1412 464 12188 438 5475 1143 1895 4409 478 343 6469 4886 2522 8927 7194 12491 3289 3253 11005 227 604 2495 4911 551 293 344 222 14146 3694 587 475 540 793 593 2666 302 3308 446 1569 1949 9273 217 217 1452 420 1256 542 14209 199 671 17390 1257 1746 1338 547 3617 11053 4262 218 967 244
internal_value=-7.64683e-05 0.00527107 0.00197615 -0.0211098 -0.00491286 -0.00818442 0.00814237 0.000179437 -0.0264103 -0.0041622 0.0271217 -0.0232346 -0.0058219 0.00843515 0.0040767 0.0114443 -0.00107607 -0.00533645 0.0125216 -0.00266724 -0.0180928 0.0123747 0.0240435 0.0185921 0.0306267 0.0100403 0.0452283 -0.0148859 0.0104278 0.0324688 0.011071 -0.0109504 -0.0175834 -0.0109178 -0.0197796 0.0135592 0.00913561 0.00710067 0.00809852 0.0150008 0.0510288 -0.00572774 0.037217 0.0262432 0.0236207 0.0344602 0.0124263 0.0163156 0.017576 0.0149424 0.00823008 -0.0187183 -0.000364262 0.000529771 -0.000798089 0.027315 -0.0393754 -0.0151704 -0.0157771 0.0155969 0.00875968 -0.0173768
internal_weight=39741.3 31686.2 27535.1 8055.17 13324.2 10654.6 2669.6 1605.94 6449.23 7462.5 4151.02 5182.59 6868.33 14211 5805.15 8405.83 3938.38 2999.27 939.113 5216.54 3176.71 166.315 3549.85 2157.27 828.507 7889.54 601.164 508.04 7830.34 1392.58 1328.76 226.293 3192.08 254.536 3010.39 2161.56 1603.91 1541.34 1154.34 594.166 526.703 4062.2 125.151 557.648 702.933 395.058 6390.17 3314.86 3203.44 1866.77 3075.31 3092.23 2012.73 1011.06 298.303 253.057 1266.64 1979.39 1651.79 1102.47 496.882 282.626
internal_count=209390 161554 142703 47836 71907 58447 13460 8676 39160 40079 18851 31134 37065 70796 29416 41380 20290 15780 4510 27917 18946 831 16215 10026 3835 38858 2636 2703 38565 6189 6191 1062 18368 1257 18115 10757 8022 7720 6138 3014 2292 21779 663 2735 3284 1832 31371 16007 15465 9126 15364 17828 10774 5054 1560 1218 8026 11646 9148 5129 2536 1501
is_linear=0
shrinkage=0.05


Tree=11
num_leaves=63
num_cat=0
split_feature=0 4 2 4 0 8 7 2 0 14 8 2 2 2 2 2 2 4 3 8 14 7 8 6 3 2 2 2 8 8 14 2 19 2 8 2 2 4 0 14 7 0 0 6 16 19 2 1 3 2 14 2 0 2 8 2 3 17 14 6 2 6
split_gain=1631.77 721.763 502.324 308.938 265.957 260.619 206.506 179.978 100.451 97.9428 93.4286 91.71 139.607 94.6058 91.7402 166.55 106.063 136.932 82.6232 79.491 80.9352 69.3963 65.3118 64.4515 64.0526 59.4505 61.4917 144.304 59.4049 64.4686 73.9522 67.6195 66.8065 58.664 54.9531 53.8013 68.7552 53.401 51.2349 59.1589 50.8546 59.7259 53.0765 50.7232 49.9021 49.5558 48.6138 48.6025 48.4403 49.3169 61.4373 48.2196 45.7722 45.4079 44.2178 42.9567 50.7095 42.7301 46.5231 43.6745 42.0563 41.72
threshold=0.038544270248551664 0.095702299823622008 0.024430463225263918 0.098344064835879 0.052777623591325908 inf -0.072621338153761469 0.02493986271024955 0.03447412151267417 0.52843205630141554 -0.12526150837663338 0.030338905914821291 0.030519706672412588 0.030196908294105849 0.029488768802778721 0.028990808477946977 0.029675767752523629 -0.0033898304542608888 2.2831415425513124 -0.09735116661487124 0.55610158576833302 -0.064659483980160179 -0.064916512529455003 0.047261628752820702 3.2054173946920472 0.028521094297324818 0.027862282336196666 0.027459728617744199 -0.39466810338239561 -0.091891891827715719 0.48454076850984074 0.021890372676806141 0.17201988381661204 0.02878252898519407 -0.30570840681951789 0.017171849919606429 0.021171052830479088 0.056167952444532328 0.047891250404277885 0.69804558186911136 -0.056922705851794091 0.058295889737128133 0.063000231465265191 -0.0012089462509755065 0.17126002819810163 0.43777300906056277 0.014514192757359325 1.6910470957707848 0.26487746329172496 0.01629649707805603 0.40519679097660755 0.017124567590068959 0.057135182483006274 0.023495922710901292 -0.041489813807520141 0.017545297514126746 1.3992106885326441 0.68994755723518464 0.80536184306374392 0.003179650238473886 0.036378053270572357 0.0023474178403756212
decision_type=8 2 10 2 8 8 10 10 10 8 10 10 10 10 10 10 10 2 10 10 8 10 10 2 10 10 10 10 8 10 10 10 10 10 10 10 10 2 10 10 10 10 8 2 2 10 10 10 10 10 10 10 10 10 10 10 10 10 10 2 10 2
left_child=3 2 4 7 6 11 -2 8 37 -7 40 13 -13 14 15 25 21 44 -5 20 24 -16 -9 53 -3 26 27 -4 -8 30 -30 38 35 -27 -14 -32 -37 51 -31 54 42 -42 -6 -33 -18 -43 -39 -17 -10 -50 -51 -1 -15 57 -40 -52 -57 -21 59 -59 -11 -23
right_child=1 19 5 18 10 9 28 22 48 60 -12 12 34 52 16 47 17 -19 -20 23 -22 61 -24 -25 -26 33 -28 -29 29 31 32 43 -34 -35 -36 36 -38 46 39 -41 41 45 -44 -45 -46 -47 -48 -49 49 50 55 -53 -54 -55 -56 56 -58 58 -60 -61 -62 -63
leaf_value=-0.032910272390333208 -0.017292947146748543 0.012949618796557014 0.013610518403045127 0.048710438909693975 -0.0079257786865678942 -0.024787323778547074 0.05223148748901723 -0.010655907824371473 -0.02206426252665902 -0.0052673255741709996 0.013021645527272621 0.11343495347098254 0.04409457421700147 -0.032201043738638357 0.11095665503016031 -0.027694837676019036 0.036482798046484653 0.00018509217552182373 0.006253006767508164 0.043926639226047608 0.023332054291375554 0.01108730305942012 0.020424167420226944 0.050690494401481746 -0.028238561636771683 0.055614792035887053 -0.00052163645343958451 0.047817284416576622 -0.016925595835638362 -0.0053201723349296931 -0.0079943849435061259 -0.015046303935176024 -0.0083696934635342553 0.0081585495126215192 0.020479435165490386 0.036929553707164726 -0.0088460463965124372 0.040212721468381285 0.0067813546355840653 -0.0033820347242640237 0.000690355916270976 0.040487737906022322 0.0045917109289118829 0.017348294965965957 0.10937978424662759 -0.018475937790947954 -0.014289758586130212 0.00083936951357669893 -0.025753679151764231 -0.011979052481676713 -0.0067835033073864659 -0.022835117332329305 0.013305682354087673 0.038527707838992516 0.040558060176429767 0.0028074692537540841 0.05046195649634086 -0.0024428967404385186 0.031764874003160935 0.02279591758941393 0.020477268482674549 0.07344110563766125
leaf_weight=2132.1488715559244 3241.7638704776764 254.03026710450649 2359.9413796961308 165.74092988669872 1618.9190326333046 509.05850028991699 48.666199624538422 328.12613958120346 1491.0140074938536 431.51914739608765 2738.9684313088655 44.732864782214165 301.44549341499805 160.0716233253479 59.414429560303688 258.99351897835732 53.488804638385773 255.19525593519211 367.50736798346043 194.86644312739372 1303.4128595590591 52.693508937954903 346.62252889573574 369.15967233479023 148.86300422251225 183.75220043957233 530.57384087145329 353.99506552517414 1359.828566506505 2769.4946697354317 214.4627793431282 140.14396810531616 1177.7466129213572 101.1727253049612 1359.8571740686893 271.43625675141811 116.89526371657848 46.904452189803123 201.58667357265949 462.11737377941608 363.8243201225996 233.06136064231396 1773.5857084840536 846.42161273956299 43.136778846383095 41.430916681885719 279.99708622694016 350.1722781509161 418.63802765309811 1325.9643197208643 204.10391776263714 2715.6416967064142 83.421686485409737 662.06677868962288 186.44369061291218 120.74394495785236 103.02757711708546 333.97996880114079 412.53041818737984 350.75194522738457 249.58270029723644 54.543812274932861
leaf_count=13510 18695 1203 11360 757 8582 2949 246 1732 8705 2296 13213 205 1307 786 276 1278 248 1224 1791 890 5917 245 1694 1559 751 855 2545 1664 7512 14980 1140 739 6306 486 6257 1433 619 267 1036 2334 1816 1101 8912 4410 203 200 1616 1669 2437 7547 1135 16940 401 2839 938 673 565 1538 1800 1614 1189 255
internal_value=-7.72583e-05 0.00582654 0.00273037 -0.0174905 -0.00190395 0.0133134 -0.00668942 -0.0195668 -0.0214669 -0.00821884 0.00589779 0.0171931 0.0271778 0.0137123 0.0153014 0.0128114 0.0351143 0.0194518 0.0195158 0.0254933 0.0172818 0.0678663 0.00531671 0.031514 -0.00230103 0.016978 0.0150458 0.0180883 -0.00227813 -0.00262728 -0.00815028 0.00113908 -0.00144268 0.0388512 0.0247884 0.0120828 0.0231629 -0.0259533 -0.0020244 0.00870576 0.00105505 0.0139908 -0.00138227 0.012736 0.0698134 0.0315532 -0.00637085 -0.0113178 -0.0151244 -0.0103535 -0.00666492 -0.0272722 -0.0166196 0.0278674 0.0230732 0.00979283 0.0248752 0.0223796 0.0185165 0.0105 0.0041827 0.0431876
internal_weight=39679.4 29633.2 25603.6 10046.2 17806.8 7796.76 11037 9512.93 8838.18 1190.16 6769.79 6606.6 1706.04 4900.57 4657.07 4138.6 518.473 351.821 533.248 4029.66 1706.31 166.652 674.749 2323.36 402.893 3529.44 3244.51 2713.94 7795.24 7746.58 3140.37 4606.21 1780.54 284.925 1661.3 602.794 388.332 5174.69 3619.64 850.148 4030.82 638.317 3392.5 986.566 96.6256 274.492 326.902 609.166 3663.49 2172.48 1753.84 4847.79 243.493 1954.2 388.03 427.875 223.772 1292.13 1097.26 684.732 681.102 107.237
internal_count=209390 150021 131910 59369 94212 37698 60388 56821 53395 6434 33824 31264 7769 23495 22308 19857 2451 1675 2548 18111 7871 776 3426 10240 1954 16910 15569 13024 41693 41447 17010 24437 9498 1341 7564 3192 2052 32333 19288 4308 20611 3117 17494 5149 451 1301 1883 2947 21062 12357 9920 30450 1187 8681 1974 2373 1238 5842 4952 3152 3485 500
is_linear=0
shrinkage=0.05


Tree=12
num_leaves=63
num_cat=1
split_feature=2 14 13 17 19 14 16 18 13 9 16 14 7 2 2 2 3 2 2 2 22 14 2 2 2 2 1 14 5 13 17 19 2 13 8 9 19 16 17 8 7 2 1 6 14 8 2 8 19 13 18 6 8 16 2 2 16 5 1 7 2 2
split_gain=1166.09 1017.94 398.59 314.766 283.285 237.155 152.709 147.342 139.862 135.602 129.403 111.134 109.574 73.7856 116.281 109.041 68.0915 70.5163 83.6923 88.1347 65.6542 65.4314 64.9531 60.172 59.8563 57.6831 55.1807 53.8663 53.5033 53.3951 52.2581 51.5534 78.5337 86.0908 66.7929 83.3043 53.5819 48.5083 51.4854 48.4261 47.4515 45.8442 47.4282 44.7451 45.1164 44.7062 44.6747 44.4583 57.7461 44.0415 42.6116 41.9467 47.3723 41.7027 41.5179 50.4198 41.3255 41.738 41.3124 52.117 44.4001 71.185
threshold=0.024430463225263918 0.40519679097660755 0.32299510800857478 0.87139000297357871 0.0055167348396312184 0.75434512892437167 0.84462214859181872 0.93204414261460122 0.89936271457193928 4.5000000000000009 0.70369108890907273 0.52843205630141554 -0.054506171543970354 0.030338905914821291 0.030519706672412588 0.030239659559803695 0.33267934249571118 0.029488768802778721 0.02878252898519407 0.0286543737976452 0 0.27827851206771897 0.017124567590068959 0.029675767752523629 0.017124567590068959 0.015855146407099511 1.387086327000848 0.87230364961761941 0.12637003435649755 0.61151747746783991 0.83986015262715896 0.2237886447477922 0.021304061126716001 0.57222668093454621 -0.080539304558305089 4.5000000000000009 0.52088954668101861 0.14765026052063701 0.69810321394307651 -0.34879759036144575 -0.072621338153761469 0.023336571749899858 1.745889891997962 0.012824168586914599 0.95860399881891434 -0.036910002126850909 0.038846965689514464 -0.110546370446913 0.33077901742023885 0.54492920590396066 0.94518279759802193 0.023828761593600926 -0.078680836949832564 0.91950334065159656 0.01629649707805603 0.014514192757359325 0.62508366800535486 0.03309645517895022 3.1590919004902944 -0.090148990500085222 0.026457922037817629 0.027933216573340754
decision_type=10 8 8 10 10 8 2 10 10 2 2 8 10 10 10 10 10 10 10 10 9 10 10 10 10 10 10 10 10 10 10 8 10 10 10 2 10 2 10 8 10 10 10 2 10 10 10 10 10 10 10 2 10 2 10 10 2 10 10 10 10 10
left_child=1 2 7 5 11 12 8 40 13 20 22 46 25 15 -15 16 17 18 19 58 -7 -10 -4 -19 29 -3 -24 37 -12 30 -14 32 33 -26 35 -33 -36 -11 53 -27 -1 42 -42 44 -5 -43 -2 -18 -49 -28 -45 52 -9 56 55 -44 57 -39 59 -6 -61 -62
right_child=4 3 10 43 6 9 -8 51 21 27 28 -13 24 14 -16 -17 47 23 -20 -21 -22 -23 26 -25 31 39 49 -29 -30 -31 -32 34 -34 -35 36 -37 -38 38 -40 -41 41 45 54 50 -46 -47 -48 48 -50 -51 -52 -53 -54 -55 -56 -57 -58 -59 -60 60 61 -63
leaf_value=-0.020451275029151183 -0.026210909956887185 -0.030123887680180969 -0.036468754975776646 0.0099343974658747461 0.0084691030617554345 -0.0020207271279560758 0.033315774337965127 -0.014058061801261838 -0.023888368619819939 -0.028148459525812127 -0.015959166379336146 0.0061861146253523623 -0.0061917546547404414 0.10546806532522852 0.024664416004679904 -0.023862598310965943 0.0012229132670804335 0.080988643772118493 -0.0046603566103032073 0.076938613524938138 0.0090630179477218728 0.0070639078937331581 -0.043934260266926012 0.030301514935625724 0.042523811762650014 0.018263574597553688 -0.014218663329450001 0.037550019606282251 0.0071519366595182432 -0.023882154600273663 0.041785150495627893 0.00026627037384321814 -0.018410142634852241 -0.005437231420201462 0.038458650810283407 -0.028551469369648953 0.003261628237060471 0.012618145305363366 0.00062992094374092077 -0.011685902466287592 -0.015696123322753861 0.0012937914955185898 0.0055797127922057798 0.017216814010036521 0.035024559231393339 0.054920589111659729 0.018885323440749571 0.044510104480407084 0.012125147595727536 -0.026101476798008567 0.038953940134769244 0.040952207102683824 0.024268980429164783 0.078108334818397213 0.0031821531041011336 -0.029770396276024392 0.0076959003296876985 0.077765831633338167 0.064194398061527033 0.016549204751827969 0.051065051331916404 0.0020554038817814542
leaf_weight=622.60381837189198 554.57626964151859 418.12144868075848 1516.7631673961878 2286.0747201889753 630.89375810325146 2833.2483614981174 1402.2840793728828 124.31946919858456 294.03104795515537 61.145408347249031 1218.3552464395761 840.27178820967674 985.9612772911787 45.000607147812843 1503.0061711519957 177.29126523435116 876.50030755996704 84.212115585803986 313.9758159071207 72.880906239151955 2514.9005209803581 404.51065139472485 330.14554035663605 194.73020040988922 281.60121750831604 139.75557938218117 1110.5562043488026 399.86438448727131 314.52272014319897 459.03498584032059 59.227296590805054 691.31133654713631 124.6088580340147 139.56845538318157 114.63348378241062 392.51712752878666 1671.2399934530258 44.348805353045464 224.14560113847256 3357.4237858653069 947.72259287536144 112.44914478063583 171.35857830941677 696.13237401843071 193.66551834344864 58.429599210619926 60.229726880788803 151.68871146440506 1419.8261746019125 2652.3756110966206 334.95973865687847 169.35650531947613 225.6492979824543 41.986830458045006 1184.9759792387486 243.26675429940224 148.59482260048389 55.468424454331398 52.543409615755081 450.95707006752491 309.77686928212643 97.397193655371666
leaf_count=3692 3230 2495 9910 11117 3069 14407 6169 634 1553 318 7172 4189 5418 200 6781 869 4289 387 1533 333 12443 1941 2213 927 1438 776 6599 1892 1640 2595 307 3719 654 751 587 2079 8673 229 1080 18665 5553 605 1027 3331 897 301 313 702 6637 16241 1466 757 1111 192 6508 1449 748 277 246 2146 1449 461
internal_value=-7.76521e-05 -0.00504226 -0.0171049 0.00206737 0.0147465 -0.00105735 0.018243 -0.00415812 0.0152531 0.00633425 -0.0241002 -0.00563267 -0.00634805 0.0175782 0.02708 0.0145296 0.0159965 0.0223644 0.018947 0.0235381 0.00320515 -0.00598009 -0.0276182 0.0458385 -0.00137996 -0.0125887 -0.0243304 0.0234676 -0.0112156 -0.00968696 -0.00343572 0.00228032 0.0163512 0.0266551 -0.000400535 -0.010187 0.00554115 0.0136381 0.0186487 -0.0104842 -0.00801073 -0.00515476 -0.00683882 0.0155555 0.0119072 0.0198436 -0.0217695 0.0102478 0.0152774 -0.0225992 0.0243092 0.0205934 0.0106528 0.0325067 -0.00158456 -0.0151824 0.0245169 0.049233 0.0209653 0.0193978 0.0274133 0.0393756
internal_weight=39609 29672.4 11002.9 18669.5 9936.58 15158.7 8481.51 3860.13 7079.22 6323.7 7142.72 1455.08 8835 6380.68 1548.01 4832.67 4655.38 2207.37 1928.43 1614.45 5348.15 698.542 5609.84 278.942 4919.7 3915.3 4093.08 975.554 1532.88 1504.22 1045.19 3415.48 545.779 421.17 2869.7 1083.83 1785.87 575.69 514.544 3497.18 3340.81 2718.2 2547.32 3510.83 2479.74 170.879 614.806 2448.02 1571.51 3762.93 1031.09 519.325 349.969 290.399 1599.6 414.625 248.412 99.8172 1541.57 1489.02 858.131 407.174
internal_count=209390 161966 65412 96554 47424 79743 39692 21637 33523 31586 43775 7732 48157 30029 6981 23048 22179 10551 9237 7704 26850 3494 34963 1314 26221 21936 25053 4736 8812 8320 5725 17901 2843 2189 15058 5798 9260 2844 2526 19441 19135 15443 14537 16811 12014 906 3543 11628 7339 22840 4797 2502 1745 1446 8984 2476 1254 506 7371 7125 4056 1910
cat_boundaries=0 1
cat_threshold=6292886
is_linear=0
shrinkage=0.05


Tree=13
num_leaves=63
num_cat=1
split_feature=2 14 13 16 8 2 16 13 14 7 13 15 7 14 16 8 1 2 2 2 14 7 14 14 7 2 5 18 13 1 18 17 17 17 7 2 2 1 18 7 18 2 2 5 2 2 2 2 2 13 2 1 8 1 1 8 9 13 14 21 9 2
split_gain=1050.11 930.614 374.661 286.727 251.162 156.055 135.673 133.901 130.503 127.494 123.149 106.991 101.51 97.5348 81.3195 79.3849 77.4834 66.1513 101.926 98.2393 63.1562 61.0132 60.9437 55.5641 53.6557 58.772 50.7702 50.4575 49.7128 45.2691 55.7086 45.1856 45.6112 54.9548 45.0649 44.0922 43.0385 42.838 55.8165 46.3973 55.4203 42.6426 150.552 119.424 92.7588 60.351 72.2276 48.5058 148.214 59.9322 59.7513 55.4141 43.899 68.2984 43.1402 41.6774 58.0389 53.7253 41.6737 41.1733 41.0255 40.6753
threshold=0.024430463225263918 0.40519679097660755 0.1918890795754922 0.85656968087246976 inf 0.015855146407099511 0.84462214859181872 0.72977409894593681 0.74594045264776987 -0.0022310396198493838 0.89936271457193928 0.1963931017659882 -0.072621338153761469 0.52843205630141554 0.78590973064426783 -0.38069632390753744 3.0619431388642324 0.030338905914821291 0.030519706672412588 0.030239659559803695 0.88421151730994885 -0.11448234643008702 0.24274132626807829 0.17906775569324859 -0.042553191489361701 0.017545297514126746 0.15020744721399995 0.66676816889971591 0.64708067476619191 2.3751513003091049 0.23597745288547547 0.81620130291857762 0.69810321394307651 0.64709400506614145 -0.0073304820216077418 0.018705437147417299 0.017033105306656072 2.7905414781276354 0.13686085536352055 -0.063417344814301987 0.28386985441767071 0.029488768802778721 0.028990808477946977 0.050625186122692074 0.029675767752523629 0.0286543737976452 0.02878252898519407 0.027862282336196666 0.027459728617744199 0.43030638240815239 0.028117942464901815 1.6266042663698224 -0.10837311212685717 2.4113429041644951 1.6910470957707848 -0.096194137414255074 4.5000000000000009 0.1403405329361139 0.49237229365993568 0 9.5000000000000018 0.038846965689514464
decision_type=10 8 8 2 8 10 2 8 8 10 10 8 10 8 2 8 10 10 10 10 10 8 10 10 10 10 10 10 8 10 10 10 10 10 10 10 10 8 8 8 8 10 10 10 10 10 10 10 10 10 10 10 10 10 10 10 2 10 10 9 2 10
left_child=1 2 9 5 6 16 10 14 12 59 17 -5 28 61 23 -14 27 19 -19 41 31 -10 -12 -4 -25 -26 -9 -3 -7 36 -31 32 33 -13 -16 -22 -17 -23 -39 -40 -41 42 45 44 -43 47 -47 48 52 -50 51 -49 53 -2 -44 56 -32 -57 -20 -1 -33 -6
right_child=4 3 7 11 13 8 -8 26 21 -11 22 20 15 -15 34 29 -18 18 58 -21 35 37 -24 24 25 -27 -28 -29 -30 30 55 60 -34 -35 -36 -37 -38 38 39 40 -42 43 54 -45 -46 46 -48 50 49 -51 -52 -53 -54 -55 -56 57 -58 -59 -60 -61 -62 -63
leaf_value=0.0028861435726247439 -0.0038359693668237101 -0.03151270237572653 -0.026028639081368484 0.048048308588749075 -0.025114069877586007 -0.007199718123753575 0.031286218079416166 -0.030447665204933267 -4.4941178277782113e-05 0.025905062885584997 -0.024458306990746369 0.0022787557086749277 0.064680563488450707 0.0057305674868671219 -0.01286451143253539 -0.024972263727732077 -0.0048773556948204493 0.097593826676912687 0.014566406097626272 -0.022970156899252456 0.010744822139137987 0.0035098057666214811 0.0059359253551476811 -0.02260397755554705 -0.021535584063906876 -0.0013085016630795931 0.0062195407827665408 -0.0035534225014637851 -0.022695209224716854 0.037252210791303406 0.0030998636298547252 0.011917383514185247 -0.010124581298430618 0.03989954234444195 0.010218280386697949 0.034143289067560201 -0.0023137660914504827 0.036343213442196841 0.0021207304278767808 0.04658917482561778 0.013947040309194343 0.086228070871579715 -0.024604510170221024 0.0031145465234806717 0.028734457569353833 0.068470114843765292 0.010683273695044536 -0.039803174106993744 0.068411769289599078 0.028340146711746107 0.017679860125857247 0.0048112656240964623 0.019302844314288432 0.024615523689263077 0.0024282301880851095 0.039200670008268157 -0.027581563999431687 0.0055445494232922547 0.031158913252976678 -0.011859581325929614 0.048544405418467718 0.017796309135042692
leaf_weight=984.37078674137592 651.18973086774349 699.78177332878113 1758.9133929163218 219.24138836562634 542.18946565687656 1714.1689282357693 1420.1885548532009 3108.0588968843222 2167.8125194460154 431.50795249640942 264.05100187659264 458.31743603944778 46.813480958342552 816.39104275405407 457.05455856025219 226.93222017586231 994.33017091453075 46.587532013654709 732.22552920877934 175.68914118409157 350.56662338972092 1304.5234959125519 435.81872689723969 1198.3466241657734 557.8177065551281 1005.3541698902845 97.041761502623558 209.99719373881817 741.52727234363556 129.55483534932137 544.06238053739071 1576.5312716513872 519.2890822738409 122.20242455601692 391.77933019399643 476.09288538992405 2605.9884591847658 267.34990690648556 733.15906295180321 148.95246253907681 995.79755188524723 107.05770973861217 273.6515843719244 266.38176156580448 204.92152747511864 119.88497912883759 98.619744330644608 119.47636407613754 177.5939804315567 200.59128172695637 309.0451618283987 164.36933754384518 1375.0318860113621 310.83834999799728 318.65036264061928 133.72834727168083 213.97623865306377 993.5868521630764 789.42235730588436 897.86880058050156 79.500695571303368 60.766546756029129
leaf_count=5622 3256 4173 11198 953 3208 9694 6191 19905 11168 2027 1417 2264 234 4069 2585 1302 5240 201 3355 870 1583 6603 2094 7245 3488 5699 517 1224 4281 675 2871 7375 2558 602 1999 2131 14023 1294 3610 701 4730 481 1366 1260 965 542 470 588 802 924 1451 772 6391 1471 1511 671 1137 5087 3456 5127 370 313
internal_value=-7.79792e-05 -0.00481244 -0.0164296 0.00196172 0.0139442 -0.00117106 0.0171735 -0.0212472 0.000791942 0.00142483 0.0143628 0.0142139 -0.00359284 -0.00553271 -0.0164142 0.000569553 -0.0145335 0.016527 0.0254604 0.0136474 0.0121305 0.00652883 -0.00554993 -0.0190801 -0.0146465 -0.00853569 -0.0293359 -0.0250701 -0.0118861 -6.27519e-05 0.00566478 0.00848891 0.000631066 0.0102531 -0.00221116 0.0242455 -0.00413701 0.0106585 0.015002 0.011946 0.0182313 0.0150215 0.0132304 0.027733 0.0486762 0.0171474 0.0425561 0.0154568 0.018285 0.0472884 0.00249515 -0.0140417 0.0135735 0.00537293 -0.0100817 0.0034756 -0.0055857 0.00956823 0.0231893 -0.0041981 0.013704 -0.0207672
internal_weight=39542.5 29561.9 10888.1 18673.8 9980.63 14872 8561.29 8574.37 12967.9 2313.75 7141.1 3801.74 7350.34 1419.35 5369.27 4894.64 1904.11 6441.23 1568.24 4872.99 3582.5 5617.59 699.87 4520.43 2761.52 1563.17 3205.1 909.779 2455.7 4847.83 2014.91 2755.84 1099.81 580.52 848.834 826.66 2832.92 3449.78 2145.26 1877.91 1144.75 4697.3 4118.94 578.361 311.979 3526.64 218.505 3308.14 2715.25 378.185 592.891 283.846 2337.06 962.028 592.302 1885.35 758.039 1127.32 1521.65 1882.24 1656.03 602.956
internal_count=209390 161966 65412 96554 47424 78718 39834 52636 68081 12776 33643 17836 39975 7590 32214 26000 10637 30132 7012 23120 16883 28106 3511 27630 16432 9187 20422 5397 13975 25766 10441 13169 5424 2866 4584 3714 15325 16938 10335 9041 5431 22250 19544 2706 1446 16667 1012 15655 12844 1726 2811 1360 11118 4727 2877 9766 4008 5758 6811 10749 7745 3521
cat_boundaries=0 1
cat_threshold=1396
is_linear=0
shrinkage=0.05


Tree=14
num_leaves=63
num_cat=0
split_feature=0 4 2 0 19 4 7 7 2 14 18 14 6 1 3 2 2 14 2 8 8 14 19 19 18 14 2 2 8 2 8 2 9 0 18 19 14 11 5 2 17 19 18 3 15 4 0 7 5 3 19 5 3 4 19 7 19 2 7 15 8 8
split_gain=1285.71 625.536 418.114 245.838 197.95 163.952 129.592 94.7243 92.5373 83.759 79.1169 77.6928 69.861 66.8796 71.8827 66.7945 130.637 69.3076 65.0331 61.1783 59.9108 102.583 93.5156 57.4127 54.2328 53.0256 55.1137 51.7074 51.3316 47.6722 47.2847 46.5155 45.8826 45.7559 44.8955 44.7256 50.3147 43.6514 42.4727 41.5871 40.8074 40.4981 40.3113 54.1809 40.1805 39.7024 39.2795 37.7781 44.2981 37.6665 37.5435 36.6754 38.8742 41.2972 36.5762 47.4726 37.6061 36.2043 34.3834 33.6326 33.379 33.3636
threshold=0.03671773857805672 0.095702299823622008 0.024430463225263918 0.048688212052429784 0.0055167348396312184 0.075141315108740905 -0.065321805991548784 -0.068852458643510459 0.016973353613076697 0.52023023414763225 0.41058608844997863 0.65863198988848803 0.077927404834705852 2.0239127934326375 0.63380480487121882 0.031827200496059742 0.032476069765123509 0.10045404413659463 0.02493986271024955 -0.091891891827715719 -0.13096415024608318 0.55225044822688441 0.38204676778620444 0.40627815315315324 0.27994159587378648 0.88421151730994885 0.02493986271024955 0.021890372676806141 -0.34075514268250429 0.028521094297324818 -0.044543743583894117 0.020275915762803447 8.5000000000000018 0.065262615109996411 0.61160135800549431 0.056783340116673457 0.18710935974061491 4.5000000000000009 -0.085329710144927559 0.018705437147417299 0.85554594386774319 0.18001865671641795 0.13299616368286449 0.10716337983336914 0.96225899013252969 -0.091899947954441827 0.055313958016621707 -0.02336896564841939 0.13916103707531971 3.2489031713514858 0.7540241611607722 -0.030918967363980084 2.6205098890855667 0.010213557179399315 0.65966876260993923 -0.036617037606906037 0.27515561840558939 0.036099691589757031 -0.10332289560146311 0.76178952666323341 -0.05434461596921996 -0.19749888293118859
decision_type=8 2 10 8 10 2 10 10 10 8 10 8 2 10 10 10 10 10 10 10 10 10 10 10 10 8 10 10 10 10 8 10 2 10 10 10 10 2 10 10 10 8 8 10 10 2 10 10 10 10 10 10 10 2 8 10 10 10 10 10 10 10
left_child=5 2 3 6 9 8 42 11 40 -4 54 -5 25 18 -15 20 -17 -18 31 41 21 -6 29 33 -9 26 35 47 -19 -22 46 32 44 -13 -32 -3 -37 39 -23 -27 -1 -12 43 -2 -10 -35 -26 48 -21 -14 -29 -30 53 -53 55 60 -57 -11 -28 -40 -8 -41
right_child=1 12 4 7 15 -7 10 24 13 57 19 23 49 14 -16 16 17 28 -20 27 22 38 -24 -25 30 37 58 50 51 -31 34 -33 -34 45 -36 36 -38 -39 59 61 -42 -43 -44 -45 -46 -47 -48 -49 -50 -51 -52 52 -54 -55 -56 56 -58 -59 -60 -61 -62 -63
leaf_value=-0.029694995995089065 -0.018040482727903914 -0.016310373534938846 -0.023132933443737749 -0.014426423574279118 -0.0058764398521602701 0.0066693689046137643 0.0010014142719350174 0.026415273445372769 -0.01495836632707917 -0.0048813929287326602 -0.00094409102958469134 -0.0067174403123913089 0.05051630111156568 -0.018512842511367478 0.050504843369907904 0.059505674031901927 -0.032084941560248971 0.052150294067872964 0.00079298240627450321 -0.015671609016883609 0.026195814299919875 0.03656232077903912 0.01256625339496862 0.011467733306448319 -0.003397301842689761 0.0089227855521802225 0.0018265982080049013 0.022837042802013499 -0.014297331339504896 0.058724917392822623 0.026312393837726735 -0.026016137162160072 -0.061459694644914964 -0.022354671800207452 0.0078390452409103813 0.065773229837022107 0.013156330801773496 0.062612397398420797 0.015235685893426699 0.019511781493235212 0.0010978922044848581 -0.017270387897253069 -0.020461698660874644 0.0074365155074435849 0.029869852225195576 0.0079561370351431265 0.010023701855823328 -0.00083856555381087996 0.016841280750535825 0.0037833515105720771 -0.00051772982232720511 0.033412593404904524 0.060615732787523462 0.0034090950639175579 -0.010989670318477069 0.059556464640155293 0.013918416778304649 0.018548298806404889 0.030905255124095685 -0.0082689298685368114 0.023223995971509398 0.044109585786584506
leaf_weight=2376.0700764805079 506.24359335005283 125.24014867842197 500.93216675519943 889.11412537097931 1010.6523852348328 600.49468316137791 835.89055836200714 410.49308557808399 2309.7261712700129 460.0333508849144 493.21410864591599 1859.7602699100971 295.99052104353905 73.663812860846519 75.490934729576111 227.711405813694 66.165992766618729 111.32977323234081 441.08273112773895 1087.3668546378613 511.56073662638664 197.98024681210518 2898.6314433962107 1131.7724164426327 1211.1590352505445 227.98504489660263 116.42614462971687 295.53034575283527 88.632820948958397 145.09231612086296 503.81861852109432 1609.3245133161545 51.136699497699738 117.31065541505814 947.66175216436386 45.622005626559258 1905.9895845353603 96.610073521733284 953.08455157279968 234.2787082195282 112.6188281327486 1653.1568636149168 2061.2693094313145 353.80292440950871 50.193471640348434 1246.9113826304674 989.91302211582661 1611.1691792011261 115.10531589388847 50.63835845887661 409.90059345960617 193.60555526614189 52.927096217870712 279.90211290121078 258.86114221811295 76.397001504898071 110.30561524629593 255.72871463000774 807.53474181890488 180.41620980203152 210.82044316828251 343.38726410269737
leaf_count=15609 3059 587 3010 4967 5049 2940 4540 1956 14740 2431 2642 9824 1241 442 434 968 321 465 2259 6048 2347 912 13468 5669 6230 989 518 1562 398 647 2424 10116 320 583 4571 217 8711 410 4479 1025 668 9269 12395 2113 308 6202 4676 8765 588 227 2195 864 234 1253 1401 404 593 1204 3463 851 1126 1463
internal_value=-7.83061e-05 0.0043643 0.00160703 -0.00238503 0.0111206 -0.0184076 -0.00779541 0.00347379 -0.0205294 -0.00747295 -0.00417227 -0.00096583 0.022216 -0.0163289 0.0165224 0.0143914 0.0262024 0.0165711 -0.0174307 -0.00686999 0.012344 0.00613123 0.0164339 0.00178448 0.0092036 0.0202955 0.0170893 -0.0028107 0.0210411 0.0334617 0.00726256 -0.0194297 -0.0150245 -0.00161731 0.014265 0.0125593 0.0144194 0.0309282 0.0152431 0.0270559 -0.0283017 -0.013521 -0.0166683 -0.00756338 -0.0139927 0.00533522 0.00264049 -0.00584551 -0.0125479 0.0437197 0.0092849 0.0153347 0.0203413 0.0157213 0.0060674 0.00965323 0.0328109 0.00350381 0.0272471 0.0114905 0.00549521 0.0341846
internal_weight=39470.8 31771 27521.3 19386.9 8134.39 7699.8 10079 9307.91 7099.31 1216.69 7157.72 5244.87 4249.7 4610.62 149.155 6917.69 1020.27 792.563 4461.46 5665.44 5897.42 2342.13 3555.28 4355.75 4063.05 3903.07 3000.81 3519.07 726.397 656.653 3652.55 4020.38 2411.06 3223.98 1451.48 2076.85 1951.61 902.261 1331.48 805.651 2488.69 2146.37 2921.32 860.047 2359.92 1364.22 2201.07 2813.64 1202.47 346.629 705.431 615.068 526.435 473.508 1492.27 1233.41 186.703 715.762 923.961 1133.5 1046.71 577.666
internal_count=209390 161554 142703 103802 38901 47836 56700 47102 44896 6645 39133 27245 18851 28619 876 32256 4503 3535 27743 31069 27753 11291 16462 22278 19857 17383 13496 19158 3214 2994 17901 25484 15368 16609 6995 9515 8928 3887 6242 3477 16277 11911 17567 5172 15048 6785 10906 15401 6636 1468 3757 2749 2351 2117 8064 6663 997 3635 3981 5330 5666 2488
is_linear=0
shrinkage=0.05


Tree=15
num_leaves=63
num_cat=0
split_feature=0 2 13 5 0 8 7 0 7 5 13 13 13 7 2 14 8 2 8 6 14 6 1 13 18 8 7 13 13 18 14 8 13 2 13 14 18 18 0 1 18 15 6 2 10 2 9 9 6 0 9 7 9 18 9 15 8 7 15 18 6 8
split_gain=1142.45 376.384 336.756 292.357 219.802 185.939 171.316 141.971 129.707 106.328 102.427 89.4487 88.9444 88.3785 77.4374 70.8084 65.8642 62.8008 61.3337 58.141 57.1536 54.6297 52.8701 52.0824 51.9636 47.6519 45.2994 48.9938 40.7679 40.1259 41.6345 39.7999 39.468 39.366 38.6365 38.1719 38.0117 37.954 37.6493 36.4558 37.0716 44.7822 36.3798 35.3577 35.2883 34.9337 39.0453 34.1869 33.4285 32.7075 49.5081 52.06 32.2359 51.3201 40.7365 31.9116 31.8602 31.8489 38.4816 45.8867 35.6895 57.7821
threshold=0.038544270248551664 0.024688065147332416 0.16018690773792224 0.15273251244432798 0.052777623591325908 inf -0.065321805991548784 0.03367790152461593 -0.058154635009544479 0.084019017098839313 0.74170943415988078 0.90324038966341957 0.77793305903203402 -0.038738489457913854 0.037379936113057795 0.27827851206771897 -0.11956168601858912 0.031622433230216032 -1.0000000180025095e-35 0.050413336066133747 0.74594045264776987 0.013710760101449228 1.8494998015464688 0.017049330274091532 0.61957545238680101 -0.31062397276581294 -0.03330890467511937 0.21587229799874602 0.25143682906688697 0.95671528658056126 0.84085195662720447 -0.15295662562191534 0.43030638240815239 0.016157952362357883 0.89546518224365357 0.49237229365993568 0.25171628308852417 0.13299616368286449 0.07215239697961405 2.4515148238705367 0.24804941152597407 0.71377882040908835 -0.0023663972523472183 0.016157952362357883 1.5000000000000002 0.015326915384483119 7.5000000000000009 4.5000000000000009 0.012824168586914599 0.046788411702834473 3.5000000000000004 -0.020000000469644171 5.5000000000000009 0.33935538906609308 6.5000000000000009 0.73820857524002792 -0.10173599423879263 -1.0000000180025095e-35 0.91907194032528883 0.95317842308018352 -0.0004916422033980904 -0.039136857401627527
decision_type=8 10 10 10 10 8 10 10 10 10 10 10 10 10 10 10 10 10 8 2 10 2 8 10 10 10 10 10 8 10 10 10 10 10 10 10 10 10 10 10 10 10 2 10 2 10 2 2 2 10 2 10 2 10 2 8 10 10 10 10 2 8
left_child=2 3 9 4 6 10 52 11 31 21 16 26 23 43 22 49 17 39 24 32 -10 -1 -7 -8 -5 -17 -4 -28 -20 56 -31 38 -18 -11 -15 -19 -14 -33 -6 -3 41 -41 -27 -9 47 -22 48 -40 -47 50 -12 -52 -2 54 -54 -30 -26 60 59 -59 61 -25
right_child=1 5 7 18 8 14 12 13 20 33 15 -13 36 34 -16 25 19 35 28 -21 45 -23 -24 57 29 42 27 -29 55 30 -32 37 -34 -35 -36 -37 -38 -39 44 40 -42 -43 -44 -45 -46 46 -48 -49 -50 -51 51 -53 53 -55 -56 -57 -58 58 -60 -61 -62 -63
leaf_value=-0.0068484701388485522 -0.015160800544982894 0.0059513008292169378 -0.031360181643295217 0.02276067836456876 -0.0059435208207218228 -0.023309675796562054 0.048691783984270653 -0.038481006705411824 0.0027978445712725074 -0.0082603171287682093 -0.016152425807643363 -0.041883180991616108 0.021642754413098125 -0.0048373771000347811 0.016484596852552512 0.038989008928401077 0.028861767025025877 0.013512638170927025 0.053699372192847754 0.055012376793770329 -0.0068609947054036925 0.023899053378438055 -0.0002811701026755507 -0.0013723027081772405 -0.012413860317669508 -0.012943306702637467 0.0066908631452767993 -0.020745121477641557 0.035950580813595645 0.011654906026099759 0.059055081302685192 0.018792676638017532 0.016846626990270685 0.029365218417884583 -0.021440122117919819 0.03551409610771452 -0.015243645361397943 0.0025808813282268955 0.0013527358698960283 0.022406229173351663 0.048215446216035962 -0.030171608397237162 0.011945374655111784 -0.019021737554197202 0.049142826166708578 0.01694194849359465 0.054528349469447485 0.042095875515792525 0.03684278730152709 -0.03315422068169982 -0.0066807764533656977 0.065143205004438529 0.016834088439754542 0.053693538450169831 -0.048871345235218681 0.0066119072705095984 0.0076577786554414872 0.023463013319577199 0.031715562750591904 -0.011961642162845927 0.001691407069612595 -0.028140057427226452
leaf_weight=1249.4810006469488 3552.1826191097498 1549.8290330469608 992.08214777708054 814.841014072299 2124.3584174066782 452.47642327845097 56.634264126420021 289.00694616138935 624.14216451346874 82.474913254380226 216.83405934274197 771.01082754135132 73.29110686480999 2156.3299444019794 354.79935246706009 143.29504758119583 1509.1279036104679 349.45279806852341 154.80731321871281 153.22892600297928 107.983677983284 162.34329159557819 553.45742078125477 741.80522792041302 275.506363093853 168.33131530880928 179.2585021853447 1718.7708221226931 211.88025479018688 162.66573956608772 64.169005334377289 498.68727369606495 1260.3084670305252 428.83645521104336 417.6590670645237 457.01101595163345 1201.8196868896484 1302.4617625772953 806.62417775392532 240.01127544045448 105.493706792593 47.774764254689217 1110.4832101911306 1232.4978687614202 44.506489813327789 1190.3197105079889 88.995984986424446 54.002620995044708 257.00510503351688 121.55270174145699 54.910178005695343 45.413654819130898 54.342943951487541 43.522750735282898 40.2038604170084 165.11312118172646 692.87156109511852 159.65200787782669 174.97573351860046 211.15709805488586 4608.9937992691994 275.90978625416756
leaf_count=7196 20960 7396 6687 3913 11080 2728 287 1862 3025 415 1102 5583 382 12243 1701 637 6616 1554 661 639 502 892 2858 3991 1321 793 1058 11415 919 733 273 2454 5687 2023 2538 1941 6650 6371 3945 1092 478 220 5113 7556 215 5469 401 256 1142 592 281 222 313 247 230 737 3274 752 820 1000 24561 1468
internal_value=-2.97992e-05 0.00482796 -0.0149483 0.00115209 -0.00105599 0.0134383 -0.00542032 -0.0195915 0.00582587 0.00377966 0.0165106 -0.0267463 -0.00108226 -0.0131905 -0.00356977 0.00632694 0.0198497 0.0142858 0.0170377 0.0250775 0.0156856 -0.00329845 -0.0106524 0.00138117 0.0130311 0.0117428 -0.0226951 -0.0181518 0.0321288 0.00638438 0.0252642 0.00119351 0.023402 0.0232919 -0.00753864 0.0260091 -0.0131082 0.00707741 -0.00230587 0.00940926 0.0229867 0.0136036 0.00866171 -0.0227408 0.00622889 0.0205728 0.0225042 0.00395518 0.0204988 -0.0112157 -0.0027299 0.0261539 -0.0142392 0.00940928 -0.0113247 0.0231525 0.00194042 0.000939268 0.0124597 0.00331254 -0.000180222 -0.00864973
internal_weight=39409 29729.2 9679.75 20835.4 18293.6 8893.79 11194.5 7756.62 7099.09 1923.14 7533.06 3661.12 7504.24 4095.49 1360.73 1860.82 5672.24 2749.57 2541.85 2922.67 2268.45 1411.82 1005.93 6229.13 2010.05 1422.11 2890.11 1898.03 531.801 1195.21 226.835 4830.64 2769.44 511.311 2573.99 806.464 1275.11 1801.15 3029.49 1943.11 393.28 287.786 1278.81 1521.5 905.133 1644.3 1536.32 860.627 1447.32 438.711 317.158 100.324 3690.25 138.07 94.5468 376.993 968.378 6172.49 545.785 370.809 5626.71 1017.72
internal_count=209470 150002 59468 108352 96521 41650 61661 48942 34860 10526 34363 24743 39911 24199 7287 8740 25623 12681 11831 12942 10539 8088 5586 32879 9514 6543 19160 12473 2317 5601 1006 24321 12303 2438 14781 3495 7032 8825 15496 9186 1790 1312 5906 9418 4416 7514 7012 4201 6611 2197 1605 503 21750 790 543 1656 4595 32592 2572 1752 30020 5459
is_linear=0
shrinkage=0.05


Tree=16
num_leaves=63
num_cat=0
split_feature=0 4 2 0 19 7 7 2 0 7 2 2 2 5 0 6 5 14 8 2 2 4 2 18 19 0 19 7 18 8 7 2 4 1 0 14 10 2 2 2 7 2 2 14 7 7 18 2 8 19 4 17 9 8 2 19 14 8 2 18 19 18
split_gain=1039.46 553.022 353.436 196.435 164.661 141.371 106.605 85.6033 76.3734 75.9511 64.066 155.333 89.8061 96.8896 63.0337 61.4147 60.7933 60.0529 59.6987 59.3561 117.048 77.2649 62.6905 53.4986 52.0325 55.5851 58.8426 70.3167 51.9562 51.9521 59.186 51.0747 51.0356 67.1065 50.9902 50.2665 51.8034 50.168 52.2492 90.754 49.6838 48.5688 47.0802 53.6109 46.7515 46.0682 44.4314 43.3147 42.9465 44.869 40.1783 39.7718 39.3991 69.4537 39.1334 51.223 38.1894 37.6685 43.3 37.401 36.6731 36.1846
threshold=0.03671773857805672 0.095702299823622008 0.024688065147332416 0.048980033358595264 0.013262287049600485 -1.0000000180025095e-35 -0.072621338153761469 0.016973353613076697 0.068373690988599314 -0.10220024083249939 0.029488768802778721 0.028990808477946977 0.029675767752523629 0.069274170565191376 0.063000231465265191 0.047261628752820702 0.15273251244432798 0.084600925390399082 -0.38069632390753744 0.030338905914821291 0.030519706672412588 -0.010429575824586477 0.030091904745163298 0.41058608844997863 0.13639610389610393 0.031801242083979699 0.86422817383443118 -0.038738489457913854 0.12508366800535478 -0.23002026212707707 -0.024096385542168693 0.024688065147332416 0.044903035659803255 1.2748038667173038 0.050319874130449187 0.68256537682138385 2.5000000000000004 0.028521094297324818 0.027862282336196666 0.027459728617744199 -0.085347838962991293 0.02878252898519407 0.018985779603301545 0.56003120124805006 -0.033687090014266279 -0.03009111063688524 0.10073152677508396 0.028117942464901815 -0.12180507263890654 0.25139682242407224 -0.012809169836235255 0.85554594386774319 8.5000000000000018 -0.040745638032862845 0.027753259404410657 0.76607862968581852 0.84477251639085182 -0.227905821978753 0.031447631779905665 0.65880165735417184 0.069017969354215017 0.91126110331930821
decision_type=8 2 10 10 10 10 10 10 8 10 10 10 10 10 10 2 10 10 8 10 10 2 10 10 8 10 8 10 8 10 10 10 2 10 10 10 2 10 10 10 10 10 10 8 10 10 10 10 10 8 2 10 2 10 10 10 10 10 10 10 10 10
left_child=5 2 3 6 8 7 28 51 -4 14 11 37 13 -12 -5 42 18 -14 -8 21 -21 22 -19 44 29 -26 27 31 40 60 -31 -27 -7 -34 -13 36 -18 38 39 45 -2 -39 -3 -44 -20 -6 -11 -40 49 -25 -48 -1 -45 -54 55 -41 -50 58 -22 -47 -9 -52
right_child=1 15 4 9 10 32 16 24 -10 46 12 34 17 -15 -16 -17 35 19 23 20 57 -23 -24 48 25 26 -28 -29 -30 30 -32 -33 33 -35 -36 -37 -38 41 47 54 -42 -43 43 52 -46 59 50 -49 56 -51 61 -53 53 -55 -56 -57 -58 -59 -60 -61 -62 -63
leaf_value=-0.027951597486719867 -0.0087938460225362274 0.0088691448827522383 -0.01532604337553008 -0.0088460946047032966 0.0065342423952138573 -0.017932202180808713 0.043333028734407794 0.012759847559085245 0.010502269006228691 0.032875183926640031 0.07515235359967766 -0.028047078028609181 -0.020269007990374472 -0.0029004186003154927 0.0042707797253930353 0.035211131002321643 0.011014281679177139 0.070806113379830171 -0.00079705792492952934 0.098320567546517551 -0.0048799302762740525 -0.0046619475015564652 0.0021305562387829336 -0.0050081850144415808 -0.023672637974806121 -0.022839105040130488 -0.027591522540338434 -0.00026072720243191643 -0.020649150724403917 0.0052873533183719146 0.087637063954542863 0.02022071254772051 0.053358096711772697 0.0047510678641358196 0.00056163395310263487 -0.01458124565361254 0.053540829552469499 0.048249011204153758 -0.015244244352095801 0.057947229536345429 0.038606412716488632 0.0057914647702376042 0.011438686341139393 0.024554467195348435 0.027249544671079731 0.043650677620452757 -0.002864761904724501 0.012670952702868811 -0.0046587680438276045 -0.021606871677677057 0.0089712720405231861 0.0010895602086390898 0.0851399162581334 0.0078907552909146719 0.012842827913445671 0.0011346920076905677 -0.050368070855863006 0.014847593986121949 0.035112077968872182 0.015140583884870593 -0.026412880315331101 -0.013790232277823892
leaf_weight=2294.2531342357397 738.93070973455906 993.60168473422527 818.55001129209995 1911.5678641796112 1619.1313752382994 182.52302849292755 61.444206461310387 111.5537813603878 438.95026688277721 156.50020337104797 135.69699822366238 304.46955534815788 102.93952874839306 55.965020969510078 1756.7493330538273 619.09780304133892 358.46689996123314 69.734207227826118 1584.4503200650215 49.69732603430748 76.451190561056137 460.72446702420712 62.795342147350311 687.94785518944263 1574.0885921120644 775.50679588317871 472.41811339557171 1205.2963272184134 1759.1244705021381 59.084434404969215 33.724218517541885 74.802194148302078 84.062641337513924 431.29042968153954 317.69777390360832 141.20454360544682 88.754714071750641 191.23594032227993 293.88983762264252 219.17991784214973 58.761475324630737 104.15411977469921 871.76459439098835 1676.0267084985971 162.95519037544727 157.84391921758652 1047.7044719308615 261.82163114845753 3677.9424700737 999.11885777115822 4212.4807396680117 124.19852279126644 71.679692283272743 48.892912104725838 116.26446406543255 48.444906741380692 45.283691734075546 973.35379795730114 574.2598984837532 424.69868865609169 126.54138192534447 181.29083244502544
leaf_count=15554 4517 4465 4783 10535 7595 1092 300 686 2082 747 589 1515 507 253 8751 2616 1806 312 8748 210 349 2207 297 3778 10468 4993 2872 7299 10828 358 195 401 375 2111 1492 702 441 843 1395 976 350 492 3987 7242 860 720 5281 1237 20312 5733 20537 736 311 208 524 220 240 4356 2440 1959 800 882
internal_value=-3.15195e-05 0.00392929 0.00132739 -0.00226296 0.0102732 -0.0167085 -0.00699192 -0.018892 -0.00630908 0.00302658 0.0134233 0.0095119 0.0196147 0.0524643 -0.002565 0.020644 -0.00408899 0.0169371 -0.00534899 0.0186347 0.0234493 0.00503455 0.0385258 -0.00577289 -0.014758 -0.0162962 -0.0116957 -0.00803093 -0.0158513 0.0043032 0.0358263 -0.0190318 0.00472423 0.0127677 -0.0134611 0.0113522 0.0195546 0.0136736 0.0118134 0.014802 -0.00525817 0.0333486 0.0181723 0.0216319 0.00183253 0.0108801 0.00669051 -0.00209296 -0.00822916 -0.0148453 0.00593152 -0.0264604 0.0265688 0.0541375 0.0372079 0.0477056 -0.00522808 0.0210991 0.0304132 0.0229272 -0.00808283 0.00802919
internal_weight=39339 31789.7 27508.6 19630.7 7877.95 7549.34 10364.4 6851.47 1257.5 9266.29 6620.45 4058.83 2561.62 191.662 3668.32 4281.06 7807.57 2369.96 7219.14 2267.02 1673.76 593.254 132.53 7157.7 4433.02 4102.11 2528.02 2055.61 2556.82 330.904 92.8087 850.309 697.876 515.353 622.167 588.426 447.222 3436.66 3141.27 2585.56 797.692 295.39 3661.97 2668.36 1747.41 2201.67 5597.98 555.711 5410.29 1687.07 5441.48 2418.45 1796.6 120.573 383.889 267.625 3723.23 1624.06 650.711 582.543 238.095 4393.77
internal_count=209470 161530 142701 105348 37353 47940 58615 44362 6865 46733 30488 18968 11520 842 19286 18829 42920 10678 39971 10171 7355 2816 609 39671 28072 26033 15565 12693 15695 2039 553 5394 3578 2486 3007 2949 2247 15961 14626 11994 4867 1335 16213 11748 9608 10274 27447 2632 30063 9511 26700 16290 7761 519 1720 1196 20552 7145 2789 2679 1486 21419
is_linear=0
shrinkage=0.05


Tree=17
num_leaves=63
num_cat=1
split_feature=0 4 13 0 8 0 19 13 5 13 19 5 13 13 14 8 0 4 14 8 5 14 6 0 8 23 4 9 0 5 1 8 3 1 3 3 16 1 0 5 14 8 1 8 19 1 16 3 9 14 6 19 16 5 16 19 17 1 14 5 17 1
split_gain=948.762 441.875 306.795 201.409 141.88 126.346 106.82 100.226 87.772 87.0457 71.0951 68.4672 67.0272 66.2159 65.07 61.3361 68.6146 57.4936 56.5814 54.8785 50.1169 48.7916 48.6607 48.4417 47.3428 47.1609 45.4535 45.2063 55.7556 43.7075 43.2771 47.5616 42.0951 41.6336 54.4025 48.5979 40.645 39.8252 39.801 46.4792 39.0269 38.2249 37.5911 41.5008 37.3103 36.0024 42.0896 35.8155 38.4043 35.7015 35.335 50.0137 37.598 43.0165 63.4216 35.1832 39.8255 35.1277 35.0147 41.38 45.736 34.1195
threshold=0.038544270248551664 0.095702299823622008 0.16018690773792224 0.050938958033356317 -0.10289203204282292 0.03367790152461593 0.1644465568229827 0.20381065531390605 0.084019017098839313 0.90324038966341957 0.31869400807045151 0.020339914710832189 0.70649773575177421 0.50559703440714265 0.67436193521643883 -0.12638743953076317 0.087893955439120638 0.023901310717039274 0.44458905935265763 -0.086802255263855918 0.15273251244432798 0.63911902316558267 0.0084033614256751061 0.064427543502027923 -0.36847072247453955 0 -0.075577446130864298 5.5000000000000009 0.068373690988599314 0.0034506601778694361 1.4155414972424429 -0.28431000906806997 0.49179355091995774 1.4855066200391869 2.7973870437670323 0.43633937174535992 0.7934559033259817 2.5435975336394856 0.044328229416643578 0.21805659254263879 0.29792062015929505 -0.17066913123844737 1.6660653702464374 -0.10490681779858561 0.90031899955228145 1.3725043825118557 0.55361290924105611 -0.41558920652736392 5.5000000000000009 0.48854415013451741 0.0054864309334297099 0.71476891397193421 0.64485479924591882 0.08931559115907918 0.78953671591682906 0.54062062324929983 0.87551443814040153 1.8164557742973002 0.75434512892437167 0.051221376892668043 0.75319492079046235 2.2192455209450168
decision_type=8 2 10 8 10 10 8 8 10 10 10 10 8 10 10 10 10 2 10 10 10 10 2 8 10 9 2 2 10 8 10 10 10 10 10 10 2 10 10 10 10 8 10 8 8 10 2 10 2 10 2 10 2 10 2 10 10 10 10 10 10 10
left_child=2 3 8 4 6 9 11 18 22 36 -9 37 30 19 -15 16 25 61 -6 23 -20 38 -1 -3 -13 29 -17 55 50 -5 -8 -32 -21 34 45 -35 47 -2 39 -12 -26 -16 43 -14 -43 46 -19 -4 -49 -44 52 -52 -29 54 -54 -28 -57 -42 -33 -60 -61 -7
right_child=1 13 5 15 7 17 12 10 -10 -11 21 24 42 14 41 26 -18 33 20 32 -22 -23 -24 -25 40 -27 27 28 -30 -31 31 58 -34 35 -36 -37 -38 -39 -40 -41 57 44 49 -45 -46 -47 -48 48 -50 -51 51 -53 53 -55 -56 56 -58 -59 59 60 -62 -63
leaf_value=-0.0069436362801346121 -0.0012461803161129799 0.0098749081781639922 -0.036448908692383777 -0.0034960153492736542 0.0304683833268658 -0.014688072138937931 0.015317777552777058 0.02552567218962512 0.02172358695753774 -0.04046401616191786 -0.0037719521797530626 0.043481669766022489 0.0058970997836880756 -0.00024975867049019021 0.0043012068610913737 -0.02592920951634034 0.024736394644973542 0.045666946477018952 0.0015043468681494128 0.052564404606987886 0.042942325109524289 -0.0095205273959222247 0.016739888898216437 0.033518704784029657 -0.019483820033267596 0.02582309812234676 0.019074580539371146 -0.043641065207298761 0.049026206758052762 0.0047117636459525361 -0.031056063983182936 -0.0097719876108508397 0.028168977919133 -0.025472709437498645 -0.036023340492189325 -0.0041913651728517024 -0.0032395923025401218 -0.026210656269665455 0.007378169702826242 0.047639172388211748 0.036856670947512556 0.033841893787857118 -0.037474606828750721 -0.038984474864406121 0.013863289003528789 0.059931346687190079 -0.014695595916784458 -0.017671165510913342 -0.0368273980290948 -0.016896994816215816 0.046974874547316574 -0.012635847832141674 0.051391608105158221 -0.024352351802875469 -0.024760355267506667 0.0061061399460066836 0.019344178749665625 0.0069591736955999352 -0.0088279933675090624 0.062616291784279174 0.001199146708699739 -0.030539180958633075
leaf_weight=1129.1556279659271 500.35644169151783 731.31016176939011 423.59543868899345 2503.1934731453657 436.13819399476051 1742.7819332331419 180.00651076436043 257.49477538466454 515.42794333398342 738.0899338722229 2263.0065279752016 98.60967755317688 193.00953923165798 646.56226223707199 319.55437722802162 82.500115662813187 363.62951718270779 49.537493586540222 546.56701116263866 217.31807366013527 83.223672598600388 1353.0570845454931 267.40413801372051 307.67003799974918 118.63697138428688 209.72768713533878 1529.9151057451963 91.00468797981739 46.759459719061852 4603.4088350087404 242.73923376202583 2694.2147601395845 981.23276127874851 335.47407674789429 41.287760972976685 1326.1705194860697 284.94692313671112 233.75914642214775 1658.3364194184542 43.836337447166443 112.99968098104 491.61274316906929 446.22832427918911 69.156114891171455 448.99611388146877 55.818105548620224 66.571862384676933 1796.3326867818832 306.77860666811466 404.22764757275581 61.279653787612915 80.148993253707886 59.96098604798317 141.15329179167747 48.744747847318649 2103.5225778371096 778.23470325767994 717.23947231471539 143.73408789932728 57.466364905238152 63.03096866607666 422.50199708342552
leaf_count=6596 2843 3345 2958 12721 2142 10669 883 1330 2438 5583 12298 504 968 2942 1404 411 1695 246 2851 892 390 7105 1492 1317 636 1038 7167 433 211 22905 1474 15210 4167 2037 209 7684 1701 1376 8352 208 541 2109 2746 434 1909 293 342 12373 2128 2337 287 372 285 665 234 9896 3572 3954 812 303 328 2719
internal_value=-3.28919e-05 0.00435846 -0.0137878 0.00190792 -0.00248835 -0.0182966 -0.00787871 0.00260519 0.00411102 -0.0251791 -8.14056e-05 0.00248078 -0.0119854 0.0195038 0.0126467 0.00637805 0.00356745 -0.0122448 0.0166453 0.0253389 0.00703956 -0.0013258 -0.00240014 0.016902 0.0106823 0.0025121 0.0106736 0.0112899 -0.00251694 0.00182061 -0.0084781 -0.00982053 0.0326324 -0.00583031 0.014923 -0.00850065 -0.0211537 -0.00922028 0.00147222 -0.00277478 0.00723149 0.0192585 -0.0226268 -0.00604526 0.02433 0.0272951 0.0112278 -0.0231719 -0.0204816 -0.0277253 -0.00760528 0.0133414 -0.0163099 -0.00622095 0.0173299 0.0129458 0.00968662 0.0110678 -0.00806826 0.00927499 0.0307639 -0.0177937
internal_weight=39266.4 29764.5 9501.88 25620.3 12917.1 7589.89 6275.41 6641.66 1911.99 3549.74 5575.73 1781.6 4493.81 4144.26 1906.73 12703.2 7679.96 4040.14 1065.93 2237.53 629.791 5318.24 1396.56 1038.98 1047.49 7316.33 5023.22 4940.72 529.052 7106.6 3381.19 3201.19 1198.55 1874.86 213.215 1661.64 2811.65 734.116 3965.18 2306.84 948.876 1260.16 1112.62 262.166 940.609 171.927 116.109 2526.71 2103.11 850.456 482.292 141.429 340.864 249.859 108.706 4411.67 2881.76 830.239 2958.45 264.231 120.497 2165.28
internal_count=209470 150002 59468 131917 70025 48942 35349 34676 10526 24743 29293 9854 25495 18085 8364 61892 38359 24199 5383 9721 3241 27963 8088 4662 5635 36664 23533 23122 2487 35626 19010 18127 5059 10811 1090 9721 19160 4219 20858 12506 5131 5422 6485 1402 4018 881 588 17459 14501 5083 2276 659 1617 1184 519 20635 13468 4495 16653 1443 631 13388
cat_boundaries=0 1
cat_threshold=8
is_linear=0
shrinkage=0.05


Tree=18
num_leaves=63
num_cat=1
split_feature=0 4 2 0 19 7 7 2 22 0 2 2 2 5 8 6 14 2 2 4 16 18 8 19 8 2 2 2 2 2 0 4 14 0 19 7 2 2 14 2 18 3 2 5 3 19 14 2 7 5 4 17 11 19 6 5 3 15 2 19 19 19
split_gain=869.418 447.16 312.134 162.868 141.176 124.241 95.612 73.46 71.4798 65.5414 56.8727 140.297 77.9533 84.0824 56.0868 54.568 52.3124 52.5486 102.904 68.7563 55.8471 50.3018 50.3582 49.0801 48.1468 49.809 48.7558 46.3305 46.2768 82.8713 46.1018 45.782 58.6448 45.2938 50.5279 54.7904 44.1406 43.9408 44.2468 43.6987 41.7374 44.4735 41.3173 47.8437 41.476 41.1659 40.0339 39.834 39.3738 38.5096 37.5424 36.9322 36.6002 41.4095 52.9079 41.2544 36.2049 35.9067 35.7645 44.4797 35.0349 35.0031
threshold=0.036583475111009553 0.095702299823622008 0.024688065147332416 0.048980033358595264 0.013262287049600485 -1.0000000180025095e-35 -0.065321805991548784 0.016973353613076697 0 0.068373690988599314 0.029488768802778721 0.028990808477946977 0.029675767752523629 0.069274170565191376 -0.38069632390753744 0.047261628752820702 0.084600925390399082 0.030338905914821291 0.030519706672412588 -0.010429575824586477 0.17897499270392533 0.41058608844997863 -0.12180507263890654 0.13639610389610393 -0.2388468687446382 0.018332411306236373 0.020217215408749312 0.028521094297324818 0.027862282336196666 0.027459728617744199 0.050319874130449187 0.044903035659803255 0.084600925390399082 0.031801242083979699 0.86422817383443118 -0.041603048096804422 0.026233439684093925 0.018985779603301545 0.56003120124805006 0.02878252898519407 0.12508366800535478 0.09464641744053845 0.019694561176474532 0.087559489241026758 2.2831415425513124 0.25139682242407224 0.84477251639085182 0.028117942464901815 -0.03009111063688524 0.15273251244432798 -0.091899947954441827 0.85554594386774319 3.5000000000000004 0.93693281947395302 0.0054864309334297099 0.10809843492947636 2.3468027466560075 0.95432677017376477 0.027753259404410657 0.76607862968581852 0.045222884448080203 0.65174924101537057
decision_type=8 2 10 10 10 10 10 10 9 8 10 10 10 10 8 2 10 10 10 2 2 10 10 8 10 10 10 10 10 10 10 2 10 10 8 10 10 10 8 10 8 10 10 10 10 8 10 10 10 10 2 10 2 10 2 10 10 10 10 10 10 10
left_child=5 2 3 6 9 7 40 51 -5 -4 11 27 13 -12 -8 37 -14 19 -19 20 -18 61 45 24 60 -26 -27 28 29 48 -13 -7 -33 -25 35 36 -35 -3 -39 -29 41 -2 43 -34 -45 -23 49 -30 -6 -24 -10 -1 -40 54 -54 -56 -57 -20 59 -31 -9 -16
right_child=1 15 4 8 10 31 14 23 50 -11 12 30 16 -15 21 -17 17 18 57 -21 -22 22 46 33 25 26 -28 39 47 58 -32 32 42 34 -36 -37 -38 38 52 -41 -42 -43 -44 44 -46 -47 -48 -49 -50 -51 -52 -53 53 -55 55 56 -58 -59 -60 -61 -62 -63
leaf_value=-0.026427650289505292 -0.014093861590227769 0.0072070094733197075 -0.014292639484463292 0.0071090285395132933 0.0059281609946491105 -0.017227821534392004 0.044076239802347858 0.023114392470863974 -0.021535255336588909 0.0096305417433558849 0.069340091182233735 -0.027098891501714337 -0.018722857500038808 -0.0031029538578227051 0.0077139919874483339 0.032091361269155703 0.012558536422800965 0.091377623305294031 0.01805445371286454 -0.0045752439708173004 0.080404204797353371 -0.0039476032730477 -0.0040788305036778437 -0.022131439481671275 -0.017978049424476825 0.09317113898002162 0.01423831734901615 0.045359809729402734 -0.01483549475897894 0.054103114809515546 0.00015525908725972921 0.035238948463737867 -0.032145930555441807 -0.021487796697331075 -0.02630654992306938 -0.0010638570136765535 0.027644491460867528 0.010237961619658401 0.018693458700857684 0.0052825145143135408 -0.017722877411403097 0.009593046346242088 -0.031043207816355917 0.049954719747633394 0.0029678683096342291 -0.019685175850886104 -0.045779462833479181 0.011903952583766938 0.021005782653304342 0.011779132536885263 -0.00067149476734834222 0.0021070623385699987 0.052145498007994645 0.0085666385557064614 0.048488322949470926 0.023863759281061263 -0.033520990449579215 0.054477833194536973 0.011635078207374881 0.0014278752615706652 -0.022237751373144068 -0.011970572160884421
leaf_weight=2193.502127751708 485.90333242714405 1006.321654856205 809.96491488814354 4520.0601200461388 1627.4332939535379 177.74742326885462 60.536915764212608 58.533183604478836 225.34739662706852 441.66552421450615 138.81636016070843 301.44792905449867 104.37635730206966 56.020085021853447 1260.99317663908 627.04725122451782 88.816179275512695 50.674123391509056 1565.0796759873629 462.57812815904617 45.436260432004929 709.2623904645443 3649.2595320641994 1530.3288577198982 35.311505019664764 37.700934082269669 40.429270818829536 195.30697278678417 293.15694046020508 225.10055255889893 318.60847406089306 178.00567631423473 52.673463210463524 698.0279026478529 444.86641366779804 1208.485264018178 48.070575654506683 879.58825218677521 1182.9092700481415 104.52035148441792 2153.9262114465237 333.26569478213787 81.211151376366615 75.476245880126953 122.06803096830845 1004.4423160403967 52.934864953160286 263.55825482308865 589.63257700204849 426.72236531972885 4548.6327243447304 119.4252232760191 324.52689138054848 131.53553228080273 67.697939679026604 62.758759498596191 47.314961239695549 70.036780685186386 117.05868941545486 48.777325719594955 149.10141336917877 274.12692560255527
leaf_count=15365 3023 4489 4791 22344 7602 1083 286 357 1167 2082 591 1519 518 253 6801 2626 408 210 6847 2218 201 3893 20227 10468 226 229 226 848 1399 983 1492 813 282 4595 2773 7405 255 3997 5055 492 13375 2010 410 350 591 5841 285 1238 2685 2113 23222 712 1383 558 289 268 208 299 524 221 958 1491
internal_value=-3.45414e-05 0.00351254 0.00117055 -0.00219864 0.00955453 -0.015664 -0.00649316 -0.0177814 0.00261235 -0.00584987 0.0124472 0.00877192 0.018256 0.0486015 -0.00346296 0.0184507 0.0157597 0.017344 0.021856 0.00458432 0.0359449 -0.00385896 -0.00597504 -0.0138738 0.00490889 0.030958 0.0530227 0.0126921 0.0109053 0.0136979 -0.013117 0.00455789 0.012178 -0.0154093 -0.0111146 -0.00764516 -0.0182895 0.0161326 0.01946 0.0314528 -0.0140706 -0.00445728 -0.000276396 0.00979316 0.0210814 -0.0131779 -0.00298304 -0.00217795 0.00994574 -0.00241615 -0.00165717 -0.024954 0.0239167 0.03362 0.0401507 0.0180846 -0.000882672 0.0196469 0.0348971 0.044761 -0.00940326 0.00419341
internal_weight=39204.1 31953.2 27623.5 19705.4 7918.07 7250.96 10411.4 6563.78 9294.04 1251.63 6666.44 4084.6 2581.83 194.836 7438.28 4329.7 2387 2282.62 1685.79 596.831 134.252 7377.74 5842.62 4250.86 321.076 113.442 78.1302 3464.54 3164.72 2608 620.056 687.182 509.435 3929.78 2399.45 1954.58 746.098 3702.65 2696.33 299.827 2973.1 819.169 331.429 250.218 197.544 1713.7 4128.92 556.715 2217.07 4075.98 4773.98 2312.93 1816.74 633.834 502.299 177.772 110.074 1635.12 390.937 273.878 207.635 1535.12
internal_count=209470 162372 143499 106078 37421 47098 59345 43569 46733 6873 30548 19003 11545 844 40937 18873 10701 10183 7356 2827 609 40651 32359 27492 1996 681 455 15992 14652 12015 3011 3529 2446 25496 15028 12255 4850 16247 11758 1340 18408 5033 1633 1223 941 9734 22625 2637 10287 22340 24389 16077 7761 2706 2148 765 476 7146 1728 1204 1315 8292
cat_boundaries=0 1
cat_threshold=9440105
is_linear=0
shrinkage=0.05


Tree=19
num_leaves=63
num_cat=0
split_feature=2 14 13 4 2 19 4 16 1 7 13 14 14 8 13 8 2 15 13 2 2 2 2 2 2 2 2 4 2 1 2 2 4 16 13 18 7 3 8 7 10 7 2 1 13 4 14 11 14 19 7 19 8 2 1 1 19 4 1 13 2 19
split_gain=623.755 536.164 307.168 211.036 136.097 135.798 104.47 96.8452 81.0976 80.8424 77.067 68.1145 64.8929 76.6133 86.8491 70.9592 59.9823 59.4332 54.3673 54.0969 126.265 64.8495 54.41 56.3041 101.441 56.0586 52.6577 52.374 49.0811 50.7126 46.7705 103.925 65.7748 49.4562 46.0927 44.212 44.1603 43.0847 41.2867 41.0108 51.5207 40.9394 40.7428 44.5147 40.3439 40.0595 39.2787 67.7532 38.5352 38.4453 38.2913 47.46 65.4423 38.9236 38.1035 38.0941 40.6478 43.789 37.8335 37.3726 84.9775 37.3843
threshold=0.024430463225263918 0.40519679097660755 0.32299510800857478 0.095702299823622008 0.015855146407099511 0.013262287049600485 0.098344064835879 0.69557358847924766 2.8581387805081242 -0.0076846725573049271 0.95021195954805926 0.55225044822688441 0.75434512892437167 -0.34879759036144575 0.58005001971220194 -0.10948099092042328 0.021685032113198863 0.20008517887563887 0.75413793890689929 0.029488768802778721 0.028990808477946977 0.029675767752523629 0.0286543737976452 0.027862282336196666 0.027459728617744199 0.02878252898519407 0.028117942464901815 0.0036697247706422025 0.017778642815241479 1.3725043825118557 0.030338905914821291 0.030519706672412588 -0.011006806995618399 0.17126002819810163 0.20763587337162071 0.91126110331930821 -0.064659483980160179 3.6807682611184198 -0.036910002126850909 -0.03009111063688524 2.5000000000000004 -0.072621338153761469 0.017753894565173203 2.6718833624966849 0.54492920590396066 0.061538462019230751 0.80536184306374392 5.5000000000000009 0.50453517071164133 0.79332189822755872 -0.085347838962991293 0.29496750761866336 -0.12749913852515501 0.02316924425840788 1.7340998582311851 2.9607441644347809 0.41808127908905951 0.099640965739750023 2.3391673479122499 0.1403405329361139 0.016702759712203214 0.92036795280920625
decision_type=10 10 8 2 10 10 2 2 10 10 10 8 10 8 8 10 10 8 10 10 10 10 10 10 10 10 10 2 10 8 10 10 2 2 10 10 10 10 10 10 2 10 10 10 10 2 10 2 10 10 10 8 10 10 10 10 10 2 10 8 10 10
left_child=1 2 9 4 8 11 10 28 49 41 19 45 13 16 50 -16 58 -5 37 20 22 36 23 24 39 -24 -25 -14 -4 -30 32 -32 33 -23 -11 -29 -21 -8 -38 40 -7 -1 -17 -44 -31 -2 55 -48 -33 -3 -15 -52 53 -53 -22 -19 -57 -58 -6 60 -54 -62
right_child=5 3 7 17 12 6 18 -9 -10 34 -12 -13 27 14 15 42 -18 46 -20 21 54 30 25 26 -26 -27 -28 35 29 44 31 48 -34 -35 -36 -37 38 -39 -40 -41 -42 -43 43 -45 -46 -47 47 -49 -50 -51 51 52 59 -55 -56 56 57 -59 -60 -61 61 -63
leaf_value=-0.017177579211021043 -0.02213435169378114 -0.032113723763967969 -0.029540646482832007 0.041247063780340966 0.076621730351742884 0.0073913266135805337 0.035983710954019588 -0.0083032612996814577 -0.0057216465365747746 0.0189065366223998 -0.011171151518834027 0.005636561460511268 -0.0004182465167036041 -0.0066502487991912211 -0.018538841567291044 -0.015770393050684041 -0.010471915088919858 0.010691673416128832 0.0038453659800910082 0.078082696498101734 -0.023601242092735078 0.012266372857851792 0.055618262322448264 -0.0175959098419422 0.036305625093201427 0.0076240794923525881 0.011041527008842929 0.010012038239103436 -0.041038406328466913 -0.0087214802307271893 0.086381677850959418 0.010023585926216147 -0.0044005274776004908 0.075967742934837337 -0.0084871912700088831 -0.025482289564822659 0.008584251396631444 -0.0029986847793577209 0.064981882062061028 0.019356954816085445 -0.03537312378569276 -0.0023595516642640328 -0.0010595221691223141 0.030924516623161744 -0.021125206374577439 0.010536232677680271 0.016490479158771658 0.070697057996671961 0.025050432414690588 -0.0020311597367879386 0.013995362824702538 -0.0096265225266036931 0.072774924040342637 -0.047991223818359283 0.00093896216973981769 -0.042083782201560949 0.025837298999503235 -0.023293639290258374 0.023555230676422984 0.0011760301359216561 0.0028316086292996569 0.051468449685126885
leaf_weight=583.60444548726082 499.37822484970093 574.44151043891907 1719.0189290866256 190.07039149105549 59.516201615333557 1745.7144080847502 825.91647712886333 1529.7587787210941 1382.059207379818 634.02092206478119 373.37526865303516 885.33126197755337 2607.3641589283943 1195.9742725938559 1278.0448461771011 421.96444302797318 67.558469533920288 1182.8596834242344 200.48793864250183 66.209870755672455 330.59503577649593 85.981402277946472 139.61762085556984 310.36521108448505 418.28828398883343 107.88352334499359 330.38346406817436 3229.8444784283638 244.84483554214239 936.98995012044907 55.619650617241859 862.88829240202904 503.0252393335104 46.613556414842606 201.88217404484749 89.2503781914711 92.560165122151375 77.364375591278076 49.280459389090538 782.81437665224075 72.407921642065048 2302.0976947695017 983.96672637760639 121.30170899629593 2198.1404266506433 114.8463176637888 962.26998673379421 60.46508601307869 847.22360990941525 130.41875460743904 851.36538901925087 461.75193545222282 58.697997272014618 76.345463991165161 302.31815786659718 72.254165187478065 92.818643853068352 86.795570120215416 78.499226152896881 1960.6944264769554 335.68312636017799 43.801706701517105
leaf_count=3690 3117 3640 12505 780 305 8229 3415 9217 7461 3109 1887 4323 13129 6954 7441 2400 371 5330 851 277 1682 394 602 1497 1831 506 1517 15703 1874 5846 229 3881 2431 204 1119 435 408 334 216 3585 338 13688 5272 591 14464 611 4106 251 3605 782 4557 2558 300 415 1411 330 405 375 427 10318 1731 210
internal_value=-3.53113e-05 -0.00376516 -0.0128911 0.0012983 -0.000864633 0.0106478 0.0130616 -0.0193443 -0.0127686 -0.00139478 0.0109513 -0.0032382 0.000920624 -0.00201836 -0.00281502 -0.0098507 0.0280362 0.014372 0.0274223 0.012108 0.00880759 0.0178451 0.0121633 0.0106226 0.0134787 0.0348129 -0.00283565 0.00488516 -0.0226544 -0.0191445 0.0155117 0.0196966 0.00387368 0.0350615 0.0122883 0.00905021 0.0445748 0.0326453 0.0284965 0.00979506 0.0056697 -0.00536126 -0.00257277 0.00247546 -0.0174221 -0.0160185 0.0122775 0.0197612 0.0174785 -0.0265584 0.001146 0.00360837 0.000593662 -0.0151486 -0.0118963 0.00693277 -0.0106928 0.00209807 0.0468256 0.00412969 0.0173134 0.00856599
internal_weight=39132.9 29006.4 10350.4 18656.1 16008.5 10126.5 8626.93 6628.75 2086.92 3721.61 7523.17 1499.56 13921.6 7995.17 7789.59 2805.28 205.574 2647.53 1103.77 7149.79 4540.39 2609.4 3907.47 3659.97 3019.22 247.501 640.749 5926.46 5098.99 3379.98 2401.35 1765.73 635.62 132.595 835.903 3319.09 208.05 903.281 141.841 2600.94 1818.12 2885.7 1527.23 1105.27 3135.13 614.225 2457.46 1022.74 1710.11 704.86 4984.31 3788.34 2936.97 538.097 632.913 1434.73 251.868 179.614 138.015 2398.88 438.183 379.485
internal_count=209470 162089 65512 96577 85000 47381 39330 43906 11883 21606 34730 8051 73117 43850 42747 15704 1103 11577 4600 32843 21198 11645 18105 16997 13983 1108 3014 29267 34689 22184 10744 7715 3029 598 4228 16138 901 3749 624 12152 8567 17378 8263 5863 20310 3728 10797 4357 7486 4422 27043 20089 15532 2973 3093 6440 1110 780 732 12559 2241 1941
is_linear=0
shrinkage=0.05


Tree=20
num_leaves=63
num_cat=0
split_feature=0 4 2 13 14 8 13 19 13 14 5 8 13 7 2 8 1 13 2 8 19 2 0 7 14 19 13 7 1 0 12 8 19 2 2 1 1 9 17 8 2 2 2 5 2 2 5 8 7 18 7 0 11 18 18 1 13 0 2 14 0 19
split_gain=753.118 353.043 232.892 218.935 136.5 141.872 134.159 114.71 85.8589 75.5939 72.6523 65.494 62.4357 61.3292 60.6296 60.3809 60.2753 59.6082 58.666 57.582 57.017 56.4022 52.7001 52.4346 50.382 47.7125 46.2851 43.7845 43.2708 42.8367 42.4755 38.9199 38.3883 41.1531 37.1807 37.0529 36.704 36.3974 44.4062 36.3918 36.1186 89.2191 78.8227 73.2583 39.3537 78.0728 60.8053 36.0955 35.9878 35.7992 70.3647 88.0866 36.9971 36.597 35.3654 34.6988 34.5895 34.5833 40.731 41.2564 34.2747 34.2618
threshold=0.03671773857805672 0.090090090106052303 0.024430463225263918 0.21587229799874602 0.75434512892437167 -0.091891891827715719 0.56055025410899673 0.013262287049600485 0.90324038966341957 0.44858954555181091 0.15273251244432798 -0.025000000776350669 0.50559703440714265 -0.044060353997202088 0.021890372676806141 -0.087855297157622789 1.4855066200391869 0.95021195954805926 0.037379936113057795 -0.34879759036144575 0.54062062324929983 0.017714402537755133 0.030611760522001638 -0.12447168315213873 0.66634412023432976 0.29117540773333234 0.14816498316498319 -0.037499999610552497 1.8494998015464688 0.068373690988599314 2.5000000000000004 -0.031864161082563729 0.20797090487355976 0.016973353613076697 0.017033105306656072 2.0527282840975332 2.3686679698960074 4.5000000000000009 0.68210369581509112 -0.17353773307213441 0.029488768802778721 0.028990808477946977 0.029675767752523629 0.069274170565191376 0.030338905914821291 0.030519706672412588 -0.030918967363980084 -0.30570840681951789 -0.026826168071017117 0.66256217991129418 -0.034505094103472848 0.051106314274367508 3.5000000000000004 0.14483868580731099 0.68639899244332503 2.6824715344685504 0.23148729030159396 0.042455816848347878 0.015572182010816558 0.69429925524712266 0.031801242083979699 0.31483534532315027
decision_type=8 2 10 8 10 10 8 10 8 8 10 10 8 10 10 10 10 10 10 8 10 10 10 10 8 8 10 10 10 10 2 10 8 10 10 10 10 2 10 8 10 10 10 10 10 10 10 10 10 10 10 10 2 10 10 10 10 10 10 10 10 10
left_child=3 2 4 11 5 6 25 18 13 -8 14 -1 15 54 26 29 -13 40 28 36 -16 30 -15 -23 37 27 -7 -2 -4 -3 -6 -22 -24 -34 -26 -35 -11 -14 -39 -36 41 -9 43 -42 46 -46 -44 -47 -12 50 53 -52 -51 -25 -5 -54 -43 -28 -59 -60 -10 -27
right_child=1 12 7 8 21 10 9 17 60 19 48 16 24 22 20 -17 -18 -19 -20 -21 31 23 32 49 34 61 57 -29 -30 -31 -32 -33 33 35 39 -37 -38 38 -40 -41 42 56 44 -45 45 47 -48 -49 -50 52 51 -53 55 -55 -56 -57 -58 58 59 -61 -62 -63
leaf_value=-0.0052927312202363927 -0.0035525989841987994 0.0076901596832013586 -0.024467436801328766 -0.028313437914627777 -0.0043006646628442396 0.011376104390594055 -0.030485885500914037 0.011630116985357285 -0.042245443575810213 0.063498984567666117 0.032491260683473029 0.042076385216749751 0.010141490385064381 -0.023195403891796737 0.02733015068689389 0.02807124908577819 0.0025220554074927163 -0.0099788726045959546 0.012660115936275805 -0.014862375312739477 -0.0082646900007739589 -0.00048594377690016813 0.011720435358564547 0.023336102311839569 -0.0016314241877301659 -0.027339320233356279 -0.011503565391415354 0.013349661240382513 -0.0027878213887748034 0.033133160670456824 0.02728983681409336 0.012560292591064105 -0.021691216216170973 -0.0077952528161640737 0.0033205125185527666 0.03471186311015427 -0.0027999763153450136 0.025395989772763607 -0.019226540372328054 0.024299822988807271 0.067340920253053979 0.013126478382758867 0.04973958319057805 -0.003223779969974078 0.078200827787699725 0.031752764453168665 -0.0030139311055235544 0.012253742764942828 0.0071177776298255932 0.0070432241852857284 -0.0031179345428983805 0.051052631977438104 0.014785958944379002 0.0064538935489646277 0.025480383047690722 -0.039028719113086648 -0.016077337461562886 0.028663832758482555 0.00057179997190054583 -0.020084485701549127 -0.024241904314064307 -0.007615879221420309
leaf_weight=1569.0972172170877 1475.2588678151369 898.30605272948742 408.65569612383842 1101.0733589231968 2214.7355861514807 408.81384010612965 953.36921921372414 3541.2897787988186 504.42609225958586 37.716787084937096 232.59947627782822 151.24512538313866 388.0224739164114 923.57297728210688 298.48811289668083 1394.5624862909317 262.54856345057487 338.47635558247566 314.23651550710201 1444.477169290185 448.80240432918072 1583.1104966253042 203.30375199019909 401.59901015460491 264.13375823199749 247.41026026010513 1674.6583177447319 516.45675911009312 525.96432508528233 202.07981260120869 110.78214380145073 446.67701281607151 620.32122313976288 1272.9230989813805 273.37112252414227 52.439027070999146 45.12714247405529 66.557129859924316 320.2967521250248 851.16136932373047 131.98281191289425 129.99805757403374 60.025737687945366 50.720969647169113 50.631465435028076 287.9896879196167 519.86543494462967 1347.4454430639744 349.70339314639568 389.96948453783989 108.82589447498322 239.97478476166725 42.317739382386208 1591.518340036273 30.68724325299263 97.992368429899216 449.71643613278866 104.97677969932556 1268.1102023720741 297.64352381229401 567.99595408886671 1956.1620835214853
leaf_count=9139 8548 4069 2627 7832 11266 2173 6099 16275 4117 198 1119 721 1754 6802 1548 5894 1422 1688 1519 8435 2383 8078 1281 1975 1155 1463 9875 2728 2757 855 553 2360 4157 8007 1188 303 250 308 1494 3589 547 616 266 227 205 1191 2479 5905 1702 1833 557 1103 210 7650 207 455 2219 588 6786 1519 3951 11237
internal_value=-0.000260149 0.00305696 0.000874326 -0.0147901 -0.00216128 -0.00532087 -0.0102265 0.0079398 -0.0201119 -0.0194419 0.000601651 -0.000624779 0.0157719 -0.0168834 -0.00136551 0.0211622 0.0170461 0.0104607 -0.00600179 -0.0125326 0.00844419 0.00352637 -0.0132108 0.00682041 0.00954908 -0.00477411 -0.00448676 0.000834698 -0.0122831 0.0123885 -0.00278469 0.00212551 -0.00891088 -0.0110715 0.0152453 -0.00608852 0.0277816 -0.000665669 -0.0115037 0.0192073 0.0115151 0.00865367 0.0163253 0.0478403 0.0137642 0.0176267 0.00252292 0.0157047 0.0172915 0.0108463 0.0135015 0.0341908 -0.000883462 0.00986554 -0.0268336 -0.0228084 -0.0095172 -0.00642805 -0.00133677 -0.00336519 -0.0327415 -0.00984176
internal_weight=39062.4 31802.8 27144.3 7259.63 18987.3 12206.5 6675.98 8157 5276.74 2480.69 5530.47 1982.89 4658.49 4204.32 4948.17 2494.95 413.794 6908.14 1248.86 1527.32 1193.97 6780.83 3072.56 4455.31 2163.54 4195.29 3754.2 1991.72 934.62 1100.39 2325.52 895.479 2148.99 1945.68 1388.67 1325.36 82.8439 774.876 386.854 1124.53 6569.67 4121 2448.66 182.704 2265.96 1686.07 579.891 1635.44 582.303 2872.2 2341.92 348.801 530.28 1993.12 1131.76 140.31 579.714 3345.39 1670.73 1565.75 1072.42 2203.57
internal_count=209457 161518 141212 47939 102691 69011 38958 38521 36657 14982 30053 11282 20306 28589 27232 10818 2143 31618 6903 8883 6291 33680 20550 21861 9488 23976 20941 11276 5384 4924 11819 4743 13748 12467 5932 8310 448 3556 1802 4777 29930 19110 10820 774 10046 7301 2745 7096 2821 13783 11285 1660 2498 9625 8039 665 2835 18768 8893 8305 8068 12700
is_linear=0
shrinkage=0.05


Tree=21
num_leaves=63
num_cat=1
split_feature=0 4 2 14 5 19 5 2 19 5 6 2 2 2 2 9 3 14 2 0 14 14 2 2 2 2 5 9 6 14 12 19 0 9 1 4 19 2 6 14 14 0 2 2 5 9 2 22 3 1 15 12 2 5 9 17 1 17 5 14 2 2
split_gain=685.939 317.345 210.011 123.566 113.308 103.229 94.2076 82.5242 63.4469 59.4622 55.5921 53.1858 50.7379 48.5157 74.1894 46.4686 53.371 58.6219 43.5687 52.2994 40.7451 40.3166 38.5856 89.0612 72.983 65.4269 63.8129 44.3338 43.2885 42.3926 38.0202 36.5156 38.064 55.8989 48.4241 45.9787 36.4448 38.7726 35.3175 35.1378 35.0696 40.6704 39.5319 95.6253 70.428 51.502 42.5611 34.9328 34.7973 34.527 31.8723 31.3104 30.8988 30.7029 35.543 31.4842 30.6435 30.1685 35.4234 29.4048 29.1813 42.412
threshold=0.03671773857805672 0.090090090106052303 0.024430463225263918 0.75434512892437167 0.099284791717878199 0.013262287049600485 0.15273251244432798 0.017033105306656072 0.97166902738432503 -0.0074046659538887219 0.077927404834705852 0.037379936113057795 0.017714402537755133 0.019601302197532009 0.019684113757497717 8.5000000000000018 0.7234579301495353 0.32201694915254242 0.015855146407099511 0.042329541181850283 0.27404851947215975 0.52023023414763225 0.029488768802778721 0.02878252898519407 0.0286543737976452 0.029675767752523629 0.069274170565191376 7.5000000000000009 -0.0031523024181799859 0.87230364961761941 2.5000000000000004 0.064861677715451316 0.066460278890172281 4.5000000000000009 2.1324217344075342 0.099605520292272445 0.024960370395492152 0.020733316268245944 0.039381242350900354 0.65863198988848803 0.10045404413659463 0.040457206417693271 0.031827200496059742 0.032476069765123509 -0.024743147672495743 5.5000000000000009 0.036378053270572357 0 2.3468027466560075 1.7219778378376749 0.57184861469598847 1.5000000000000002 0.025994780398285667 0.030414209676559504 3.5000000000000004 0.2160563655661695 1.9574100013161633 0.092606537260151736 -0.053955161452233551 0.86835427587624636 0.020140022820089889 0.02173742271756977
decision_type=8 2 10 10 10 10 10 10 8 10 2 10 10 10 10 2 10 10 10 10 10 10 10 10 10 10 10 2 2 10 2 10 10 2 10 2 10 10 2 10 10 10 10 10 10 2 10 9 10 10 10 2 10 10 2 10 10 10 10 10 10 10
left_child=4 2 3 6 7 11 8 -1 9 13 31 21 30 57 -15 16 52 38 19 -11 53 -4 23 24 -7 26 -24 28 29 -27 -5 48 34 59 39 -35 37 -22 -18 -33 41 -30 44 -44 51 -46 -45 -14 -3 -25 -19 -42 -9 54 -20 -56 -52 58 -2 -34 -49 -62
right_child=1 10 5 12 -6 22 -8 15 -10 18 -12 -13 47 14 -16 -17 17 50 20 -21 36 -23 25 49 -26 27 -28 -29 40 -31 -32 32 33 35 -36 -37 -38 -39 -40 -41 42 -43 43 46 45 -47 -48 60 -50 -51 56 -53 -54 -55 55 -57 -58 -59 -60 -61 61 -63
leaf_value=-0.024320238246991463 -0.029518502868032481 0.0093953769692708307 -0.024184616948679429 -0.0040938501335817511 0.0016120810005930781 0.0088319505313024776 0.011718906685021159 -0.018377595783160765 -0.028678368046966059 -0.024860287606122439 0.033559990547128792 0.011967702152097841 0.017232420243435187 0.050983044690797147 -0.010057792127658546 -0.045355364575373348 -0.009318669956439353 -0.02262878965116721 -0.0093656508497074308 0.0033111494964848443 0.044604340219349302 -0.0030198621575506118 0.060096939844306523 -0.020989372214505819 0.046685132931189623 -0.011380111942465333 -0.0041365921943296354 0.06033932347843568 0.020990695074938739 0.034592628145784704 0.02563127800719299 0.017259976990950866 -0.0078455702956619754 0.087278757834152135 0.0085312193746047964 0.031874795830885976 -0.0020819644505886237 -0.01534392084135759 0.043134615534772103 0.040769433056770041 0.019673835330016085 -0.038351075540162434 0.05518524900407127 0.0085667285131499817 0.0078965293498082425 -0.037338725333008374 0.046361774520848505 0.0098848449208869711 -0.018829591414210037 0.0010200156561531992 0.015072750121310012 0.063128274092396339 0.0043060782149637348 -0.016640214425826763 0.061495571512322801 0.0061981219581156337 0.061729489669449071 -0.032493649884269692 0.0031134825425613989 0.02397529823377308 -0.0060998019010775765 0.0075723215835037695
leaf_weight=2256.6384063959122 156.81773848831654 359.10042481124401 382.41202129423618 2210.4523293226957 978.65898498892784 3496.3492736369371 780.59639835357666 1988.5875281095505 305.26931019127369 502.71026051044464 368.4813197851181 315.81252872943878 636.00416219234467 51.916083440184593 841.69759884476662 102.8332644701004 1469.683955848217 34.231668159365654 322.45617026090622 244.501250654459 82.744746521115303 545.43305747210979 140.94872333109379 327.89840263128281 131.22759366035461 315.02859678864479 52.971540689468384 46.469345808029175 50.82679694890976 58.613667592406273 112.08314320445061 874.90304674208164 93.130065739154816 56.930617615580559 2136.5107963234186 111.91891610622406 7241.3545974344015 39.173692479729652 31.832309186458588 194.42921632528305 92.061622902750969 64.408470511436462 193.08670127391815 478.72895111143589 857.9245293289423 66.909102112054825 87.38418185710907 1560.5594018250704 155.72742475569248 388.67885555326939 112.22776491194963 76.485273778438568 162.00927422940731 869.87212494015694 34.899278566241264 91.917749181389809 50.928817301988602 424.43373909592628 175.45296904444695 321.80414342880249 1090.6882880777121 1179.7315821200609
leaf_count=16321 988 1568 2534 11266 5371 16132 3834 13622 1804 3092 1528 1519 3052 313 5070 653 9729 215 1985 1383 426 2850 581 1680 554 1413 238 205 240 254 553 3862 392 236 9380 460 40325 207 170 808 403 324 793 2070 3905 308 365 7635 726 1825 694 328 866 5152 206 549 298 2610 1067 1346 5391 5783
internal_value=-0.000250419 0.0029029 0.000829451 -0.00205888 -0.0141991 0.00753042 -0.00507454 -0.0166911 -0.00622686 -0.00560576 0.0149359 -0.00572953 0.00334468 -0.0143588 -0.00645849 -0.0123301 -0.0114363 -0.00480831 -0.00407249 -0.01565 -0.00307444 -0.0117596 0.0099119 0.00703211 0.0102138 0.0147528 0.0426196 0.0124729 0.0114975 -0.00409523 -0.00264893 0.0133341 0.0150311 0.0267726 0.0128853 0.0509591 -0.00162397 0.0253742 -0.00817869 0.0215686 0.0144588 -0.0122218 0.0161241 0.0248857 0.0100233 0.00458709 0.0144722 0.00646086 0.00083781 -0.00906647 0.0207419 0.0396492 -0.0166676 -0.0111634 -0.000545925 0.0217777 0.0299238 -0.0236676 -0.0123298 0.0168316 0.00461157 0.00100457
internal_weight=38985.6 31797.9 27125 18955.3 7187.63 8169.66 12165.8 6208.97 11385.2 11079.9 4672.94 1243.66 6789.52 1650.32 893.614 3952.33 3849.5 1698.9 9429.63 747.212 8682.42 927.845 6926 4344.15 3627.58 2581.85 193.92 2387.93 2341.46 373.642 2322.54 4304.45 3789.63 583.784 3205.84 168.85 7363.27 121.918 1501.52 1069.33 1967.82 115.235 1852.58 759.2 1093.38 924.834 566.113 4466.98 514.828 716.577 197.388 168.547 2150.6 1319.15 449.273 126.817 163.157 756.704 332.271 414.934 3830.98 2270.42
internal_count=209457 161518 141212 102691 47939 38521 69011 42568 65177 63373 20306 6903 33680 10048 5383 26247 25594 11106 53325 4475 48850 5384 31618 20191 16686 11427 819 10608 10403 1667 11819 18778 16484 2434 14050 696 40958 633 9899 4670 8736 564 8172 3228 4944 4213 2435 21861 2294 3505 1207 731 14488 7892 2740 755 992 4665 2055 1738 18809 11174
cat_boundaries=0 1
cat_threshold=9439592
is_linear=0
shrinkage=0.05


Tree=22
num_leaves=63
num_cat=0
split_feature=0 4 13 0 7 13 1 13 13 8 0 8 7 9 13 8 8 0 4 13 13 17 9 15 0 17 4 19 0 18 7 8 13 8 7 0 19 13 8 1 5 19 8 15 6 5 17 16 7 15 18 7 4 8 6 18 19 1 11 19 9 13
split_gain=624.335 285.382 202.277 149.188 127.594 82.3116 81.7563 67.8623 66.75 62.0788 59.0126 58.1636 57.2014 57.0903 54.9164 52.7575 52.1857 55.3684 49.204 47.0103 45.2834 44.5808 43.1526 41.9704 41.87 37.3875 36.586 37.1629 36.4327 35.819 78.2997 53.8391 35.774 34.1669 33.4447 33.4329 33.2088 32.8569 32.4401 46.5551 36.211 32.8975 32.4357 31.3685 41.9914 32.503 31.2391 30.3505 30.2633 44.1143 29.6136 29.5785 30.7854 38.6051 30.1471 29.8116 29.4938 43.4655 44.1409 29.2141 29.091 28.3993
threshold=0.03671773857805672 0.090090090106052303 0.21587229799874602 0.052777623591325908 -0.1010806717366106 0.90324038966341957 1.7576292849768107 0.70259556365088083 0.029093951940564178 -0.12993039443155449 0.042713554253717437 -1.0000000180025095e-35 -0.037873512182020168 7.5000000000000009 0.50559703440714265 -0.087855297157622789 -0.13333333278730422 0.087893955439120638 0.03213991332101785 0.33085315263445386 0.092612085769980521 0.48130046411087807 6.5000000000000009 0.74965373894794196 0.030611760522001638 0.15243198332676169 -0.075577446130864298 0.55656521451927221 0.068373690988599314 0.43855575529304347 -0.0315985130111524 -0.07488820169680159 0.21183667035368678 -0.27647122221560433 -0.10926657333038585 0.031801242083979699 0.61206084810701999 0.12440474840699337 -0.34879759036144575 1.8223795931249318 0.11584273808231095 0.033234811309222366 -0.23002026212707707 0.73377163601789241 0.0021901807628655905 0.17582982564637464 0.81984118274175344 0.033219090102293437 -0.0315985130111524 0.87964470275743278 0.72168890035377375 -0.021379625578197222 0.038095258528074279 -0.14803137771711852 0.012560385583695323 0.1886194129597947 0.7382325246482776 1.6660653702464374 2.5000000000000004 0.1087188282191527 8.5000000000000018 0.052890670412710721
decision_type=8 2 8 8 10 8 10 10 8 10 10 10 10 2 8 10 10 10 2 10 10 10 2 10 10 10 2 10 10 10 10 10 10 8 10 10 8 10 8 10 10 10 8 10 2 10 10 2 10 10 10 10 2 10 2 10 8 10 2 8 2 10
left_child=2 3 11 4 8 12 7 9 -2 59 32 51 50 20 15 28 17 19 -9 22 61 -22 -5 -17 -14 -26 -18 -28 34 30 -12 48 33 -8 -3 -7 -27 -25 39 -21 41 -40 -42 -16 45 -45 -39 -43 -31 -50 -4 52 53 55 -55 -1 57 58 -10 -6 -46 -11
right_child=1 14 5 16 6 35 10 18 56 13 29 -13 24 -15 43 23 26 -19 -20 38 21 -23 -24 37 25 36 27 -29 -30 31 -32 -33 -34 -35 -36 -37 -38 46 40 -41 42 47 -44 44 60 -47 -48 -49 49 -51 -52 -53 -54 54 -56 -57 -58 -59 -60 -61 -62 -63
leaf_value=0.012005459755913496 0.03269149730445569 -0.018957474219886982 -0.025403783210082194 0.0062408015033278723 0.025959683745845182 -0.041045576797906956 0.047692956587606361 -0.013758593583137925 -0.0050368529164971521 0.022374607035964351 0.0031171154805284644 0.029348388256450364 -0.020893101488481218 0.068786495324359653 0.013480227153914863 0.035532322689587593 -0.020307598863439455 0.021502345533713996 0.0092232828444709768 0.05773551798371597 0.025703534153027948 0.0045678389585695174 0.05391417616275266 0.032867625947141051 0.020090511377694645 -0.0010477651400956885 0.016164926003698073 0.0065721209100519833 0.030025810450825342 -0.016085115768304414 0.0418213982317404 0.0026821024003682876 -0.0095697818444696724 -0.00027630024039138333 0.010277705041534005 -0.022961406613844701 -0.014749033333714133 -0.0070783290481802128 -0.015644023100771457 0.005313586702487375 -0.012576263277493166 -0.019045033208921477 0.018809968694906712 -0.02245509451541635 0.012613480890457341 0.012854099532373429 0.018955720225638198 -0.00097945511519153725 0.0016885194784890978 -0.027781661027742901 0.025732118497171892 0.0045434001550194265 -0.030817288674387301 -0.00057565932353120677 0.040158994596082673 -0.026572635953138024 -0.035048986636402234 -0.015590465901578291 0.039285345795950388 -0.0041254004440077824 -0.02713423352889674 0.072352642830047054
leaf_weight=61.958654046058655 78.146101847290993 110.64550851285458 1279.8675821200013 2135.1562416851521 93.759222015738487 482.95393637567759 37.844605892896652 525.01594324409962 315.87509144842625 59.940742686390877 2404.6038602292538 154.72057704627514 848.5218745842576 55.531826674938202 1251.0151405483484 606.7331170886755 100.09473319351673 359.72774124145508 417.03226959705353 45.907645389437675 443.03970292210579 570.67086999118328 47.570673912763596 253.88880100846291 113.89532967656851 733.26004350930452 1606.42845505476 2721.8274799436331 204.32877413928509 801.92917691171169 137.19802586734295 2308.1499519944191 3169.9631373435259 836.33410127460957 792.76664988696575 554.29812041670084 1113.9889961928129 164.68007346987724 605.90077084302902 439.34236904978752 111.45214077830315 256.53956668078899 307.70757173001766 240.94885909557343 544.26873403787613 88.458154708147049 379.34708470106125 2391.5558079630136 810.42655880749226 149.55887307226658 28.188193306326866 817.96133641898632 130.61212314665318 502.44233311712742 48.932464867830276 249.579136505723 154.92301659286022 1942.8950604498386 67.284684389829636 542.5551847666502 49.343062520027161 55.408678963780403
leaf_count=387 449 498 9338 10551 446 4117 193 2777 1550 270 12919 688 6418 249 5341 2500 500 1655 2105 189 2059 2646 227 1059 746 4723 7399 12505 855 4512 675 11726 18886 4669 3571 3951 7176 723 3240 2127 525 1293 1478 1107 2431 383 1612 11822 4379 808 188 4501 762 3110 289 1545 998 11891 311 2937 226 246
internal_value=-0.000240047 0.00275732 -0.0136208 0.000787453 -0.00230824 -0.0188243 -0.000356663 0.00730623 -0.0125374 0.0129401 -0.00234404 2.43055e-05 -0.0156464 0.0197017 0.0141488 0.0191835 0.00523172 0.00244774 -0.00358583 0.00136357 0.0172288 0.0138214 0.00730402 0.0256172 -0.0116183 -0.00759681 0.00944286 0.0101354 0.0110096 0.000566121 0.00522187 -0.00234202 -0.0071009 0.00185249 0.00668012 -0.031413 -0.00931386 0.0180427 -0.00175555 0.0103816 -0.00336133 -0.00514367 0.0104545 0.00832451 0.00132967 -0.012963 0.0110765 -0.00273612 -0.00892152 -0.00292686 -0.024283 -0.0024951 -0.00828859 -0.00484687 0.00310555 -0.0188864 -0.0139746 -0.0125565 0.00282834 0.000341333 0.00926944 0.0467973
internal_weight=38914.9 31793.7 7121.18 27107.3 15978.1 5154.97 13419 2762.95 2559.12 1820.91 10656 1966.21 4117.72 1184.59 4686.42 2512.39 11129.2 6700.86 942.048 6341.13 1129.06 1013.71 2182.73 1404.65 2809.67 1961.14 4428.35 4328.26 1107.74 6611.87 2541.8 4070.06 4044.14 874.179 903.412 1037.25 1847.25 797.916 4158.41 485.25 3673.16 3254 419.16 2174.03 923.019 329.407 544.027 2648.1 1761.91 959.985 1308.06 1811.49 993.525 862.913 551.375 311.538 2480.98 2326.05 383.16 636.314 593.612 115.349
internal_count=209457 161518 47939 141212 87701 36657 72502 13735 15199 8853 58767 11282 28589 5470 20306 10818 53511 33107 4882 31452 5221 4705 10778 5894 19063 12645 20404 19904 4924 35019 13594 21425 23748 4862 4069 8068 11899 3394 20674 2316 18358 16355 2003 9488 4147 1490 2335 13115 9699 5187 9526 10594 6093 5331 3399 1932 14750 13752 1861 3383 2657 516
is_linear=0
shrinkage=0.05


Tree=23
num_leaves=63
num_cat=0
split_feature=2 14 13 4 19 7 5 4 2 2 15 13 1 13 2 19 7 1 2 1 4 1 14 13 9 5 9 5 13 13 3 2 13 7 5 2 11 6 14 19 9 19 2 15 19 19 1 18 13 13 18 2 2 13 2 2 2 2 5 2 2 2
split_gain=425.14 370.846 303.144 124.459 107.161 100.709 83.1962 82.3912 63.262 62.745 59.6443 59.1533 55.3621 56.9115 52.1334 50.5129 50.0655 70.7078 47.5232 47.3565 46.8962 46.3453 45.7792 44.4433 44.2033 42.2123 41.75 57.2471 44.25 41.6778 43.3494 39.5847 36.9078 43.4573 36.2406 39.1879 41.8549 36.1642 47.9868 40.5363 36.6143 107.223 92.7563 45.9272 39.3668 35.6548 35.5099 37.9525 38.0577 35.0213 34.9064 48.1002 34.3208 47.6758 34.2058 78.8792 58.7705 47.3485 114.168 85.969 75.3051 47.7748
threshold=0.024430463225263918 0.52023023414763225 0.5759581089586685 0.049413878842248245 0.013262287049600485 -1.0000000180025095e-35 0.15273251244432798 0.098344064835879 0.01629649707805603 0.015855146407099511 0.96225899013252969 0.95021195954805926 1.6528255891542414 0.2711490623804057 0.015260749562830606 0.024960370395492152 -0.11448234643008702 2.8041524231561419 0.036099691589757031 1.8494998015464688 -0.029065278508234534 2.8297325594510032 0.88421151730994885 0.18395314319173708 6.5000000000000009 -0.11903185679703597 7.5000000000000009 0.098276733083142678 0.21183667035368678 0.75413793890689929 3.5749984397875991 0.023082947055152049 0.021075876539867335 -0.072621338153761469 0.12499996378544932 0.01629649707805603 5.5000000000000009 0.021436403837071131 0.61928752719361868 0.02910722657558101 7.5000000000000009 0.7540241611607722 0.019644902823555969 0.71015329517689207 0.47358972710616826 0.2709948708701489 1.9677208665977994 0.96307071775713304 0.12836031218384161 0.32674928600571201 0.15295460650013434 0.019413078618070168 0.022290144831727348 0.41010458918053683 0.030338905914821291 0.030519706672412588 0.030196908294105849 0.029488768802778721 0.10693428478551827 0.02878252898519407 0.0286543737976452 0.027862282336196666
decision_type=10 10 8 2 10 10 10 2 10 10 10 10 10 10 8 8 10 10 10 8 2 10 10 10 2 10 2 10 10 10 10 10 10 10 10 10 2 2 10 8 2 10 10 10 10 8 10 10 10 10 10 10 10 10 10 10 10 10 10 10 10 10
left_child=1 2 5 6 18 9 8 11 21 14 34 54 13 -11 23 -14 25 24 19 -2 -19 -3 37 -1 45 -10 46 -28 -29 30 -9 -24 -17 -34 35 -4 -37 39 -39 -5 -41 42 44 -43 -42 -18 -7 48 -48 -44 -22 -52 -35 -54 56 -56 57 59 -59 60 61 -6
right_child=4 3 10 22 7 26 -8 29 16 12 -12 -13 15 -15 -16 32 17 20 -20 -21 50 -23 31 -25 -26 -27 27 28 -30 -31 -32 -33 33 52 -36 36 -38 38 -40 40 41 43 49 -45 -46 -47 47 -49 -50 -51 51 -53 53 -55 55 -57 -58 58 -60 -61 -62 -63
leaf_value=0.0090942707809911535 -0.022615341904162589 -0.026155711808687546 -0.031705596567520831 -0.037004539929309292 0.011468994999636876 0.0069745212619000373 0.015132144141787214 0.031502218883170896 0.01141085129586618 -0.0037863359680348667 0.0099669904928970862 -0.010474452536705155 0.049295976349307991 -0.025802132902863647 -0.036695564710141987 0.023116091580271416 0.0076510542417300891 -0.0057723129599633119 0.0097271663570139954 -0.00093704117453237683 0.033844553714698099 -0.0065801211370913179 0.013605648299888334 -0.019140382983059128 -0.025318295649802508 -0.008482099072415995 -0.043584520013048557 0.036770551388571521 -0.02300317522215499 0.0025383845831416377 -0.0037216081163564049 0.043488376948227714 -0.01153787925948117 -0.0019126315523444266 -0.0052599298137106457 -0.018281995406107792 -0.054971383365396059 0.041035446486105416 0.0083760841352374209 0.0020871274361286404 -0.015066343289721071 0.024190364889206586 0.10839222444066732 -0.033895425019126055 0.041447710206931582 -0.0037156476578471473 0.065130357605724637 0.0069130548850683555 0.023438183993306161 0.047663416481885837 0.0032203579253621186 0.023600892504681649 0.001474940477188289 0.033590259685999296 0.073138196152629828 0.013854052281352284 -0.015905259089894819 0.034037288814949024 -0.017648174145993793 -0.0083678489657025359 0.045432068290743755 -0.0034545239269352327
leaf_weight=205.43101662397385 420.84921537339687 398.14469247311354 720.9011090695858 60.002660542726517 3032.6736638247967 351.86837784945965 726.17962867021561 824.46996948122978 300.19727373123169 688.00202633440495 174.16333672404289 378.10203941166401 47.973069936037064 511.52400500327349 256.66212999820709 144.07644754648209 959.74166537821293 357.38384824991226 451.22774061560631 625.63925583660603 199.2172088176012 1251.5533614754677 1218.3108551800251 429.2437971830368 188.57599811255932 2333.0419629663229 70.57541087269783 74.535848125815392 51.591069206595421 199.03928306698799 97.461621046066284 121.26338812708855 1038.2337653413415 3264.1511027440429 399.20423487573862 3912.1497930139303 78.587971314787865 151.6257758140564 430.42490786314011 2622.811234369874 65.187984690070152 51.065987378358841 45.765466600656509 97.720381528139114 56.798882693052292 2446.3334883749485 97.166850492358208 121.32078664004803 127.91431285440922 54.131487414240837 732.57697834074497 478.07809722423553 359.39236885309219 169.39994820952415 57.056717306375504 1735.8905772715807 248.34779894351959 462.53780668973923 138.15723648667336 740.8435533195734 145.19384033977985 650.9646642357111
leaf_count=1301 2735 2517 5653 296 13889 1701 3446 3373 1534 4259 1057 1933 258 3695 1774 810 5137 1784 2199 3196 946 6796 5355 3133 1021 12597 361 322 241 838 417 528 6634 19152 2203 26647 511 693 1909 12663 318 238 208 461 271 13078 425 560 597 257 3544 2221 1906 908 232 7517 1225 2054 642 3631 612 3038
internal_value=-0.000230602 -0.00335338 -0.00946599 0.00194212 0.00852995 -0.00333184 -0.00117669 0.010654 -0.00240605 -0.00532084 -0.0187595 0.00878294 -0.00354215 -0.0131884 -0.0177206 -0.0012365 -0.000566089 0.00220666 -0.00382231 -0.00966832 0.0103925 -0.0113176 0.00844247 -0.0100015 -0.00181955 -0.00621077 0.0124669 -0.00784941 0.012332 0.0233032 0.0277785 0.0163412 -0.00173356 -0.00247927 -0.0197402 -0.0209657 -0.0190181 0.00552836 0.0169397 0.00334831 0.00416925 0.0188568 0.0408069 -0.013931 0.0113705 -0.000511507 0.018193 0.0295357 0.041645 0.0762835 0.0144913 0.0112813 2.71611e-06 0.0118071 0.0097939 0.0157804 0.00781055 0.00895254 0.0221403 0.00721452 0.010231 0.00883152
internal_weight=38848.7 28640.2 13294.1 15346.1 10208.5 8009.06 10371 8710.74 9644.84 7114.09 5285.01 7589.77 6222.75 1199.53 891.337 5023.23 7995.15 5361.91 1497.72 1046.49 1767.26 1649.7 4975.11 634.675 3594.65 2633.24 894.973 196.702 126.127 1120.97 921.932 1339.57 4975.25 4831.18 5110.84 4711.64 3990.74 3635.53 582.051 3053.48 2993.48 370.67 221.884 148.786 121.987 3406.08 698.27 346.402 225.081 99.897 1409.87 1210.66 3792.94 528.792 7211.67 1792.95 5418.72 5170.37 600.695 4569.68 3828.83 3683.64
internal_count=209457 161926 84108 77818 47531 48037 54621 39401 51175 43830 36071 34773 37622 7954 6208 29668 41862 27731 8130 5931 8495 9313 23197 4434 19236 14131 4207 924 563 4628 3790 5883 29410 28600 35014 32811 27158 17314 2602 14712 14416 1753 1054 699 589 18215 3283 1582 1022 465 6711 5765 21966 2814 32840 7749 25091 23866 2696 21170 17539 16927
is_linear=0
shrinkage=0.05


Tree=24
num_leaves=63
num_cat=0
split_feature=0 2 13 5 14 13 8 19 13 13 16 19 8 1 13 2 5 2 19 18 2 8 3 1 14 2 11 18 8 19 10 0 2 2 13 3 15 2 1 19 8 14 16 3 0 8 0 8 18 3 1 19 19 2 8 3 13 14 3 0 14 16
split_gain=525.97 192.654 172.829 142.244 119.715 118.722 101.789 91.598 77.1865 75.0444 63.8343 55.3194 51.4213 50.746 49.669 48.8987 58.7029 48.8548 48.1688 59.8989 51.0644 47.5302 45.6426 43.436 42.825 40.4898 43.9015 40.3285 42.3622 54.0532 39.1973 39.032 54.6704 87.7852 48.7671 39.0236 43.7754 38.4137 37.7476 41.0016 37.2421 35.9577 35.6951 50.8873 35 37.6765 34.7517 39.3309 41.129 52.5496 37.87 37.0118 43.6282 34.5272 37.7815 34.5257 34.3503 33.5363 32.8505 32.7988 31.7983 31.7109
threshold=0.03671773857805672 0.024430463225263918 0.21587229799874602 0.15273251244432798 0.74594045264776987 0.5759581089586685 -0.11385872744095031 0.024960370395492152 0.90324038966341957 0.47354585176346042 0.63306846158702113 0.82056933940422916 -0.025000000776350669 1.4855066200391869 0.021075876539867335 0.017094687481898331 0.10245086367616486 0.036378053270572357 0.97773885693961005 0.69437639631761483 0.015670086174788402 -0.34879759036144575 3.6245493502670443 2.0239127934326375 0.50834327764518705 0.016604452504719428 5.5000000000000009 0.39076276664511961 -0.10837311212685717 0.39395324358761291 2.5000000000000004 0.054914665967607301 0.031827200496059742 0.032476069765123509 0.87967359708877901 -0.13378020782495934 0.26353533483497388 0.036099691589757031 1.7282737905296222 0.29496750761866336 -0.078680836949832564 0.28218352951174946 0.013346055979643768 3.3857653674657695 0.042455816848347878 -0.11505477534210749 0.055313958016621707 -0.17918152175976684 0.44244198320801603 1.5024698665130283 3.3895191415076869 0.92442024102962128 0.89205124051101659 0.020758821451597045 -0.10289203204282292 3.6245493502670443 0.14816498316498319 0.36151223948377537 -0.32795095290706816 0.031801242083979699 0.27827851206771897 0.88788269290846622
decision_type=8 10 8 10 10 8 10 10 8 10 2 10 10 10 10 10 10 10 8 10 10 8 10 10 10 10 2 8 8 10 2 10 10 10 10 10 10 10 10 10 10 10 2 10 10 10 10 10 10 10 10 10 8 10 10 10 10 10 10 10 10 2
left_child=2 3 12 4 5 14 21 37 15 11 42 55 -1 -14 -2 16 -4 24 19 20 44 -7 -8 58 31 56 35 -5 29 -29 -18 32 34 -34 -11 53 -37 -3 40 41 -38 -40 -6 -44 -16 -46 50 48 -48 -50 51 52 -12 -27 -55 -9 -22 -25 -17 -10 -36 -21
right_child=1 7 8 27 10 6 22 9 59 17 46 -13 13 -15 18 23 30 -19 -20 61 25 -23 -24 57 -26 26 -28 28 -30 -31 -32 -33 33 -35 60 36 38 -39 39 -41 -42 -43 43 -45 45 -47 47 -49 49 -51 -52 -53 -54 54 -56 -57 -58 -59 -60 -61 -62 -63
leaf_value=-0.0042446335683317153 0.02451818195573692 -0.0076918566400094261 -0.024743040359728723 0.024441495580507205 -0.017713222820134277 0.012528457827303606 -0.0053634345253888629 0.013788167445510863 -0.039770425366137514 0.0045445934878650214 0.0061752758409895428 0.028659664175657098 0.038232138727567221 0.0021301146971377206 -0.030731613533501869 -0.023805688845559649 -0.0078280494076827713 0.041351373803245106 -0.027790973414024769 0.0028057495029232115 0.045365028946554253 -0.021290618471584383 0.03843948987841999 -0.013596732888033073 0.010066563116605235 -0.016444224246830091 -0.051882208640951638 0.0067414339769695658 0.011564951181538016 -0.028927012632460659 0.046866266213966612 -0.020984874448044297 0.071889452672307105 -0.0020428396145683808 -0.026935671787630872 0.024002189984709627 0.0010017384594941385 0.009529554086085492 -0.025256207463959669 -0.0065845866980672714 0.066907493174999652 0.0093154868368981961 3.9193502965060485e-05 0.037735576607376885 -0.027194211844964362 0.024139750433893395 -0.0034045164897495519 0.018792259973860644 -0.0037407677887954095 0.051053358507914995 -0.022614386776005611 -0.024734133487200181 0.05662893333631959 -0.0083353307299139142 0.020001179431723831 -0.015609524401793121 0.0062150566389895098 0.049692667061424063 -0.0085696483657221739 -0.021527698512926463 0.00067398892207601129 0.017135015337193908
leaf_weight=1547.2958691567183 187.86709551513195 1109.7404382228851 1391.829177364707 446.57134781777859 274.45170439779758 109.29733471572399 2431.1410842835903 3079.0232237279415 461.03353739529848 1231.0354701429605 748.86900272965431 668.86551037430763 153.84173241257668 262.4413875490427 276.28928484022617 431.54838833957911 123.80170333385468 94.328714326024055 168.55390113592148 1528.8773424625397 70.290166363120079 1891.5320481657982 59.971645936369896 34.114762634038925 2142.1887710690498 821.21683114767075 45.317275628447533 314.72298446297646 1756.1221780329943 159.11654204130173 43.44202072173357 200.10439157485962 69.504276841878891 93.136464565992355 241.98404537141323 181.12071889638901 46.709486976265907 456.09897404909134 81.541049525141716 1853.9089634269476 38.662882715463638 850.31950165331364 4014.6035922914743 90.56827899813652 66.87380738556385 74.508079007267952 510.96688996255398 1192.4060800671577 84.184456527233124 89.828523099422455 136.08466167747974 89.188074856996536 44.480087786912918 429.55401377379894 160.85303470492363 102.42564485967159 263.75282160937786 51.751148089766502 1958.649117179215 539.42848856002092 182.61090113222599 515.79443687200546
leaf_count=9139 1008 6183 10670 2089 1411 595 13943 13668 4117 5692 3736 2809 721 1422 1775 3077 736 399 927 8226 389 11787 330 219 9476 4829 241 1456 7859 756 253 909 294 440 1279 1007 276 2210 495 10260 198 4669 20225 452 395 420 2408 5283 376 394 673 426 218 2548 844 458 1507 297 13337 3951 878 2392
internal_value=-0.000221851 0.0025112 -0.0126288 -6.39236e-05 -0.00155272 -0.00458919 -0.0110423 0.00839681 -0.0175343 0.0105354 0.00351965 0.0155925 -4.62479e-05 0.0155316 -0.000805064 -0.0144454 -0.0213817 0.00595656 -0.00144477 -0.000833196 -0.00365562 -0.0194379 -0.00429391 -0.0100711 0.00514434 -0.00220694 -0.00345229 0.0107401 0.00798658 -0.00527182 0.00657307 -8.22178e-05 0.00222843 0.0297983 -0.00049624 -0.00294912 0.000230837 -0.00267271 -0.00127657 -0.00228509 0.0312778 0.00626651 -0.000289084 0.000879838 -0.0204088 -0.000161738 0.0092777 0.0133105 0.0037544 0.024675 0.00183924 0.00563124 0.00907175 -0.00982022 -0.000594444 0.0128371 0.0145639 0.0246806 -0.0113293 -0.0299656 -0.0150876 0.0064271
internal_weight=38776.3 31777.2 6999.18 22106.1 19429.6 12154 4491.94 9671.05 5035.6 8105.21 7275.63 3850.31 1963.58 416.283 7662.01 4035.14 1559.07 4254.89 7474.14 7305.59 5260.92 2000.83 2491.11 2476.06 4160.56 4843.25 4509.2 2676.53 2229.96 473.84 167.244 2018.38 1818.27 162.641 1655.63 4463.89 3052.26 1565.84 2871.14 2785.77 85.3724 931.861 4379.62 4105.17 417.671 141.382 2896.01 1877.39 684.98 174.013 1018.62 882.537 793.349 1411.62 590.407 3181.45 334.043 85.8659 2390.2 1000.46 424.595 2044.67
internal_count=209457 161518 47939 116823 104663 69061 26655 44695 36657 36302 35602 16935 11282 2143 42406 28589 11659 19367 41398 40471 29853 12382 14273 16930 18968 27263 25367 12160 10071 2212 989 9492 8583 734 7849 25126 16905 8393 15898 15424 474 5164 22088 20677 2590 815 13514 8461 3178 770 5053 4380 3954 8221 3392 14126 1896 516 16414 8068 2157 10618
is_linear=0
shrinkage=0.05


Tree=25
num_leaves=63
num_cat=0
split_feature=0 4 13 2 0 13 8 19 2 14 13 2 2 2 13 8 4 14 13 19 2 3 2 19 0 3 13 3 8 9 8 0 3 19 2 2 6 18 13 19 16 14 9 2 13 11 0 17 8 6 3 5 9 17 8 16 0 5 14 4 3 2
split_gain=453.644 219.861 157.023 131.634 85.4323 84.261 79.2774 75.5973 66.2188 74.1039 102.896 61.8453 52.9293 51.1866 50.6115 65.6883 49.9189 49.3959 78.1082 49.332 48.9747 53.2687 57.1346 76.8143 49.7668 45.8534 51.2086 45.2055 43.3556 41.1961 40.7462 40.4376 39.9466 40.2794 44.0261 65.0608 42.2566 37.6423 37.1572 36.7387 40.7353 35.0348 71.8703 49.512 38.5359 37.5327 34.7602 52.5596 34.5547 34.1928 33.9718 33.6179 33.6458 33.2483 33.0194 32.5797 32.3014 31.97 31.8828 31.7852 36.2719 31.6869
threshold=0.03671773857805672 0.090090090106052303 0.18395314319173708 0.024688065147332416 0.052777623591325908 0.90324038966341957 -0.091891891827715719 0.013262287049600485 0.015855146407099511 0.48454076850984074 0.56055025410899673 0.021890372676806141 0.036099691589757031 0.023336571749899858 0.76994385826033529 -0.31062397276581294 0.09883720930232566 0.68617315738654661 0.1403405329361139 0.6437240148799005 0.020217215408749312 0.05824169043337641 0.017124567590068959 0.23192132437639532 0.039297248770967894 -0.51870926732569067 0.30680875923413242 2.2831415425513124 -0.087855297157622789 5.5000000000000009 -0.12526150837663338 0.043474353517997867 -0.68494125180955079 0.92036795280920625 0.017094687481898331 0.020275915762803447 0.0046728972445585501 0.060987804878048786 0.060727148494872228 0.52886627276114673 0.40440226478188179 0.66250864453665292 7.5000000000000009 0.017356634662964648 0.92668897316605303 4.5000000000000009 0.04297619268042243 0.58816834811070617 -0.15038366747837198 -0.0057041967641873184 2.6205098890855667 0.084019017098839313 5.5000000000000009 0.78859677260165817 -0.026981272125156993 0.68776378822146644 0.087893955439120638 -0.11903185679703597 0.42118435334390919 -0.091899947954441827 2.2831415425513124 0.019946028340838352
decision_type=8 2 8 10 10 8 10 10 10 8 10 10 10 10 10 10 2 10 10 10 10 10 10 10 10 8 8 10 10 2 10 10 10 10 10 8 2 10 8 10 2 8 2 10 10 2 10 10 8 2 10 10 2 10 8 2 10 10 10 2 10 10
left_child=2 3 51 4 6 13 8 12 46 10 -10 17 -5 16 56 -16 32 18 -8 -13 21 38 -23 -24 -22 48 28 -18 -27 -25 57 -20 -4 34 -34 36 61 -32 -11 40 -17 42 44 -43 -28 -45 -2 -48 -3 -21 -47 52 -1 -53 -37 -49 -9 -6 -44 -59 -61 -36
right_child=1 25 5 7 30 -7 11 14 9 20 -12 19 -14 -15 15 39 27 -19 31 49 24 22 23 29 -26 26 41 -29 -30 -31 37 -33 33 -35 35 54 -38 -39 -40 -41 -42 43 58 45 -46 50 47 55 -50 -51 -52 53 -54 -55 -56 -57 -58 59 -60 60 -62 -63
leaf_value=0.00046639198979357612 -0.036533229984991381 -0.00046392864363053744 -0.033046631523002988 -0.012311712966544403 0.014632314394905503 -0.029078744019053356 0.023096868592333796 0.010263309971989956 -0.0046286172932276408 0.034414474831566379 -0.024622725450481556 0.022604637238002268 0.010014613931142557 0.0065337669027169089 0.039978284467414305 -0.0040209889770033824 0.05296602039248121 -0.011015505372532645 -0.006198377318934651 -0.033284004553519007 0.046369615419345672 -0.0062730241757190447 0.033778674385474432 0.010901402413811642 -0.010616175252569506 0.0092301291849076188 0.0081558707981294037 -0.0050490923464231452 0.025814138958008437 -0.027034076423774034 0.050787978746700435 0.0058865224134942778 -0.019299127093195919 -0.032377371554181002 -0.0097037347836592819 -0.024365392602365085 0.014007317132554509 0.0069074272027178259 -0.010525299793782195 -0.010120810784955039 0.021116403067450176 -0.0044973801078436069 -0.0028916217196082424 0.012862085080384587 -0.037674294649338691 0.049192297943099456 -0.027680905462639252 -0.0099529104254887316 0.04385232230728707 0.0053816015977369708 0.0024812584173309988 0.037664071526522402 -0.024503950602807065 0.005712295546293036 0.010510094136866195 0.042828369582300407 0.045370947886360327 -0.024080761518754528 -0.046978689326147481 -0.0022975180594437712 0.013400140617645669 0.022236261285205644
leaf_weight=1117.4243618100882 276.90984116494656 57.233974367380142 297.46778243035078 827.9254702180624 336.43445977568626 975.83957872539759 349.25591342151165 5130.1061458587646 1739.4747071117163 48.773755893111229 1020.8475008010864 485.44320863485336 389.64310239255428 316.84819684922695 96.575906917452812 402.41216640174389 48.513494715094566 1213.8821265995502 1923.8857073932886 61.101523742079735 38.670151546597481 357.5721735060215 391.95104286074638 377.97384406626225 1139.2529672533274 702.10168871283531 916.81191962957382 103.85926741361618 902.2455330491066 87.241133436560631 48.780027449131012 1079.9831950813532 1337.3624886721373 272.92402172088623 779.21791385859251 568.75693783164024 351.42972968518734 2778.0734182149172 609.45964196324348 739.25389440357685 267.54624465107918 361.12148027122021 68.648971915245056 1142.9479361623526 47.298202157020569 142.59795713424683 200.63304008543491 62.658225059509277 188.74235509335995 720.6835917532444 53.549778655171394 106.29259027540684 152.42039050161839 339.64370864629745 76.479084543883801 53.324793696403503 65.460635781288147 147.78884975612164 101.36329045891762 3215.8742888718843 414.53006501495838 85.285639986395836
leaf_count=6761 1842 235 2293 4922 1702 8050 1824 22857 10383 278 6812 2477 1915 1789 417 1904 225 6378 11419 333 222 2000 2091 2131 6554 3102 4120 545 3746 494 227 5735 10225 1939 5478 4064 2428 12916 3605 3528 1245 1566 327 4818 219 590 1205 346 767 3800 228 522 896 1572 539 293 276 774 470 16402 2046 598
internal_value=7.21213e-05 0.00259945 -0.0115184 0.000870247 -0.00136891 -0.0158353 -0.00388187 0.00629321 -0.00772214 -0.00609488 -0.0120293 0.000334526 -0.00516455 -0.0127798 0.00837543 0.000303668 -0.0143417 -0.00237755 0.000751874 0.0101028 -0.00072352 0.00429971 0.0105038 0.0175015 -0.00870764 0.0126001 0.0114301 0.0136471 0.0185668 0.00374469 0.00306177 -0.00185297 -0.0154765 -0.0139619 -0.0123809 -0.00740201 -0.000588169 0.00768232 -0.0071482 -0.00244173 0.00603408 0.00738532 0.000577614 0.0119234 0.00587079 0.0163517 -0.0236176 -0.0122422 0.0335807 0.00232098 0.0365171 0.00160134 -0.00254774 0.0133955 -0.0202218 0.0144727 0.0107143 -0.000113754 -0.0292979 -0.00143036 -0.000501918 -0.00653072
internal_weight=38713.8 31784 6929.77 27099.4 19180.5 5213.98 12239 7918.92 6404.74 5811.22 2760.32 5834.24 1217.57 4238.14 6701.35 1505.79 3921.3 4567.01 3353.12 1267.23 3050.89 1872.97 1214.74 857.166 1177.92 4684.66 4438.69 152.373 1604.35 465.215 6941.48 3003.87 3768.92 3471.46 3198.53 1861.17 1215.93 2826.85 658.233 1409.21 669.958 2834.34 1134.12 1700.22 964.11 1339.1 593.526 316.616 245.976 781.785 196.148 1715.78 1269.84 445.936 645.236 115.983 5195.57 4114.63 170.012 3778.19 3630.4 864.504
internal_count=209465 161541 47924 141353 104289 38173 70222 37064 38256 34570 17195 31966 6837 30123 30227 7094 28334 25356 18978 6610 17375 10599 6716 4716 6776 20188 19186 770 6848 2625 34067 17154 27564 25271 23332 13107 8504 13143 3883 6677 3149 12338 5136 7202 4339 5636 3686 1844 1002 4133 818 9751 7657 2094 4603 639 23133 20924 797 19222 18448 6076
is_linear=0
shrinkage=0.05


Tree=26
num_leaves=63
num_cat=0
split_feature=0 4 13 0 8 13 19 13 19 7 13 15 14 7 13 14 18 13 1 14 1 8 14 17 0 8 19 13 9 19 18 3 7 14 0 19 8 19 7 5 19 16 19 14 1 7 0 1 8 1 14 6 18 13 3 13 5 9 6 15 18 8
split_gain=412.505 197.975 144.351 98.0612 99.494 79.3386 68.2864 66.855 64.9145 61.6388 56.5663 55.4574 55.2079 51.3052 50.3831 48.4619 48.4257 45.2843 47.8706 53.1257 44.8605 40.8097 40.1121 40.0436 38.9108 46.6784 47.2378 44.068 46.2356 38.7411 38.2466 38.0161 42.5773 64.4283 34.7658 35.2893 48.061 34.2927 69.9799 35.2537 34.0677 36.4215 33.4315 33.0405 39.7536 32.7114 32.2148 31.1244 31.0816 44.4276 39.701 31.8811 31.9089 38.0794 30.8557 30.4168 30.3396 34.405 36.154 29.003 65.2552 46.3029
threshold=0.03671773857805672 0.090090090106052303 0.18395314319173708 0.052948323185997771 -0.10948099092042328 0.90324038966341957 0.17201988381661204 0.036982292917166877 0.29496750761866336 -0.037873512182020168 0.20381065531390605 0.15200502512562816 0.87230364961761941 -0.10441878009274662 0.30680875923413242 0.19873210997554588 0.12508366800535478 0.5644592669025158 1.6660653702464374 0.70622632608130853 2.5808727415245669 -0.087855297157622789 0.84085195662720447 0.97403330304007518 0.087893955439120638 -0.12638743953076317 0.54062062324929983 0.32299510800857478 6.5000000000000009 0.96879058441558452 0.9508217027643554 3.2489031713514858 -0.051690795026502916 0.9547462552660323 0.03447412151267417 0.12840173040074296 -0.2388468687446382 0.62399677938808384 -0.042553191489361701 0.0020297708885809178 0.84824164035490435 0.91950334065159656 0.5603116116776915 0.31001968503937011 1.8284769245511632 -0.026826168071017117 0.032161651414996356 2.0527282840975332 -0.34879759036144575 1.8223795931249318 0.74594045264776987 0.0085470087027613734 0.060987804878048786 0.52917724196277505 3.5749984397875991 0.66267304625199375 0.08071147356580434 5.5000000000000009 0.010714285714285789 0.95817457442955456 0.89206173235697428 -0.068576506059874462
decision_type=8 2 8 8 10 8 8 10 10 10 10 8 10 10 8 10 10 8 10 10 10 10 10 10 10 10 10 10 2 10 10 10 10 10 10 10 8 10 10 10 8 2 8 10 10 10 10 10 8 10 10 2 10 10 10 10 10 2 2 10 10 10
left_child=2 3 56 4 6 9 7 -2 20 -4 15 -3 17 47 21 -10 -15 -8 -19 -20 -6 -13 54 29 25 27 -27 28 -5 31 -31 32 -16 -34 35 36 -11 38 -12 -39 45 -42 -21 -18 -45 -36 -7 -9 49 -29 -50 52 -52 -54 -17 -26 57 58 -1 -33 -61 -62
right_child=1 11 5 24 8 46 12 13 10 34 37 14 -14 16 23 22 43 18 19 42 -22 -23 -24 -25 55 26 -28 48 -30 30 -32 59 33 -35 40 -37 -38 39 -40 -41 41 -43 -44 44 -46 -47 -48 -49 50 -51 51 -53 53 -55 -56 -57 -58 -59 -60 60 61 -63
leaf_value=-0.0033186254069711252 0.040949082665887176 0.03457750061376233 -0.021191510622798324 0.0058233813622646548 0.033492209161278284 -0.037547488021022431 -0.0060933106839998067 0.0025721013162311036 0.037684027770985271 -0.019679796379138699 -0.0033325717964296994 0.0086572238557430532 0.034457221720083434 0.040374098664474722 -0.0013363540132448088 0.010581630998209668 -0.017028208600835877 -0.0014133185529804004 -0.024441805713093723 -0.0065408735315958914 -0.0032806402023499263 0.02475051685794075 -0.040470030024550463 0.021378740455184193 0.034875541540995862 0.015460565333647404 0.0042099099326942712 0.05600176047170527 0.052671600311881096 -0.041753831073939318 -0.0018233351746994983 -0.026305122160296474 0.011995515993654886 0.062079996661989982 -0.012938408686249028 -0.013304930326830715 0.048412214452072083 -0.018683408812046907 0.014605039249133487 -0.0020261338074706778 -0.022581060385749377 0.028875275338764474 0.045254145625090995 0.030389514067121599 0.0021793011318339962 0.013533729521875341 -0.019115860942514374 -0.019069468619813693 -0.010676408155314043 0.0051810913359135249 -0.0056519256927453033 -0.010166877895287259 -0.0049448037787739423 0.013263565106419557 -0.027535988791448109 0.0065902848136782212 0.012347539200819791 -0.025439915887117207 0.022140120062326903 -0.040847828783831336 -0.0035212680903001061 0.060018536806504021
leaf_weight=940.37631152570248 100.32420195639133 255.17822693288326 1321.9378906413913 2162.6463618725538 264.46294473111629 470.51251939684153 3135.0715593546629 256.29410536587238 143.71987311542034 47.803545117378235 1278.3105440735817 701.49601078033447 70.575640022754669 88.861032903194427 614.16319324076176 1125.7406584769487 186.39501531422138 438.27628017961979 1218.0733549892902 195.27676159143448 120.38009169697762 902.11689741909504 41.84407302737236 394.91574096679688 181.56417979300022 1408.8049160540104 2761.9605762213469 46.626620247960091 53.003208816051483 80.206631019711494 229.67748861014843 140.08195620775223 1140.4369960725307 67.136939659714699 156.41490286588669 1904.7539424151182 54.526027679443359 341.86522622406483 944.82338255643845 4323.5921097248793 224.41830211877823 39.694033980369568 36.033939346671104 140.97024385631084 1039.2990428805351 451.11323998868465 485.34484637528658 470.14727409183979 1218.9772526025772 446.31278724968433 675.61580266058445 570.38004384934902 414.28676521778107 931.35721489787102 54.775224849581718 199.47634498775005 468.94628947973251 144.17026853561401 162.70137883722782 53.157980978488922 62.174829080700874 52.044507473707199
leaf_count=5758 536 1037 10042 10619 1283 4406 17976 1382 665 334 7030 3092 380 486 2659 5692 1064 2402 7890 1105 702 3734 213 1660 817 6378 12580 190 246 348 1002 650 4952 275 1001 14039 374 1941 4863 23015 1417 202 200 667 5665 2714 3644 2973 6314 2157 3402 2776 2002 4544 282 916 2211 863 919 250 302 227
internal_value=6.60804e-05 0.00246828 -0.0110402 0.000825438 -0.00167589 -0.01522 -0.00594079 0.001246 0.00196536 -0.0122562 0.00102826 0.0119483 -0.00916078 -0.000597422 0.0106396 0.0103188 0.00481872 -0.0097804 -0.0158976 -0.0202734 0.0220109 0.0177203 0.00707317 0.00662811 0.00444363 0.00388287 0.00801296 0.00123976 0.00696735 0.00423203 -0.0122595 0.00663684 0.00938149 0.0148291 -0.00814706 -0.0117666 0.0167202 -0.000815389 0.00429398 -0.00325045 0.000191313 -0.0147678 0.0016879 0.00247907 0.00557158 0.00670812 -0.0282184 -0.0114411 -0.00170998 0.0100918 -0.0032389 0.000262102 0.00320863 0.0076582 0.00879119 0.0201241 0.00151984 -0.00255785 0.000453132 -0.00960326 0.00444812 0.0257005
internal_weight=38651.6 31778.9 6872.71 27086.1 16015.1 5156.52 7375.6 2282.29 8639.51 4200.66 8254.67 4692.79 5093.31 2181.97 4437.61 1366.08 1455.53 5022.73 1887.66 1449.38 384.843 1603.61 1222.36 2834 11071 10690 4170.77 6519.21 2215.65 2439.08 309.884 2129.2 1821.74 1207.57 2878.72 2007.08 102.33 6888.59 2223.13 4665.46 871.64 264.112 231.311 1366.66 1180.27 607.528 955.857 726.441 4303.56 492.939 3810.62 2591.64 2021.26 1345.64 1180.52 381.041 1716.19 1247.25 1103.08 307.459 167.377 114.219
internal_count=209465 161541 47924 141353 88412 38173 42726 12773 45686 30123 43701 20188 29953 12237 19151 6852 7882 29573 11597 9195 1985 6826 6187 12325 52941 51208 18958 32250 10865 10665 1350 9315 7886 5227 20081 14747 708 36849 11893 24956 5334 1619 1305 7396 6332 3715 8050 4355 21385 2347 19038 12724 9948 6546 5974 1733 9751 7540 6677 1429 779 529
is_linear=0
shrinkage=0.05


Tree=27
num_leaves=63
num_cat=0
split_feature=0 4 13 2 0 7 0 19 18 13 13 5 5 7 2 7 2 2 13 14 19 7 4 14 0 13 5 14 17 10 13 1 5 4 16 2 19 16 9 7 18 13 19 13 4 13 14 19 13 17 0 2 4 19 1 7 11 5 17 14 19 9
split_gain=375.551 178.779 125.382 124.068 74.0872 81.7865 65.9911 64.7622 53.7125 55.0999 52.9259 48.4944 47.7345 46.6392 46.338 44.1152 43.6259 109.703 53.3691 49.6151 44.1392 42.8327 41.181 40.6219 38.842 44.9997 44.6852 42.2154 41.2751 40.3728 45.2684 38.7909 38.7767 41.6527 43.107 37.9068 35.9162 35.7964 47.3697 34.9674 52.8403 44.4005 39.4578 35.9148 34.7045 34.5721 42.4671 34.351 34.0158 32.9815 40.7912 36.2239 32.8874 31.6509 42.2455 35.8003 36.1797 31.4081 53.1257 37.6172 31.168 30.9772
threshold=0.036322854143790016 0.095702299823622008 0.21587229799874602 0.024688065147332416 0.052777623591325908 -0.065321805991548784 0.031801242083979699 0.013262287049600485 0.26401320132013206 0.71413389170484021 0.78577052868391462 0.20371824858841228 0.15273251244432798 -0.19093128397777773 0.015855146407099511 -0.083457184352886668 0.031827200496059742 0.032476069765123509 0.74566073262581323 0.10045404413659463 0.52886627276114673 -0.02974348257716752 0.09883720930232566 0.33772508447900756 0.054710361408750637 0.2233171521035599 0.21805659254263879 0.1673533030675888 0.68994755723518464 2.5000000000000004 0.10840853325270662 2.1324217344075342 -0.030918967363980084 0.010608805683515412 0.39244424714553028 0.016973353613076697 0.53657421857582388 0.61292989820746635 5.5000000000000009 -0.041603048096804422 0.45417920984088095 0.25143682906688697 0.59617051059858694 0.017049330274091532 0.039012449575377535 0.092612085769980521 0.31822461907207672 0.5603116116776915 0.11226651677620202 0.75692501453206751 0.044710907394577247 0.017545297514126746 -0.091899947954441827 0.86812809296571236 2.0239127934326375 -0.044981309320326228 3.5000000000000004 0.087559489241026758 0.78859677260165817 0.080570504767886728 0.96565252323902129 7.5000000000000009
decision_type=8 2 8 10 10 10 10 10 10 10 8 10 10 10 10 8 10 10 10 10 10 10 2 10 10 8 10 10 10 2 10 10 10 2 2 10 10 2 2 10 10 10 10 10 2 10 10 10 10 10 10 10 2 8 10 10 2 10 10 10 10 2
left_child=2 3 57 4 5 12 10 13 -7 14 -4 -11 37 -5 -10 -3 18 -18 45 -19 21 23 35 -20 25 27 28 -17 31 -29 -31 -27 -21 47 -35 -8 -33 -2 -39 -16 41 -41 44 -42 -43 46 -9 -34 -47 -30 60 -52 -6 54 55 -37 -57 61 59 -59 -51 -1
right_child=1 15 6 7 52 8 22 16 9 11 -12 -13 -14 -15 39 24 17 19 20 32 -22 -23 -24 -25 -26 26 -28 29 49 30 -32 36 33 34 -36 53 -38 38 -40 40 43 42 -44 -45 -46 48 -48 -49 -50 50 51 -53 -54 -55 -56 56 -58 58 -60 -61 -62 -63
leaf_value=-0.0018742638694180737 -0.01275121502297176 -0.00046294395989656604 -0.016382421876780111 0.0075309871153209779 -0.015999374136965169 0.013946103728405476 -0.021410384712588812 0.046855651473080719 -0.011860308192385533 -0.010738823617135643 -0.0338054824362162 0.033836498665902347 0.031208809024356556 -0.012399122216733539 -0.0052619720742577564 0.059412097925332447 0.046828980770142116 -0.032471832181478061 -0.018900266078900364 -0.016544173601868779 -0.011240180328924466 0.039880614039921485 0.01809233678733169 0.0093201188601588908 0.019787037532129362 0.03895985012064393 0.022925419882864489 0.010669478735038027 -0.026439946487040816 0.010376124889617637 0.078534566575159573 -0.034484828900052653 0.04513256249636774 -0.025477984180779109 0.014928758085424305 -0.017844698911711015 0.021443677594537251 -0.0037285243726399801 0.0471236873418781 -0.0027160286058331151 0.048838021567114344 0.029695915666572238 0.0062809332283070007 0.0014513583922181458 0.074772661331684295 -0.018795901775572131 0.011776324693535276 0.0080451748396445349 0.0083498745234344401 0.021706004680487674 -0.034475375460383317 -0.0022625142829863871 0.0033631193577249746 -0.02149662134813423 0.033486937892505973 0.0045711779267006971 -0.018576875648427721 0.015221457612119158 0.0023565740035839311 0.078396211656935735 -0.010646624892551734 -0.035803623728998889
leaf_weight=1366.9052812606096 3107.3598380386829 648.69107058644295 1255.005516089499 482.8088818192482 225.61040639877319 561.64810627698898 713.78801290690899 126.12172044813633 698.06467516720295 1906.1971725672483 670.42837818711996 62.078928664326668 68.898347556591034 745.76273676753044 1332.7055969536304 61.422104045748711 240.6754467189312 66.950113713741302 171.15197640657425 100.9730871617794 692.48815727233887 83.160021930932999 121.06974221765995 490.92168098688126 1533.2923314124346 123.39775851368904 278.51098760962486 524.80719305574894 134.3890136629343 47.589107796549797 49.673568367958069 47.089955344796181 170.92164291441441 84.006926074624062 294.72015035152435 463.3096297159791 70.215774908661842 609.2967916354537 48.510483235120773 158.27149729430676 39.425571277737617 165.4391225874424 121.92167165875435 3685.6368445903063 57.983908653259277 118.07659494876862 271.70481730997562 98.836142063140869 3821.942402690649 268.43506635725498 108.01546001434326 438.3958273679018 6820.4991565793753 341.31876912713051 68.366162642836571 717.76757322996855 219.61368269473314 51.409900993108749 327.3885772973299 43.474451318383217 102.16273733973503 69.762944042682648
leaf_count=8355 19847 2803 9932 2403 1179 2928 5525 563 4051 11301 6146 295 349 4520 7323 258 988 329 876 437 3333 383 607 2224 6306 541 1173 2237 625 201 209 218 709 360 1254 3463 313 3797 288 809 192 870 646 19889 297 522 1187 427 17151 1231 476 1899 33283 2371 428 4841 1450 236 1503 219 466 423
internal_value=6.0881e-05 0.00226601 -0.0109699 0.000774954 -0.00136611 -0.00365861 -0.0154219 0.0059987 -0.00100014 -0.00202199 -0.0224635 -0.00931646 -0.00975115 -0.00456715 0.000272874 0.0115846 0.00789893 0.0172343 0.00618763 0.00846318 -0.00215992 0.00628142 -0.0102899 0.00200739 0.0136476 0.00946455 0.00479828 0.0201646 0.000876288 0.0162002 0.0456307 0.0195085 0.0121584 0.0166461 0.00592249 -0.0116578 -0.00110938 -0.0105088 8.7446e-05 0.00179769 0.00402332 0.0192075 0.0292339 0.00196587 0.0416755 0.00895417 0.022987 0.0316241 0.00753179 -0.00340379 -2.68451e-06 -0.00868175 0.00274097 -0.00780291 -0.00460887 -0.00649085 -0.000866064 -2.10381e-05 0.0119503 0.0446828 0.0127827 -0.00354559
internal_weight=38596.5 32166.9 6429.61 27730.8 19669.5 12623.4 4570.67 8061.22 8789.37 8227.72 1925.43 1968.28 3834.07 1228.57 6259.45 4436.09 6832.65 1057.08 5775.57 816.408 1437.72 745.234 2645.23 662.074 3787.4 2254.1 1570.61 683.492 1292.1 622.07 97.2627 240.703 749.458 648.485 378.727 2524.16 117.306 3765.17 657.807 5561.38 4228.68 503.616 345.345 3725.06 223.423 4337.85 397.827 269.758 3940.02 1051.4 917.009 546.411 7046.11 1810.38 1469.06 1400.69 937.381 1858.94 422.273 94.8844 370.598 1436.67
internal_count=209465 163966 45499 145010 107344 72882 34763 37666 48601 45673 16078 11596 24281 6923 34077 18956 30743 4504 26239 3516 6816 3483 18685 3100 16153 9847 6942 2905 5769 2647 410 1072 3187 2750 1614 18078 531 23932 4085 30026 22703 2622 1813 20081 1167 19423 1750 1136 17673 4697 4072 2375 34462 12553 10182 9754 6291 10736 1958 455 1697 8778
is_linear=0
shrinkage=0.05


Tree=28
num_leaves=63
num_cat=0
split_feature=0 4 13 2 17 14 13 7 13 8 19 11 8 15 13 7 9 8 4 11 7 3 13 2 2 8 2 4 2 2 3 14 2 2 16 3 14 0 1 17 0 6 17 17 14 13 8 2 2 19 19 8 14 4 6 7 19 14 9 7 2 8
split_gain=341.473 161.042 115.383 111.879 68.0715 66.5873 78.4398 63.4339 62.8841 58.3879 58.3325 49.0967 47.6922 44.9953 43.6404 42.3376 40.8048 48.726 66.3235 54.3383 47.1362 40.7574 39.8075 47.9827 57.3547 51.5 48.2439 39.5396 48.0145 48.4146 38.6252 38.509 37.043 36.8933 36.8575 33.5769 33.35 41.0379 33.3292 33.2908 49.4972 32.7965 46.9009 44.0108 31.8791 31.2246 30.0812 43.387 34.9637 33.4026 30.0215 32.1825 59.4957 29.9837 33.8917 44.868 29.9632 29.8395 48.8435 37.6404 38.3301 44.2817
threshold=0.036322854143790016 0.095702299823622008 0.21587229799874602 0.024688065147332416 0.87908183106895998 0.7585252774604212 0.5759581089586685 -0.043108187124793577 0.89146292983502307 -0.080539304558305089 0.013262287049600485 5.5000000000000009 -0.34879759036144575 0.15200502512562816 0.30680875923413242 -0.19093128397777773 4.5000000000000009 -0.17353773307213441 -0.043909926757051569 2.5000000000000004 -0.013959202410979031 1.5249512549257143 0.48541917652894911 0.031622433230216032 0.032476069765123509 -0.18207974222602438 0.036378053270572357 0.09883720930232566 0.017545297514126746 0.017673896820542285 3.7381486475242576 0.28218352951174946 0.025207215975624069 0.029488768802778721 0.092142017053807715 2.2831415425513124 0.19496438283035553 0.032161651414996356 1.888132689784745 0.63527624359579971 0.040819886092879308 0.0017841213202497432 0.36660853408586397 0.78063597095855164 0.57947631930077981 0.033092581004032826 -0.047826086956521734 0.022290144831727348 0.015260749562830606 0.092563075650428248 0.74596121724605913 -0.12875222519787385 0.36151223948377537 0.033782196096408652 0.0025604916563570783 -0.032036469264557603 0.092563075650428248 0.66250864453665292 7.5000000000000009 -0.083457184352886668 0.018678023597313798 -0.01460351325256176
decision_type=8 2 8 10 10 8 8 10 8 10 10 2 8 8 8 10 2 10 2 2 10 10 10 10 10 10 10 2 10 10 10 10 10 10 2 10 10 10 10 10 10 2 10 10 10 10 10 10 10 8 10 10 10 2 2 10 8 8 2 8 10 8
left_child=2 3 46 4 5 6 7 45 27 12 15 53 -8 -3 31 -5 -7 18 -18 -20 41 -21 -12 32 25 -25 -26 28 38 -30 33 -15 -24 36 -6 -29 -31 -38 -4 -9 -41 42 -19 -43 -33 56 49 48 -48 -1 51 52 -34 -11 55 -55 -2 58 -16 -59 61 -61
right_child=1 13 8 10 34 16 9 39 -10 11 22 -13 -14 14 57 -17 17 20 19 21 -22 -23 23 24 26 -27 -28 35 29 30 -32 44 50 -35 -36 -37 37 -39 -40 40 -42 43 -44 -45 -46 -47 47 -49 -50 -51 -52 -53 -54 54 -56 -57 -58 59 -60 60 -62 -63
leaf_value=0.022485658858545733 0.052326036138787696 0.031611961486097233 -0.029837505738676787 0.0071327794028446705 0.026273432594029707 0.0003150016359857444 0.017230500616279162 0.0077733031817027211 -0.026289887283403618 -0.0071525330441582647 0.011481581900482771 -0.05571648960847541 -0.016607804443508803 0.036830288711303859 0.0039756492358234939 -0.01186447833310573 -0.026147622583028274 0.038050020227752251 0.091591686451624396 0.0071239682732901714 -0.03294116751189094 0.055705170177554358 0.020179393529512604 0.056253800572560478 -0.0035025940482295197 0.0082760679815063395 0.038175844060175892 0.051405217934707863 0.041339387945270666 -0.015697287731501103 0.032315090081354754 0.0026830550536313807 -0.027305835700434634 0.032641727895347541 0.0046459715053096063 -0.0019627018411575124 0.040489870557708876 -0.0053523730452720063 -0.014248789161845974 -0.015855438188050002 0.004183482879099313 0.012458923302350655 -0.014189155197818111 0.069018895174738457 0.019077093591528801 -0.0068963632448641723 0.023971261920793869 0.033516107153991843 -0.0065229593751642114 -0.0069476784257570881 -0.010397946483137445 0.0078974289344682282 0.0023581074746540174 -0.011127426856128501 -0.003730118432035392 0.030441041583722031 0.0037581917820604573 -0.0044329728882923775 -0.025731230604400437 0.016143924372953616 0.020048083688498353 -0.017432741757192765
leaf_weight=104.287502810359 38.644477233290672 248.83115004003048 504.03996784985065 484.29162701964378 215.7400173842907 5006.3372087180614 108.26341849565506 1970.3288913071156 944.98328533023596 1117.9003028348088 3266.07490439713 42.653370723128319 2308.3266026973724 202.04951265454292 907.56605730950832 740.58073565363884 42.833766505122185 54.405329287052155 42.499408066272736 97.408951967954636 73.973563209176064 77.030697345733643 233.34518131613731 132.85840697586536 334.83554382622242 96.761444881558418 86.551902115345001 41.564810857176781 48.693885706365108 1208.2585012614727 54.691519163548946 454.23572954535484 219.38874672353268 48.364321649074554 2172.6566763669252 95.596175491809845 53.91536383330822 438.79785361140966 1081.7724667713046 454.30425108969212 952.62950477004051 161.60937023162842 190.42426618933678 42.923486799001694 855.11534285545349 3608.6358623951674 128.30608090758324 138.91705873608589 343.2992123067379 1143.1572887599468 599.88062991201878 1149.0513206273317 724.80040097236633 91.182217255234718 395.1207327991724 220.68493284285069 160.5324527323246 344.26985430717468 162.2251847833395 220.9441910982132 872.26862965524197 175.11706414818764
leaf_count=591 212 1008 4157 2403 1056 25004 596 10706 8265 6585 14369 254 14875 857 4037 4520 219 271 204 467 365 357 1082 552 1482 417 364 190 353 8903 357 1962 1139 253 10560 500 397 2984 8404 2553 4980 778 913 203 3555 21292 761 640 1897 6847 2796 5230 3312 502 2238 1234 920 1481 764 951 3596 745
internal_value=5.63517e-05 0.00215261 -0.0105107 0.00073583 -0.00129997 -0.0023949 -0.00460132 -0.00140795 -0.014821 -0.00995544 0.00569266 -0.00331285 -0.0150853 0.0109891 0.00975824 -0.00435363 0.00197617 0.0125819 0.0302402 0.0414426 0.00377582 0.0287721 0.00749114 0.00384585 0.0161121 0.0361596 0.00512816 -0.0117835 -0.0128345 -0.00736205 -0.00869877 0.0165512 0.00111259 -0.00999876 0.00660972 0.0144647 -0.0112296 -0.000264215 -0.0192192 0.00358 -0.00229383 0.00987985 -0.00247316 0.0246067 0.0133961 -0.0058317 -2.07227e-05 0.00906468 0.00180654 -0.00447099 -0.000546323 0.00228057 -0.00455611 -0.00205817 0.00599585 0.0182907 0.0133957 0.00592601 -0.000548982 0.0102192 0.0141966 0.00129161
internal_weight=38536.7 32158.1 6378.65 27715.5 19647 17258.7 11469.2 7185.08 4520.68 4284.13 8068.42 1867.54 2416.59 4442.62 4193.79 1224.87 5789.45 783.109 259.773 216.939 523.336 174.44 6843.55 3577.47 651.007 229.62 421.387 3575.69 3438.53 1852.72 1804.03 1511.4 2926.47 1749.34 2388.4 137.161 1700.97 492.713 1585.81 3377.26 1406.93 449.362 244.83 204.533 1309.35 3807.81 1857.97 610.522 471.605 1247.44 2693.12 2093.24 944.189 1824.89 706.988 311.867 199.177 2682.39 1069.79 1612.6 1268.33 396.061
internal_count=209465 163966 45499 145010 107344 95728 66947 40663 34763 26284 37666 10813 15471 18956 17948 6923 28781 3777 1247 1028 2530 824 30743 16374 2815 969 1846 26498 25808 13247 12894 6374 13559 12537 11616 690 12284 3381 12561 18239 7533 2165 1184 981 5517 22424 10736 3298 2658 7438 12477 9681 4451 10559 3974 1736 1132 11574 4801 6773 5292 1696
is_linear=0
shrinkage=0.05


Tree=29
num_leaves=63
num_cat=0
split_feature=0 4 2 13 2 1 0 7 13 8 0 13 2 7 18 3 4 18 15 5 2 7 3 8 2 2 13 8 17 3 8 8 8 3 6 13 5 2 13 13 5 8 2 3 9 3 1 0 9 4 0 18 7 18 2 8 3 9 12 7 12 7
split_gain=310.877 154.182 116.071 113.696 81.3295 77.6381 74.3977 68.5142 64.9004 54.1211 52.9749 52.8009 53.4596 50.2313 69.5915 57.0253 49.4961 47.7458 45.1102 44.4895 42.0539 40.4682 45.2099 40.3727 38.5086 89.4683 49.0955 51.9016 40.9044 38.7992 38.3024 37.7177 38.8228 43.0479 64.8704 36.6595 35.7778 35.3557 35.1076 34.9838 34.2652 33.8314 33.0821 31.6752 31.0763 33.4966 30.1742 30.076 30.016 29.8995 36.0352 54.9135 39.613 63.5247 37.4257 37.6974 34.5341 35.8488 33.6911 31.534 39.1455 46.2217
threshold=0.03447412151267417 0.095702299823622008 0.024688065147332416 0.25544016358157562 0.015855146407099511 2.4678200595557742 0.042848309132194957 -0.13603645901907888 0.5759581089586685 inf 0.063000231465265191 0.90324038966341957 0.023336571749899858 -0.042553191489361701 0.27589293993138492 -0.011102428837242747 -0.075577446130864298 0.084845056903880459 0.14416267183350318 0.20371824858841228 0.037379936113057795 -0.083457184352886668 3.2489031713514858 -0.07488820169680159 0.031827200496059742 0.032476069765123509 0.74566073262581323 -0.13096415024608318 0.48522687119369795 1.5474224278228184 -0.27647122221560433 -0.34879759036144575 -0.12297906608444302 3.1189920447130794 0.005833333391203733 0.88764526760074791 0.18395094845223262 0.013150474867107456 0.036982292917166877 0.5759581089586685 0.062500000112020185 inf 0.014022056055989735 -0.67048487584721272 9.5000000000000018 0.50743111048667755 3.1590919004902944 0.041713682353576843 1.5000000000000002 -0.029065278508234534 0.068968256882130069 0.54055050625847101 -0.07034392728731996 0.27994159587378648 0.019780706631191202 -0.24940860788910554 2.7973870437670323 8.5000000000000018 1.5000000000000002 -0.052202283849918367 2.5000000000000004 -0.021004674836742006
decision_type=8 2 10 8 10 8 10 8 8 8 10 8 10 10 10 10 2 8 8 10 10 8 8 10 10 10 10 10 10 10 10 8 10 10 2 10 10 10 10 10 10 8 8 10 2 10 10 10 2 2 8 10 10 10 10 10 10 2 2 10 2 10
left_child=3 2 4 37 6 8 23 10 13 24 -7 12 43 14 15 -6 -9 -18 -3 31 -11 -20 39 -2 26 -26 27 29 -29 46 -27 -10 -33 48 -35 -8 -32 -1 -39 44 -24 -15 -37 -5 45 -23 -4 -41 -34 -19 52 54 -51 -54 58 -56 57 59 -52 -55 -61 -62
right_child=1 18 9 11 5 7 35 16 19 20 -12 -13 -14 41 -16 -17 17 49 21 -21 -22 22 40 -25 25 30 -28 28 -30 -31 36 32 33 34 -36 42 -38 38 -40 47 -42 -43 -44 -45 -46 -47 -48 -49 -50 50 51 -53 53 56 55 -57 -58 -59 -60 60 61 -63
leaf_value=0.030364694580603348 -0.032963733961758217 0.031036385638386146 0.0038261758950999983 -0.035881088635092401 -0.0077951628062819306 -0.014655000872699301 -0.0052254396356585416 -0.025688043491183254 0.022311859511718771 -0.010698921462573438 0.0014909902281403885 -0.030394932078426057 0.017512990357686154 0.0044567039747019869 -0.011988054607994262 0.013395460264345583 0.025325237041994672 -0.0039636181614407821 -0.0031079069223863684 0.02724990093612488 0.010504002032750648 0.032220734307043968 0.034217877786896354 -0.011952899285674789 0.04212626376956468 0.024334548043628348 -0.0023603608346214376 0.019749470086063512 0.0072344754148654968 -0.01314757182755991 -0.0028220704254602251 -0.016612640104886878 0.0043768715389797697 -0.014255186115269431 0.059244708190972321 0.06148999900072908 0.042062248536072357 0.0085076411297438891 -0.0079382524613556115 -0.017397033366602203 -0.0018825039465944907 -0.04217937816565609 0.0025757474827826244 -0.014282861457009858 0.046842549403695602 0.013550086488885749 0.042890425951320678 0.0097962356101838483 -0.010388511298632764 -0.0025431314702530437 -0.019825898382547429 -0.0078497691422332316 0.026540966489565554 -0.0044700389183264409 0.0099729719736828624 0.058802052619095081 -0.0091023670623901851 -0.02868108702177526 0.034727037655568803 0.0087127333036777256 0.059871102249518193 0.0043580679510781583
leaf_weight=82.023497648537159 420.72020287066698 245.71149756014347 1427.6707385629416 184.48088344931602 588.64077019691467 838.36103910207748 1052.884633898735 124.24348302185535 91.489797987043858 820.31771276891232 1286.5162142515182 648.91928025335073 124.34646148979664 3264.2467879951 1621.23978395015 686.97615049034357 305.13361153006554 793.34444287419319 591.22259820997715 84.332999125123024 326.05066238343716 290.75018945336342 70.525412112474442 503.39873962849379 246.61216540634632 247.06257517635822 1498.7147219777107 1130.0125874429941 1549.109198153019 357.76103582978249 536.99366967380047 1408.519350156188 420.77920225262642 58.564286820590496 59.923581391572952 39.296936318278313 47.392151772975922 458.1631730645895 1105.9696263000369 112.17914299666882 810.50081071257591 38.363953575491905 58.53070479631424 2080.8600058406591 90.185179561376572 1385.6640005111694 50.223537653684616 1006.3534919172525 1878.1965985298157 1230.6276442557573 53.785641193389893 122.9087108373642 402.4516826570034 420.04723294079304 55.860102936625481 138.16562841832638 359.11994905769825 66.612724512815475 57.649526938796043 2270.7161566317081 82.616113841533661 68.288662001490593
leaf_count=519 2964 996 6605 1575 3678 4822 5631 667 491 5059 6396 6184 744 17638 9578 4034 1558 4153 2570 398 1533 1194 319 3269 1009 1008 7150 4927 6766 1684 2369 9434 2576 351 342 201 200 2459 6866 543 3614 228 302 16480 383 5824 215 4253 11405 6446 247 549 1909 2070 264 628 1771 333 259 11089 397 339
internal_value=5.20982e-05 0.00172554 0.000384265 -0.0120171 -0.00159273 -0.000559732 -0.0109866 0.00291696 -0.00351674 0.00541219 -0.00488324 -0.0177488 -0.0143034 -0.000312266 -0.00511692 0.00361848 0.00544716 0.00605292 0.0102293 -0.0084797 -0.00466448 0.00904916 0.0109579 -0.0215437 0.00704154 0.0157403 0.00547973 0.00808225 0.0125185 0.00160428 0.00787282 -0.00925562 -0.0100161 -0.00616742 0.0231011 -0.00249699 0.000883565 -0.00143279 -0.00311859 0.0139843 0.00104282 0.00390236 0.0266241 -0.0160568 0.0183646 0.0168055 0.00518181 0.00705588 -0.00768529 0.0050884 0.00643653 0.0203279 0.00521834 0.00782101 0.0316544 0.0448674 0.00550782 0.00731442 0.0084542 0.008168 0.0103611 0.034944
internal_weight=38478.3 33793.6 29190.5 4684.76 20952.6 18877.7 2074.83 8676.45 10201.3 8237.92 2124.88 3038.61 2389.69 6199.47 2896.86 1275.62 6551.57 6427.33 4603.09 4001.81 1146.37 4357.38 3766.16 924.119 7091.55 1078.06 6013.49 4514.78 2679.12 1835.66 831.448 3917.47 3825.98 2417.46 118.488 1150.71 584.386 1646.16 1564.13 2885.13 881.026 3302.61 97.8276 2265.34 1766.6 1676.41 1477.89 1118.53 2298.98 6122.19 5328.85 428.37 4900.48 3669.85 305.461 194.026 3267.4 2908.28 111.435 2841.67 2421.62 150.905
internal_count=209465 174638 154942 34827 116417 104050 12367 43897 60153 38525 11218 24983 18799 35156 17290 7712 32679 32012 19696 24997 6592 18700 16130 6233 31933 4586 27347 20197 11693 8504 3577 24599 24108 14674 693 6134 2569 9844 9325 12197 3933 17866 503 18055 7401 7018 6820 4796 13981 30454 26301 1947 24354 17908 1398 892 15999 14228 506 13895 11825 736
is_linear=0
shrinkage=0.05


Tree=30
num_leaves=63
num_cat=0
split_feature=0 2 17 13 14 13 9 13 8 14 8 3 8 6 0 13 8 4 2 4 17 6 19 2 19 3 9 8 19 1 9 5 8 2 0 13 2 15 3 8 2 2 8 0 3 0 17 18 4 2 5 14 19 2 2 8 9 0 19 6 15 3
split_gain=270.407 133.24 102.964 102.906 73.8257 83.6724 75.5631 63.6886 62.7836 58.6228 54.3238 62.0055 60.2981 52.1952 51.5585 50.0398 48.9856 60.9112 52.809 43.9905 70.5685 59.074 70.6886 59.8502 42.3371 41.8595 48.7779 41.7477 40.8223 39.6161 38.1335 37.9505 36.1201 49.8113 34.1956 32.954 45.9624 31.6998 31.4953 31.9557 31.4751 43.6928 36.2989 33.4285 31.3056 30.7984 30.7131 30.4683 30.1677 29.7495 34.7266 31.1978 28.4681 28.2766 32.4737 33.7481 27.9939 27.7994 27.7346 32.64 36.8979 31.6699
threshold=0.035203429874883542 0.024688065147332416 0.87139000297357871 0.21587229799874602 0.75434512892437167 0.5759581089586685 4.5000000000000009 0.47354585176346042 -0.029806694823797216 0.55225044822688441 -0.11385872744095031 3.5749984397875991 -0.34879759036144575 -0.0057041967641873184 0.046132700811349563 0.89146292983502307 -0.044543743583894117 0.099480647754975129 0.022290144831727348 -0.019683191309952938 0.33493206355048466 0.00053561866301710126 0.7501931993817621 0.020696512715447139 0.29117540773333234 3.7381486475242576 9.5000000000000018 -0.15169400429862193 0.20797090487355976 1.5673594433729148 9.5000000000000018 0.10472318135715099 -0.12638743953076317 0.015160981860694056 0.049265535381790973 0.036982292917166877 0.013150474867107456 0.59125025800761832 -0.14577023287897564 -0.10490681779858561 0.034598278818654737 0.034396249380162246 -0.034648513502715299 0.053655297986531007 3.6245493502670443 0.03383562477717892 0.69416582830315232 0.61575766838708168 -0.091899947954441827 0.017545297514126746 0.15020744721399995 0.17906775569324859 0.4855026774128699 0.016478554058737254 0.021269509412767094 -0.34879759036144575 5.5000000000000009 0.04334107882955985 0.43391061420301225 0.012824168586914599 0.86379953679876487 2.4426103179864804
decision_type=8 10 10 8 8 8 2 8 10 8 10 10 8 2 8 8 10 2 10 2 10 2 8 10 8 8 2 10 10 10 2 10 8 10 10 10 10 10 10 10 10 10 8 10 10 10 10 8 2 10 10 10 8 10 10 10 2 10 10 2 10 10
left_child=3 2 4 35 5 16 48 8 40 13 12 -12 -7 -9 -11 28 24 18 30 -8 -21 23 34 -22 38 26 58 -26 32 46 31 -18 33 -5 -23 -1 -37 -36 39 -2 41 42 44 -42 -3 -17 -10 -27 -6 50 -30 -51 -49 -40 55 -55 -56 -19 61 60 -60 -4
right_child=1 7 25 15 6 10 19 9 29 14 11 -13 -14 -15 -16 45 17 57 -20 20 21 22 -24 -25 27 47 -28 -29 49 -31 -32 -33 -34 -35 37 36 -38 -39 53 -41 43 -43 -44 -45 -46 -47 -48 52 -50 51 -52 -53 -54 54 56 -57 -58 -59 59 -61 -62 -63
leaf_value=0.00989065825247816 -0.0093338571329676257 0.010564824218514754 0.0087201686662065313 -0.04879790052760008 -0.021360246323778295 0.018171409468726692 -0.013972342319785547 -0.02850014422259042 0.072978334917381801 0.057318119844804942 -0.0062149686343154886 0.040901285406305596 -0.017829049075539626 -0.0007942769389598708 0.0068532205333838919 -0.031899162523875715 -0.0027699437900076608 0.071102461863712094 0.020470004163070835 0.049917733236405533 -0.016484271975208336 0.069824172861378458 -0.0047973060722417216 0.030420321861663185 -0.015085677959790053 0.016888098717240466 0.047748612298170692 -0.0034615997177296987 -0.021856372749050029 0.017680477662960086 -0.046010486810048087 0.023972051103489753 0.048546036108716863 0.0060135692273585017 0.0041889863777095559 0.037043462313220747 -0.0077830264409180262 0.042833830610199367 -0.011398427375773262 0.034561719743672503 -0.012313037482075032 -0.035881907670255168 -0.0061391017773110082 0.032272842242038212 -0.017895815648257134 -0.006716488828103208 0.028716528297321405 0.0080476698889923228 0.00041104188901233902 -0.014182753114901751 0.029087530027900911 0.0032770296694083177 -0.032839766064690898 0.049821084740081914 0.00166655359979962 0.010977914261294906 -0.037047330494349266 0.019849777616709443 0.0042616788478940784 0.01276065357182514 -0.013130707869364631 0.029225184129631987
leaf_weight=524.36673338711262 686.95564790815115 2724.8665034919977 682.49150438606739 47.836088761687279 163.00240369141102 122.82042902708054 119.72217535972595 181.98353073000908 62.636453419923782 50.649589419364929 2604.5409215465188 70.762410297989845 1970.4358656555414 2395.1833978965878 2582.0486059337854 613.0290310382843 1073.9749465882778 46.386883154511452 362.63587315380573 146.09812469780445 245.63318023085594 65.672352284193039 141.36097575724125 92.916031762957573 1044.4203284680843 67.058817937970161 73.693708896636963 2961.5149869844317 1175.1522288918495 548.51592819392681 44.652090832591057 150.34861300885677 38.215508408844471 273.14079955965281 83.576331093907356 59.519455760717392 1041.1645204275846 145.48917935788631 208.1405990049243 43.147008121013641 50.858513697981834 58.085847407579422 422.79191534221172 229.4598391354084 99.293187737464905 152.11268670111895 108.39154258370399 58.321402028203011 5339.6749383062124 956.55960343778133 33.601030543446541 348.68938911706209 153.31008222699165 58.631126463413239 391.48631346225739 928.68185405433178 52.008079051971436 62.449341952800751 1697.6554231792688 852.7735580354929 370.67491899430752 259.85533247888088
leaf_count=2790 4191 12000 3197 404 865 661 604 927 266 228 15545 391 13015 11734 11540 6027 5908 204 1762 689 1144 322 636 419 6270 332 331 16782 9659 2272 239 774 281 2066 384 363 6292 636 1288 251 234 243 2393 984 446 1169 449 278 26263 7201 196 2427 704 293 2166 5078 271 261 8005 3759 1746 1206
internal_value=-0.000348672 0.00132265 -0.000688074 -0.0108757 -0.00222522 -0.00442163 0.00209972 0.00631859 0.0108181 0.00259926 -0.00967742 -0.00495392 -0.0157091 -0.00276099 0.00784549 -0.0155471 -0.00133257 0.00609978 0.00367122 0.0144496 0.0181564 0.0121096 0.024254 -0.00355946 -0.00336232 0.00639413 0.00772031 -0.00649522 -0.0125133 0.0242888 -0.00114172 0.000530894 0.00324611 -0.00228133 0.0381565 -0.000413961 -0.00532761 0.0288135 0.00193573 -0.00669603 0.00810871 0.00673969 0.00751297 0.0241686 0.00955821 -0.0269081 0.0452567 -0.0123019 -0.000237639 -0.0147653 -0.0204174 -0.00951954 -0.0215872 0.00578267 0.00828823 0.0133327 -0.00294651 0.0421426 0.00694463 0.00453559 0.00113987 0.0143995
internal_weight=38421.1 33157.7 23643 5263.39 19427.1 12884 6543.15 9514.76 4304.9 5209.87 4768.56 2675.3 2093.26 2577.17 2632.7 3638.34 8115.43 1740.45 1631.61 1040.47 920.746 774.648 436.099 338.549 6374.99 4215.83 3937.14 4005.94 2873.19 719.544 1268.98 1224.32 359.192 320.977 294.738 1625.05 1100.68 229.066 2369.05 730.103 3585.36 3305.04 3246.95 280.318 2824.16 765.142 171.028 278.69 5502.68 2514 1208.75 1305.25 211.631 1638.95 1430.81 987.313 443.494 108.836 3863.45 2921.1 2068.33 942.347
internal_count=209461 170586 126870 38875 107312 75350 31962 43716 19287 24429 29612 15936 13676 12661 11768 29430 45738 9148 8683 4834 4230 3541 1978 1563 36590 19558 18244 23052 22234 2987 6921 6682 2751 2470 1342 9445 6655 1020 13538 4442 16300 15082 14839 1218 12446 7196 715 1314 27128 19483 9855 9628 982 9096 7808 5371 2437 465 17913 13510 9751 4403
is_linear=0
shrinkage=0.05


Tree=31
num_leaves=63
num_cat=1
split_feature=0 4 13 2 0 7 18 0 7 19 19 13 3 8 13 19 15 14 13 2 13 2 2 2 6 14 7 7 2 8 4 9 13 2 2 2 22 18 3 7 4 7 2 14 13 2 3 15 13 2 1 1 14 7 19 5 18 5 6 8 2 18
split_gain=246.065 123.238 94.8138 93.1231 68.7642 77.1286 52.9159 47.3986 44.6445 47.5345 42.0235 39.5169 43.3144 38.8754 56.0182 96.5386 41.5664 41.1389 37.5722 43.7005 35.1283 35.8153 34.8641 43.0118 57.7007 34.7226 34.6958 34.5964 34.5099 36.2393 34.3566 40.453 34.1486 39.4904 46.0584 36.6789 33.4793 33.1236 70.3323 32.3536 32.1079 33.8619 39.1897 31.9304 31.7128 30.3437 31.5269 40.1991 30.8596 34.4505 30.22 37.1036 34.2357 40.4042 33.444 29.6521 34.3936 32.63 28.5019 28.4278 28.4482 28.301
threshold=0.035203429874883542 0.095702299823622008 0.30680875923413242 0.024688065147332416 0.055495207179306665 -0.063417344814301987 0.41058608844997863 0.025855859418708164 -0.036617037606906037 0.27515561840558939 0.013262287049600485 0.50559703440714265 2.8359727732961395 -0.12297906608444302 0.63478942347008327 0.26728835173753013 0.85174690487136007 0.25065104608185551 0.036982292917166877 0.013150474867107456 0.89146292983502307 0.029488768802778721 0.021890372676806141 0.020433115387238042 -0.024543907849229604 0.67436193521643883 -0.053378844618116088 -0.06074208387898327 0.016604452504719428 -0.34879759036144575 0.098344064835879 8.5000000000000018 0.48541917652894911 0.029488768802778721 0.028990808477946977 0.029675767752523629 0 0.18466710816444792 0.34473073021811013 -0.13432835439380628 -0.0241928403350502 -0.1378906673901247 0.024328626346398975 0.77796627714390887 0.6547520006338643 0.022846578524579438 1.6408555785104026 0.48114574788077663 0.30680875923413242 0.019694561176474532 2.0527282840975332 1.7754982957841106 0.20667810177244142 -0.039176785249587891 0.78134376483443657 0.093186721449437751 0.28386985441767071 -0.11903185679703597 0.002879424155731614 -0.10837311212685717 0.026457922037817629 0.69030185696294122
decision_type=8 2 8 10 8 10 10 10 10 8 10 10 10 10 10 8 10 10 10 10 8 10 10 10 2 8 10 8 10 10 2 2 10 10 10 10 9 8 10 10 2 8 10 10 10 10 10 10 10 10 10 10 10 10 10 10 8 10 2 10 10 10
left_child=2 3 18 4 5 37 8 -4 -7 -10 25 12 27 14 15 17 43 -8 -1 -20 21 -9 23 24 -15 -5 -25 -3 -19 -30 -29 -32 59 34 -34 -35 -13 38 39 -2 55 42 -42 -16 -41 46 47 -31 49 -48 51 -21 53 -53 -55 57 -57 -6 -17 60 -12 -39
right_child=1 11 7 10 40 6 13 20 9 -11 32 36 -14 22 16 58 -18 28 19 50 -22 -23 -24 26 -26 -27 -28 30 29 45 31 -33 33 35 -36 -37 -38 61 -40 44 41 -43 -44 -45 -46 -47 48 -49 -50 -51 -52 52 -54 54 -56 56 -58 -59 -60 -61 -62 -63
leaf_value=0.0093556218714051249 -0.019444086668420929 0.0039915191173699235 -0.035654057183138771 -0.012200768385709186 0.011140095775653372 0.002582553837450696 -0.02550649729492499 -0.01169958342058793 0.048106752351038576 0.009773615384414798 -0.0086852873476206301 -0.0022515105184568378 0.0038020355075720613 0.053844972893148796 -0.020500867217975602 -0.021234064596058155 -0.053633529941395669 -0.010209460666101485 0.027185170601890952 -0.010847927726250102 -0.02423714320388649 0.045559106543719419 0.0066246265436090595 0.032464216282586417 -0.0011071225692420789 0.0047102357162679695 -0.015122935544475353 -0.0076902351941873217 0.060442245182253974 0.02297516436409135 0.021102091061517135 0.056577132585625883 0.0015294587553927397 0.03671805323530563 -0.018695427494492933 0.0068434658622932819 0.010561479587178679 -0.013164123084013947 0.0078642606270730529 0.0030815854417591436 -0.0045916736168520305 0.0081731462729169608 0.042434549040713206 0.017600968791589067 -0.018388117143158269 -0.027379560592738945 -0.010344567548992189 -0.013855350238081411 0.058414813961676117 0.048534600837686626 -0.027423851507331506 -0.011372122763678973 -0.0075939832297606431 0.054089869089897685 -0.0019902073890596052 0.02715462588860933 -0.011936171736100612 -0.0090499856294730969 -0.0027645557530542766 0.014837666354259552 0.0082350745836990251 0.028619289552688245
leaf_weight=526.63411676883698 616.40689981728792 364.23378746211529 277.09380747377872 627.88863474875689 240.08804398775101 1661.5095504447818 75.456528440117836 2174.9766800999641 115.95291729271412 264.48583190143108 294.2508035749197 1100.4147941023111 847.5072049498558 47.431186363101006 466.14907027035952 587.49141724407673 84.796929381787777 128.36230431497097 92.003060676157475 926.68647898733616 647.79880783706903 26.695079326629639 1269.8201236128807 39.28493843972683 3496.5929225832224 585.94091662764549 809.16139142215252 93.867705881595612 46.182319954037666 185.04241809248924 1147.3977332264185 85.919669091701508 1882.6602197736502 110.70661236345768 329.96586824953556 1294.3751636296511 936.73971946537495 2601.0658565685153 777.21719139069319 514.95217239111662 967.28589829802513 2904.1555702537298 45.429976284503937 61.548714712262154 257.08770696073771 38.924920111894608 54.792416274547577 122.25451785326004 76.99975810945034 44.027346208691597 177.94498773664236 59.322632737457752 182.61571097373962 92.8352170586586 36.998472481966019 156.63269002735615 86.780799016356468 1179.2147078365088 324.34046719223261 1484.467135027051 1569.2308379411697 40.259689703583717
leaf_count=2790 4016 1558 2661 4041 1205 9055 438 17143 583 1394 1347 4778 3693 251 3051 3460 536 722 602 5795 6091 136 6665 223 19662 2881 4496 394 217 982 4739 360 8669 468 1655 5776 3998 16507 4642 3175 4963 13396 226 307 1635 211 278 640 408 226 1219 422 1180 604 232 748 417 6047 1888 6330 6970 259
internal_value=-0.000333335 0.00125618 -0.0104207 3.57681e-05 -0.00177246 -0.00355491 -0.00105279 -0.0159346 0.00612571 0.0215526 0.00454241 0.00887307 0.0130341 -0.00289511 -0.00838094 -0.00366583 -0.0213166 0.00933845 -0.00218824 -0.00606789 -0.0140052 -0.010985 -0.000669219 -0.00277883 -0.000356694 -0.00404032 -0.0128839 0.0176549 0.0131441 0.0184284 0.0213989 0.0236173 0.0060384 0.00266944 -0.00149373 0.00922173 0.00368332 -0.00875911 -0.00417259 -0.0109113 0.00295774 0.00542857 -0.00244232 -0.0160319 -0.00408232 0.0146032 0.0180353 0.00832516 0.0348637 0.0161114 -0.00815708 -0.00549763 0.00783197 0.0226861 0.0382158 -0.00286256 0.0132263 -0.00562921 -0.0146746 0.00967692 0.00556006 -0.0125167
internal_weight=38364.4 33142.8 5221.61 28566.7 20387.2 14807.6 10000.6 3126.56 2041.95 380.439 8179.49 4576.08 2538.93 7958.66 2296.37 1683.87 612.495 772.043 2095.04 1568.41 2849.47 2201.67 5662.29 4392.47 3544.02 1213.83 848.446 1691.42 696.586 568.224 1327.19 1233.32 6965.66 3617.71 2212.63 1405.08 2037.15 4806.99 2165.66 1388.45 5579.59 3916.87 1012.72 527.698 772.04 522.041 483.116 307.297 175.82 98.8198 1476.4 1298.46 371.772 189.156 129.834 1662.72 243.413 1419.3 911.832 3347.95 1863.48 2641.33
internal_count=209461 170586 38875 151066 112929 85927 55693 26031 11032 1977 38137 19520 10744 44661 13364 9470 3894 4122 12844 10054 23370 17279 31297 24632 19913 6922 4719 7051 3684 2962 5493 5099 31215 16568 10324 6244 8776 30234 13468 8826 27002 18585 5189 3358 4810 2745 2534 1622 912 504 9452 8233 2438 1258 836 8417 1165 7252 5348 14647 8317 16766
cat_boundaries=0 1
cat_threshold=4295703
is_linear=0
shrinkage=0.05


Tree=32
num_leaves=63
num_cat=1
split_feature=0 4 13 2 13 0 2 5 21 8 13 2 2 2 7 13 19 19 19 18 18 13 15 13 14 15 19 2 2 2 19 2 15 14 13 17 7 19 1 8 2 2 4 2 7 7 4 13 1 8 10 14 15 0 2 13 8 7 18 19 13 0
split_gain=223.823 111.148 87.8172 87.3026 80.4246 59.9413 59.4748 62.7866 57.9656 46.9213 44.4738 42.7908 43.1238 44.5791 40.1894 57.6303 38.0088 37.8681 37.232 36.7989 36.6981 35.5704 34.5353 36.3513 34.3088 44.9986 33.5999 38.2094 49.3279 66.8207 39.0821 39.5357 32.7053 32.5552 38.0482 32.5132 35.7821 40.7449 32.3458 31.6385 46.8943 31.5632 31.3714 40.4079 32.6377 30.4769 31.7487 31.7727 39.7611 30.4693 30.3909 30.3747 33.6588 29.8083 29.3218 43.4626 28.9318 35.029 66.286 37.0104 32.199 33.1488
threshold=0.035203429874883542 0.095702299823622008 0.21587229799874602 0.015855146407099511 0.89546518224365357 0.042848309132194957 0.026457922037817629 0.15273251244432798 0 -0.053550552687902757 0.89146292983502307 0.027753259404410657 0.027459728617744199 0.026790207834945606 -0.021004674836742006 0.096678212330060437 0.76607862968581852 0.20797090487355976 0.97166902738432503 0.82854191263282184 0.39076276664511961 0.50559703440714265 0.85568315281221463 0.84451560539095338 0.4406878202601498 0.9035228747108931 0.72610607809676775 0.029488768802778721 0.030091904745163298 0.030338905914821291 0.59221936225509808 0.028990808477946977 0.08080404040404042 0.67436193521643883 0.92668897316605303 0.96588627236217606 -0.030890904065737742 0.84407271372298531 1.8164557742973002 -0.12638743953076317 0.015160981860694056 0.01590716376126777 0.0049875335064765167 0.029520151588016918 -0.099999999999999908 -0.021379625578197222 0.038095258528074279 0.045008038585209013 1.5673594433729148 -0.15553706354914912 2.5000000000000004 0.1043024116775968 0.98579879667910331 0.03383562477717892 0.013150474867107456 0.73377053410166004 -0.30570840681951789 -0.044060353997202088 0.4857497569320518 0.62801568593213453 0.21975557546794108 0.07215239697961405
decision_type=8 2 8 10 10 10 10 10 9 10 8 10 10 10 10 10 8 10 8 10 8 10 10 10 10 10 8 10 10 10 10 10 8 10 10 10 10 10 10 8 10 10 2 10 10 10 2 10 10 10 2 8 10 10 8 10 8 8 10 10 10 10
left_child=2 3 45 5 6 9 7 8 18 -2 17 12 13 -8 26 -16 -14 39 -5 -17 50 32 23 -22 25 -6 27 30 42 -30 -13 -32 -3 34 -23 36 -24 -38 -26 40 -4 -10 44 -44 -29 46 47 48 -1 -49 -9 -34 -53 -12 55 -7 -43 60 59 -59 -58 -62
right_child=1 21 10 4 24 54 11 20 41 -11 53 14 16 -15 15 19 -18 -19 -20 -21 22 33 35 -25 38 -27 -28 28 29 -31 31 -33 51 -35 -36 -37 37 -39 -40 -41 -42 56 43 -45 -46 -47 -48 49 -50 -51 -52 52 -54 -55 -56 -57 57 58 -60 -61 61 -63
leaf_value=-0.0053137049257355289 -0.030716582251198617 0.049913735422390894 -0.047896766725891923 -0.0033911330871482176 -0.017856026244887826 -0.0011769180998993946 0.024935719433550579 0.017724924070944382 0.034176091489457737 -0.0065746739372493455 -0.030395098659855666 -0.0024447513419692092 0.041242315002071678 -0.00090307285106004664 0.035276892986082213 -0.021318743911535858 -0.0072729831811207237 -0.013716212831472403 -0.024737872602122582 0.0017980056805683088 0.007899825714165894 -0.0016879823172138569 0.034872593384750121 0.049986946424053658 0.020596571460327579 0.024251776138162349 -0.00047035592248055895 0.073290633884986994 -0.014391048443639401 0.014866478156019776 0.045325941654522008 -0.0053493933226415619 0.047420037625626743 0.0082883080844036918 -0.045492531436509678 -0.031297007420517602 -0.038845166576247973 0.017464858023896884 -0.0054277945235605037 0.045509702289226427 0.0063406463489057499 0.012277373688892181 0.048235231386541899 -0.0046893642268824786 0.022473084346916788 0.0064749023737452911 -0.033597371889708079 -0.029892901874745366 0.037046540748719124 -0.0024874878097319898 0.05877500039357373 0.012131199186167226 -0.012653301602347067 -0.0053066410935261998 -0.007738194835472105 0.039953812300172267 0.0056285263615170038 0.025092559000854428 0.0013193786884037916 0.0011634040646600326 -0.0054260018991846284 0.011188957995957496
leaf_weight=136.59420147538185 470.9739512950182 55.792487382888794 45.666233472526073 7058.9307711645961 945.15177330374718 235.78668713569641 270.38507048785686 316.22528341412544 74.169036388397217 352.07366755604744 586.14240125566721 878.17204059660435 222.39529006183147 433.50889837741852 74.021160781383514 379.38157659769058 48.94316440820694 2467.8560799509287 209.38788296282291 314.22535459697247 820.13557639718056 691.85029603540897 59.735767692327499 53.795851901173592 132.29871366918087 67.154340840876102 1314.3605095371604 71.948822125792503 232.43712344765663 1193.3824316114187 92.612607136368752 65.036714658141136 56.590513825416565 1294.1921339929104 52.406071871519089 105.72326494753361 65.610020041465759 61.21245813369751 1144.9575832635164 39.170237347483635 272.01041960716248 599.34117929637432 60.371452927589417 87.081290051341057 57.921018436551094 815.40764430165291 98.996291786432266 144.62463662028313 91.947375416755676 334.81511442363262 52.008475109934807 2285.0944870710373 144.92728985846043 148.897092923522 821.50808891654015 87.245261058211327 1112.9398299604654 523.89266569912434 3273.1615560427308 233.60320819914341 3541.495963819325 327.06337781250477
leaf_count=802 3348 228 404 38929 6021 1238 1206 1455 393 2245 6027 4083 928 2066 322 1758 229 19483 1254 1472 3804 3121 280 255 635 388 6726 297 1113 5022 411 310 239 5406 249 496 320 285 5949 281 2066 3114 247 394 247 4375 595 957 564 2152 238 9631 646 1169 4435 444 5970 2655 17489 1221 19807 1567
internal_value=-0.000318805 0.00119307 -0.0099806 3.26004e-05 0.000785204 -0.0101273 0.0016299 0.000244342 -0.000632468 -0.02041 -0.0143737 0.00604869 0.0155956 0.00904361 0.00411462 -0.00636975 0.0324967 -0.0115155 -0.00400391 -0.0108586 0.00992625 0.00842195 0.00557127 0.0105447 -0.00817099 -0.0150415 0.00610125 0.00925383 0.0138572 0.0100902 0.00167866 0.0245184 0.0123662 0.00349891 -0.00482934 -0.00928477 0.00329001 -0.0117424 -0.00271818 0.00370001 -0.00158185 0.00189985 0.0331192 0.0171585 0.0509713 -0.000338606 -0.00722278 -0.00349267 0.0118159 -0.0107994 0.0236662 0.011504 0.0106484 -0.025327 -0.00272157 0.0100208 0.00164923 0.000941139 0.00440605 0.0177243 -0.00186273 -0.00401878
internal_weight=38304.7 33122.6 5182.13 28541.8 26574.2 1967.59 24284.6 18488.4 16954 823.048 3559.74 5796.18 975.232 703.894 4820.95 767.628 271.338 2824.7 7268.32 693.607 1534.45 4580.85 1166.21 873.931 2289.56 1012.31 4053.32 2738.96 1703.14 1425.82 1035.82 157.649 2542.4 2038.45 744.256 292.282 186.558 126.822 1277.26 356.847 317.677 9685.67 277.323 147.453 129.87 1622.39 806.978 707.981 228.542 479.44 368.234 2486.61 2430.02 735.039 1144.54 323.032 9611.5 9012.16 4030.66 757.496 4981.5 3868.56
internal_count=209461 170586 38875 151066 139356 11710 126363 99532 92399 5593 29430 26831 4429 3272 22402 3552 1157 22234 40183 3230 7133 19520 5440 4059 12993 6409 18850 12124 7320 6135 4804 721 10744 8776 3370 1381 885 605 6584 2751 2470 52216 1185 641 544 9445 5070 4475 1366 3109 1693 10516 10277 7196 6117 1682 51823 48709 21365 3876 27344 21374
cat_boundaries=0 1
cat_threshold=20522
is_linear=0
shrinkage=0.05


Tree=33
num_leaves=63
num_cat=0
split_feature=0 0 8 2 13 7 19 14 2 2 2 13 7 13 19 19 13 10 14 18 13 14 13 8 0 8 14 2 3 15 9 4 8 7 1 19 8 15 13 4 4 15 7 13 11 4 6 18 4 8 15 13 5 4 0 3 13 11 4 9 1 0
split_gain=203.757 96.2891 99.6218 93.6728 86.6898 70.5711 68.4037 66.2621 82.675 66.1267 61.1802 60.1011 57.6745 55.2939 55.2662 54.93 74.6833 49.6462 47.6072 46.6075 45.607 41.6047 40.3725 38.8589 38.4619 38.0081 37.9061 37.6837 36.6431 37.2916 40.4537 43.428 36.5919 35.9056 39.8737 35.211 33.683 33.5902 46.6946 33.4933 33.4085 32.9294 42.9316 32.4388 32.2488 35.9651 31.2062 34.3665 37.309 31.1641 30.6823 39.891 30.3148 48.1748 29.8097 29.562 69.077 29.3357 29.1739 50.4036 52.0525 34.3149
threshold=0.036322854143790016 0.055114234796473476 -0.11385872744095031 0.021890372676806141 0.89146292983502307 -0.07663501317226111 0.27909311665265718 0.40111274236675548 0.01629649707805603 0.036378053270572357 0.020595189563327555 0.21183667035368678 -0.030506858832463509 0.33878666220586601 0.13639610389610393 0.54062062324929983 0.77377742349149148 3.5000000000000004 0.87635554566225393 0.27994159587378648 0.013315602836879435 0.48454076850984074 0.036982292917166877 -0.029806694823797216 0.068968256882130069 -0.16073583244183423 0.85651375731660429 0.031622433230216032 0.80205244084977967 0.80063628512050966 3.5000000000000004 0.052671468532271899 -0.048611110259669958 -0.12595031219480216 2.3528299435510065 0.66737065120428196 -0.21980840273889876 0.96596301659797268 0.40250223613595715 -0.039881095266637183 0.0990990990990991 0.88778643489348952 -0.027940698696632679 0.35876784405054563 4.5000000000000009 0.093040932364006693 -0.0092756556861592326 0.69817420412245135 0.0990990990990991 -0.048611110259669958 0.50888606880992671 0.35103435890381657 0.064477246673155589 0.026785714303996015 0.032161651414996356 1.5715371545809869 0.6313144243360308 4.5000000000000009 0.076585212744782818 5.5000000000000009 2.1927536008531248 0.034772353629456479
decision_type=8 8 10 8 8 8 8 10 10 10 10 10 10 10 8 10 10 2 10 8 10 10 10 10 10 10 10 10 10 10 2 2 10 10 10 10 10 8 10 2 2 10 10 10 2 2 2 10 2 10 10 10 10 2 10 10 10 2 2 2 10 10
left_child=4 2 6 10 12 9 7 13 -9 24 11 17 22 -2 52 -5 23 20 -8 -7 -4 -12 -1 46 25 -3 40 -15 50 30 -30 32 43 34 -10 -25 -16 44 -39 -21 41 -22 -43 -32 -31 -46 -17 -48 57 -18 -13 -52 53 -14 -6 56 -34 -49 59 -38 61 -61
right_child=1 5 3 15 54 19 18 8 33 -11 21 28 14 27 36 16 49 -19 -20 39 26 -23 -24 35 -26 -27 -28 -29 29 37 31 -33 55 -35 -36 -37 58 38 -40 -41 -42 42 -44 -45 45 -47 47 48 -50 -51 51 -53 -54 -55 -56 -57 -58 -59 -60 60 -62 -63
leaf_value=0.0069290350605589815 0.0023712653150766176 -0.0069117308379435527 0.057954297504985222 0.016792187875428813 -0.032763549487388292 0.02428827883172124 -0.0098835679950732835 -0.015490777003839225 0.0085016716203010195 0.033098790310801839 -0.0021821581211118198 -0.0040299734760218427 0.016932058898848742 -0.022911709573350033 -0.043899039401369348 -0.030336942152816834 -0.022941522630106896 0.060436920703741542 0.03470486214394948 -0.022849158351895341 0.0085502602140477123 -0.022304891285643256 -0.01521710628611907 0.039317053524215932 0.005449036548531596 0.0033525475360360736 -0.032760600893081547 0.024353042864068319 -0.0013830688218819927 -0.003098936500368122 0.051071508886320005 0.0034495410836953375 -0.0045392716682773658 0.0093525886821423428 -0.016241297789743578 0.011809696709726876 -0.0017180346672829824 -0.017563989219372116 0.038355351656327891 0.008313714190578041 0.027905730933602158 0.013455323437100078 -0.044140017962823359 -0.0024168191478851279 -0.0085352483087341949 -0.051568859890500932 0.011084190611016252 -0.0076997167336554199 0.022534089711171781 -0.0020471898264616826 0.018524996165928578 -0.027829852642667064 -0.0017325677031222104 0.085264252658500475 -0.014148193769142284 0.068642041809197085 0.06857919169687994 -0.04795800670985903 0.0086799658612435587 -0.032324294029489768 0.030438619485031466 0.0039760185945037331
leaf_weight=231.11879342794418 473.01229564100504 2173.0246510356665 43.714899450540543 1233.2863184958696 424.08750518411398 466.54882045090199 4260.8666941151023 509.51283537596464 321.45919328182936 159.02786049246788 494.01681124418974 2073.9188767075539 77.82685636729002 642.72321204841137 50.161487244069576 68.713321089744568 257.79530301690102 46.811405047774315 59.761601105332375 86.893798276782036 748.71654653549194 534.63098904490471 1839.5378145352006 127.3946283608675 2416.6390851736069 1540.5249603688717 57.482774883508682 44.329294174909592 592.17808975279331 685.15043898671865 36.152499809861183 333.3503490537405 72.094689756631851 2230.5209721922874 328.01396197080612 1269.4228052198887 2065.3794100210071 60.053020268678665 95.683186069130898 4711.9558928906918 184.03795748949051 57.448327735066414 71.99999925494194 119.23385043442249 121.88869050145149 80.244155749678612 699.92920298874378 321.45460541546345 88.567927718162537 575.61447884142399 54.766187697649002 282.58869045972824 69.591749720275402 38.090967044234276 440.72300285845995 70.397779107093811 57.351539194583893 51.787031278014183 453.91558790206909 340.36154898256063 45.46120435744524 80.192975953221321
leaf_count=1363 2561 10993 201 5719 4648 2056 25091 3112 1807 679 2834 11898 521 4052 327 345 1364 206 298 419 3978 2720 14107 565 11135 7255 281 190 3238 3622 199 1649 390 11661 2019 5656 14672 304 502 20821 763 308 362 681 673 378 3347 1520 369 2890 308 1616 378 242 3629 384 334 245 2190 2558 337 491
internal_value=-0.00030465 0.00129379 -0.000760482 0.0022757 -0.00863595 0.00494497 -0.00475409 -0.000474841 0.00305562 0.00136916 -0.00139981 0.000548888 -0.00623479 -0.010784 -0.00204817 0.00773562 0.00450421 0.010488 -0.00925895 0.00921499 0.00842803 -0.0126523 -0.0127431 0.00864056 0.000540771 -0.00265395 0.00644443 -0.0198312 -0.00199308 0.00248698 0.00820013 0.0164317 0.0285704 0.00634098 -0.00400043 0.0143448 -0.00367026 -0.00452952 0.016818 0.0077448 0.00859489 0.00452076 -0.0186724 0.0102749 -0.00829115 -0.0257888 0.00215868 0.00410513 -0.00647359 -0.0085301 -0.00630983 -0.0202721 0.0243712 0.0399235 -0.0233041 0.0426739 0.0281335 -0.0133987 -0.00297983 -0.0050732 -0.0199077 -0.0254094
internal_weight=38249.1 32092.7 20538.1 11667.9 6156.45 11554.6 8870.2 4549.57 3389.51 6289.22 6973.91 5945.26 5291.64 1160.06 3220.98 4693.97 3460.68 1210.21 4320.63 5265.4 1163.4 1028.65 2070.66 2627.27 6130.19 3713.55 1119.69 687.053 4735.05 2323.78 1280.76 688.581 355.23 2879.99 649.473 1396.82 3035.47 1043.02 155.736 4798.85 1062.2 878.165 129.448 155.386 887.283 202.133 1230.45 1161.74 461.81 833.41 2411.27 337.355 185.51 115.918 864.811 199.844 129.446 373.242 2985.31 2531.4 466.016 420.555
internal_count=209461 163998 110640 59849 45463 53358 50791 25402 18599 30062 37829 32275 37186 6803 21716 22020 16301 6099 25389 23296 5893 5554 15470 12047 29383 18248 5692 4242 26176 12354 6875 3637 1988 15487 3826 6221 20575 5479 806 21240 5411 4648 670 880 4673 1051 5826 5481 2134 4254 13822 1924 1141 763 8277 1108 724 1765 20248 18058 3386 3049
is_linear=0
shrinkage=0.05


Tree=34
num_leaves=63
num_cat=0
split_feature=0 4 13 0 8 19 19 1 0 13 6 19 7 0 13 19 13 0 5 13 3 8 13 8 17 19 8 4 1 9 13 17 1 0 15 3 4 4 13 4 10 4 13 5 11 3 18 10 8 0 7 18 1 19 8 6 19 13 11 7 15 0
split_gain=185.778 95.5664 77.7944 71.2432 66.5886 57.6516 49.3469 59.0206 44.5062 43.2258 37.9781 36.8384 59.4447 59.5834 35.0039 35.0486 34.6495 32.9595 37.5718 32.1534 33.7556 33.543 48.8799 45.6176 51.5323 38.7071 31.8273 40.3412 31.8169 31.491 37.3716 31.4745 43.4664 29.9275 29.6908 29.3874 29.3649 68.3952 29.143 28.7674 36.2123 29.024 28.3748 28.3478 28.9484 27.8252 32.0001 31.5175 45.3 39.7815 29.4037 27.5592 29.1057 27.398 38.2095 35.2495 30.1034 28.9953 26.8503 25.7218 25.4075 50.4114
threshold=0.035203429874883542 0.095702299823622008 0.30680875923413242 0.055495207179306665 -0.12180507263890654 0.092563075650428248 0.29117540773333234 1.8767094715631305 0.025855859418708164 0.20763587337162071 0.0059254381920578201 0.75827642631595094 -0.044060353997202088 0.041445460843999006 0.5644592669025158 0.5844519519519521 0.036982292917166877 0.087893955439120638 -0.0032386041828365015 0.73377053410166004 3.0307035592163474 -0.045336222901825478 0.196046666788528 -0.0057983063396167536 0.8671777098997494 0.20797090487355976 -0.0065374743679308392 0.066926635533311699 1.9574100013161633 9.5000000000000018 0.34676517283683345 0.86350749859651943 2.1996110657299144 0.048823715772581079 0.08080404040404042 1.1658210516120862 0.054054054054054064 0.041357434343940132 0.036982292917166877 0.046609072316969431 1.5000000000000002 0.027183666288127076 0.89146292983502307 0.15273251244432798 2.5000000000000004 -0.28150930602347307 0.18466710816444792 2.5000000000000004 -0.19913523776287687 0.040341420336382071 -0.07663501317226111 0.71391971365060491 2.3528299435510065 0.62399677938808384 -0.027663642696611531 0.0004436558104837785 0.71476891397193421 0.76225267784064632 4.5000000000000009 -0.047487503037653249 0.74195072870296974 0.038028861902636754
decision_type=8 2 8 8 10 8 10 10 10 10 2 10 10 10 8 8 10 10 10 10 10 10 10 10 10 8 10 2 10 2 10 10 10 10 8 10 2 2 10 2 2 2 8 10 2 10 10 2 10 10 10 10 10 10 10 2 10 10 2 10 10 10
left_child=2 3 38 4 5 16 7 10 -4 26 -6 12 13 -11 15 45 -2 18 35 20 29 22 25 24 -23 -22 27 28 36 34 -31 -24 -33 53 -3 -5 37 -8 -1 41 -41 -30 59 -15 -45 -7 50 -48 -49 -50 -47 -35 -53 55 56 -14 -55 -58 -16 -10 -57 -62
right_child=1 19 8 17 6 14 9 -9 42 11 -12 -13 33 43 58 -17 -18 -19 -20 -21 21 23 31 -25 -26 -27 -28 -29 39 30 -32 32 -34 51 -36 -37 -38 -39 -40 40 -42 -43 -44 44 -46 46 47 48 49 -51 -52 52 -54 54 -56 60 57 -59 -60 -61 61 -63
leaf_value=0.0083857604797150237 0.038593265702229283 0.040533533044075115 -0.033956790450385688 -0.00040516822657449855 0.023707040517985695 -0.010219063731515278 0.013653206627767945 0.0047059842898595078 -0.019897480689687896 -0.017057879557529503 0.075096559137952906 -0.0053542692099682217 0.023028755455351484 -0.001201561879404992 -0.010966470800568487 -0.016767029002049915 0.0021831451701377611 0.017871721627672612 0.0048899971699717503 -9.9519548856861348e-05 0.052689879210677797 0.077179117752056048 -0.032440644511765863 0.0024812232245505841 0.0060311764436430928 0.0013180849422427311 0.028498114162578955 -0.017320323860982454 0.0039403238270918689 0.067229490991382937 0.0073383796590098822 0.027221690199958959 -0.028780130038636227 0.022801431035792831 0.010730398243423787 -0.017521188391834256 -0.019591987373341779 0.068696521221995474 -0.0051806771124054286 0.032893815902155038 -0.015278115663838838 -0.017416438428001207 -0.021893537897019567 0.0044040953372583638 0.055611381097062332 0.0066200119869819045 -0.004257838257831709 0.06039447892631488 0.042428761009075666 -0.019900029743000095 0.042905398917433203 -0.036883511024587326 0.017615858953747874 -0.015323676603497781 0.013574281511369621 -0.0024497257638247602 0.016959898486003943 -0.022514621514257014 -0.042900919035157956 -0.0067656416776910883 0.064777245228343813 0.0044625514894202
leaf_weight=530.65229220688343 67.641025230288506 85.662700638175011 261.70084895193577 1965.788739323616 119.87721543759108 918.36995320767164 431.79484985768795 420.54398616403341 479.46263860166073 661.88718961924314 51.368361666798592 3607.1627958342433 330.2262676358223 1763.3150499388576 2406.0416424199939 499.82062251865864 1363.6406986713409 387.22616772353649 6593.7294951975346 1009.9833121597767 44.448531433939934 50.330515846610069 180.77007675170898 264.21866245567799 50.843202948570251 190.06530790030956 155.42875352501869 181.11968937516212 564.49610589444637 55.766769647598267 48.63665135204792 68.576594695448875 68.021729111671448 423.99211309850216 2466.9830505996943 286.46194396913052 48.451838538050652 64.088915795087814 1549.1268703714013 138.56796069443226 53.462521687150002 220.37343865633011 612.76210497319698 71.557156965136528 44.124538823962212 430.23489814251661 2142.228133879602 45.419972270727158 38.055982664227486 73.3110681027174 63.263612419366837 43.073242291808128 54.232425376772881 480.87499684840441 280.65453142672777 520.28157626837492 173.43351581692696 62.486924417316914 66.817705795168877 1675.5714082568884 44.545936718583107 145.44251762330532
leaf_count=2790 352 350 2661 9664 544 5486 2043 2310 4158 4379 230 19540 1785 9412 15223 3074 7556 1738 30685 4360 194 213 852 1125 217 832 706 884 3033 231 210 309 305 1963 10322 1425 225 290 10054 713 276 1153 6091 329 206 2542 11954 237 225 390 325 204 271 2711 1463 2779 958 376 395 13121 255 757
internal_value=-0.000291774 0.0010785 -0.00916455 8.00235e-07 -0.00172939 -0.0051753 0.000777195 0.0148149 -0.0142752 -1.04363e-05 0.0394688 -0.00148788 0.00124721 -0.0041695 -0.00712541 -0.00435074 0.0039296 0.00361189 0.00298573 0.00777809 0.0100034 0.00173119 -0.00604592 0.013462 0.0418338 0.0112372 0.00691132 0.00492482 0.00758299 0.0128575 0.0396634 -0.0188122 -0.000671969 0.00662458 0.011746 -0.00258895 0.0172583 0.020891 -0.00171686 0.00217971 0.0194728 -0.0020707 -0.0124027 0.000377156 0.0242453 -0.00267432 -0.000190322 -0.00267116 0.0188977 0.0015868 0.0113489 0.017304 -0.00663857 0.0038857 -0.002035 0.00955796 -0.00815707 0.0064536 -0.0118463 -0.00969515 0.0032714 0.0188695
internal_weight=38198.5 33089.2 5109.28 28504.9 19271.7 8114.85 11156.9 591.79 3029.5 10565.1 171.246 8707.29 5100.13 2540.88 6683.56 4210.7 1431.28 9233.21 8845.98 4584.31 3574.32 917.275 551.882 365.392 101.174 234.514 1857.78 1702.36 1521.24 2657.05 104.403 317.368 136.598 2559.24 2552.65 2252.25 544.336 495.884 2079.78 976.9 192.03 784.87 2767.8 1879 115.682 3710.88 2792.51 2299.02 156.787 111.367 493.499 521.298 97.3057 2037.95 997.45 1040.5 716.795 235.92 2472.86 2155.03 710.27 189.988
internal_count=209461 170586 38875 151066 107554 47759 59795 3084 26031 56711 774 47388 27848 14326 39851 24233 7908 43512 41774 19520 15160 4047 2492 1555 430 1026 9323 8617 7733 11113 441 1466 614 13522 10672 11089 2558 2333 12844 5175 989 4186 23370 9947 535 21159 15673 12806 852 615 2867 2438 475 11084 5508 5576 4045 1334 15618 17279 3791 1012
is_linear=0
shrinkage=0.05


Tree=35
num_leaves=63
num_cat=1
split_feature=2 14 13 7 2 5 15 14 16 2 2 17 13 21 5 10 4 1 1 1 18 2 13 2 1 13 18 6 10 16 11 2 9 16 7 5 7 3 11 2 18 7 16 1 1 7 18 14 4 2 3 14 2 18 7 18 2 18 1 1 3 2
split_gain=181.541 134.829 116.343 66.4853 63.5632 68.4232 56.5603 45.2822 44.5064 38.3019 54.6848 52.5215 38.042 37.0848 34.0636 39.5733 32.7785 31.4428 31.0567 30.6676 30.642 30.4497 74.225 72.0178 46.7982 29.7565 29.6171 28.9697 32.162 28.715 34.7603 28.7129 47.6326 42.1121 29.3309 27.9011 27.6776 27.346 55.5567 27.0909 29.446 47.3629 26.9265 26.8625 26.6635 38.2305 68.0396 34.1573 31.4987 29.6406 43.5181 37.4489 27.8389 26.65 29.7045 40.7653 44.0527 31.8482 29.2415 26.5268 26.4881 25.7952
threshold=0.024688065147332416 0.40519679097660755 0.58788830537410941 -0.044060353997202088 0.015855146407099511 -0.0074046659538887219 0.96596301659797268 0.8643169378490968 0.80904284011223393 0.019601302197532009 0.019993522459839312 0.056903560414914504 0.92297108032402164 0 0.12813495272611111 2.5000000000000004 0.097461805939314652 1.6459588477448805 3.0091789625605263 3.9359893753011135 0.96089080866732768 0.016702759712203214 0.13213163102382627 0.017124567590068959 3.2225447101192168 0.21975557546794108 0.68639899244332503 -0.0044396525993663496 2.5000000000000004 0.90784454313837426 2.5000000000000004 0.01629649707805603 5.5000000000000009 0.78590973064426783 -0.0047536040306330732 0.24666107994031797 -0.17004276603987287 4.0570900501903147 3.5000000000000004 0.016157952362357883 0.24804941152597407 -0.07493248777974125 0.9628335301062575 3.0248063081341505 2.4678200595557742 -0.086272211144079777 0.27994159587378648 0.63489887335414708 0.0067742333827279797 0.018474176830798477 3.7996321549297853 0.72226167929292939 0.019098867813954191 0.39076276664511961 -0.023058934987495446 0.59174698050844854 0.017234290056730769 0.54849511228796699 1.9282306824759905 2.7406249261532358 2.9932218155901094 0.013150474867107456
decision_type=10 10 8 10 10 10 10 10 2 10 10 10 10 9 10 2 2 10 10 10 10 10 10 10 10 10 10 2 2 2 2 10 2 2 10 10 10 10 2 10 10 10 2 10 10 10 10 10 2 10 8 10 10 10 10 10 10 10 10 10 10 8
left_child=1 2 3 39 19 9 14 13 12 11 -11 -6 -2 35 31 -16 36 25 -18 26 -20 22 43 42 37 -5 59 -24 29 30 -29 33 -33 -4 -34 -7 -9 44 -39 61 41 -41 -23 -15 49 -46 47 -47 -48 51 52 -25 -51 -19 57 56 -56 58 -55 -3 -28 -1
right_child=8 4 6 17 5 7 -8 16 -10 10 -12 -13 -14 21 15 -17 18 53 20 -21 -22 23 27 24 -26 -27 60 28 -30 -31 -32 32 34 -35 -36 -37 -38 38 -40 40 -42 -43 -44 -45 45 46 48 -49 -50 50 -52 -53 -54 54 55 -57 -58 -59 -60 -61 -62 -63
leaf_value=0.0080677965940875087 0.0052258762451292224 -0.026507100720417794 -0.032150405153173613 0.0014242418838334909 -0.0010646111847637798 0.010472815317328254 0.02182378587807653 -0.0081046300031244085 0.012529849331507399 0.022179446518641913 -0.0048970764766180204 -0.023371822710393148 -0.0083143657378065873 0.027857937020112827 -0.0057906670669484652 0.04848170961436974 -0.00055040703687842267 0.028196826645353685 0.01923920907945512 0.0046101494467175414 0.055834165244141101 -0.018734446461160861 -0.037650519187412024 0.014264830443738462 -0.017762231614695069 -0.01552384694423466 0.0044995142689604776 0.0070602105440701786 0.035332935268997209 0.026540870304362203 -0.017851473719311822 -0.011893595342967189 -0.022366254870880474 0.02216118624140757 -0.055269265793911261 0.047612544525753191 0.0075796293738149296 -0.0049047783649403976 0.055608514604360559 -0.0058914804604267507 -0.011811332560366207 0.032515823072919066 0.024187535945191876 0.075088791802351104 -0.0044612466715433612 0.06970962862375267 -0.0075394125096614004 0.023207097818566259 0.0078137830525395659 -0.0207456647540788 -0.037992826912403688 -0.027524705631451714 -0.00079939113132470512 -0.0075905665140341434 0.00020841618147088184 0.0049684062304857354 0.068878177540199842 -0.011021843732011861 0.021277985425905241 -0.010031345238693569 -0.023042287852880157 -0.033137498761971799
leaf_weight=46.286724090576172 7272.8221583068371 330.62246076017618 427.92074114084244 578.86243580281734 485.54212314635515 478.70542883127928 107.48741972446442 322.28317674994469 2053.7325444668531 220.78179034590721 1170.3824588432908 577.2202535495162 557.69138666242361 113.74206641316414 192.68650390952826 39.641207464039326 173.10897333920002 108.01331954449415 459.1274915933609 439.18322651088238 64.877582594752312 608.82062201946974 40.309228852391243 501.84453316777945 315.67365415394306 467.45736137777567 466.43054569512606 371.26510416716337 79.070265024900436 99.808952674269676 223.48296877741814 2503.9241264760494 233.35762027651072 38.238828077912331 96.153086423873901 55.716139853000641 2171.4089438766241 82.605962663888931 68.89920462667942 334.17961048334837 1201.7671402096748 104.55867480486631 38.028723821043968 41.188582792878151 836.17859552800655 48.368347615003586 404.42675192654133 208.84137776494026 1900.612159460783 181.9882890060544 83.168109476566315 59.076402813196182 3975.835514947772 163.28069734573364 41.746044181287289 1768.7769149169326 52.031758084893227 610.91916956007481 187.55743277817965 937.88333944231272 106.34774178266525 202.25471655279398
leaf_count=355 33782 2490 4277 3285 2651 2445 704 1600 8810 1212 6376 3322 2956 571 1127 232 708 703 1886 2093 263 3332 212 2821 1454 3555 2584 2062 417 454 1221 19731 1761 298 722 240 10062 424 319 2305 8010 708 167 191 4553 251 2046 1002 8883 1013 433 324 21433 1049 303 10177 323 3712 1207 5570 541 1613
internal_value=0.000147942 -0.0018927 -0.00674242 -0.00238551 0.000567495 0.00165134 -0.0137643 0.00300055 0.00597986 -0.00604881 -0.000587109 -0.013191 0.0042606 0.0014563 -0.0148533 0.00363772 0.00823385 0.0012822 0.0178121 -0.00725394 0.0238678 0.000780141 0.00921224 -9.70103e-05 0.0011048 -0.00615514 -0.0100847 0.00315396 0.00532591 0.00186394 -0.00231487 -0.0161559 -0.0142546 -0.0276574 -0.0321057 0.014162 0.00555017 0.00181995 0.0227987 -0.0101069 -0.00776644 0.00331475 -0.0161776 0.0408154 0.00142963 0.00481802 0.00784683 0.032188 0.00511791 -0.00096892 -0.00239818 0.00982239 -0.00167722 0.0039372 0.00299976 0.00668325 0.0386339 -0.00413327 0.00785912 -0.0143431 -0.000645419 -0.0254621
internal_weight=38134.2 28250 9507.1 5867.69 18742.9 16462.4 3639.41 14008.5 9884.25 2453.93 1391.16 1062.76 7830.51 10817.7 3531.92 232.328 3190.81 3978.65 697.114 2280.47 524.005 10283.2 968.867 9314.37 8667.52 1046.32 1841.28 813.937 773.627 694.557 594.748 3299.59 2833.43 466.16 329.511 534.422 2493.69 8351.85 151.505 1889.05 1640.51 438.738 646.849 154.931 8200.34 3398.43 2562.25 257.21 2305.04 4801.91 4240.99 560.921 4157.82 2932.33 2824.31 1862.55 93.7778 961.757 350.838 1268.51 572.778 248.541
internal_count=209331 163783 66157 37305 97626 84348 28852 70787 45548 13561 7588 5973 36738 56268 28148 1359 14519 24314 2857 13278 2149 53583 5128 48455 44956 6840 11185 4366 4154 3737 3283 26789 22214 4575 2483 2685 11662 43502 743 12991 11023 3013 3499 762 42759 16735 12182 1253 10929 26024 22879 3145 22446 17474 16771 10803 626 5968 2256 8060 3125 1968
cat_boundaries=0 1
cat_threshold=8837
is_linear=0
shrinkage=0.05


Tree=36
num_leaves=63
num_cat=0
split_feature=0 2 4 13 5 17 13 14 7 19 2 2 2 8 7 8 19 8 8 5 19 2 9 14 13 19 6 5 14 2 8 2 2 8 3 19 18 2 2 4 16 9 3 3 2 13 16 0 13 9 0 13 13 3 13 11 5 14 19 4 6 7
split_gain=187.196 99.2616 72.432 63.3448 55.9064 73.2674 46.3585 46.1161 43.7875 40.0684 52.7775 54.6423 44.3672 39.7256 59.7838 39.8848 37.5658 46.3777 43.232 37.2948 36.9963 39.6598 63.2324 36.604 40.704 48.8511 36.3788 34.1018 33.924 46.147 44.7621 54.7524 46.7897 55.6854 41.3167 39.2048 33.7905 33.1685 32.1917 31.8126 34.1753 55.7292 34.2067 31.2041 30.9026 30.838 30.6434 30.5039 30.2423 49.0214 36.5958 30.0611 29.9481 34.233 35.5417 35.8031 29.6725 41.8245 29.5615 39.829 28.3627 27.8431
threshold=0.036322854143790016 0.019157458180152343 0.035012547288379776 0.87585035762583752 -0.0074046659538887219 0.052975854338860658 0.86793072670022087 0.43677601860548332 -0.04644479160486991 0.0055167348396312184 0.029488768802778721 0.02878252898519407 0.0286543737976452 -0.43870663043165931 -0.14767243639281544 -0.24670081161614124 0.12840173040074296 -0.21980840273889876 -0.227905821978753 0.042372881355932208 0.2200230414746544 0.017171849919606429 3.5000000000000004 0.97020604779961606 0.54086826713652947 0.017256268238937531 -0.0031523024181799859 0.21078987432460675 0.66250864453665292 0.019694561176474532 -0.080539304558305089 0.029074073044636946 0.029907530114626588 -0.17066913123844737 2.0183535349041386 0.7540241611607722 0.49352327259304013 0.019202747510535755 0.019132334279948298 0.0990990990990991 0.73878416548271442 4.5000000000000009 1.7097735498976945 0.86512035931061748 0.019183909780195907 0.017049330274091532 0.84083467309753501 0.030132301001901601 0.21587229799874602 9.5000000000000018 0.025855859418708164 0.23564651589417265 0.59575791256483546 3.160193927078796 0.67492004618418511 3.5000000000000004 0.069274170565191376 0.43677601860548332 0.78552625198301373 0.097461805939314652 -0.0035558716611348569 -0.20392196112708147
decision_type=8 10 2 8 10 10 10 10 10 10 10 10 10 10 10 10 8 10 10 10 10 10 2 10 8 10 2 10 8 10 10 10 10 8 10 10 10 10 10 2 2 2 10 10 10 10 2 10 10 2 10 10 8 10 8 2 10 10 10 2 2 10
left_child=3 4 6 8 5 -2 9 -8 -1 51 11 12 44 14 -6 -15 18 -18 37 26 21 -17 -23 24 25 -4 -12 45 30 34 31 -26 -33 43 -30 -32 -24 -10 -20 40 41 -27 -43 -34 -11 -22 -41 -5 49 -19 -50 -3 -31 54 55 -54 -44 -58 -52 -60 -47 -28
right_child=1 2 23 47 13 -7 7 -9 16 10 19 -13 -14 15 -16 20 17 48 38 -21 27 22 36 -25 28 39 61 -29 29 52 35 32 33 -35 -36 -37 -38 -39 -40 46 -42 42 56 -45 -46 60 -48 -49 50 -51 58 -53 53 -55 -56 -57 57 -59 59 -61 -62 -63
leaf_value=-0.014030270388239015 0.0017100575217899447 0.0029024363929163158 -0.011280017924074494 -0.033473516835462173 -0.025453356099060701 -0.021886478273262913 -0.017562774547203199 0.00016758856633701429 0.021012829072263352 0.035884956641011448 -0.0019275711128234738 -0.015646246152814142 0.040043844641466216 -0.012211667259378708 0.044322629802483048 0.0015102100892882512 -0.041512267709885017 0.004390778869060705 0.019201858872444771 0.0024361703957493496 0.038465955702809043 0.0054724881604418605 0.077276871610147679 0.022552503559083437 -0.019078931684665922 0.0071888815747687103 0.0026539998277920777 0.011820385617390987 0.015051709859471666 -0.012988111340945544 0.017897180230543291 0.053273195076086625 0.04938439067001793 -0.017892255630594801 0.065996428568707577 -0.0012084353679304677 0.0231455500624498 -0.026123255429656229 0.081529025574781588 0.052050555787665792 0.003161927499811536 0.038901977538992216 -0.011998253140395005 -0.00050160513226879956 0.001755430464097697 -0.013641179971904772 0.014935680099984989 -0.013770341451179256 -0.030612842693572034 -0.054361659759481262 -0.00075733019454321602 -0.015426612735223133 0.014216359863502932 -0.026094164006591342 0.0049205778430145876 0.054713184856252095 0.06506239300244944 0.002537318297106534 -0.016166331351530849 0.021834853065427512 -0.0019379251895822191 0.028397266841855319
leaf_weight=1225.6334336772561 561.55926010012627 378.13725529611111 281.09114392101765 290.57490684092045 42.256927758455276 792.78585540503263 631.40634669363499 872.95649029314518 81.242151863873005 65.850579306483269 175.63962006568909 441.76944106817245 76.424993544816971 793.56982094049454 106.19256874918938 576.8675716817379 81.502212055027485 1216.501263462007 53.886139020323753 638.75896872580051 43.853312358260155 183.70990899950266 62.50996595621109 348.19202664494514 605.48080628365278 1194.0269158780575 129.61106272041798 426.83870296180248 130.43074864149094 209.14743189513683 375.95171883702278 43.856096871197224 62.529463768005371 195.09839751571417 56.834340378642082 932.94434022903442 54.991274774074554 67.329554930329323 33.554618492722511 57.207122832536697 1965.2756396383047 273.5863918364048 79.443308129906654 61.840491831302643 8485.1556969359517 577.26349341869354 1354.5247958451509 610.9537046700716 151.7014976888895 35.572343900799751 1363.0427659824491 545.75115209072828 219.1823126077652 72.865172401070595 1177.490750849247 72.206748738884926 44.040591537952423 66.058991968631744 756.39115996658802 74.993152007460594 4948.2984136790037 557.90468679368496
leaf_count=9516 3162 2040 1478 3407 216 4908 3999 4485 510 340 757 2140 312 4181 520 3209 559 6848 375 2780 213 989 313 1498 3556 5745 542 1859 589 929 1837 237 267 1006 257 4594 275 421 172 234 9313 1274 402 270 44895 3065 5668 5489 1410 195 10297 3315 979 334 5256 308 213 308 5825 376 26494 2370
internal_value=0.00013898 0.00166103 0.00342271 -0.00793239 -0.00273383 -0.0121085 0.000969984 -0.00728087 -0.00578637 0.00205032 0.00292322 0.00148492 0.00236383 -0.00110814 0.0244231 -0.00160554 -0.00320307 -0.00444475 0.0160931 0.0116015 -0.000379574 0.00919977 0.0238728 0.00664962 0.00606635 0.00897604 0.0183735 -0.00178365 0.00239663 0.00725711 -0.00174065 -0.00988258 0.00545346 -0.00125691 0.0307817 0.00428871 0.0523522 -0.000380086 0.0437708 0.0101091 0.00762413 0.0129109 0.027616 0.0247734 0.00202242 -0.0028282 0.0164755 -0.020151 -0.00359384 0.00267953 -0.0069415 -0.00792971 0.00472492 0.00713467 0.00879965 0.0244044 0.011207 0.0279083 -0.00529189 -0.0127164 -0.00316283 0.023555
internal_weight=38092.2 32049.4 22878.7 6042.88 9170.7 1354.35 12999.4 1504.36 5141.35 11495 10571.1 9069.2 8627.43 7816.35 148.449 7667.9 3915.72 3679.7 236.012 1501.91 6874.33 878.079 301.211 9879.31 9531.11 5315.25 863.155 5996.25 4215.86 1938.16 2277.7 968.805 363.324 319.468 187.265 1308.9 117.501 148.572 87.4408 5034.16 3622.43 1657.16 463.129 124.37 8551.01 5569.42 1411.73 901.529 3598.2 1252.07 2346.13 923.888 1750.89 1541.74 1468.88 291.389 189.543 110.1 2194.43 831.384 5525.56 687.516
internal_count=209331 163931 114527 45400 49404 8070 67975 8484 36504 59491 54136 47687 45547 41334 736 40598 26988 25510 1478 6449 36417 4786 1577 46552 45054 24635 3669 31631 20419 8652 11767 5336 1780 1543 846 6431 588 931 547 23157 17255 7942 2197 537 45235 29772 5902 8896 24951 7043 17908 5355 7806 6877 6543 1287 923 521 16498 6201 29559 2912
is_linear=0
shrinkage=0.05


Tree=37
num_leaves=63
num_cat=1
split_feature=14 13 1 7 4 19 19 15 3 4 17 1 13 14 9 18 4 1 7 18 19 5 9 13 14 7 18 19 3 15 13 19 13 22 9 15 6 3 1 4 18 7 18 14 14 1 19 14 9 17 1 7 19 9 9 15 3 4 1 17 1 5
split_gain=129.496 134 73.0474 65.7295 63.7142 54.0641 39.3142 38.6332 36.0893 49.5715 43.35 40.7231 37.856 35.7689 36.9752 38.3377 47.3434 34.8925 38.6599 34.4249 32.9187 32.7287 35.2809 44.0025 39.7166 33.9842 67.2643 37.2111 36.7128 64.5854 30.6141 30.5383 29.7262 33.0482 27.9761 27.449 27.1406 33.3714 26.9062 26.4131 29.6785 26.4093 26.0239 32.6885 25.9734 37.3671 56.3538 48.255 33.0209 41.4053 71.5096 25.5632 29.396 53.583 47.8264 36.8575 45.209 33.2443 31.559 26.5903 25.5105 25.3137
threshold=0.51235658508921189 0.77377742349149148 2.0820110862400507 -1.0000000180025095e-35 0.049413878842248245 0.51700417415807143 0.97166902738432503 0.29913450854567475 3.7996321549297853 0.044903035659803255 0.85554594386774319 1.4513170129989328 0.37852610010344562 0.86022280065693668 4.5000000000000009 0.54438620266434856 -0.0472004390779363 2.6411426410105938 -0.043108187124793577 0.95470396123051005 0.49720473963644041 0.15273251244432798 4.5000000000000009 0.35103435890381657 0.78986080283246929 -0.028983544522429957 0.74543314929417959 0.78134376483443657 1.463153261117742 0.42202866456679927 0.18782726101378952 0.29496750761866336 0.196046666788528 0 3.5000000000000004 0.3429524190205484 -0.0028350029362721458 0.2922600541359256 3.0416111109653339 0.036367599606675578 0.95317842308018352 -0.18704506958585645 0.56028746876534263 0.70622632608130853 0.27827851206771897 1.804695001639401 0.71476891397193421 0.43284353028247197 5.5000000000000009 0.58420931979628143 2.0945769898403435 -0.044981309320326228 0.89205124051101659 9.5000000000000018 8.5000000000000018 0.87182279649284744 2.0997852883107258 0.099480647754975129 2.1741998909599376 0.88295338918837019 1.2748038667173038 0.10361050739873491
decision_type=8 10 8 10 2 8 8 10 10 2 10 10 10 10 2 10 2 10 8 10 8 10 2 10 8 10 10 8 10 10 8 10 10 9 2 10 2 10 10 2 10 10 8 8 10 10 8 10 2 10 10 10 10 2 2 10 10 2 10 10 10 10
left_child=1 3 5 6 13 36 32 -6 9 34 19 -11 -12 21 17 16 -16 -15 -19 -10 31 22 23 -4 25 27 28 -24 29 -27 -20 -18 33 -1 -5 -13 -2 41 -32 -7 -41 -38 -23 -44 -3 46 47 -46 -47 -50 -51 -9 53 -53 55 56 58 -55 -54 -58 -35 -37
right_child=2 44 4 8 7 39 -8 51 10 11 12 35 -14 14 15 -17 20 18 30 -21 -22 42 24 -25 -26 26 -28 -29 -30 -31 38 -33 -34 60 -36 61 37 -39 -40 40 -42 -43 43 -45 45 48 -48 -49 49 50 -52 52 54 57 -56 -57 59 -59 -60 -61 -62 -63
leaf_value=-0.0037323106929947128 -0.0021061218402458441 -0.015234680968190532 0.0034298332094047767 0.0055004961535511931 0.015782811820123144 -0.0037615395600776114 -0.01462169662110017 -0.001362390016553422 -0.010446163491650319 0.039253116012322946 -0.045989390325870468 0.041354299750407136 0.009878340065942676 0.011887198139654149 -0.011594700932148476 -0.014522491079370226 0.03232210166756315 -0.0024145711313645099 -0.018055431973739006 0.048993178975961255 0.012785969379296481 0.018740814807199739 -0.029714158151834775 -0.0053007352787209361 0.0063801797633020758 0.05033273636423076 -0.031601251439848231 0.016336264472335764 0.049252927824252932 -0.033036473767059926 0.0013116341235260059 0.080812657078061637 -0.0029528511988489523 -0.012203200559212524 -0.033232585975746756 -0.0048290727034212165 0.0028905168016854529 0.011809856084443446 0.035848762252098633 0.012280589970578648 -0.01803224500936319 0.031881475362314365 0.015140526792071802 -0.023541107988077445 0.0067179289432045299 -0.015230860479515105 -0.015197278178839419 0.053972345340713317 0.050152211454265488 0.040584840846855354 -0.051282334623923558 0.0078479793538739871 0.040724087527411072 0.068831675947152934 -0.037790996123528445 -0.015079689076353105 0.057946389426282434 0.015215268439728341 -0.0011862543664421486 0.015693147258712854 0.0085452871851237119 0.014933033503173911
leaf_weight=1206.2622377499938 175.00083190202713 2109.0066376551986 2288.1963568329811 107.69994175434113 826.17037020623684 720.60786899924278 589.27513822168112 1495.8889922648668 53.486351162195206 166.04711704701185 89.456997901201248 73.996098361909389 45.149672046303749 687.85356420278549 62.348601445555687 69.440633773803711 80.930279478430748 2767.4659213423729 52.247436031699181 43.301502928137779 84.46446105837822 308.5730953514576 452.84444990009069 3904.7300813347101 222.51914282143116 36.908918589353561 118.01595944166183 47.930494919419289 58.386590182781219 58.997811675071716 86.715783432126045 56.067921862006187 8329.6643470153213 160.75929027795792 80.882206656038761 219.27894860506058 92.792745411396027 766.28119292855263 160.68081720173359 783.29205368459225 89.128720983862877 518.66689094156027 110.43474359810352 106.15512183308601 188.76434940844774 904.01273508369923 192.79230915009975 74.887441396713257 44.608456611633301 38.324509762227535 44.961347684264183 2336.9384623616934 47.326152190566063 58.356034785509109 77.723402574658394 231.00744022428989 57.978433340787888 57.783838406205177 636.28927758336067 104.04945506155491 1774.5026685968041 615.41672913730145
leaf_count=6791 821 16894 12123 606 3642 3603 3868 6896 250 717 405 321 213 3175 301 320 366 13423 239 212 383 1419 2514 21621 1089 197 648 246 311 324 397 251 51976 848 485 1052 402 3598 728 3557 384 2413 524 488 1094 6033 1124 358 292 230 279 10770 209 280 348 1014 263 244 2762 448 9902 2640
internal_value=0.000130988 -0.00308851 0.00277359 -0.000811542 0.00152889 0.00979469 -0.00203748 0.00575808 0.009075 0.0123991 -0.00904876 0.0165465 -0.0273156 -0.000592654 0.0031755 0.0186174 0.0267483 0.00171822 -0.00056548 0.0163752 0.0375466 -0.00259968 -0.00348034 -0.00207488 -0.0122118 -0.0175645 -0.0033301 -0.0252828 0.0183582 -0.000764204 0.0164637 0.0526092 -0.00138981 0.00275415 -0.0111997 0.0123587 0.0164311 0.0187855 0.0237971 0.00331988 0.00916665 0.0274938 0.00943868 -0.00383919 -0.0116657 -0.0066017 0.00530235 0.0202933 -0.0118673 0.0118418 -0.00902911 0.00413242 0.00641068 0.00950584 -0.000169158 0.00257931 0.0074154 0.0425132 0.00177041 0.0310753 0.00678131 0.00974186
internal_weight=38049.7 17152.5 20897.2 13555.2 17751.4 3145.77 12060.5 5929.51 1494.72 1263.32 231.395 1074.74 134.607 11821.9 4108.22 353.252 283.811 3754.96 3067.11 96.7879 221.463 7713.69 7188.53 6192.93 995.603 773.084 272.309 500.775 154.293 95.9067 299.644 136.998 11471.2 3141.52 188.582 908.692 1552.74 1377.74 247.397 1593.03 872.421 611.46 525.163 216.59 3597.36 1488.35 456.444 263.652 1031.91 127.894 83.2859 5103.34 3607.45 2453.08 1154.37 1076.65 845.643 116.14 683.615 162.028 1935.26 834.696
internal_count=209331 106590 102741 80286 87963 14778 73385 26876 6901 5821 1080 4730 618 61087 19583 1621 1301 17962 14787 462 1000 41504 39073 33744 5329 4240 1480 2760 832 521 1364 617 69517 17541 1091 4013 7234 6413 1125 7544 3941 2815 2431 1012 26304 9410 2576 1452 6834 801 509 23234 16338 11294 5044 4696 3682 524 2971 711 10750 3692
cat_boundaries=0 1
cat_threshold=13828387
is_linear=0
shrinkage=0.05


Tree=38
num_leaves=63
num_cat=1
split_feature=0 2 8 14 13 5 17 7 13 1 14 2 1 13 2 0 9 22 14 4 8 7 8 6 3 18 0 6 3 2 18 2 6 13 1 14 14 15 0 16 0 0 15 2 2 8 1 2 8 14 2 8 2 2 2 0 9 13 8 9 2 13
split_gain=162.733 88.2881 66.9231 78.0221 55.3595 49.5056 67.4088 48.9841 48.0958 62.8435 52.5387 44.2451 47.7536 42.2482 40.4831 39.7257 38.8582 36.0379 35.6177 39.6853 35.1525 53.0949 36.0738 32.0411 31.5832 30.8931 37.1567 30.3623 51.4436 31.4709 38.8311 29.0833 36.7441 37.7786 34.2106 43.5399 29.887 29.3009 28.187 29.1753 28.069 27.4591 37.2396 37.2289 36.5121 36.3976 27.2855 27.1062 29.0586 30.9196 26.7783 26.7164 30.4675 26.6039 34.9771 26.4951 26.3763 26.3612 37.8882 25.0862 24.9876 25.1822
threshold=0.036322854143790016 0.019157458180152343 -0.12638743953076317 0.55225044822688441 0.90324038966341957 -0.0074046659538887219 0.052975854338860658 -0.030506858832463509 0.5644592669025158 1.6719773450792903 0.29792062015929505 0.019183909780195907 2.0758849010064178 0.2675022441651706 0.019202747510535755 0.067380670948475122 4.5000000000000009 0 0.28627864295048405 0.041357434343940132 -0.43870663043165931 -0.14767243639281544 -0.24670081161614124 0.021436403837071131 2.4426103179864804 0.29156751471028791 0.047477379855504258 0.0037287925070990107 3.6807682611184198 0.019694561176474532 0.43855575529304347 0.021890372676806141 -0.0023663972523472183 0.73768604761553158 2.3686679698960074 0.63911902316558267 0.77386399730019462 0.65470574523820113 0.060354210524743664 0.033219090102293437 0.030132301001901601 0.047891250404277885 0.9035228747108931 0.018190772603840517 0.017778642815241479 -0.18207974222602438 1.9340935928530352 0.020818169700589948 -0.27647122221560433 0.44858954555181091 0.022219116742868653 -0.15169400429862193 0.031827200496059742 0.020595189563327555 0.022606708893796294 0.046663929748886265 5.5000000000000009 0.78970405780178088 -0.28431000906806997 7.5000000000000009 0.017033105306656072 0.021075876539867335
decision_type=8 10 10 8 8 10 10 10 8 10 10 10 8 10 10 10 2 9 10 2 10 10 10 2 10 10 10 2 10 10 10 10 2 10 10 10 10 10 8 2 10 10 10 10 10 10 8 10 10 10 10 8 10 10 10 10 2 10 8 2 10 10
left_child=4 5 3 8 7 6 -2 60 47 10 -10 -5 57 18 -15 31 -17 38 55 25 21 -7 -22 41 -11 26 50 29 53 -21 -31 34 -33 -34 35 46 -36 -37 59 -40 -6 43 -43 44 -24 -46 -16 48 -3 56 -20 52 -12 -29 -55 -4 -50 -13 -59 -14 61 -1
right_child=1 2 13 11 40 20 -8 -9 9 24 51 12 17 14 15 16 -18 -19 19 27 22 -23 23 -25 -26 -27 -28 28 -30 30 -32 32 33 -35 36 37 -38 -39 39 -41 -42 42 -44 -45 45 -47 -48 -49 49 -51 -52 -53 -54 54 -56 -57 -58 58 -60 -61 -62 -63
leaf_value=0.017499115522677262 0.0017428777225724991 0.038273805239681935 0.01794856776403354 0.051492594745316748 -0.034140548040428084 -0.024592637745603021 -0.02096104049425998 -0.0017963544177572737 -0.010818728553312437 -0.015914264355143506 0.011912104534392925 0.0088160577327917877 -0.0075694058566267977 0.032291270495920135 -0.013590069613276749 0.0099149234618150315 0.042510447805490049 0.0076364994709371067 -0.035371543085308016 -0.023208722233867118 -0.011677125192386249 0.041254679895572938 -0.003858391606353654 0.0099847780484526513 -0.042722266260732604 -0.0027916971068490427 0.028917831100537597 0.051129350688711522 -0.022858819154581413 0.041079697383411343 0.0063100487558786448 -0.0074088598848538953 0.0097892835621549157 0.00021374381717998225 0.012285773429930954 -0.039373261210594826 -0.0028627587209027775 -0.0033016086245004615 -0.012339222438133905 0.0041353248342142612 -0.013375654211807461 0.004024176740687448 -0.019436378526677168 -0.015804897979331163 0.057078867594812011 0.0073274529836446327 0.0020623521437824542 -0.0035054276615645238 0.0075645618652781209 -0.01219699785615958 0.020203977448555274 -0.0028173307228321585 0.056677601295912254 -0.003975358410192655 0.032744171060654977 0.049092382267863506 0.046973884811633518 0.070884819345806122 0.017679699735840985 0.033370633249771395 -0.0074626035173805411 -0.021247317696365814
leaf_weight=43.850065097212791 561.27883855998516 70.559724792838097 480.87039084732533 47.17631459236145 243.17374490946531 41.813625238835812 781.5376567915082 3218.3047814667225 373.29149567335844 882.80272323638201 88.132015936076641 1087.8612886369228 1474.5998912900686 124.82432169467211 397.75086610019207 462.64100867509842 113.28648574650288 1636.1109386831522 47.645474314689636 71.114788725972176 788.79123371839523 107.9192841053009 2721.2798576578498 670.06412949413061 125.13775942474604 876.14292158186436 186.78220169246197 110.59222909808159 50.748815819621086 94.193677306175232 516.94122348725796 528.4473045617342 3003.920534029603 1567.3743969798088 653.3979576677084 148.82427734136581 647.41312742233276 90.500214919447899 305.34563194215298 2189.173202931881 495.64564972370863 2425.504748865962 180.83546245098114 591.48128381371498 42.60462424904108 237.04695825278759 922.00486551225185 2074.9523551017046 339.63180600106716 186.75144551694393 38.212895438075066 89.320906259119511 66.773828282952309 89.234008774161339 234.42616006731987 79.27118818461895 47.63477748632431 40.556251034140587 178.18736298382282 37.418169304728508 1282.383341781795 705.69582015275955
leaf_count=270 3162 380 2215 220 3037 216 4908 22059 2233 5878 435 5090 7982 627 2530 1984 473 7837 281 336 4181 520 15822 3165 786 4137 843 481 218 413 2251 2628 13567 7665 3206 818 2909 449 1480 10220 4653 11598 847 3416 238 1331 5312 11287 2086 1067 173 501 275 412 982 339 264 178 902 177 9364 6017
internal_value=0.000123517 0.00153816 0.00319833 0.000470795 -0.00744069 -0.00261261 -0.0114769 -0.00563505 -0.00479102 -0.0115925 0.000968744 0.00373875 0.00340721 0.00587945 0.00413489 0.0037194 0.0163891 0.00141182 0.0111292 0.00838617 -0.00108674 0.0228253 -0.00155722 -0.000393556 -0.0192816 0.00178566 0.0164517 0.0148752 0.0244297 0.00805719 0.0117274 0.00280072 0.0050637 0.00650685 -0.00123497 -0.00622831 0.00474995 -0.0258033 -0.00114756 0.00211459 -0.0202471 -0.00151685 0.00238959 -0.00435089 -0.0020888 0.0150834 -0.00266173 -0.000723001 0.00822543 0.00447167 -0.0106888 0.0189561 0.0314485 0.0299958 0.0226394 0.0224357 0.0125205 0.0120167 0.0278219 -0.00653487 -0.0117111 -0.0189603
internal_weight=38017.2 32028.1 22878 11341.4 5989.05 9150.16 1342.82 5250.23 4344.99 1625.46 617.518 6996.43 6949.25 11536.6 8660.39 8535.56 575.927 5642.65 2876.18 2316.03 7807.34 149.733 7657.61 6868.82 1007.94 1148.78 272.641 1167.25 485.001 682.25 611.135 7959.63 5099.74 4571.29 2859.89 1559.08 1300.81 239.324 4006.54 2494.52 738.819 6198.75 2606.34 3592.41 3000.93 279.652 1319.76 2719.53 644.578 574.018 85.8584 244.227 154.906 434.252 323.66 560.142 387.267 1306.6 218.744 1512.02 2031.93 749.546
internal_count=209331 163931 114527 59278 45400 49404 8070 37710 25192 10108 3444 34086 33866 55249 42168 41541 2457 27696 13081 10527 41334 736 40598 36417 6664 5434 1297 5093 2093 3000 2664 39084 23860 21232 15224 9109 6115 1267 19859 11700 7690 33252 12445 20807 17391 1569 7842 15084 3797 3417 454 1211 710 1875 1394 2554 2350 6170 1080 8159 15651 6287
cat_boundaries=0 1
cat_threshold=4326407
is_linear=0
shrinkage=0.05


Tree=39
num_leaves=63
num_cat=2
split_feature=2 14 13 2 5 5 13 8 19 2 2 13 19 18 1 19 9 21 19 14 11 8 21 7 18 19 2 2 2 13 1 17 2 4 11 2 2 2 8 19 18 1 13 1 8 19 18 2 13 2 8 7 14 6 18 2 6 6 7 13 2 18
split_gain=136.867 98.8249 88.3945 51.4839 52.5839 43.2161 44.0957 42.689 41.5808 41.4201 94.896 78.2529 41.1989 38.2284 37.2253 42.3952 60.9304 37.024 35.1299 51.351 40.8494 36.6287 36.3192 35.0851 50.4095 42.2782 32.2771 74.4 72.3333 36.9503 31.0167 30.7635 40.4807 30.7201 31.3023 30.5486 29.7016 63.9313 31.2357 45.5 29.3309 29.0921 28.8852 28.8317 28.1266 48.8081 28.2337 27.8333 41.5153 42.5066 27.3259 27.0179 41.6668 35.6663 33.3056 42.8546 30.1566 28.2557 34.6106 29.9999 26.9032 51.6293
threshold=0.024688065147332416 0.40519679097660755 0.196046666788528 0.015855146407099511 -0.0074046659538887219 0.15020744721399995 0.87585035762583752 -0.096194137414255074 0.024960370395492152 0.016702759712203214 0.017124567590068959 0.13213163102382627 0.41808127908905951 0.97429867737649489 1.7987806117894454 0.90845678561872101 4.5000000000000009 0 0.20391383260819199 0.86835427587624636 1.5000000000000002 -0.14430379746835445 1 -0.038317654658490179 0.50918274419859688 0.53657421857582388 0.030338905914821291 0.030196908294105849 0.030519706672412588 0.021075876539867335 2.7774235880015574 0.1008708731482886 0.019601302197532009 0.0990990990990991 4.5000000000000009 0.017753894565173203 0.019684113757497717 0.019413078618070168 -0.22159090909090909 0.14005418921495302 0.78500547045951874 3.2225447101192168 0.87199397590361449 1.888132689784745 -0.15169400429862193 0.28295014094432708 0.33133872786838298 0.013150474867107456 0.88764526760074791 0.012652780381683429 -0.0033679486234230445 -0.026826168071017117 0.13174675009688061 0.0045494023817425075 0.83274019662165377 0.020168012345317527 0.0025604916563570783 0.0095722300610984207 -0.016765876530961673 0.53719758215715985 0.02102703621012365 0.91126110331930821
decision_type=10 10 8 10 10 10 10 10 10 10 10 10 8 10 10 10 2 9 8 10 2 8 9 8 8 10 10 10 10 10 10 10 10 2 2 10 10 10 10 10 10 10 10 10 10 8 8 8 10 10 10 8 8 2 10 10 2 2 10 10 10 10
left_child=1 2 17 47 31 6 23 -7 -2 11 -11 12 -6 26 -9 16 -16 50 20 22 21 -12 -20 40 25 -25 27 29 -28 -10 -14 -5 -33 34 42 -26 37 38 -22 -40 -4 44 -31 -29 45 -24 -47 48 49 -3 -1 53 -53 -37 57 56 -56 59 -59 -54 61 -57
right_child=8 3 5 4 9 7 -8 14 13 10 18 -13 30 -15 15 -17 -18 -19 19 -21 36 -23 41 24 35 -27 28 43 -30 33 -32 32 -34 -35 -36 51 -38 -39 39 -41 -42 -43 -44 -45 -46 46 -48 -49 -50 -51 -52 52 54 -55 55 60 -58 58 -60 -61 -62 -63
leaf_value=-0.0064706042711569342 -0.0023301026388563881 -0.01553996097818975 -0.013370913092265044 -0.0010022893214931381 0.012554958486640287 -0.035942314191574544 -0.018041019731904393 -0.019418073088202308 0.032745737879686314 -0.014476181102905956 -0.0036489498127098112 0.0057465465107579316 0.030296502275569206 0.039565931201415397 0.013056433418573092 0.0044485683266386831 0.089170758948947618 0.0083505310385395565 0.013875709185352417 0.0088116130550657222 0.0072187923760431098 0.046030702343425503 0.0061603048053900464 0.028094839631119979 -0.013634747433668449 -0.007007788252038738 0.064155718274472334 -0.030523337356314947 0.009948705442792102 0.0060367473920941769 0.081420544804486364 -0.024841787430667672 -0.0035930919351588493 0.015202067693008678 -0.014091103580467014 -0.024748706606279633 0.0073406680008754974 0.059402480816115683 0.074670892704922123 0.014898631109659397 0.037131165610250046 -0.017170356340974906 -0.0058479868530456214 0.0022095190738841046 0.0010749181504094432 -0.0015402641077714599 -0.019246640730100309 -0.010012289905989005 0.042630280914191479 0.012167968128311906 0.026056003954352598 -0.012500531456878057 0.026826906680340407 0.0089172856922696761 -0.038010107357082393 -0.0048479758890539312 0.00084735987766084049 -0.039545010872571215 0.020191195376062648 0.0034787437509521814 -0.0022363690964621943 0.070131853041479147
leaf_weight=983.50847318023443 1555.6244566738605 276.97752659767866 2062.4995602294803 1515.7841548472643 88.059875279664993 43.589656352996826 1230.935968130827 55.444597080349922 122.26351548731327 846.71144422888756 761.42443160712719 1174.040511354804 58.050327226519585 85.91819579154253 56.661125794053078 110.08238499611616 48.723678439855576 1262.4550773575902 406.85732810944319 1876.3413348048925 402.42256897687912 38.001248210668564 491.29080285876989 204.6919742077589 1007.016315035522 146.57064876705408 62.523010358214378 202.65205991268158 2020.0130185633898 4269.8872018754482 63.924121171236038 388.17963838577271 529.51189218461514 661.42604233324528 233.50372561812401 270.56458792835474 1067.3156467974186 91.677079901099205 46.191221207380295 99.997046247124672 28.221566177904606 276.3356786519289 579.97155343741179 100.26644004881382 5241.7572842314839 345.19386677443981 647.3331139087677 1650.4071716442704 57.264404445886612 274.71409997344017 68.123465716838837 490.9821974337101 314.49281468987465 110.15048112720251 122.2636441141367 49.626678302884102 83.857251457870007 52.635749682784081 43.402239955961704 244.56813657283783 231.21539518237114 41.532414197921753
leaf_count=5780 8507 1555 15682 8262 443 238 11523 307 542 4465 4035 6064 275 361 293 534 234 7191 2008 8361 1990 182 2680 1432 7900 1097 258 1001 8627 19083 284 2323 2976 2712 1034 1762 5379 447 229 507 185 1252 2969 454 26611 2031 3544 9897 288 1538 294 3775 1878 710 749 307 515 308 253 1650 1328 232
internal_value=0.000116502 -0.00166536 -0.00585864 0.000432818 0.00140462 -0.00864164 -0.00948781 0.00945227 0.00517312 0.00258207 0.00168238 0.0107906 0.0388246 0.00657304 0.0168616 0.0262437 0.0487546 0.00261966 0.00284374 0.00142527 0.00809455 -0.00123284 -0.000446324 -0.00757211 -0.0044459 0.0134693 0.00622479 0.00440685 0.0116061 0.00565553 0.0575337 -0.00537872 -0.0125985 0.00507338 0.00375275 -0.00650459 0.0124594 0.0209672 0.014448 0.0341639 -0.0126718 -0.00129835 0.0046146 -0.0197171 -0.000645688 -0.00672056 -0.0130962 -0.00664292 0.00249026 -0.00174578 -0.00429997 -0.00300615 -0.000269641 -0.0150104 0.00481028 -0.00452363 -0.0222738 0.0123358 -0.0126187 0.0166374 0.00685929 0.0297034
internal_weight=37973.6 28079.6 9363.82 18715.8 16456.4 7049.73 6735.23 314.501 9894.05 14022.9 12638.9 1384.07 210.034 8338.42 270.912 215.467 105.385 2314.09 11792.1 9285.11 2507.03 799.426 7408.77 5504.29 3413.57 351.263 8252.51 6169.97 2082.54 5867.05 121.974 2433.48 917.692 5744.79 5083.36 3062.31 1707.6 640.288 548.611 146.188 2090.72 7001.91 4849.86 302.918 6725.58 1483.82 992.527 2259.36 608.956 551.692 1051.63 2055.29 1674.58 380.715 1183.59 528.495 206.121 655.099 96.038 559.061 322.374 91.1591
internal_count=209331 163783 66157 97626 84348 52892 51286 1606 45548 70787 63721 7066 1002 37041 1368 1061 527 13265 59256 46487 12769 4217 38126 39763 23896 2529 36680 27795 8885 26340 559 13561 5299 25798 23086 21367 8552 3173 2726 736 15867 36118 22052 1455 34866 8255 5575 13278 3381 3093 6074 13467 10995 2472 7220 3131 1264 4089 561 3528 1867 539
cat_boundaries=0 1 2
cat_threshold=12811 8837
is_linear=0
shrinkage=0.05


Tree=40
num_leaves=63
num_cat=0
split_feature=0 13 8 14 2 13 19 15 0 6 7 2 19 1 0 0 9 8 13 1 2 2 19 19 10 1 14 15 2 13 9 14 15 9 2 19 7 13 2 0 9 17 10 13 7 13 7 0 13 13 19 6 11 13 9 19 19 9 8 13 17 8
split_gain=119.54 57.7093 57.4992 95.7594 62.5578 55.4474 47.9122 52.6691 44.5654 40.3619 39.7494 67.9656 51.5005 42.9734 49.1593 42.3902 37.998 36.7182 45.7303 37.8661 37.5474 38.8149 35.4322 37.8278 48.7759 34.5754 53.2422 33.4138 31.6607 31.4204 30.9178 30.9798 30.3824 46.0945 41.0065 39.1883 41.4999 31.5837 30.1226 46.6563 33.4764 47.7621 30.0753 29.88 29.2989 29.2928 41.8399 28.8219 34.8065 44.8841 28.584 27.8622 29.1722 31.4717 27.8367 27.5762 49.6341 28.6096 27.34 26.6985 26.6262 36.5492
threshold=0.03671773857805672 0.16018690773792224 -0.11714675142884699 0.55225044822688441 0.021890372676806141 0.53322231565902467 0.3624195526645812 0.92674789094463972 0.028268404711035443 0.021436403837071131 -0.066666666666666693 0.015160981860694056 0.27515561840558939 1.8440817451228639 0.068968256882130069 0.055313958016621707 5.5000000000000009 -0.27647122221560433 0.5644592669025158 1.6660653702464374 0.031827200496059742 0.034396249380162246 0.049146809719854183 0.09664279913148692 2.5000000000000004 2.5018440931260062 0.646821322642678 0.64264813615919325 0.019266652616632195 0.088523966767109843 6.5000000000000009 0.50834327764518705 0.64677757998995855 5.5000000000000009 0.023336571749899858 0.87996070241111457 -0.022727272727272648 0.94222853535353546 0.015855146407099511 0.043955920997205793 4.5000000000000009 0.56442508380241618 1.5000000000000002 0.20763587337162071 -0.032456385788197477 0.12024108609527492 -0.0047536040306330732 0.047053915962915048 0.60742994576446285 0.37852610010344562 0.35854460847240055 -0.0023663972523472183 3.5000000000000004 0.1403405329361139 3.5000000000000004 0.13639610389610393 0.18807953526644808 8.5000000000000018 -0.13333333278730422 0.58005001971220194 0.58025723605433754 -0.22159090909090909
decision_type=8 8 10 8 10 10 10 10 10 2 8 10 10 10 10 10 2 8 10 10 10 10 8 8 2 10 10 10 10 10 2 10 10 2 10 10 10 10 10 10 2 10 2 10 10 10 10 10 10 10 10 2 2 10 2 8 10 2 10 10 10 10
left_child=1 55 3 17 9 51 44 -8 -3 25 13 -12 22 -5 60 -14 27 20 -19 -20 29 -22 59 28 -25 26 45 42 -24 -2 31 -9 33 34 35 36 -10 -38 40 54 -27 -42 -16 50 -7 46 -4 -47 49 -49 -17 52 53 -6 -40 -1 -57 -58 -36 -13 -15 -62
right_child=2 8 4 10 5 6 7 30 32 -11 11 12 15 14 16 43 -18 18 19 -21 21 -23 23 24 -26 38 -28 -29 -30 -31 -32 -33 -34 -35 58 -37 37 -39 39 -41 41 -43 -44 -45 -46 47 -48 48 -50 -51 -52 -53 -54 -55 -56 56 57 -59 -60 -61 61 -63
leaf_value=0.023382281207038648 0.031796414065296229 -0.020512016663489931 0.0020388947315015736 0.019181085931386267 0.029310363391068496 0.013816799809344863 -0.0016052142663093014 -0.0042555012992719831 -0.012950881240777125 0.010525695634367671 -0.030799286194858739 -0.016204234313044543 -0.0094264342525304159 -0.0064156189241627998 0.0054886135253354867 0.022269786386475213 0.044421027573901255 -0.004381863262303407 -0.0025670207334232346 -0.019909685903502238 0.057412841093607753 0.0052205723174960292 0.01295122309443119 0.0090754946034647035 0.043201558688204002 -8.6706334300696561e-05 -0.017514557006502365 -0.0074219051485677799 0.04457583524454057 -0.0051765846232054904 0.061275133566685562 0.042287539610182966 -0.0012420530095613672 -0.03324825621811902 -0.016306591018048735 -0.028454578570229955 0.0075341475934164381 -0.027879715357152196 0.010490644521511426 0.0030123900495160304 0.019581617109641403 -0.032455381201997334 0.033115095659813326 0.018691356932423294 0.055958082073297236 -0.0046607768676897874 0.046499130093736518 0.0021861319339407247 -0.012155235769237065 0.056181177840808644 -0.025137334274579599 0.013060938270806741 -0.022194286388827776 -0.0032819937947610824 0.044153070140089179 -0.036310733576521842 0.004112561580716617 -0.033293033119153707 0.021030406498147407 0.010666341329058103 -0.0081470951604727219 0.010979769968835013
leaf_weight=139.33267982304096 62.845306515693665 705.12749464064837 186.57205486297607 273.04322694242001 107.58778513967991 327.79799662530422 2711.9394204691052 90.132841691374779 1277.9892810210586 939.95723302662373 118.04735843092203 176.75831988453865 648.15184617042542 3239.8008117005229 1605.1439698934555 47.438353300094604 58.259623885154724 3066.1503103300929 441.45476347953081 1098.4062878340483 59.17129297554493 87.865984424948692 145.47267189621925 1471.6209084019065 111.85276733338833 830.36717014759779 617.73694989830256 506.56267292797565 175.56987905502319 573.92083078622818 44.871708422899246 58.083033427596092 1499.1582719013095 199.14309472590685 66.285621948540211 264.86238761991262 509.17790926247835 70.832541204988956 140.10390941053629 3356.7672905772924 56.067698776721954 196.13132165372372 104.02813136577606 323.33347913622856 46.431864693760872 2297.0224001333117 72.92096970975399 81.609725311398506 84.183518245816231 71.982835024595261 91.845924809575081 3112.0694544017315 112.3390890955925 232.45795696973801 109.53069467842579 86.580934911966324 1244.4555582329631 52.311714462935925 180.8870003670454 191.6386117041111 433.73493812978268 586.13950922340155
leaf_count=770 312 7016 999 1191 476 1502 12894 437 11019 4330 662 811 3405 17890 7408 207 251 17435 2483 7583 243 361 707 7006 512 4690 3300 2334 794 3326 212 251 11095 1533 460 2261 3917 731 799 15726 325 1029 463 1418 200 13603 315 420 447 367 404 13613 503 1060 569 546 7017 286 1090 877 2208 2974
internal_value=7.90793e-05 -0.00621131 0.00133324 -0.000812785 0.003454 0.00706011 0.00236681 0.000194976 -0.00891446 0.000723821 0.00201096 0.00633892 0.00764329 -0.000216175 -0.0010296 -0.00118023 0.00490498 -0.00621279 -0.00791499 -0.0149427 0.00378752 0.0264699 0.0119539 0.0146983 0.0115118 -0.000414648 -0.00424325 0.0038464 0.0303306 -0.00148342 0.0253569 0.014145 -0.00689982 -0.0101995 -0.00824956 -0.0104941 -0.00791983 0.00316876 0.00237163 0.00456712 -0.00493978 -0.0208551 0.00718847 0.0103686 0.0191806 -0.00130414 0.0146634 -0.0029439 0.0135919 0.0276912 -0.00894746 0.011376 -0.000218226 0.00708568 0.0253777 0.00226312 0.000120617 0.00257912 0.0109922 -0.00223523 -0.00419814 0.00284543
internal_weight=37879.1 6296.14 31582.9 15698.3 15884.7 6843.71 3279.26 2905.03 4773.46 9040.95 10308.4 3501.73 3383.68 6806.71 6533.67 1110.77 2273.99 5389.81 4606.01 1539.86 783.803 147.037 2272.91 1904.52 1583.47 8101 3412.03 2215.73 321.043 636.766 193.088 148.216 4068.34 2569.18 2370.03 2122.86 1858 580.01 4688.97 3606.4 1082.57 252.199 1709.17 462.618 374.23 2794.29 259.493 2534.8 237.776 153.593 139.284 3564.45 452.385 340.046 249.635 1522.68 1383.35 1296.77 247.173 368.397 4259.68 1019.87
internal_count=209073 47741 161332 83265 78067 31148 15496 13794 39122 46919 51522 16803 16141 34719 33528 5434 10456 31743 27501 10066 4242 604 10707 9019 7518 42589 19451 10205 1501 3638 900 688 32106 21011 19478 17928 15667 4648 23138 17094 6044 1354 7871 2029 1702 16151 1314 14837 1234 787 611 15652 2039 1536 1368 8619 7849 7303 1550 1688 23072 5182
is_linear=0
shrinkage=0.05


Tree=41
num_leaves=63
num_cat=0
split_feature=0 5 2 13 2 2 2 19 9 16 14 6 0 0 2 2 8 2 14 13 19 8 14 18 11 11 19 3 13 3 3 15 3 19 2 2 19 4 13 14 8 15 19 9 3 2 2 2 2 13 2 0 2 2 5 19 17 4 19 5 9 6
split_gain=108.444 62.155 54.1373 52.5801 51.7243 70.3894 51.7038 65.8149 50.93 49.7765 45.8143 55.9365 41.3803 38.4386 37.9573 37.7767 66.1705 54.6311 48.291 42.7118 61.0832 37.6147 43.6159 37.4607 36.8826 36.2815 35.1208 33.764 33.3373 37.1976 32.3441 31.6812 31.1036 39.8458 41.1635 31.8785 31.5615 30.2098 30.0747 34.9411 47.7745 30.0005 29.9659 29.7397 29.0126 38.1095 70.7094 39.6287 36.8614 31.4506 29.4171 28.8629 30.1807 39.1971 36.2898 28.7866 28.733 28.5811 28.3841 28.2937 28.0376 42.0708
threshold=0.03671773857805672 0.1975416558749892 0.019157458180152343 0.16018690773792224 0.019993522459839312 0.019946028340838352 0.021838952080671343 0.024960370395492152 6.5000000000000009 0.92752551239173331 0.86835427587624636 -0.002982477988148768 0.028268404711035443 0.054528070122068291 0.036099691589757031 0.030338905914821291 -0.078680836949832564 0.030519706672412588 0.27404851947215975 0.5566362751242665 0.7501931993817621 -0.020507223499698465 0.3814544081052258 0.91126110331930821 5.5000000000000009 3.5000000000000004 0.79698914840292223 2.6867727523172751 0.1005419427749525 0.14205057088446191 1.7861551014938077 0.084954702601761439 1.2204328017566215 0.87186427345537765 0.023336571749899858 0.020300935618431059 0.34247181476542615 0.099678450351781481 0.017049330274091532 0.37343725582122211 -0.12180507263890654 0.72988618942168482 0.60422253196261433 6.5000000000000009 2.9507908811730625 0.033449360586656769 0.031827200496059742 0.034219272504676365 0.032476069765123509 0.60742994576446285 0.032687146649083572 0.043474353517997867 0.019183909780195907 0.019413078618070168 0.040077268623193281 0.65966876260993923 0.59160726623190618 0.010213557179399315 0.91698896873236935 0.11449828520854068 3.5000000000000004 -0.0063071592522903055
decision_type=8 8 10 8 10 10 10 10 2 2 10 2 10 10 10 10 10 10 10 10 10 10 10 8 2 2 10 10 10 10 10 10 10 10 10 10 8 2 8 10 10 10 8 2 10 10 10 10 10 10 10 10 10 10 10 10 10 2 8 10 2 2
left_child=3 2 38 -1 5 9 8 14 -6 23 11 -9 -5 24 59 16 18 -17 28 -18 27 -22 -23 51 25 -10 42 -21 -13 -30 -27 -20 33 34 -14 -34 -37 -11 -2 40 -40 -24 -7 -38 45 46 -19 -47 49 -48 -50 -4 -53 54 -54 -32 -56 -49 60 -8 -55 -62
right_child=1 -3 4 12 6 26 7 10 13 37 -12 15 32 -15 -16 17 19 44 31 20 21 22 41 -25 -26 30 -28 -29 29 -31 55 -33 35 -35 -36 36 43 -39 39 -41 -42 -43 -44 -45 -46 47 48 57 50 -51 -52 52 53 58 56 -57 -58 -59 -60 -61 61 -63
leaf_value=0.0021442953947366228 0.027193872223423971 0.0096495389857625194 -0.003789411166875751 -0.019800937333595885 -0.0052500567210534291 0.031425555278148047 -0.012997034491269294 -0.0070464314656529152 -0.018515640682197295 0.047101365988910647 0.011594879973215755 0.017457173008876361 -0.0096680473955272142 0.045752532564208151 0.0064730211591971232 0.064038406915590457 0.012719649184384103 0.0031645258120991497 0.017158470076809585 0.0085195066225099911 -0.020036100066522223 0.017058216594102431 -0.025490679632268989 -0.026018251423335043 -0.023122627308469 0.057341548946766102 -0.0063608878238192446 0.04716697768707713 -0.0041207758268973901 -0.028375458687665136 0.032579079238108606 -0.00069431494038245368 0.0035482030955452759 -0.025429683070799122 0.014082326639806074 -0.040127074293230279 0.0008461519984125787 0.010678911682942049 -0.02914769924643278 -0.0019462248944389195 -0.0039445633570902644 0.010307305265425334 0.076751041094502315 -0.036398743652910896 0.037604055331083873 -0.037359290572646885 0.029696656904572162 0.017858935637391032 -0.014981567659587108 0.071320535453725284 0.037914042429793245 0.036202203633602444 -0.022854202552785953 0.0043877200466741102 0.041488897851043954 -0.016335591262272089 -0.0022007706242384412 -0.0093611626887642341 0.049527239827719532 0.007413556487507765 0.062362403510827891 0.014252160032042122
leaf_weight=1524.109624274075 82.145972594618797 2065.4752600640059 660.98945084214211 694.24532854557037 4111.8868841156363 152.49857750535011 1222.6159066781402 1291.161595903337 57.312340974807739 108.57222037017345 1675.7907714098692 76.512068763375282 1945.7829775884748 74.190684273838997 450.90428577363491 47.007479190826416 1902.6224568486214 517.27019685506821 270.3485554382205 773.88564814627171 356.37859599292278 230.49580624699593 165.07991676032543 100.34117574989796 80.344556152820587 57.926818504929543 44.313058361411095 60.059537872672081 291.30557020753622 345.65143968909979 70.530227482318878 2950.7400272190571 1100.9185415953398 358.95264978706837 200.4204188361764 82.034749083220959 295.50322813540697 120.09908503293991 288.69887418299913 7443.3370399475098 536.86872535943985 89.682573318481445 48.355630248785019 64.460920177400112 86.500546976923943 72.366069346666336 114.53482058644295 172.0959284901619 55.680085867643356 77.204064875841141 48.129259690642357 92.268285520374775 183.36315471678972 744.82401081174612 46.786752626299858 51.08332684636116 176.68602845072746 216.80032187700272 46.375729352235794 196.48404535651207 52.348823189735413 314.6390508711338
leaf_count=8619 415 8902 4103 7016 22492 824 7175 6476 317 471 7362 383 16476 325 2148 193 8362 2230 1387 3669 1799 1153 758 521 415 305 221 281 1688 1952 351 14875 8214 3010 1272 575 2108 516 1985 40001 3281 401 255 451 365 316 466 737 243 318 204 442 1004 3928 234 255 863 925 228 977 256 1579
internal_value=7.40089e-05 0.00126666 0.000679492 -0.00593365 0.00202522 0.00823635 0.00104098 0.00256316 -0.00360875 0.00585581 0.00393486 0.00267678 -0.00852969 0.0136042 -0.00615399 0.00408478 0.00267554 0.0115991 -0.00179931 0.00759517 0.00177222 -0.00772618 0.00133696 0.00374178 0.00596467 0.0158873 0.033813 0.011356 -0.0135594 -0.0173067 0.0269111 0.000808944 -0.00659225 -0.0100307 -0.00744462 -0.00100648 -0.0123336 0.0281019 -0.00272903 -0.00302955 -0.0127826 -0.0128979 0.0426638 -0.00590587 0.00974167 0.00782202 0.0143302 -0.0036526 0.0337958 0.0467397 0.00967025 0.00504054 0.00856241 0.00691079 -0.00642881 0.012067 0.00709027 0.00269929 0.0115981 -0.0101678 0.0099729 0.0212656
internal_weight=37836 31569.6 29504.1 6266.43 21153 2892.46 18260.6 13757.3 4503.27 2647.29 11887.3 10211.5 4742.32 391.388 1870 8920.35 7512.76 1407.59 3934.56 3578.2 1675.58 841.637 485.258 2418.62 317.197 236.853 245.167 833.945 713.469 636.957 179.54 3221.09 4048.07 2505.16 2146.2 1542.92 441.999 228.671 8351.05 8268.9 825.568 254.762 200.854 359.964 1360.58 1274.08 812.818 461.262 295.548 191.739 103.809 2318.28 1657.29 1565.02 406.836 121.614 223.473 388.896 1158.19 1419.1 1111.81 366.988
internal_count=209073 161332 152430 47741 106748 15445 91303 66843 24460 14145 56543 49181 39122 1968 10300 42705 36708 5997 20285 16423 8061 4111 2312 13158 1643 1228 1300 3950 4023 3640 911 16262 32106 20758 17748 11348 3134 987 45682 45267 5266 1159 1079 2559 5804 5439 3461 1978 1231 784 447 12637 8534 8092 2101 606 1097 1662 5991 8152 5763 1835
is_linear=0
shrinkage=0.05


Tree=42
num_leaves=63
num_cat=0
split_feature=0 5 2 0 7 7 8 16 9 2 8 19 7 3 0 6 19 18 14 18 16 18 7 18 6 14 0 19 2 2 14 5 16 0 14 14 18 19 7 15 18 0 14 15 15 6 3 7 3 9 15 0 15 5 14 2 3 8 12 5 11 10
split_gain=99.1729 62.6496 49.1751 54.1063 46.7581 43.8348 39.9469 35.7143 50.0044 35.4092 35.1989 33.7889 33.3082 32.7837 30.0024 33.6272 30.1974 32.0195 29.7429 29.5949 31.3526 29.1111 42.5619 53.831 51.7998 34.6864 36.5179 36.111 30.3514 50.6938 50.3832 28.6517 28.4647 28.3806 28.9692 38.9194 26.6791 26.4871 41.5267 37.4865 40.6906 54.2268 47.5162 40.4851 39.2686 36.4017 35.7231 39.3664 37.8543 45.0052 32.242 31.5855 30.5074 37.0054 29.929 34.447 32.0297 31.6222 28.9029 28.0053 25.9961 25.9747
threshold=0.03447412151267417 0.1975416558749892 0.024688065147332416 0.055114234796473476 -0.10220024083249939 -0.053915047084752525 -0.41431708862587091 0.7934559033259817 5.5000000000000009 0.015855146407099511 -0.060532112524942221 0.14005418921495302 -0.047487503037653249 -0.67048487584721272 0.087893955439120638 -0.059018094193767349 0.024960370395492152 0.97429867737649489 0.81697020651762042 0.27177446912374914 0.93927146153944252 0.31148276775465761 -0.041603048096804422 0.45417920984088095 -0.0007659901544888047 0.2700554320394184 0.041828989179322172 0.2356600366846269 0.019501149477488457 0.020217215408749312 0.36151223948377537 0.025641025792464637 0.77019069619966485 0.045213123403931819 0.55225044822688441 0.52843205630141554 0.045008038585209013 0.92442024102962128 -0.023058934987495446 0.85568315281221463 0.57979838180440246 0.045859719321672564 0.63911902316558267 0.92674789094463972 0.93464309608357798 0.0084033614256751061 1.5715371545809869 -0.020652535920876566 1.8113852936592625 6.5000000000000009 0.93850700032881651 0.04572802330876042 0.95034070365734957 0.08071147356580434 0.20667810177244142 0.021304061126716001 2.5829532698472115 -0.019011406844106456 1.5000000000000002 0.10809843492947636 3.5000000000000004 1.5000000000000002
decision_type=8 8 10 8 10 10 8 2 2 10 10 8 10 10 10 2 10 10 10 10 2 10 10 10 2 10 10 10 10 10 10 10 2 10 10 10 8 8 10 10 10 10 10 10 10 2 10 10 10 2 10 10 10 10 10 8 8 10 2 10 2 2
left_child=7 2 3 4 36 -5 -6 8 11 10 -8 -1 -13 -14 15 -4 60 -18 33 -7 31 -11 28 24 -24 -26 -27 -28 -23 30 -30 -21 -29 34 35 -12 -2 38 52 40 41 42 -40 51 -45 50 61 -48 49 -49 58 59 -25 -54 -50 56 57 -56 -39 -41 -17 -42
right_child=1 -3 14 5 6 19 9 -9 -10 21 18 12 13 -15 -16 16 17 -19 -20 20 -22 22 23 37 25 26 27 32 29 -31 -32 -33 -34 -35 -36 -37 -38 45 39 43 46 -43 -44 44 -46 -47 47 48 54 -51 -52 -53 53 -55 55 -57 -58 -59 -60 -61 -62 -63
leaf_value=0.0099886321641781857 0.0040741561354882914 0.0092972950520314925 -0.031412569231788062 0.00032617068347033434 0.033445674103096894 0.041727147127261111 -0.016321118155782917 0.0041737064663848718 -0.025728764817392714 0.0046682456676418321 0.0026339478276621504 -0.017546747412123316 -0.024998571903238613 -0.0035599085889742813 0.023724691878051065 -0.0018229084672026644 0.0044092549850792157 0.042436851416178964 -0.024033402907335823 0.025871815194820236 0.021737384059769636 -0.014544785556948332 -0.019844155989353594 -0.0068244997296048431 0.062998708523241909 -0.00027886139395821348 0.056716260209347148 0.024886280012354989 0.040706444586224966 -0.0073972450626664209 -0.00033247742172121402 0.002825703353276387 -0.01962001141004547 0.027751160211899745 -0.011201300239382615 0.056108885981355106 -0.011620344504154251 0.0013662713454616275 0.029717981231030022 -0.01877099059635632 0.0045741268311539534 0.074771860492393413 -0.035710604304062511 0.046386287529146142 -0.00028597763348400579 0.0069937039041109497 -0.030801917091738257 0.021460457646224118 0.046938285128229257 0.078884893458698854 0.013167871439257418 -0.035465040971936763 0.049360092990951038 -0.0098524629178201109 0.029397914787363207 -0.018978619896784284 -0.016686105943288995 -0.016459815723760488 -0.021985509511382364 0.014475039060147354 -0.033923930568078291 -0.0092584800109350822
leaf_weight=270.59501224011183 317.77821761369705 2122.7620220929384 68.85133059322834 4500.1187396645546 81.119284778833389 66.970385074615479 760.41332670301199 604.47427307069302 394.72233635932207 2136.826429001987 200.69310960918665 751.37952024489641 194.14242258667946 2076.2510521113873 179.7511872947216 1313.0663420036435 7257.7587289810181 54.79584313929081 119.51834313571453 148.40217351913452 344.53005212545395 917.7237229719758 97.646886080503464 1945.8660817220807 41.383541896939278 210.8362046033144 74.786611333489418 203.98901177942753 116.35867876559496 1405.8481183350086 206.13379955291748 1390.0003302395344 42.776642352342606 97.384530603885651 320.1018373966217 39.999757625162601 1812.8659323826432 170.5885186418891 109.1752701997757 171.51834151148796 1310.677890881896 46.9165298640728 36.164126485586166 49.066028088331223 451.32791794091463 298.8482314646244 44.33016662299633 123.02049521356821 48.999817505478859 46.888045713305473 101.29703330248594 145.02573874592781 53.647394642233849 50.482436388731003 221.54821192473173 103.64523273706436 67.489583373069763 44.556989625096321 590.83689884841442 99.192372784018517 65.25976625084877 456.8435932174325
leaf_count=2030 2051 9150 309 22101 387 283 4963 3601 3397 12360 1367 6606 1763 17228 762 7326 32237 227 606 663 1411 5613 519 11035 244 1180 356 1026 795 8561 1137 6121 209 496 1904 249 12294 963 629 961 7482 227 201 258 2281 1428 238 662 297 234 492 698 297 273 1154 531 350 237 3206 502 368 2537
internal_value=6.95171e-05 0.000986228 0.000423761 -0.000825447 -0.00238457 0.00304 -0.00132428 -0.00708584 -0.0089324 -0.00153136 -0.00867927 -0.00691148 -0.00842767 -0.00540334 0.00355958 0.00314313 0.00342047 0.00469997 -0.00119589 0.00929979 0.00812491 -0.00063267 -0.00175392 0.000178974 0.0136735 0.0194023 0.0159017 0.026479 -0.00720083 -0.00329514 0.0145549 0.00506421 0.0171231 0.00298132 -0.00136181 0.0117161 -0.00927875 -0.00115763 0.000261971 0.00351386 0.00651732 0.0286141 0.0133049 -0.00520519 0.00437385 -0.00802817 0.0047851 0.014332 0.0174235 0.0376762 -0.0132338 -0.0167177 -0.00541016 0.020833 0.0102838 0.00607828 0.0138967 0.0216866 -0.0167589 -0.00658072 -0.00336629 0.00099566
internal_weight=37796 33504.4 31381.6 22442.2 15992.1 6450.02 13861.5 4291.56 3687.09 13780.4 1538.11 3292.37 3021.77 2270.39 8939.48 8759.73 8690.88 7312.55 777.698 1949.9 1882.93 12242.3 10105.4 7459.37 671.419 573.772 532.388 321.552 2646.06 1728.34 322.492 1538.4 246.766 658.179 560.795 240.693 2130.64 6787.95 5626.38 3576.39 2660.26 192.256 145.339 916.13 500.394 1161.57 2468 700.479 656.148 169.909 862.722 415.736 2050 104.13 486.24 437.24 333.595 266.105 761.425 270.711 1378.33 1767.52
internal_count=209073 174448 165298 124069 93490 30579 79145 34625 31024 78758 9585 27627 25597 18991 41229 40467 40158 32464 4622 8478 8195 69173 56813 40707 3534 3015 2771 1591 16106 10493 1932 6784 1235 4016 3520 1616 14345 37173 31084 19479 14779 1057 830 4700 2539 6089 13722 3703 3465 896 4661 2161 11605 570 2569 2272 1741 1391 4169 1463 7694 10019
is_linear=0
shrinkage=0.05


Tree=43
num_leaves=63
num_cat=3
split_feature=14 13 8 22 8 15 19 19 8 5 18 8 19 19 13 15 14 18 1 13 18 7 14 8 19 16 13 11 4 1 14 9 4 21 18 1 1 1 6 18 16 13 15 16 5 5 6 14 16 8 7 19 11 21 1 14 7 19 6 6 9 14
split_gain=75.1982 98.5542 56.3225 44.6422 35.6505 44.5325 49.3961 34.0779 32.4499 32.3936 30.1123 28.2585 55.1863 37.8648 34.6142 31.3478 45.8099 34.2092 28.2812 27.5984 32.022 44.0652 39.4684 30.6546 58.4147 27.3526 59.9407 60.1784 60.7729 26.9102 53.912 26.5975 26.0793 25.3727 25.043 24.5635 24.5611 29.4857 28.4289 29.1921 28.8114 24.4831 29.5566 24.4665 24.3163 23.6228 41.2417 23.2969 22.9339 22.8328 25.2323 28.9838 22.5376 22.399 25.9171 30.8043 25.0592 25.5462 24.1779 23.6876 23.5928 22.2134
threshold=0.51235658508921189 0.5644592669025158 -1.0000000180025095e-35 0 -0.12297906608444302 0.95034070365734957 0.57239070600674069 0.96879058441558452 -0.34075514268250429 -0.11903185679703597 0.13686085536352055 -0.11714675142884699 0.32668427028846253 0.26326595602038089 0.013315602836879435 0.8400460680471179 0.45682014444967817 0.94336477987421397 1.7987806117894454 0.041068044950565645 0.94518279759802193 -0.020000000469644171 0.19111714975845415 -0.227905821978753 0.13639610389610393 0.61292989820746635 0.31889774740572013 4.5000000000000009 0.063260022483612413 1.6660653702464374 0.29792062015929505 3.5000000000000004 -0.091899947954441827 1 0.27994159587378648 1.5043440695321013 1.2748038667173038 1.9677208665977994 0.0046728972445585501 0.96089080866732768 0.95092741241901269 0.92668897316605303 0.9035228747108931 0.048989169507426232 0.01824658900958365 0.027250271514089878 1.0000000180025095e-35 0.48454076850984074 0.64873235413145436 -0.15169400429862193 -0.13970992687504044 0.33859523270155306 3.5000000000000004 2 1.905301844044867 0.87635554566225393 -0.047960772705343095 0.92862341443127483 -1.0000000180025095e-35 0.01761682244162666 9.5000000000000018 0.12023587189596736
decision_type=8 8 10 9 10 10 10 8 8 10 10 10 10 10 10 10 10 10 10 10 10 10 10 10 10 2 10 2 2 10 10 2 2 9 10 10 10 10 2 10 2 10 10 2 10 10 2 10 2 8 10 10 2 9 8 8 8 10 2 2 2 10
left_child=1 2 7 53 8 41 -7 11 44 10 -5 13 -13 19 -14 17 31 33 -19 -1 21 22 34 52 -25 -15 -27 28 45 30 -10 -17 43 -16 -21 -24 -4 -38 39 -39 -40 47 -43 -11 -3 -28 -47 -6 -35 50 -32 -52 -23 59 58 56 -56 60 -55 -2 -58 -31
right_child=3 4 36 9 5 6 -8 -9 29 32 -12 12 14 25 15 16 -18 18 -20 20 -22 23 35 24 -26 26 27 -29 -30 61 49 -33 -34 48 -36 -37 37 38 40 -41 -42 42 -44 -45 -46 46 -48 -49 -50 -51 51 -53 -54 54 55 -57 57 -59 -60 -61 -62 -63
leaf_value=0.018131126735103864 0.0087950292872670966 -0.018046046906235295 0.047681838801908634 0.0061523314403178391 -0.0026271713462467493 0.06318350340415739 0.0051161376882909535 -0.015157144556184511 -0.01413724350597277 -0.024867368771424505 0.038940581429071884 0.023185097712354205 0.025764986158982862 -0.011182982665835025 0.0060470496018898805 0.0097303382213173688 -0.035189480749602459 0.0015322086083454927 0.042972431722817318 0.0035885110556648082 -0.04249566251900759 -0.015609995118620016 0.036025257092554996 0.077021301069312431 0.013375607852382412 -0.010130267126895591 -0.0060615273086986601 0.068440176154314247 -0.03071489971525845 0.0044014616177527202 -0.0052050913329627279 -0.0082896104903908002 -0.00089536858584433334 -0.0059976769810960668 -0.028871727592228575 0.00014509640004034343 0.0017789803330984959 0.031178809845069901 0.062902901829152577 -0.023797680823500113 0.012351775553039082 -0.014792893501124017 0.033614736165051694 0.01739524032654163 0.031572930985353409 0.081163366192447461 0.016155732974515859 -0.020178184877192647 0.0073610038609442626 -0.0052669572198555392 0.013899885108091266 0.070054994012229324 0.029690931836051287 -0.0097950185194964571 -0.0025819872662254453 0.0070997590312475677 0.0044266573577994772 -0.0046227522069929678 0.014347332888819293 0.033814918162219314 0.02868775014772091 -0.019841785230398465
leaf_weight=244.40951269119978 575.92372324317694 36.937805205583572 55.26280502974987 399.05483204871416 3121.0918132215738 45.492464400827885 173.55187752842903 365.3539772182703 606.37625168263912 198.04191818088293 84.075374901294708 312.04553575068712 142.00670075416565 1449.5752985924482 1808.3199645504355 290.04294492304325 123.20205616205931 72.571858018636703 94.385128229856491 84.421020418405533 41.878158994019032 81.816242970526218 49.219010062515736 50.177843607962132 123.91227089613676 474.31179669499397 42.607280716300011 49.686665244400501 68.882244229316711 102.00877563655376 40.285656198859215 690.13774982839823 8071.5225445628166 1227.4678329750896 198.00867804139853 951.25180532038212 272.12430699914694 51.965790346264839 70.658479772508144 43.419470690190792 47.43278606235981 858.31466376781464 31.812255784869194 40.614476412534714 70.411826938390732 35.587014012038708 75.294747956097126 200.31307615339756 434.13506450504065 85.857659734785557 46.723123289644718 45.425390034914017 40.072690606117249 117.59319052100182 2881.9811052829027 2959.7346151322126 3702.5228036046028 823.74993892014027 839.34106001257896 112.5358635187149 102.04041332006454 1227.0082439482212
leaf_count=1295 2776 219 233 1941 20788 288 974 2407 4521 1048 405 1814 712 9159 10779 1594 624 362 446 586 209 436 225 265 769 2590 265 272 353 917 184 3735 41114 7554 1354 5725 1197 240 307 200 198 7413 236 223 381 215 462 1115 2401 485 245 214 212 544 15041 13109 18201 3702 3732 496 469 9097
internal_value=6.49278e-05 -0.00242023 0.000682608 0.00206809 -0.0071315 -0.00452268 0.0174083 -0.000200751 -0.0122393 -0.00064508 0.0119269 0.00039122 0.00283388 -0.00273296 0.00152867 0.000797326 -0.00658098 0.003037 0.0250758 0.00250505 0.000138912 0.00129593 -0.00271973 0.0186521 0.0320553 -0.00718107 0.000595875 0.0192647 0.0080197 -0.0135778 -0.00647151 -0.00295289 -0.0013781 0.00196968 -0.0191906 0.00194446 0.016367 0.0127126 0.0265767 0.00616619 0.0428726 -0.00566718 -0.0130271 -0.0176326 0.0144906 0.0254892 0.0375586 -0.00369142 -0.00249008 0.0147899 0.0277349 0.0420369 -0.000596268 0.00403438 0.00349794 0.00278046 0.00107755 0.00335635 0.0113735 0.0127431 0.00508472 -0.0179791
internal_weight=37762 16853.3 10161.6 20908.7 6691.61 4430.58 219.044 9620.78 2261.03 8793.31 483.13 9255.43 5194.31 4061.11 4882.27 4740.26 1103.38 3636.88 166.957 1865.17 1620.76 1578.88 1282.9 295.979 174.09 2195.95 746.37 272.058 222.371 2153.69 824.668 980.181 8310.18 3469.92 282.43 1000.47 540.864 485.601 213.477 95.3853 118.091 4211.53 890.127 238.656 107.35 153.489 110.882 3321.4 1661.6 218.292 132.434 92.1485 121.889 12115.4 11427 10470 7510.29 4628.31 956.934 688.46 3804.56 1329.02
internal_count=209073 106272 59195 102801 47077 30814 1262 56820 16263 44731 2346 54413 30021 24392 28207 27495 5953 21542 808 11076 9781 9572 7890 1682 1034 13316 4157 1567 1295 15663 5649 5329 42385 20734 1940 5950 2375 2142 945 440 505 29552 7649 1271 600 942 677 21903 9955 1128 643 459 648 58070 54798 50522 37413 22372 4276 3272 18670 10014
cat_boundaries=0 1 2 3
cat_threshold=9587561 5508 8837
is_linear=0
shrinkage=0.05


Tree=44
num_leaves=63
num_cat=1
split_feature=0 5 13 2 1 13 2 2 8 2 7 3 4 4 9 2 16 4 0 2 2 7 16 19 8 2 19 2 2 9 19 8 13 0 2 7 5 10 7 13 0 0 5 9 19 6 0 2 8 16 8 4 4 19 9 5 19 2 8 19 21 8
split_gain=88.4112 53.9071 52.5148 45.0045 43.5117 45.7874 34.9844 63.0347 59.8948 61.8909 40.791 34.4026 36.4139 34.198 33.125 32.6716 32.0114 38.0732 31.0898 31.0853 36.0961 39.8936 30.9804 35.1848 58.4199 37.7587 66.4047 35.9813 31.7983 29.5262 37.0875 28.8217 28.1728 26.9474 26.4635 25.4792 29.9282 25.4707 30.2852 24.893 37.5641 29.0774 27.1408 30.0226 24.6569 24.5171 24.2224 28.8745 50.5831 28.8255 25.5664 25.1592 35.9838 43.6932 39.904 24.0941 23.8161 23.6539 23.3634 40.0968 26.861 23.3591
threshold=0.03447412151267417 0.1975416558749892 0.25544016358157562 0.019157458180152343 3.0091789625605263 0.72208653591109184 0.026457922037817629 0.027753259404410657 -0.38069632390753744 0.020595189563327555 -0.024096385542168693 1.0738538892285692 -0.075577446130864298 0.099999999983746216 9.5000000000000018 0.025801116477334164 0.033219090102293437 -0.070100283012858408 0.028858474378761437 0.027459728617744199 0.026790207834945606 -0.084398387788260074 0.34137493436023109 0.90031899955228145 -0.056113876978808701 0.024375579553134259 0.3624195526645812 0.024197384994838991 0.019684113757497717 3.5000000000000004 0.90442407974388017 -0.39466810338239561 0.41010458918053683 0.08490560796217074 0.019004471407726813 -0.048976367798304048 0.0054529343856372101 2.5000000000000004 -0.0083627856247839288 0.060727148494872228 0.056503624485629234 0.041949614711423687 0.14344828963909265 3.5000000000000004 0.12443350242686878 0.010000000430911983 0.044958674151124166 0.022290144831727348 -0.079648054890073192 0.59714029144642711 -0.27288530956908491 0.05990783441801862 0.035012547288379776 0.43777300906056277 6.5000000000000009 0.12342057247120543 0.40627815315315324 0.029488768802778721 -0.025000000776350669 0.6988212135247801 0 -0.10608968769027886
decision_type=8 8 8 10 8 10 10 10 10 10 10 10 2 2 2 10 2 2 10 10 10 10 2 10 10 10 8 10 10 2 8 8 10 10 8 10 8 2 10 8 10 10 10 2 10 2 10 10 10 2 10 2 2 10 2 10 10 10 10 8 9 10
left_child=2 3 58 11 5 6 8 19 9 -5 15 34 -13 -12 22 46 -6 -18 -4 20 21 -8 28 24 25 -24 -27 37 35 -19 -31 -14 -21 -9 39 36 -7 38 -26 40 -2 42 43 -41 -20 -30 47 51 -49 -50 -48 52 53 -10 -54 -22 -36 -46 59 60 -1 -52
right_child=1 -3 18 4 16 14 7 33 10 -11 13 12 31 -15 -16 -17 17 29 44 32 55 -23 23 -25 27 26 -28 -29 45 30 -32 -33 -34 -35 56 -37 -38 -39 -40 41 -42 -43 -44 -45 57 -47 50 48 49 -51 61 -53 54 -55 -56 -57 -58 -59 -60 -61 -62 -63
leaf_value=0.020928420207103629 0.019093961067456283 0.0086259984325585733 -0.020275772002763939 0.036395861144818013 -0.0095456104241379586 -0.00020840667872654668 -0.0022720303904119172 0.0025954443023963186 -0.00019465621526624488 -0.02591979546143594 0.0051528112919286967 -0.028711687426681561 0.03868438441044917 0.031827937456810305 -0.044757608099212323 -0.017091975346960719 0.046098911509284829 0.0053740564665729282 0.012429555913568556 0.047937748629665967 0.0084433487191224506 0.042844584897805266 -0.0091085848170426916 -0.012828220842457711 0.025027187272214077 0.02209349954818627 -0.0051282541100422154 0.0026221731862422805 -0.0072632402070323945 0.024601299451034706 -0.017650687776789277 0.0016096381478529866 0.012876658754041703 0.032230264798007245 -0.032977098214079667 -0.01599700593490384 0.067266924715309387 0.063178788982280618 -0.021456017260715884 -0.0076399320210922689 -0.026023489836278647 -0.0023625633771681173 0.030640023590788337 -0.02401064955384961 -0.010053359911449814 -0.023929310947375403 0.01338588601065676 -0.0078034101925924153 0.029976696460232904 -0.0085533282980648478 -0.0027687886960941236 -0.029096714129790691 0.0032383601517831304 -0.019172391449483489 0.060983059348985652 -0.024770559791941774 -0.0062636597001739826 0.039874891477565337 0.011809941990498967 -0.022878502459839637 -0.0020025039049134763 0.0052284794945343695
leaf_weight=137.06594348698854 231.69090355932713 2126.8849269002676 678.66441623866558 44.18661367893219 230.86023925244808 29.748209603130817 72.829819425940514 4060.2045333608985 618.2940002605319 342.61030040681362 2715.4633646979928 97.093828737735748 52.24628184735775 124.77301551401615 46.680988766252995 293.92943657934666 69.794933751225471 1537.9256475567818 138.29235674440861 139.00634562969208 305.18396612256765 148.12206599116325 1019.4623920693994 456.6025937050581 323.9956988915801 348.79740838706493 622.32376659661531 373.46705923974514 1356.4807365089655 427.9154918640852 58.367253616452217 3394.7955903559923 98.618896134197712 77.198772206902504 153.68030966073275 33.616287231445312 35.699411481618881 37.163313716650009 38.508988782763481 1155.263435959816 56.621796354651451 3478.0799963548779 38.029201745986938 369.45443092286587 1808.3463882505894 263.01557760685682 452.44432725012302 345.52078229188919 207.48897233605385 62.779053926467896 2042.3402750343084 127.59387519955635 204.70811776071787 594.35982693731785 34.065770551562309 65.461343050003052 182.42711741477251 23.073513388633728 349.64743149280548 206.38977681845427 920.65863657742739 1649.7746261954308
leaf_count=833 1277 9150 7332 214 1132 215 328 18637 3973 2047 13540 555 246 526 258 1295 332 7082 1146 574 1454 635 6362 2384 1832 1581 3207 1764 7798 1869 249 18244 419 321 908 214 221 212 231 8088 275 18564 199 2502 16184 1372 2425 2186 999 311 11185 706 1255 3752 187 286 1036 118 1867 1242 5903 7834
internal_value=6.1156e-05 0.000924813 -0.00672039 0.000402028 0.00162397 0.000864429 0.00225822 0.0056799 0.000534334 -0.0187255 0.00132259 -0.00253511 0.0013284 0.00633545 -0.00328031 -0.000824438 0.0080936 0.0100419 -0.0110515 0.0182537 0.0120828 0.0280301 -0.0028793 1.4138e-05 0.00213974 -0.00239171 0.00466165 0.0137948 -0.00829801 0.00877652 0.0195041 0.00218263 0.0335017 0.00315605 -0.0049519 0.0190727 0.0370555 0.0242024 0.0200438 -0.00409161 0.010174 -0.00490939 -0.0105725 -0.0116199 -0.00786454 -0.009983 -6.76055e-05 -0.00431361 0.0048643 0.0210282 0.00218142 -0.00789363 -0.00601093 -0.00950437 0.0116967 0.00252642 -0.0185396 -0.00940291 0.000389837 -0.00277574 0.00116474 0.000805137
internal_weight=37735.8 33473.7 4262.14 31346.8 22137.4 19812.5 14827 4966.63 9860.33 386.797 9473.54 9209.38 3544.14 2840.24 4985.56 6633.3 2324.86 2094 2648.38 829.222 591.597 220.952 4938.88 3220.32 2763.72 1990.58 971.121 773.135 1718.56 2024.21 486.283 3447.04 237.625 4137.4 5665.25 99.0639 65.4476 399.668 362.505 5329.14 288.313 5040.83 1562.75 1524.72 1969.71 1619.5 6339.37 2194.81 615.789 270.268 4144.56 1579.02 1451.43 1212.65 238.774 370.645 336.107 1831.42 1613.76 1264.11 1057.72 3692.11
internal_count=209073 174448 34625 165298 113404 102740 75089 22654 52435 2261 50174 51894 19045 14066 27651 36108 10664 9532 24780 3696 2703 963 27393 17573 15189 11150 4788 4039 9820 9200 2118 18490 993 18958 32849 650 436 2275 2063 30905 1552 29353 10789 10590 17448 9170 34813 13369 3496 1310 21444 9873 9167 7725 1442 1740 1944 16302 9845 7978 6736 19019
cat_boundaries=0 1
cat_threshold=16628
is_linear=0
shrinkage=0.05


Tree=45
num_leaves=63
num_cat=0
split_feature=2 13 2 2 5 2 2 1 13 6 14 7 2 19 6 19 7 19 8 10 8 19 8 17 11 5 1 2 13 17 17 2 2 13 19 2 1 9 7 17 14 14 17 4 16 1 14 19 9 17 4 14 5 14 1 6 5 5 17 2 5 4
split_gain=104.239 80.0491 74.4432 58.1079 52.4437 52.1059 51.9905 51.2857 36.5994 36.2571 35.9172 35.8415 38.4441 35.6944 34.7936 42.137 37.544 44.0075 58.5473 50.1733 34.0725 31.8881 45.4764 35.0136 31.448 31.5496 31.1236 30.8615 30.5703 30.3712 28.7569 27.2097 72.9742 57.1305 41.2962 39.5202 30.4117 31.7736 29.6507 43.2745 32.015 31.1022 26.4069 25.4044 25.7797 25.0897 24.7442 38.7294 29.1661 24.1638 23.8381 23.7328 23.6638 23.6394 28.8365 28.5573 23.5532 23.4488 23.0443 30.814 26.2901 24.8667
threshold=0.015855146407099511 0.89546518224365357 0.013150474867107456 0.01590716376126777 0.036269418643996694 0.02493986271024955 0.012652780381683429 2.4846074892565171 0.036982292917166877 0.091745248578291264 0.80536184306374392 -0.14166666666666664 0.019501149477488457 0.98114574788077669 0.012560385583695323 0.97494109628007586 -0.02572347331662039 0.53657421857582388 -0.082563791313245802 1.5000000000000002 -0.34075514268250429 0.20391383260819199 -0.14559275853179363 0.42250461254612554 4.5000000000000009 0.098276733083142678 2.8041524231561419 0.021972355615467516 0.59575791256483546 0.67820925691185041 0.97403330304007518 0.016702759712203214 0.017778642815241479 0.13213163102382627 0.50899213314690983 0.01629649707805603 2.6937639074532922 3.5000000000000004 -1.0000000180025095e-35 0.94610982673125787 0.71017839853757947 0.85266079081671298 0.90691806733357039 -0.066004067789741314 0.025324894514767934 1.9398009384854944 0.95860399881891434 0.70298890791334789 2.5000000000000004 0.97403330304007518 0.019288586964708036 0.20313730314960635 -0.13330503678551206 0.65091537494763319 2.2056878719960378 0.00093984964490012601 0.13513513525047097 0.10693428478551827 0.50493015945035014 0.01629649707805603 0.035198994343180419 0.022514071348943569
decision_type=10 10 8 10 10 10 10 8 8 2 10 10 10 8 2 8 10 10 10 2 10 10 10 10 2 10 10 10 10 10 10 10 10 10 10 10 10 2 10 10 10 10 10 2 2 10 10 8 2 10 2 10 10 10 10 2 10 10 10 10 10 2
left_child=2 3 6 -2 8 7 -1 14 -4 13 -3 12 52 49 15 16 17 18 42 27 -18 22 -6 -23 25 -25 -10 28 -20 -26 -17 33 38 34 -13 36 37 -35 39 56 -40 -42 51 -34 -45 50 -46 48 -48 -7 -29 -5 -9 54 -19 -56 -33 -53 59 -22 -60 -61
right_child=1 10 4 5 21 9 -8 11 26 -11 -12 31 -14 -15 -16 30 20 53 19 -21 58 23 -24 24 29 -27 -28 45 -30 -31 -32 32 43 35 -36 -37 -38 -39 40 -41 41 -43 -44 44 46 -47 47 -49 -50 -51 -52 57 -54 -55 55 -57 -58 -59 60 61 -62 -63
leaf_value=-0.0084918563966060491 0.030468025142891556 -0.010396933380213975 0.025532039875069364 -0.012631895939085298 0.0002911733982270956 0.0048368144039683172 0.016005434389349923 0.011465711084115128 -0.031154364530966969 0.030214317731698123 0.0024358043706333523 0.016399788455218507 0.0021783040460401385 -0.0038787543788973014 0.0041924096454292572 -0.022265478377609373 0.045695259114397729 -0.011805845521036895 0.016304835301224795 -0.027448989735715162 -0.034868441188498127 0.04010732694429639 0.06067559340942822 -0.015587171033122885 0.0093002921254869524 0.0032507677587672347 -0.012908160542364537 0.063729816175046847 -0.035436909698794254 -0.044836852583255704 0.021494450732140999 -0.009138504112351592 -0.014880552681681215 -0.0097429841771880382 0.06580059593509606 0.014139699583167343 -0.015198874781413095 0.053894520206439693 0.040413172221163626 -0.041391280979428173 -0.033616533906267655 0.022259663143975594 0.035831754687231092 0.032238837507728213 0.0048208894063846213 0.017127720113375332 0.012666098928878275 -0.0068439386469958275 0.046165242918006985 0.023417954165432568 0.016039694287947572 -0.0014707125529901898 -0.015705908013476207 -0.022650323554129905 -0.0085905954437504976 0.014990236592601354 0.018114032159283616 -0.024207353352369419 -0.031290175965913818 0.00047480108624028852 -0.0012877572621440344 0.013667302549118292
leaf_weight=433.02792205661535 168.51435194909573 2259.7601887136698 38.207031548023224 713.8578122407198 200.78867264091969 7257.3236642181873 431.40780961513519 90.667338445782661 586.25623796135187 132.72522708773613 718.12925447523594 99.423610761761665 1175.6791057884693 1238.8712947294116 1842.1498274132609 406.03736844658852 41.152831017971039 1542.4161022678018 101.19637867808342 60.616843327879906 44.581027925014496 32.263822875916958 35.914132751524448 598.59177606552839 32.7065719217062 352.71181613206863 391.95135324448347 78.924274399876595 38.614060059189796 118.24544437229633 40.56829908490181 1035.0994899198413 143.61292234808207 41.091819085180759 73.843582063913345 612.59396100789309 262.72456806153059 36.085865005850792 62.983092337846756 99.058518961071968 47.626417562365532 50.084330543875694 40.074684455990791 93.640617519617081 4365.6070245206356 151.80619606375694 137.59556457400322 108.14512145519257 123.93199729919434 178.37556947767735 40.240023016929626 2695.2536747306585 648.93590478599072 337.33634451031685 290.01339358091354 228.77884040772915 84.930091246962547 117.38972492516041 73.960217334330082 733.44769026339054 2821.4746924862266 695.4300135821104
leaf_count=2819 948 16388 241 5567 1158 31839 2799 460 5363 570 3321 500 5975 6830 9786 2550 202 10375 671 353 364 243 222 4217 251 1864 2348 404 308 708 180 5424 767 246 326 3089 1325 191 273 448 205 207 205 453 20473 708 609 460 534 740 199 17100 3614 1791 1662 1294 398 661 495 5095 16151 4445
internal_value=-0.000275266 0.000531877 -0.0088311 0.00127261 -0.0133814 0.00111464 0.0037382 -0.000160213 -0.021984 0.00437531 -0.00730249 0.00266067 -0.00344085 0.00397652 -0.00217754 -0.00321689 -0.00259622 -0.00503088 -0.00184357 0.0146983 0.000957528 -0.00699344 0.00966982 -0.0104755 -0.0119911 -0.00860661 -0.0238641 0.0209693 0.00186417 -0.033123 -0.0182513 0.00422364 0.00295294 0.0113848 0.0377104 0.00656148 -0.0070979 0.0203207 -0.00721706 -0.00987913 0.0129147 -0.0050403 -0.00403342 0.0057758 0.00639307 0.0307837 0.00587527 0.0182803 0.028656 0.00528565 0.0478931 -0.00449648 -0.012364 -0.0103938 -0.00837785 0.001817 -0.00705767 -0.00242793 0.00052576 0.00561406 -0.00206467 0.00690062
internal_weight=37734.5 34482.4 3252.07 31504.5 2387.64 31336 864.436 22528.7 1016.41 8807.3 2977.89 9393.36 1915.28 8674.57 13135.3 11293.2 10846.6 6436.52 4037.97 471.398 4410.05 1371.22 236.703 1134.52 1102.26 951.304 978.208 410.781 139.81 150.952 446.606 7478.08 6352.32 1125.76 173.267 952.496 339.902 77.1777 1379.78 1219.09 160.694 97.7107 3566.58 4972.53 4828.92 270.97 4735.28 369.673 261.528 7435.7 119.164 3526.5 739.603 2398.54 2061.21 518.792 1120.03 2812.64 4368.89 1473.46 2895.43 1428.88
internal_count=209412 187179 22233 167470 16615 166522 5618 126543 7952 39979 19709 45977 10049 39409 80566 70780 68050 41298 26176 2643 26752 8663 1380 7283 7040 6081 7711 2290 979 959 2730 35928 30251 5677 826 4851 1762 437 6955 6270 685 412 23533 23296 22529 1311 22076 1603 1143 32579 603 23328 4074 15122 13331 2956 5822 17761 26550 9904 16646 9540
is_linear=0
shrinkage=0.05


Tree=46
num_leaves=63
num_cat=0
split_feature=2 13 2 2 2 2 0 17 14 15 13 4 16 6 19 18 4 3 14 0 9 4 7 19 14 9 19 19 2 9 6 9 0 6 2 3 9 16 18 2 2 9 3 9 3 10 0 2 0 9 18 7 2 10 6 4 0 2 4 3 4 4
split_gain=94.7326 72.5115 68.0499 51.6888 47.0087 46.6445 46.6237 42.3559 42.0931 41.4363 38.992 36.017 35.3469 32.7627 32.1802 27.6008 26.219 24.6039 24.3964 44.9224 56.0916 24.2611 24.2403 40.9169 32.794 40.569 33.6361 28.0964 26.2611 34.9245 30.8136 30.6133 32.7754 29.4483 48.1554 25.66 25.3691 44.3924 24.8879 24.3518 24.1901 23.9356 23.8476 43.5574 32.4228 26.001 25.6705 25.633 24.9978 23.8785 23.7873 29.1873 31.6044 27.3892 26.5943 23.5951 23.4931 26.5708 23.4332 35.2847 23.5322 36.8676
threshold=0.015855146407099511 0.89546518224365357 0.013150474867107456 0.01590716376126777 0.02493986271024955 0.012652780381683429 0.031801242083979699 0.80031697711334837 0.40519679097660755 0.94657621129408576 0.1918890795754922 0.0990990990990991 0.97827435537814234 0.091745248578291264 0.98114574788077669 0.97429867737649489 -0.091899947954441827 4.0570900501903147 0.96251338329764469 0.066049315064415928 4.5000000000000009 0.042761924022669436 -0.026826168071017117 0.91253415300546459 0.13174675009688061 5.5000000000000009 0.21589927775160939 0.75827642631595094 0.017545297514126746 9.5000000000000018 -0.00083385452862794185 7.5000000000000009 0.037343679100969189 0.002879424155731614 0.019445605912773146 0.034688141616231148 4.5000000000000009 0.77805500248880055 0.75728571666472388 0.019742013849977095 0.02173742271756977 6.5000000000000009 1.93703799086999 7.5000000000000009 1.2981210454603949 2.5000000000000004 0.063000231465265191 0.034219272504676365 0.087893955439120638 9.5000000000000018 0.10073152677508396 -0.037064222852002275 0.015326915384483119 2.5000000000000004 0.0033026008606668049 0.034216454029553652 0.036461582948084055 0.016973353613076697 0.042761924022669436 2.9507908811730625 0.050746099608996682 0.073818531671934765
decision_type=10 10 8 10 10 10 10 10 8 8 8 2 2 2 8 10 2 10 8 8 2 2 10 8 10 2 10 8 10 2 2 2 10 2 10 10 2 2 10 10 10 2 10 2 10 2 10 10 10 2 8 10 8 2 2 2 10 10 2 10 2 2
left_child=2 3 5 -2 8 -1 -3 50 10 11 21 -9 -13 14 15 42 -10 18 -18 -20 40 -5 27 24 25 35 55 -12 30 31 -28 32 33 -30 -35 -24 37 -25 -29 -34 -21 -19 43 45 -45 48 -47 49 -6 -44 -4 -52 54 -54 -53 -26 57 -37 -41 60 -60 -62
right_child=1 6 7 4 13 -7 -8 9 16 -11 22 12 -14 -15 -16 -17 17 41 19 20 -22 -23 23 36 26 -27 28 38 29 -31 -32 -33 39 34 -36 56 -38 -39 -40 58 -42 -43 47 44 -46 46 -48 -49 -50 -51 51 52 53 -55 -56 -57 -58 -59 59 -61 61 -63
leaf_value=-0.0081062841061294785 0.028560211283307293 -0.028495008923383459 -0.0017111619828082591 -0.0011525086686887825 0.0057429555947592498 0.015074666392227347 -0.0051414567286765999 -0.003826481769951616 -0.01598382798651389 -0.037917547290612925 -0.0067613057212334285 0.047818482372015997 -0.0071137457728632173 0.028717284072888989 -0.0036914485020874393 0.040482169359739528 0.00081209018943197142 0.0078393201610087171 -0.017021911144267078 0.0037164420081827148 0.054283551641880173 0.010706997647049951 -0.023727077276076432 -0.019145825805171129 -0.00079179415655752255 -0.035449924054426075 0.0401766851249796 -0.027298180865029317 0.0099363446970758482 -0.036654756086131092 -0.011179705315480177 0.044870970384781036 -0.01406131426189116 0.070641395071712854 0.014300689161243166 -0.028818606680819626 -0.02734197609694904 0.01777899209022956 0.003937270504113799 -0.0017049103197071249 0.023791587903267287 0.046469359531681444 -0.0014823158835524709 0.011247505625092578 0.061117889354647605 -0.0024692036771368059 -0.043779597060180503 0.022955637513244129 0.03022062344302627 -0.037602195390245396 -0.02599919295726548 0.0037439592561386982 -0.032124373039876829 0.0095033044070145772 -0.021306457521800586 -0.04105941867967064 -0.033039324958449516 0.014595487349486028 0.06855258320815559 -0.011375924044603542 -0.0038873359843629909 0.058382849600839851
leaf_weight=431.04302685707808 170.78855533152819 230.94037971645594 228.0554373562336 1335.4627203345299 5439.1711050570011 435.10593608021736 2733.7342865616083 421.10806377232075 214.69173825532198 68.301001772284508 2219.7954842373729 75.593456879258156 47.036473780870438 132.7141930013895 1236.7519826218486 53.473136946558952 13962.698774576187 136.29241709411144 140.34165666997433 539.57983002066612 75.523238122463226 635.78588093072176 105.16648321598768 220.80492536723614 89.132765881717205 114.70374818891287 31.888519071042538 321.78164231032133 200.79260938614607 35.361193895339966 260.86008600145578 70.250585041940212 148.59392713755369 66.840662397444248 87.498362325131893 39.624062955379486 218.11912888288498 127.64312955737114 79.184948898851871 216.92557801306248 207.13022890686989 56.139131769537926 1332.4536838680506 70.4842369556427 60.534550294280052 186.34540472924709 46.157372489571571 103.54119172692299 105.40998727083206 46.38872130215168 757.2579296156764 328.03265391290188 239.0156648978591 46.830120876431465 155.33363348990679 60.512911602854729 36.424311943352222 267.52775692939758 38.624485567212105 54.788380332291126 56.225570902228355 40.031992182135582
leaf_count=2819 948 3044 1500 8105 23886 2799 16665 2445 1210 373 16618 326 205 570 6830 223 71906 675 642 2487 319 3081 900 1631 578 935 235 2317 1403 210 1881 393 884 460 587 367 1347 678 523 1253 937 261 5834 306 254 811 197 431 431 206 5773 2669 1799 333 1192 358 222 2150 209 282 309 190
internal_value=-0.000263085 0.000504719 -0.00844572 0.00120845 0.00105842 0.00354251 -0.00696963 -0.012833 -0.000153515 -0.00150406 -0.00331257 0.00313118 0.0268613 0.00415381 0.00377501 0.00501583 0.00132603 0.00157289 0.00134318 0.00903804 0.0135013 0.00267602 -0.00557887 -0.00214548 0.00118415 -0.00905067 0.00514201 -0.00896768 0.0077125 0.0115122 -0.00546783 0.0132847 0.0108006 0.0226406 0.0389982 -0.0022389 -0.0140083 -0.0056074 -0.0211352 0.00319998 0.00930947 0.0192911 0.00475378 0.00617627 0.0345775 0.00552628 -0.0108227 -0.000915953 0.00621367 -0.00272388 -0.0167818 -0.0190308 -0.0121458 -0.0252952 -0.00433356 -0.0172395 0.00438826 0.00891951 0.00952728 0.0223151 0.0359832 0.0223439
internal_weight=37694.4 34461.6 3232.71 31497 31326.2 866.149 2964.67 2366.56 22512.7 612.039 7180.35 543.738 122.63 8813.43 8680.71 7443.96 15332.4 15117.7 14925.3 962.575 822.233 1971.25 5209.1 2588.34 2021.77 563.446 1458.33 2620.76 1308.68 1015.93 292.749 980.572 910.322 355.132 154.339 448.743 566.567 348.448 400.967 555.19 746.71 192.432 7390.49 5908.1 131.019 5777.08 232.503 1482.38 5544.58 1378.84 1754.53 1526.47 769.212 285.846 483.366 149.646 343.576 307.152 406.596 189.67 134.882 96.2576
internal_count=209412 187179 22233 167470 166522 5618 19709 16615 126543 3349 48106 2976 531 39979 39409 32579 78437 77227 76291 4385 3743 11186 36920 17462 13806 4574 9232 19458 8296 6180 2116 5970 5577 2450 1047 3639 3656 2309 2840 3127 3424 936 32356 25885 560 25325 1008 6471 24317 6040 13266 11766 5993 2132 3861 936 2739 2517 2243 990 708 499
is_linear=0
shrinkage=0.05


Tree=47
num_leaves=63
num_cat=0
split_feature=2 13 2 5 2 0 4 2 0 3 14 9 13 17 13 4 17 17 0 5 1 9 13 16 15 6 2 2 7 18 2 7 7 18 18 2 7 10 2 11 7 13 18 5 2 11 2 7 18 6 2 15 15 6 1 9 2 17 2 1 17 16
split_gain=86.0828 65.6851 62.1821 47.1468 46.0367 43.6418 42.6283 41.8679 37.2821 36.6315 42.6018 40.9876 34.0915 31.0914 30.3967 45.138 33.7533 31.3579 30.0446 30.0176 29.9657 29.0136 42.2105 27.9816 27.8601 27.188 34.244 42.0948 39.4603 79.1344 39.9043 36.1451 32.4989 36.1096 34.3135 39.8722 36.8124 31.8977 31.1359 30.61 29.7551 37.9569 37.1534 40.9995 34.9388 30.3868 29.4882 29.4292 28.9238 29.981 27.7478 27.4972 42.7953 32.5791 44.6909 40.4108 45.3508 36.4135 29.1017 28.8483 28.7471 33.047
threshold=0.015855146407099511 0.89546518224365357 0.013150474867107456 0.036269418643996694 0.01590716376126777 0.031801242083979699 0.09883720930232566 0.012652780381683429 0.032516026175530559 2.8359727732961395 0.1043024116775968 9.5000000000000018 0.036982292917166877 0.40668411151842571 0.12836031218384161 0.099858854982210046 0.97787034476401191 0.52851836411104591 0.087893955439120638 -0.016276231384941383 2.8041524231561419 9.5000000000000018 0.66675784099197677 0.89217934880374183 0.072751842927519864 -0.0012089462509755065 0.026711193037783909 0.026790207834945606 -0.066666666666666693 0.40279404111371331 0.025801116477334164 -0.048976367798304048 -0.038738489457913854 0.72971635001337976 0.5719922178988327 0.017545297514126746 -0.022727272727272648 1.5000000000000002 0.019644902823555969 5.5000000000000009 -0.021004674836742006 0.18395314319173708 0.87405600969535679 0.035714285799319796 0.027862282336196666 2.5000000000000004 0.021629990021237982 -0.04007546134678474 0.29565713718483227 0.00053561866301710126 0.022140277062111056 0.87182279649284744 0.92674789094463972 0.021436403837071131 1.9169174537229721 7.5000000000000009 0.023082947055152049 0.75319492079046235 0.021383481278017456 2.1927536008531248 0.59973315246802827 0.88788269290846622
decision_type=10 10 8 10 10 10 2 10 8 10 8 2 8 10 10 2 10 10 10 10 10 2 10 2 8 2 10 10 8 10 10 10 10 10 10 10 10 2 10 2 8 8 8 10 10 2 10 10 10 2 10 10 10 2 10 2 10 10 10 10 10 2
left_child=2 4 7 12 -2 -3 8 -1 -6 10 -8 19 -4 -5 15 -11 17 -16 21 -12 -14 25 23 -23 -21 39 28 31 30 47 -27 -28 33 -31 35 -34 37 46 -39 -10 45 44 43 -43 -42 -29 -37 48 49 -30 -35 53 -53 55 -55 -36 57 -57 -56 60 -54 -62
right_child=1 5 3 13 6 -7 9 -9 18 14 11 -13 20 -15 16 -17 -18 -19 -20 24 -22 22 -24 -25 -26 26 27 40 29 32 -32 -33 34 50 51 36 -38 38 -40 -41 41 42 -44 -45 -46 -47 -48 -49 -50 -51 -52 52 59 54 58 56 -58 -59 -60 -61 61 -63
leaf_value=-0.0077367314041233192 0.026802517999251797 -0.027741855157241438 0.025144328358237645 0.041726457335634765 -0.0065604745794725075 -0.0048973296758591713 0.044990286432349667 0.014206268323410071 -0.00225617534040165 0.024048917385449911 -0.026846890532862867 0.04268294218985394 -0.029797109630577537 -0.0074331143820569384 0.028236168170137289 -0.015047807735982195 0.024735318081582858 -0.013822996211979447 0.015610497113720732 0.034161001146291108 -0.011680981278793643 -0.016789780661124441 -0.0633276263653164 0.030099144634926231 0.0066816153723037444 -0.0019967008014634973 0.0037344982794879121 0.0040170865243372243 0.028267606603336722 -0.007948573217071658 -0.022805856535918507 0.052505445096026615 -0.0062798999675876726 0.042149778917226106 -0.0006579097389836961 0.0068569036307405927 0.035176164103110134 0.017294596003098881 -0.028188733890683427 -0.037643738297368667 0.054963393792142927 0.028207210506204689 0.0034062581653737573 -0.020381038609352801 0.0058239161057876895 0.014814411276420043 0.0313362465314816 0.02149212084100072 0.0005158283214027451 0.0075011610126260488 -0.0045880665398564209 -0.020546231262282853 -0.018900990924386678 -0.020514694072885614 0.0421349437783127 -0.0082853634514907012 0.068355444540211516 0.041114839764011313 0.0026512859443778487 -0.013566635647319681 0.032367796282358488 -0.008434446402312331
leaf_weight=429.14803155511618 172.89859830588102 225.51645317673683 38.344057105481625 31.979868799448013 1834.5524160116911 2726.7412315830588 79.38619989156723 438.58663886040449 4431.2558907195926 217.65137806534767 63.34487310051918 81.60440568625927 565.2428769543767 1325.233907289803 46.756938055157661 110.63209299743176 72.906300529837608 627.25688306987286 337.6155663728714 95.074405789375305 385.7566058114171 153.05833714455366 39.543379001319408 39.13634167611599 2359.8569499999285 5554.3787167221308 68.332866385579109 2569.8122064396739 256.97787825763226 1622.775476783514 239.37139935791492 85.017324313521385 299.09776964783669 65.180392496287823 3784.8974748104811 354.8442550227046 176.69700789451599 61.356671459972858 94.197568349540234 60.969011232256889 46.464705839753151 47.051397435367107 494.54740335047245 460.78437917679548 153.30462884902954 872.56096766144037 187.9510486125946 510.35701099038124 739.82205956429243 536.13441338390112 60.710452198982239 384.27057686448097 60.037199296057224 56.989031054079533 140.62019107490778 100.19008751958609 41.333880811929703 58.186500251293182 69.816259786486626 183.85816829651594 158.69656696170568 71.489248290657997
leaf_count=2819 948 3044 241 224 14194 16665 338 2799 23567 922 266 345 5363 8439 208 470 305 2851 1486 394 2348 817 245 195 9856 32204 300 11954 1304 9044 1100 361 1691 356 20788 1976 899 321 495 313 194 227 2375 2102 681 3926 901 2579 4053 2751 305 2056 348 294 657 571 192 284 320 917 847 377
internal_value=-0.000251538 0.000478825 -0.00807572 -0.0123033 0.00114743 -0.00665118 0.00100495 0.00335769 0.000324061 0.00600243 0.00913016 0.00801831 -0.0205997 -0.0062449 -0.0017927 0.0108676 -0.00736419 -0.0108678 0.000815171 0.00687851 -0.0224686 0.000617844 -0.0169549 -0.00713548 0.00775931 0.000780364 0.00154664 0.00524768 0.000427487 0.00231794 -0.00286023 0.0309381 8.27978e-05 -0.00594419 0.00176048 0.00946442 0.014847 0.00966032 -0.0102525 -0.00274473 0.00439297 -0.00237776 -0.00634681 -0.0158327 0.0174702 0.00675746 0.0153753 0.0111011 0.00762985 0.0142569 0.0197521 -1.1054e-05 -0.00816872 0.00163726 0.0184978 0.000501309 0.0223645 0.010008 0.02911 0.0018861 0.0116885 0.0197141
internal_weight=37658.2 34443.9 3214.29 2346.56 31491.6 2952.26 31318.7 867.735 27564.2 3754.47 2679.27 2599.88 989.344 1357.21 1075.2 328.283 746.92 674.014 25729.7 2518.28 950.999 25392.1 231.738 192.195 2454.93 25160.3 20668.1 4797.88 15870.2 10076.5 5793.75 153.35 8033.2 1748.67 6284.53 1174.14 875.047 698.35 155.554 4492.22 4644.53 1202.15 1002.38 507.836 199.769 3442.37 542.795 2043.29 1532.93 793.112 125.891 5110.39 858.352 4252.03 267.425 3984.61 199.71 158.377 210.436 474.081 290.223 230.186
internal_count=209412 187179 22233 16615 167470 19709 166522 5618 150567 15955 11199 10861 7952 8663 4756 1392 3364 3059 136373 10516 7711 134887 1257 1012 10250 133630 109750 22120 87630 54326 33304 661 43639 9705 33934 6283 4592 3693 816 23880 21459 5579 4704 2329 875 15880 2877 10687 8108 4055 661 27651 4545 23106 1271 21835 1047 855 977 2489 1572 1224
is_linear=0
shrinkage=0.05


Tree=48
num_leaves=63
num_cat=0
split_feature=2 0 2 13 5 13 2 14 8 13 7 8 5 18 19 7 18 4 2 2 2 14 7 1 7 13 18 17 2 15 17 1 8 2 19 8 11 17 13 2 0 14 4 7 18 13 19 2 5 19 8 2 11 2 2 2 18 15 5 0 0 5
split_gain=78.1654 60.3793 56.7668 46.4206 43.899 43.7939 59.356 54.7453 45.2862 51.8399 43.6898 49.0193 42.4071 40.8107 57.8022 39.9662 37.7997 40.2176 37.5965 37.0888 39.8017 36.944 36.7646 36.2624 34.3853 33.9027 32.8844 33.7923 32.0893 31.9809 31.5152 31.4588 31.4024 30.7913 30.6438 42.7865 29.1814 33.2714 29.6222 27.4744 27.3643 34.3321 26.5496 26.5295 31.0963 26.4789 26.0968 32.5202 30.8819 29.6726 29.1815 25.8574 25.3408 25.0165 24.993 50.333 30.0827 33.2295 24.9293 24.9212 28.3682 28.3806
threshold=0.015855146407099511 0.031801242083979699 0.013150474867107456 0.24734324885937573 0.036808225756693853 0.33085315263445386 0.016604452504719428 0.9428221305218969 -0.09735116661487124 0.21975557546794108 -0.10220024083249939 -0.34075514268250429 0.11866408161463983 0.28386985441767071 0.26728835173753013 -0.044981309320326228 0.49748949579831941 0.0023056960114383744 0.012652780381683429 0.027862282336196666 0.017545297514126746 0.84477251639085182 -0.0092666138769811873 2.6516368471602836 -0.038317654658490179 0.036982292917166877 0.97429867737649489 0.11683427666599287 0.026233439684093925 0.52450535568129253 0.40668411151842571 2.8041524231561419 -0.14323001825812073 0.016396713910233628 0.19993887530562351 -0.14430379746835445 4.5000000000000009 0.66696208215324149 0.84833496412263554 0.016396713910233628 0.046401923193362747 0.65091537494763319 0.048837181855030394 -0.068852458643510459 0.14483868580731099 0.16787608755742175 0.86422817383443118 0.020595189563327555 0.067836724026080222 0.38593198732971085 -0.073968339973872352 0.017033105306656072 1.5000000000000002 0.031827200496059742 0.017545297514126746 0.017673896820542285 0.19233958413062893 0.87182279649284744 0.092200985695396045 0.064815915274965996 0.070061088615753234 -0.0085106382978724065
decision_type=10 8 8 8 10 10 10 10 10 10 10 8 10 10 10 10 10 2 10 10 10 10 8 10 10 8 10 10 8 10 10 10 10 10 10 8 2 10 10 10 10 10 2 10 10 10 10 10 10 10 10 10 2 10 10 10 8 10 10 10 10 10
left_child=2 3 18 46 25 6 8 10 22 -10 11 53 -13 14 43 32 19 52 -1 20 33 24 39 -9 -22 -4 27 -19 -8 -23 -6 -27 -15 -17 35 42 38 -38 58 -3 41 -26 -32 44 -12 -41 47 49 -48 -2 -51 -45 -18 -7 -5 -56 -57 -58 -36 -25 61 -61
right_child=1 5 4 54 30 7 28 23 9 -11 13 12 -14 15 -16 16 17 26 -20 -21 21 29 -24 59 40 31 -28 -29 -30 -31 34 -33 -34 -35 36 -37 37 -39 -40 45 -42 -43 -44 51 -46 -47 48 -49 -50 50 -52 -53 -54 -55 55 56 57 -59 -60 60 -62 -63
leaf_value=-0.0073826503421625424 0.019620510974822647 -0.006500017084901737 0.025236787527118394 -0.025004968774884423 0.042805990711113656 0.0047741558018992072 0.00097931669082428042 0.026909847388799951 0.045391893545570959 0.0035297068507841645 0.026397530192182592 -0.0085261367801967389 0.014821105655412026 -0.01187534888644445 -0.0001082756250583161 0.026011011403846335 0.0013731291134516435 0.029518286158785219 0.013395051486691109 -0.013621827184887903 -0.0025592521025118828 0.016654229120651277 -0.043370305333064234 -0.0096766797464146632 0.019030937379512444 -0.0292794854315746 0.019724217671352136 -0.00040489911451964714 0.0071461564222071831 0.073948354072373684 -0.020108646430712137 -0.010675756368096824 -0.002027574444503165 -0.011513850263665165 -0.011582291406248462 0.0486837220495005 0.014283132817793363 -0.043441129982407678 -0.032268206046872215 0.050826583893142763 0.038457520303164815 -0.028147605745674487 0.019189065355072449 -0.0064216667037813868 0.001041827390855912 -0.00088751265098451447 0.049170871818576871 -0.018460028234799957 0.0019069970532712502 -0.02584734231996515 0.0083142079246373186 0.035177055548764116 -0.01898692048911084 0.036037164693832384 0.060132056670254647 0.044231412346392086 -0.017492823020261436 0.021990958775331984 0.0058551759364468764 -0.011750089603791314 0.0045874446480912989 0.032195324682147995
leaf_weight=427.33931970596313 187.38751963526011 109.39024243503809 39.282443754374981 396.22000774741173 31.423242844641209 286.45995054394007 7875.6617507189512 220.13026003539562 217.25982223451138 112.12473055720329 188.17544183135033 3675.5021292939782 204.4672447219491 1237.9129893630743 1260.1803450733423 69.15232265740633 230.56462419778109 94.604473046958447 441.86410471051931 162.59364851564169 224.94211730360985 48.108634263277054 35.681008249521255 235.86003199219704 306.54488152265549 559.03348454460502 216.3487693965435 7189.9649830907583 2880.4095794856548 49.934279054403305 94.684740580618382 385.26886963844299 2337.2033464834094 246.82040865719318 480.29062645882368 52.614836283028126 31.199149675667286 116.06079795956612 104.62408889830112 59.043389901518822 153.84346087276936 43.190601840615273 77.041518084704876 43.575010292232037 335.37921511381865 42.056543365120888 54.742626361548901 233.13054535537958 91.175988748669624 109.77430828660727 142.68334692716599 249.46014588326216 451.53940679132938 81.546227186918259 24.23661994189024 22.134242467582226 577.13185495883226 57.847393088042736 356.17480711638927 45.01378670334816 1118.57668197155 188.65195906162262
leaf_count=2819 1183 636 243 4151 213 1512 40910 948 1052 610 986 20872 944 7440 6870 392 1435 528 2799 754 1268 216 174 1100 1732 5421 1011 38319 12968 215 607 2360 12727 1466 3366 301 241 719 835 307 718 231 398 228 1947 245 306 1353 405 714 921 1260 2857 333 236 208 5842 498 1911 226 5097 828
internal_value=-0.00024006 0.000454559 -0.00771754 -0.00821541 -0.0117876 0.000960279 0.00346932 -0.000381165 0.0190991 0.0311955 -0.00115733 -0.00563759 -0.00729228 0.000100029 0.00660894 -0.00093517 0.000762565 -0.000498149 0.00318306 0.00866143 0.0118417 0.0176059 0.00285301 0.00793696 0.013688 -0.01981 0.000559523 -1.22894e-05 0.00263127 0.0462867 -0.00590674 -0.0217086 -0.00543981 -0.00324518 -0.00710453 0.0096903 -0.0105722 -0.0311976 -0.00731504 0.0108565 0.0209361 0.013141 -0.0024695 0.0169626 0.0101881 0.0295161 0.000758985 -0.00340428 0.0198524 0.00459946 -0.00658338 0.0289904 -0.0121129 0.0117806 -0.0150298 -0.00920093 -0.0118457 -0.0138669 -0.00415913 0.0052918 0.00790785 0.0237156
internal_weight=37621.2 34424.3 3196.9 1896.46 2327.7 32527.9 11331.6 21196.2 575.556 329.385 19388 4247.98 3879.97 15140 2076.77 13063.3 9488.15 8183.02 869.203 1305.13 1142.54 826.564 246.171 1808.23 728.521 983.585 7500.92 7284.57 10756.1 98.0429 1344.11 944.302 3575.12 315.973 1312.69 224.341 1088.35 147.26 941.09 210.49 503.579 349.735 171.726 816.59 523.555 101.1 818.894 672.976 145.919 439.845 252.458 293.035 682.104 368.006 1077.57 681.35 657.113 634.979 836.465 1588.1 1352.24 233.666
internal_count=209412 187179 22233 15817 16615 171362 56902 114460 3024 1662 106261 23661 21816 82600 11291 71309 51142 44150 5618 6992 6238 4380 1362 8199 3949 8024 39858 38847 53878 431 8591 7781 20167 1858 8378 1306 7072 960 6112 1188 2681 1963 1005 4421 2933 552 4882 4171 711 2818 1635 1488 4292 1845 10935 6784 6548 6340 5277 7251 6151 1054
is_linear=0
shrinkage=0.05


Tree=49
num_leaves=63
num_cat=1
split_feature=2 5 14 13 0 11 19 2 7 2 3 17 19 0 6 0 19 4 2 18 0 7 7 15 16 17 0 0 19 18 2 2 0 13 6 13 15 16 14 4 13 18 6 3 16 4 19 7 5 2 2 7 19 3 2 17 13 19 7 13 18 22
split_gain=71.0607 51.2425 51.0506 59.4971 31.666 29.6064 35.3139 47.2095 71.6462 39.1427 34.9062 32.3996 31.8565 31.8537 28.2513 27.7505 27.4033 27.0212 26.3006 26.0732 45.8082 48.2759 42.9238 34.1136 35.0423 38.5649 31.5117 28.8139 43.8543 31.2418 27.5121 30.8262 29.7836 26.0409 25.7917 25.3107 49.3297 34.5683 35.0736 39.7596 33.7381 26.6241 38.896 38.0614 34.9221 30.9467 32.866 25.1926 33.1104 28.6159 46.1494 28.8476 25.322 28.0293 25.1947 25.0459 28.1996 25.0296 30.1461 26.5822 24.9056 24.7855
threshold=0.017778642815241479 0.019801980249059995 0.51235658508921189 0.56055025410899673 0.027202150142139021 1.5000000000000002 0.23192132437639532 0.019684113757497717 -0.10441878009274662 0.031447631779905665 -0.035122555174272527 0.47758234111643733 0.033234811309222366 0.087893955439120638 0.020769003907489373 0.026807977641186111 0.0055167348396312184 -0.082334423913537833 0.02878252898519407 0.25994671528720042 0.059785989426106322 -0.041603048096804422 -0.10441878009274662 0.85174690487136007 0.59317992739373782 0.30703194855217009 0.041574480574903157 0.043838690104983431 0.89205124051101659 0.76535260395082205 0.019501149477488457 0.020217215408749312 0.048269506534177532 0.1005419427749525 0.0023474178403756212 0.30278653367966651 0.55213472677927666 0.052910758263578515 0.18299578643455658 0.042761924022669436 0.068460598081624982 0.8009368966122522 0.0044802867383512144 2.9507908811730625 0.80176489565256104 0.051987766581646395 0.67914041015961935 -0.09661665646452787 0.032546038726454236 0.019413078618070168 0.019684113757497717 -0.044504757976607849 0.32668427028846253 3.9928073431071143 0.023945641054333052 0.12873692912682103 0.056637464603559874 0.62801568593213453 -0.013648381578974576 0.81335623579456606 0.63129874251859019 0
decision_type=10 10 8 8 10 2 8 10 10 10 10 10 10 10 2 10 10 2 10 10 10 10 10 10 2 10 10 10 10 10 10 10 10 10 2 8 10 2 10 2 10 10 2 10 2 2 10 8 8 10 10 10 10 10 10 10 8 8 10 10 10 9
left_child=1 55 3 16 -3 -4 7 8 -7 12 -10 -12 -9 17 35 -5 18 -14 -2 22 21 30 61 24 25 -23 -24 -25 29 -29 32 -32 -21 34 -19 36 37 -6 60 -40 -38 42 -42 45 -44 -43 -47 -17 49 -49 51 -51 54 -54 -50 56 -1 59 -59 -52 -39 -18
right_child=2 4 5 15 14 6 -8 9 10 -11 11 -13 13 -15 -16 47 19 33 -20 20 -22 23 26 27 -26 -27 -28 28 -30 -31 31 -33 -34 -35 -36 -37 40 38 39 -41 41 43 44 -45 -46 46 -48 48 52 50 57 -53 53 -55 -56 -57 -58 58 -60 -61 -62 -63
leaf_value=0.024305528357800973 -0.032000656128234425 -0.017659113763123579 -0.00036967954050540468 -0.035982635091096303 0.056951781072913522 -0.00013935464403677807 0.002754980868800239 -0.010875575842947009 -0.0012890510358944999 0.031366291334331074 0.068287308293770471 0.031848744656952324 -0.031236813873680432 0.044774340607786532 0.0088811042429311395 -0.012975590241831387 0.034343557415465069 0.040724903553915476 -0.00087397949696502359 -0.026526064300937215 0.038454093001370329 0.012470690021053816 0.01127777664944268 0.0014769962408881301 0.012380941532385255 -0.0032460111855685731 0.04005458809857624 -0.0061850645797575047 0.0094981916812383379 -0.042530255394970289 0.015133897125561794 -0.0058138012860926187 0.025153909701223078 0.0045405168662500548 -0.0046279355486994597 -0.0044659747104099324 -0.02294760099785206 0.075177491366692759 0.00069261133757395369 0.033455690047019114 -0.015123840254262656 -0.0024634937875668236 0.030343764114065769 -0.010212205303650921 -0.019866678389695747 0.0085339068499563527 0.060705088639523778 -0.014009809584341316 -0.027140515592786109 0.086927443695011902 0.022068083316320566 0.015811339594215445 -0.0048714447246344513 0.040354162958161403 -0.0056103731402316736 -0.014410079255815708 -0.0066219825544237224 -0.0076109289990860711 0.025940340382780498 -0.0010245430310732787 0.015440621894644941 -0.0033462180775958856
leaf_weight=78.513473279774189 115.6913747638464 297.19488151744008 4744.8003231063485 72.274491187185049 40.04557278752327 218.7264888137579 8224.5692719817162 301.02822516858578 51.984833151102066 139.64420433342457 88.917412340641022 202.91397903859615 47.49523089826107 52.463997200131416 649.63845352828503 828.61888013035059 37.06569542735815 100.37473358213902 162.32560984790325 240.27429973334074 79.427735686302185 567.96269956231117 257.07765675336123 805.43791162967682 1328.7277084812522 1242.1469410508871 151.14068751037121 101.05693873763084 117.85191348195076 142.83902630209923 196.08394342660904 1614.423530317843 30.723259925842285 1370.1215345859528 45.107781916856766 3774.321874268353 196.7886653020978 31.781280055642128 553.99374774098396 110.19581014662981 390.83325242996216 65.330806367099285 106.8207061290741 121.87942199409008 50.189465269446373 50.739776775240898 74.901176109910011 208.10360187292099 265.57754601538181 26.349782422184944 282.94863170385361 30.946971975266933 2419.4922741502523 33.760578982532024 278.49551182985306 1449.492673125118 1011.6018652692437 511.50566817075014 76.022696405649185 221.93739924579859 38.724801145493984 460.71038462221622
leaf_count=456 847 2680 23125 893 208 1149 38707 1411 258 570 419 925 254 228 3188 5564 211 471 1108 1625 339 3296 1620 4150 6618 6949 772 492 501 665 1279 8904 174 6605 202 23700 1011 225 3247 545 2268 392 632 594 260 233 351 1736 2013 210 1764 252 14851 185 1652 10952 6902 3409 559 1631 256 2719
internal_value=-0.000229365 -0.00407761 0.000998736 -0.00132699 -0.0017404 0.00292441 0.00436572 0.00942146 0.0222445 0.00590425 0.0364435 0.0431464 0.00403367 0.00681673 -0.000981494 -0.00542224 0.00148668 0.0055149 -0.013895 0.00206849 0.000954891 0.000482649 0.0100075 0.00350465 0.00621796 0.00168962 0.0220041 -0.00379114 -0.0154925 -0.0275576 -0.00576767 -0.00353799 -0.0205961 0.00668645 0.0267274 -0.00212567 0.00269509 0.0122721 0.00976262 0.00617046 -0.00432621 -4.69394e-05 -0.00668916 0.0115687 0.0142695 0.0254502 0.0398696 -0.00498929 -0.00346717 0.00300866 0.00609859 0.0494465 -0.0064008 -0.00423288 -0.0161504 -0.0101057 -0.00437425 0.00378186 -0.00323289 0.0119351 0.0430424 0.000144957
internal_weight=37588.1 9092.99 28495.1 12907 6553.38 15588.1 10843.3 2618.78 562.543 2056.24 343.816 291.831 1916.59 1615.56 6256.18 5256.03 7650.97 1563.1 278.017 7372.95 6466.96 6387.53 905.994 4306.02 3138.84 1810.11 408.218 1167.19 361.748 243.896 2081.51 1810.51 270.998 1515.6 145.483 5606.55 1832.22 774.741 734.696 664.19 1057.48 860.695 547.843 312.851 157.01 190.972 125.641 5183.76 4355.14 1357.81 1149.71 57.2968 2997.33 2453.25 544.073 2539.61 1090.12 1092.41 587.528 504.886 70.5061 497.776
internal_count=209412 58100 151312 76988 39790 74324 51199 12492 2751 9741 1602 1344 9171 7760 37110 34719 42269 7532 1955 40314 34992 34653 5322 22671 16863 10245 2392 5808 1658 1157 11982 10183 1799 7278 673 33922 10222 4481 4273 3792 5741 4730 3160 1570 892 976 584 33826 28262 9561 7825 462 18701 15036 3665 18310 7358 7363 3968 3395 481 2930
cat_boundaries=0 1
cat_threshold=8388684
is_linear=0
shrinkage=0.05


Tree=50
num_leaves=63
num_cat=0
split_feature=0 5 2 2 5 2 2 2 5 2 19 11 2 6 0 9 6 15 2 2 2 5 2 6 4 9 9 1 7 9 19 19 7 2 8 8 12 3 0 18 2 5 6 2 6 15 0 9 0 15 0 3 8 9 1 7 4 8 2 19 0 2
split_gain=60.1499 44.5207 37.4353 88.5337 42.7374 42.3499 42.3318 49.3359 45.4825 41.7051 50.7482 39.7663 39.7453 39.1116 35.0364 38.9161 36.391 34.7776 33.2294 58.5726 66.218 47.5756 48.5849 33.1973 32.4742 57.8697 31.9321 30.7524 41.9615 30.2776 30.6219 29.8145 45.2779 29.6174 29.2585 29.0333 28.7039 28.6186 28.567 27.4992 27.397 27.1882 27.0774 29.0467 26.6084 25.2493 30.4125 27.9202 39.4595 37.1613 25.037 24.7455 28.0908 24.46 25.9148 24.4175 24.3076 23.9692 40.8983 38.0448 33.6504 30.0583
threshold=0.03447412151267417 0.1975416558749892 0.019501149477488457 0.019993522459839312 0.012764599655120891 0.019946028340838352 0.019684113757497717 0.019671714621698519 -0.022817929465080319 0.020696512715447139 0.024960370395492152 3.5000000000000004 0.020595189563327555 -1.0000000180025095e-35 0.068968256882130069 5.5000000000000009 -0.001684413314880395 0.91907194032528883 0.029488768802778721 0.02878252898519407 0.0286543737976452 0.012170381619273087 0.030697417867432627 0.00062539126554572732 0.054054054054054064 5.5000000000000009 5.5000000000000009 2.8171967406800951 -0.06074208387898327 7.5000000000000009 0.49720473963644041 0.79698914840292223 -0.13432835439380628 0.036099691589757031 -0.021874999241942469 -0.43870663043165931 1.5000000000000002 -0.61766124106636433 0.043474353517997867 0.52471999713277084 0.026711193037783909 0.11449828520854068 -0.0023663972523472183 0.019644902823555969 -0.0060045036275452315 0.73820857524002792 0.045213123403931819 5.5000000000000009 0.053655297986531007 0.87591916734252517 0.046788411702834473 0.46393427684610722 -0.09735116661487124 5.5000000000000009 2.1683804953425314 -0.065321805991548784 0.099559471059833773 -0.13096415024608318 0.027862282336196666 0.09664279913148692 0.052609192572407322 0.021507950842662864
decision_type=8 8 10 10 10 10 10 10 8 10 10 2 10 2 10 2 2 10 10 10 10 10 10 2 2 2 2 10 10 2 10 10 10 10 8 8 2 10 10 8 10 10 2 10 2 10 8 2 10 10 10 10 10 2 10 8 2 10 10 10 10 10
left_child=24 2 4 5 -2 6 7 42 -9 12 11 33 29 -6 16 51 27 -14 19 20 23 22 36 40 25 37 -13 56 -29 -5 -31 32 -7 41 44 -15 -20 -1 -36 -35 -18 -11 -4 -44 -8 46 -3 -47 49 -49 -22 -16 55 54 -42 -53 -12 59 61 -25 -60 -59
right_child=1 45 3 9 13 31 34 8 -10 10 14 26 17 35 15 -17 18 -19 21 -21 50 -23 -24 57 -26 -27 -28 28 -30 30 -32 -33 -34 39 38 -37 -38 -39 -40 -41 53 -43 43 -45 -46 47 -48 48 -50 -51 -52 52 -54 -55 -56 -57 -58 58 60 -61 -62 -63
leaf_value=-0.017801775320804274 -0.0078678974047003952 0.032164740261871078 0.035461395352325571 -0.0040447626752001791 -0.0079278549344339051 -0.0062762104862991363 0.021942223365171692 0.091892769405016089 0.026997220308394639 -0.010421797314543546 -0.0073224988211574617 -0.0084854071614655652 -0.023141881172146661 0.035085708612266606 0.012107329736073293 0.040503821018414585 0.0041426223353344923 0.026199999350662639 0.026195613886480531 -0.0134337355478386 0.060492935057067578 0.004207440550871972 0.0095238376393634999 0.0094359492550524591 0.0054334204919076687 -0.025977887914479789 -0.060180693834625737 -0.003915865244042905 0.056008851131588912 0.055895251954777014 -0.00078787562955727843 -0.0064319075799248206 0.050037928761623933 0.042391470106516671 -0.0070909927160874775 0.00098405709022951634 0.067213121658673616 -0.0034122181680820529 0.042667133201605902 0.0025990806731925713 0.0068855906904213482 0.01027659280170461 0.012575853802107502 -0.020387480702170668 -0.0036018795308938503 0.0066569737246195736 0.0094493888320755573 -0.065724791418117753 0.0090149406542152331 -0.010137459039335061 0.016453319023232268 -0.00050519332766484103 -0.026147422731544363 0.048729884873564347 0.038989582648733284 0.036063686384160631 0.026025894498375904 -0.0079754779087978494 -0.02869825601228761 -0.008435181351737155 0.012448301915129254 0.0053261389720741887
leaf_weight=392.79958882555366 2476.6286538019776 176.12290699779987 97.357892371714115 1746.9941369518638 1390.6447096019983 44.969451449811459 115.23581850528717 37.318657293915749 96.290083535015583 1254.5125224962831 1804.1193323433399 61.051784351468086 420.26230518519878 62.035819336771965 969.05385985970497 93.686560451984406 2384.3058774024248 38.195624589920044 109.60958398878574 622.69485738873482 61.891212105751038 1526.8968914151192 284.93720428645611 369.54180619865656 577.40097314119339 372.08507477864623 58.219658985733986 74.320768967270851 47.00520122051239 42.382805839180946 52.795931041240692 45.046889156103134 168.26617814600468 47.915829882025719 44.137102410197258 6347.6111852675676 71.31596764922142 2826.9918861165643 80.900358378887177 387.7330200523138 322.067208096385 180.78688652813435 354.83450742065907 81.34168952703476 828.38181053102016 839.84809857606888 887.78467523306608 48.29617628455162 110.87172082066536 78.232450619339943 68.426883265376091 364.11559711396694 93.284834742546082 54.357687190175056 77.303779855370522 51.186164781451225 55.386472821235657 495.31075143069029 181.56429979205132 1518.0643860325217 67.61249203979969 2946.2317225039005
leaf_count=3682 15494 774 517 9713 7573 247 623 225 508 7457 9545 341 2356 283 4242 388 12738 192 475 2987 260 6675 1230 1900 3391 3380 322 369 205 210 276 229 892 226 266 34758 301 24284 378 1851 1435 906 1926 446 4600 3630 3769 213 473 343 279 1613 393 233 332 213 237 2707 829 8786 286 14031
internal_value=9.65819e-05 0.000803141 0.000325515 0.00153563 -0.00214707 0.0115556 0.00873411 0.0186066 0.0456714 0.000483749 0.00135307 -0.00613845 -0.00582613 -0.000329908 0.00236671 0.00942056 0.00152272 -0.018983 0.0026311 0.00135888 0.00243809 0.00848137 0.0224505 0.00188815 -0.00556541 -0.00733452 -0.0340099 -0.00472124 0.0195688 -0.00254328 0.0247717 0.030411 0.0381879 -0.00434445 0.00255926 0.00131953 0.0426442 -0.00517266 0.0251861 0.0070628 0.00628965 -0.00780934 0.0117562 0.00639601 -0.000462474 0.00777647 0.0132364 0.00237684 -0.0127293 -0.0317042 0.0376702 0.00742373 -0.00150658 0.0175382 0.0131816 0.00407774 -0.00631574 -0.000351886 0.00199199 -0.00493336 -0.0175283 0.00340999
internal_weight=37586.6 33417.3 31276.1 20999.2 10276.9 1994.08 1735.8 667.143 133.609 19005.1 16704.5 1990.22 2300.63 7800.29 14714.3 1571.33 13143 458.458 11162.1 9169.37 8546.68 1992.76 465.863 8416.36 4169.28 3591.88 119.271 1980.83 121.326 1842.17 95.1787 258.283 213.236 1870.95 1068.66 6409.65 180.926 3219.79 125.037 435.649 2838.03 1435.3 533.534 436.176 943.618 2141.16 1063.91 1077.25 237.4 126.529 130.318 1477.64 508.587 453.729 399.371 415.302 1859.51 5578.33 3690.72 1887.61 249.177 3441.54
internal_count=209443 174706 165504 107396 58108 10857 9489 3622 733 96539 83792 11103 12747 42614 72689 6849 65840 2548 55484 46803 43816 8681 2006 43277 34737 31346 663 10356 574 10199 486 1368 1139 10440 5867 35041 776 27966 644 2077 14738 8363 2889 2372 5223 9202 4543 4659 1029 556 539 6461 2219 2000 1767 1826 9782 28539 17853 10686 1115 16738
is_linear=0
shrinkage=0.05


Tree=51
num_leaves=63
num_cat=0
split_feature=0 13 17 13 2 2 2 14 7 13 8 2 10 0 19 19 17 2 14 15 19 7 0 10 8 1 2 17 14 10 3 15 16 4 8 19 0 3 3 2 3 8 8 1 19 4 6 8 8 13 10 16 16 1 8 1 2 8 8 4 19 1
split_gain=54.5175 40.2105 34.96 33.7744 42.1503 40.6019 43.4522 38.9146 43.7994 38.9001 41.0183 36.1378 39.6703 36.0499 32.9662 28.7141 29.2353 32.3368 28.1957 42.4999 35.7247 32.4362 27.7212 41.6068 28.3088 27.9001 37.9939 49.1623 31.7176 31.2712 32.796 27.2953 27.2206 34.0165 27.0484 32.8495 26.2319 25.8573 25.8273 25.6998 27.1109 26.9056 25.5039 24.6814 24.511 24.2752 37.2934 24.2693 24.1421 24.8247 24.1355 25.0478 24.1041 23.6396 23.6341 23.6319 23.5156 26.3774 22.8331 27.6943 26.7494 37.4333
threshold=0.03447412151267417 0.90324038966341957 0.97787034476401191 0.31889774740572013 0.036378053270572357 0.015381346692968216 0.016604452504719428 0.87635554566225393 -0.10220024083249939 0.23564651589417265 -0.11273605974634558 0.019501149477488457 3.5000000000000004 0.045090914954856183 0.9560554508253255 0.73465129407677621 0.91073348694316447 0.020696512715447139 0.72226167929292939 0.87591916734252517 0.22764795385384023 -0.0086352235024088602 0.054710361408750637 2.5000000000000004 -0.35790280842927974 1.9574100013161633 0.020502836820428114 0.87139000297357871 0.73414006610048965 2.5000000000000004 3.8641718678755885 0.98579879667910331 0.048989169507426232 -0.050935733478851823 -0.087855297157622789 0.15627626050420171 0.039297248770967894 3.0307035592163474 3.3857653674657695 0.020733316268245944 0.86512035931061748 -0.27288530956908491 -0.27288530956908491 2.4926916439765465 0.60422253196261433 0.048837181855030394 0.0012642224812636773 -0.19436406479545063 -0.15169400429862193 0.024888534082401968 2.5000000000000004 0.89217934880374183 0.7934559033259817 3.0987521142235295 -0.19749888293118859 2.0472301142006191 0.030338905914821291 -0.21557170559166564 -0.032540498994008953 0.0023056960114383744 0.75827642631595094 2.7172712783692252
decision_type=8 8 8 10 10 10 10 10 10 8 10 8 2 10 8 8 10 10 8 8 8 10 10 2 10 10 10 10 10 2 10 10 2 2 10 10 10 10 10 10 10 8 8 8 10 2 2 10 10 10 2 2 2 10 10 10 10 10 10 2 10 10
left_child=1 52 3 5 7 -2 9 8 15 10 13 12 18 47 56 16 17 38 20 -20 21 -8 24 -24 43 28 27 37 29 30 34 -32 -19 -34 35 54 -31 -27 44 -28 45 -42 -6 -13 -5 -41 -47 -7 -22 -50 51 -16 -1 -53 -26 -43 58 -58 60 -60 -10 -62
right_child=2 -3 -4 4 42 6 11 -9 14 -11 -12 22 -14 -15 50 -17 -18 32 19 -21 48 -23 23 -25 25 26 39 -29 -30 36 31 -33 33 -35 -36 -37 -38 -39 -40 40 41 55 -44 -45 -46 46 -48 -49 49 -51 -52 53 -54 -55 -56 -57 57 -59 59 -61 61 -63
leaf_value=-0.0052729783951706195 -0.010665528845518002 -0.018984465523901067 0.0095306687823342919 -0.015496284226774069 0.04848075397410026 0.015443999940065196 0.0086926173300897625 0.0035857794710064091 -0.00053453629559465146 -0.0055039178239991099 0.03634002974866099 -0.02054483076577494 0.04104930806480013 0.026991412411033446 -0.011901603721989021 -0.023280930404438203 0.03414468403214227 -0.025854689493423177 -0.0070015815279015322 -0.041947961205744649 -0.019702071115351608 0.055198712994774857 0.0070359956498826509 0.0384822370475034 0.012840146584967405 0.0070642945890279293 -0.026195650825872455 0.042149617656485158 0.046969273372454629 0.0066176728251452904 -0.042317329081374359 0.0074141174242477268 0.017901233501525182 -0.0033224034429578985 0.015467194125532262 -0.00034283545799135919 -0.036510284458111435 -0.024530708010597396 0.027852230236542208 -0.0010028008919613835 0.026037502334546627 -0.036710463824738714 0.0093177799485917503 0.0046392944611809948 0.02766388905923526 0.059163816944036531 -0.0052563317396631158 -0.032967532522200221 0.034648104010703562 -0.00239742732408049 -0.031581971240730866 0.0082641956587318228 0.0059087292578302803 -0.02551777295904133 0.054208719190965184 -0.0096464505738859275 0.030813309637223563 0.0044425474693973481 -0.014160604631164767 0.0048486299047855999 -0.012337321665276256 0.01232037936631409
leaf_weight=3107.4429954662919 534.80080366134644 475.11863286420703 1098.5377568155527 1094.6182114332914 63.696676880121231 42.247444435954094 284.83231131732464 3966.9627234637737 8015.9438132345676 156.61764734983444 263.87824887782335 246.37056314200163 49.385900601744652 109.07677830755711 728.97786297649145 248.33973713219166 44.496382012963295 115.37770792096853 701.61824660003185 98.43316014111042 197.80388010293245 42.288260221481323 2657.4823518842459 108.59675320982933 162.94328995049 462.86180812120438 147.55415372550488 91.39001552760601 47.208162769675255 64.568651705980301 57.875331595540047 51.442110508680344 211.67543790489435 1680.5185431838036 886.11777966469526 907.08873500674963 75.976384863257408 74.273586973547935 36.816693395376205 466.36097477376461 40.264844372868538 105.8958455324173 118.08389672636986 159.83558613061905 33.028639532625675 44.512170448899269 44.070984601974487 63.993636161088943 46.643731608986855 888.87926989793777 102.03403066843748 359.92619620263577 569.54544314742088 59.474735110998154 43.177157357335091 333.675516679883 119.71572472155094 444.32859182357788 205.22072137892246 2708.7633265480399 1006.2829624041915 180.84936185181141
leaf_count=25297 3227 6168 4742 7373 260 249 1557 18317 45089 901 1298 1578 225 558 4540 1611 210 609 3393 460 1208 188 12074 464 822 2542 783 412 197 333 285 246 1091 8898 4017 4781 336 392 225 2563 206 535 548 694 226 223 210 395 228 4801 519 1641 3272 262 194 1686 499 1954 1226 14091 5662 852
internal_value=9.13272e-05 -0.0053113 0.000763017 0.000464587 -0.00067793 0.00275213 0.00345488 -0.000882447 -0.0019015 0.0161029 0.0231615 0.00261468 -0.00283336 0.00691742 -0.000650129 -0.00693136 -0.00566221 -0.0062312 -0.00380981 -0.0113482 0.000324735 0.0148546 0.00434356 0.00828404 0.00192733 0.00317333 -0.00146701 0.00845803 0.0068316 0.00596865 0.00749278 -0.0190599 -0.002384 -0.000939962 0.00895341 0.00375918 -0.0167898 0.00265796 -0.0128561 -0.00674583 -0.00394977 -0.0126409 0.0232308 -0.0106482 -0.0142087 0.00357427 0.0274133 -0.0137519 -0.00387852 -0.00051537 -0.00839239 -0.0063063 -0.00353986 0.00342431 0.0217257 -0.0162349 0.000113893 0.0100842 -0.000351016 0.00350548 -0.00157235 -0.00857373
internal_weight=37555.8 4152.11 33403.7 32305.2 21545.1 10760 10225.2 21363.4 17396.4 635.814 479.196 9589.43 2309.88 215.318 13931.5 3464.87 3216.53 3172.04 2260.5 800.051 1460.45 327.121 7279.54 2766.08 4513.46 4107.26 1810.86 628.525 2296.4 2249.19 2108.64 109.317 2007.57 1892.19 1999.33 1113.21 140.545 537.135 1164.46 1182.33 1034.78 479.836 181.781 406.206 1127.65 554.944 88.5832 106.241 1133.33 935.523 1250.41 1148.38 3676.99 419.401 206.12 439.571 12681.1 564.044 12117.1 2913.98 9203.08 1187.13
internal_count=209443 34737 174706 169964 115703 54261 51034 114895 96578 3401 2500 47633 12060 1202 76335 20243 18632 18422 11835 3853 7982 1745 35573 12538 23035 20763 9552 3346 11211 11014 10345 531 10598 9989 9814 5797 669 2934 7824 6206 5423 2427 808 2272 7599 2996 433 644 6237 5029 6962 6443 28569 1903 1016 2221 69373 2453 66920 15317 51603 6514
is_linear=0
shrinkage=0.05


Tree=52
num_leaves=63
num_cat=0
split_feature=0 13 5 2 2 14 3 8 1 4 2 15 15 2 8 2 2 2 5 2 2 2 2 3 15 1 5 4 14 7 7 19 5 4 5 11 7 5 13 19 8 3 0 1 2 10 7 8 19 19 0 8 13 18 8 8 18 18 1 2 19 4
split_gain=50.0316 36.4454 33.3973 33.2297 74.136 37.381 34.0594 40.9791 41.4449 35.7461 33.926 40.6614 33.3067 31.9472 34.5905 30.4706 33.6122 33.8184 30.403 32.7088 29.9897 33.9765 33.4349 30.1033 30.0846 29.1902 28.8239 28.6124 31.8841 27.9608 27.6069 41.8421 27.4786 46.3135 27.4436 35.5889 27.3448 26.9662 26.5067 26.4914 37.6938 43.4612 34.0818 33.697 28.0134 27.8402 30.5148 26.3488 25.6474 43.0187 26.7928 33.0044 30.6388 26.4554 28.8589 25.4428 25.394 25.1079 24.8574 24.6561 36.3177 35.2544
threshold=0.03671773857805672 0.87585035762583752 0.1975416558749892 0.019501149477488457 0.019993522459839312 0.35751753863084051 -0.21560997702996654 -0.43870663043165931 2.0820110862400507 0.024242424242424291 0.016702759712203214 0.14827042314804745 0.18038595184909409 0.026457922037817629 -0.38069632390753744 0.027862282336196666 0.027459728617744199 0.026790207834945606 -0.044229114854613387 0.019946028340838352 0.025801116477334164 0.020696512715447139 0.020595189563327555 1.0193358275995046 0.91487924094307083 2.2641105339845891 0.15273251244432798 -0.091899947954441827 0.93896660085096928 -0.03009111063688524 -0.030506858832463509 0.13639610389610393 0.1201298708427221 0.099713603753363036 0.064477246673155589 2.5000000000000004 -0.11313631301185677 0.098276733083142678 0.33486768226794078 0.7623740425013027 -0.078680836949832564 2.9932218155901094 0.042455816848347878 2.3262106709932646 0.020818169700589948 1.5000000000000002 -0.020000000469644171 -0.21980840273889876 0.85205065961141579 0.93693281947395302 0.050938958033356317 -0.040745638032862845 0.41838056466109769 0.52094479253092263 -0.13951934602667473 -0.14559275853179363 0.97878073184676972 0.69030185696294122 1.8494998015464688 0.029488768802778721 0.65565534859395758 0.037241087454579998
decision_type=8 8 8 10 10 10 10 10 10 2 8 8 10 10 10 10 10 10 10 10 10 10 10 10 10 10 10 2 10 10 10 8 10 2 10 2 10 10 10 10 10 10 10 10 10 2 10 10 8 10 10 10 10 10 10 10 10 10 10 10 8 2
left_child=1 30 3 5 18 55 10 36 9 -9 -7 -12 -10 14 -6 16 17 37 -5 48 21 22 38 26 -24 -19 -23 -25 32 -22 -1 34 33 39 35 -32 -8 -15 -16 40 44 -42 -41 -44 -29 46 -46 -33 50 -50 51 52 53 -20 -55 -2 -4 -31 -48 61 -61 -17
right_child=2 -3 56 4 13 6 7 8 12 -11 11 -13 -14 15 20 59 -18 25 19 -21 29 23 24 27 -26 -27 -28 28 -30 57 31 47 -34 -35 -36 -37 -38 -39 -40 42 41 -43 43 -45 45 -47 58 -49 49 -51 -52 -53 -54 54 -56 -57 -58 -59 -60 60 -62 -63
leaf_value=-0.0071494081114444529 -0.025929330800994674 -0.013825502780921071 0.0057162884947623404 0.031514699403539535 -0.011357143791423425 0.0011484701432466617 -0.0016099159984072416 -0.0024487454645312264 0.025754817402703068 0.047850232425011782 -0.0040552775621042749 -0.022412999200126075 -0.00091477051659086489 0.0079081306438903466 0.0064232892942046194 -0.009007484090029114 0.021223864070946494 -0.01047483432240378 -0.00092699069635760129 0.02665109288244551 -0.019099716791670655 0.003439420164439252 -0.022566270012899625 -0.039426523534047658 0.024266987751763901 0.016538805031640808 0.022971073698679928 0.02383439717391269 0.021623854614577737 0.033983451979189123 0.0088007142466211066 -0.037417561077654621 -0.011461556481328553 0.031293477181696096 -0.0012047647651110065 0.062836074896627486 0.046506712987566035 0.040225275497740763 -0.0068849229871309342 -0.031164597692832488 0.0073775221622076979 0.05174763321271604 0.0081120776844564296 -0.027642087994196013 -0.0050922059904590384 -0.021810213305769308 0.055974656968376828 -0.00053112617816608858 0.040476088002180194 -0.0053053161363727135 0.011678812522329204 -0.034960538182673806 -0.010341371747918965 0.0024679431070190657 0.048594413065277869 -0.0066388452467042577 0.030835174777056652 -0.0068874475580245542 0.0051584112448111348 0.0086005262582040144 -0.001175411705961967 0.0055063590337423619
leaf_weight=1999.2353239506483 235.42463710159063 826.28009367361665 1984.5594176873565 164.77515306323767 752.27094995230436 847.588119097054 46.466530755162239 60.863319002091885 118.41101451963186 82.866470120847225 712.37851928174496 522.86184722930193 5966.0377700999379 226.21098512411118 576.2656961530447 1046.7995179519057 451.56073031574488 387.35094994306564 179.62527454644442 228.2747049331665 384.10867929458618 4807.5521019175649 367.79148510098457 49.557243071496487 36.989802479743958 133.71519537270069 195.6663379073143 86.702251717448235 141.02609345316887 51.123059898614883 58.627704717218876 48.210623279213905 672.66319497674704 111.86549085378647 75.117109164595604 63.310857072472572 79.687294706702232 89.715966776013374 1062.64559391886 154.55683945119381 366.22892035543919 64.090826004743576 220.64282309263945 92.792192295193672 720.93801784515381 209.88178668916225 37.193230725824833 2991.6321633979678 128.5067945420742 84.636562645435333 570.36456367373466 71.070967301726341 311.89124792069197 60.946204140782356 75.756533816456795 621.06297391653061 105.0735951513052 133.80792781710625 65.682969555258751 2002.7726438194513 1806.1787774786353 695.66201135516167
leaf_count=16161 1681 9294 8512 930 4247 5033 232 362 619 448 3977 2978 31606 1015 2993 5032 1921 1894 1042 1170 1735 25791 2051 290 182 586 873 492 620 216 385 350 3136 489 400 394 364 378 5924 851 1736 305 1099 427 4100 1140 212 20945 655 414 2697 391 1947 328 397 3915 438 571 355 8605 9009 3103
internal_value=8.6018e-05 -0.00407275 0.000887497 0.000452863 0.00159705 -0.00201893 -0.00100794 0.000811061 0.000237348 0.026681 -0.00655509 -0.0118377 -0.0003916 0.00062142 -0.00100385 0.00332094 0.0102447 0.00430314 0.0110586 0.0090714 -0.000268758 0.000364568 -0.00538737 0.001835 -0.0182373 -0.00352423 0.0042077 -0.00213029 -0.00148936 -0.0114249 -0.00253138 0.000322215 -0.00265944 0.000123628 0.0225901 0.0371389 0.0289105 0.0171834 -0.00220449 -0.00161827 0.00152996 0.0140906 -0.0120311 -0.00252716 -0.00330255 -0.00559952 -0.00144812 -0.00112824 0.00634889 0.022357 0.00364605 -0.00291306 0.000762303 0.0117083 0.0281971 -0.0119653 0.00699349 0.00453307 0.0238922 0.00171229 0.00396575 -0.00321313
internal_weight=37523.6 6062.41 31461.1 29371.5 20077.9 9293.65 8437.16 6354.33 6228.18 143.73 2082.83 1235.24 6084.45 18202 11362 6839.97 1288.55 836.993 1875.85 1711.07 10609.8 10040.7 2043.69 7997.04 404.781 521.066 5003.22 2993.82 2944.26 569.04 5236.13 3236.9 2803.24 2130.58 197.056 121.939 126.154 315.927 1638.91 2018.71 1550.72 430.32 467.992 313.435 1120.4 1033.7 823.814 3039.84 1482.8 213.143 1269.65 699.29 628.219 316.328 136.703 856.488 2089.63 184.931 102.876 5551.41 3808.95 1742.46
internal_count=209443 47929 161514 152564 101349 51215 45619 33631 33035 810 11988 6955 32225 91378 59835 31543 5794 3873 9971 9041 55588 53066 11150 41916 2233 2480 26664 15252 14962 2522 38635 22474 14342 11206 1179 779 596 1393 8917 10717 8340 2041 2377 1526 6299 5807 4667 21295 7871 1069 6802 4105 3714 1767 725 5596 8950 787 567 25749 17614 8135
is_linear=0
shrinkage=0.05


Tree=53
num_leaves=63
num_cat=1
split_feature=2 2 2 14 14 19 1 19 19 2 3 11 5 6 17 3 16 2 3 2 9 22 14 10 11 6 19 3 7 4 14 0 5 0 0 0 9 16 18 2 17 2 14 9 2 0 2 14 9 6 3 2 6 4 3 0 17 11 6 2 0 4
split_gain=46.1256 46.6002 42.9284 38.4749 35.3392 38.6488 30.485 33.1422 30.2476 29.496 29.4007 57.5181 31.0626 28.7566 35.0071 41.6354 34.2442 32.6051 30.2596 27.4095 30.3421 26.9582 27.2137 26.3314 25.825 35.2436 39.8911 32.8364 31.9361 25.0423 33.9961 26.1248 31.1849 25.5825 24.6899 23.2516 21.9475 21.9425 21.9067 21.5796 26.199 67.0354 31.0578 28.5241 52.2881 39.644 32.4321 27.5495 25.7555 55.0706 36.8456 24.9841 28.0833 24.5 22.633 52.3243 79.2536 43.4421 30.7331 22.7817 23.0873 21.5763
threshold=0.015855146407099511 0.015260749562830606 0.01590716376126777 0.40519679097660755 0.51235658508921189 0.0055167348396312184 2.0820110862400507 0.21194415365709346 0.1204764711017985 0.038846965689514464 0.89824418175197984 2.5000000000000004 0.025130626290439276 -0.0004916422033980904 0.68210369581509112 4.0570900501903147 0.93927146153944252 0.022066167597896064 1.759860486817628 0.021039328677414319 2.5000000000000004 0 0.88015113777878418 2.5000000000000004 1.5000000000000002 0.032246471881950851 0.024960370395492152 3.7996321549297853 -0.13603645901907888 0.090090090106052303 0.60355683145192696 0.057360547498022565 0.12813495272611111 0.047179982184608969 0.074597380630293128 0.087893955439120638 4.5000000000000009 0.6366492525529005 0.080916397463719467 0.02493986271024955 0.92648393295612264 0.017094687481898331 0.21055361432627215 8.5000000000000018 0.019780706631191202 0.055114234796473476 0.021269509412767094 0.30207141495041961 7.5000000000000009 1.0000000180025095e-35 1.9900858835991906 0.020502836820428114 0.0053191489361702491 0.09883720930232566 3.7381486475242576 0.04007736458540706 0.85554594386774319 4.5000000000000009 0.00065832784726793669 0.01629649707805603 0.03970682534841298 0.054054054054054064
decision_type=10 8 10 10 8 10 8 8 10 10 10 2 10 2 10 8 2 10 10 10 2 9 10 2 2 2 10 8 10 2 8 10 10 10 8 10 2 2 10 10 10 10 10 2 10 10 10 10 2 2 10 10 2 2 10 10 10 2 2 10 10 2
left_child=1 34 -2 8 5 9 7 10 -3 -4 11 -6 -12 18 16 17 19 -16 -9 20 -15 22 -8 29 28 26 -26 -27 -7 31 -31 33 -33 -19 61 -23 -29 38 -30 40 43 -42 -43 45 53 54 47 -46 -41 -50 -51 52 -44 -45 59 56 57 58 -56 60 -28 -1
right_child=2 3 4 -5 6 24 21 13 -10 -11 12 -13 -14 14 15 -17 -18 23 -20 -21 -22 35 -24 -25 25 27 39 36 37 30 -32 32 -34 -35 -36 -37 -38 -39 -40 48 41 42 51 44 46 -47 -48 -49 49 50 -52 -53 -54 -55 55 -57 -58 -59 -60 -61 -62 -63
leaf_value=-0.0052099883982081874 0.024309207241035316 0.021731810417707394 -0.017542555612293006 -0.0085919627548464803 0.016032984796765088 -0.0097529162794877961 0.0013285509040110903 -0.00033312860766417514 -0.036788148777559003 0.018170318871685708 -0.031183403831789549 0.065824777177228955 0.011894113925335213 -0.00084220396159913216 -0.027085941227702217 0.045253436304062755 0.055211000600234407 0.012677330578881008 -0.030797780206042236 0.007885274649690693 0.058357126776571934 -0.0015020498360174405 0.0080588094005231183 -0.035410124100048505 0.032714955842769226 0.014382199764153454 -0.032214058077398806 0.0076228236673829917 0.042539424787589243 -0.0086982102968760182 0.032410516629041319 -0.0072367113503324703 0.040791100869817264 -0.019607958937856915 0.043253156798605363 0.011740379357126835 -0.03800145038815924 0.013193823382848857 0.0020631208563523669 -0.00051863188451194131 0.065573293695881718 0.02990611730936954 0.023578558140688658 -0.05423928718493936 -0.0081765380191403253 0.049032131968707274 -0.022063284451774433 0.053545402285449344 0.054941795416597675 0.026492909602451143 -0.031249766458543451 -0.024686010507212041 -0.022280682515620816 -0.0052356877634364427 -0.0076790800113934179 -0.020892340139778812 -0.044813247839299769 0.087349022820331107 0.042924595467994375 -0.0048240272648851596 0.0059578041307857691 0.0064498933935594697
leaf_weight=1735.8408702239394 189.05385571718216 23.660364113748074 537.46216764301062 606.44773275405169 325.44419815391302 449.57674529403448 5399.8392285481095 330.46630979329348 239.77647586166859 63.956621184945107 51.218352630734444 69.903343230485916 209.87700480222702 34.46251080930233 126.29498995840549 44.659211620688438 42.975890502333641 81.52608048915863 107.20681315660477 1043.7265660315752 57.067853480577469 7905.5746784955263 2080.029418438673 46.974545881152153 77.683957800269127 532.71328610181808 145.88499205932021 50.024821326136589 32.84627216309309 79.839789047837257 133.29634794592857 73.42344756424427 61.232760697603226 240.12162720412016 28.81707127392292 344.99181412160397 54.066168159246445 587.36712830886245 2733.192270770669 2602.4259776473045 44.197786755859852 69.837315514683723 88.995182394981384 105.23998076468706 33.94166923314333 33.46338278055191 77.685454629361629 37.12813438475132 65.935354635119438 53.692460924386978 54.835538670420647 114.96503128111362 52.122187539935112 33.86603955924511 46.971819393336773 98.017750084400177 34.004945062100887 34.417579151690006 80.774526447057724 6189.1512234434485 53.857443138957024 513.31184957176447
leaf_count=13206 1068 188 4026 3688 1503 2756 26277 1617 2301 329 251 324 958 212 686 199 179 387 509 4873 331 39685 9136 202 410 2478 1289 252 222 335 549 333 262 1084 137 1519 266 3295 18029 11959 222 349 424 746 230 180 462 196 287 234 253 561 253 160 286 541 185 185 496 42895 304 2684
internal_value=8.09253e-05 -0.00571095 0.000611855 -0.0155485 0.000479999 -0.00130863 0.00192587 0.00640676 -0.0314699 -0.0137209 0.0163983 0.0249808 0.00335698 0.00378115 0.00624793 -0.00125256 0.0118931 -0.00376785 -0.00784856 0.0102061 0.0362995 0.00102546 0.00319668 0.00037487 -0.000798826 -0.00203994 -0.00275072 0.00936389 0.0027469 0.00293497 0.0170427 -0.00367749 0.0147429 -0.0114109 -0.00194912 -0.000945825 -0.0162111 0.0044251 0.00255897 -0.00302532 -0.00443979 0.00850911 0.000593764 -0.00512513 -0.0205119 -0.00446272 0.000132382 0.0243637 0.00073129 0.0192728 -0.00270146 -0.00748537 0.0066027 -0.0424316 -0.00473788 0.00880139 0.0236689 0.0382159 0.0244027 -0.00536259 -0.0219432 -0.00254723
internal_weight=37497.4 3147.85 34349.5 869.885 34160.5 15270.3 18890.2 3159.72 263.437 601.419 656.443 395.348 261.095 2503.27 2065.6 887.369 1178.23 842.71 437.673 1135.26 91.5304 15730.4 7479.87 716.415 14668.9 10865.9 10229.1 636.804 3802.98 669.44 213.136 456.304 134.656 321.648 2277.97 8250.57 104.091 3353.41 2766.04 10151.4 7374.52 370.118 325.92 7004.4 287.861 6716.54 148.755 71.0698 2776.89 174.463 108.528 256.082 141.117 139.106 6683.08 294.187 196.169 162.164 127.746 6388.89 199.742 2249.15
internal_count=209443 22204 187239 6177 186171 94760 91411 14794 2489 4355 3036 1827 1209 11758 9632 4037 5595 3838 2126 5416 543 76617 35413 3152 90405 66103 63107 2996 24302 2950 884 2066 595 1471 16027 41204 518 21546 18251 62697 49964 1809 1587 48155 1794 46361 888 426 12733 774 487 1238 677 906 46181 1693 1152 967 782 44488 1593 15890
cat_boundaries=0 1
cat_threshold=9962345
is_linear=0
shrinkage=0.05


Tree=54
num_leaves=63
num_cat=0
split_feature=0 13 5 13 0 1 0 9 9 4 15 4 17 16 19 8 5 13 9 7 16 1 5 15 5 1 4 3 15 0 9 15 6 4 7 9 5 18 18 3 4 13 13 17 13 8 19 1 19 13 16 9 15 1 5 16 18 1 0 7 5 19
split_gain=42.7465 34.7612 32 29.4728 39.9303 29.9667 41.1929 38.6248 27.4449 25.5944 40.3652 41.2094 24.7828 27.4699 29.2076 39.6395 25.205 36.9491 29.6066 24.1312 31.4893 27.8022 23.6539 23.3645 23.0042 23.4542 22.8605 25.4044 22.3846 27.131 24.4486 38.2625 46.9996 24.3042 20.3646 23.1899 68.8032 31.0169 58.1422 25.7653 27.5906 25.0755 24.7547 20.1428 19.925 33.1949 33.8448 25.3274 19.7617 20.9714 24.1962 19.9639 19.7607 19.7516 19.5345 19.3908 19.9434 19.1093 18.8657 18.7533 25.5779 18.7206
threshold=0.03447412151267417 0.90324038966341957 0.1975416558749892 0.72208653591109184 0.087893955439120638 3.2763223609185963 0.050007498744129436 4.5000000000000009 2.5000000000000004 0.099941554646405653 0.95817457442955456 0.099999999999999992 0.95845925587765357 0.34137493436023109 0.90442407974388017 -0.023758669528190664 0.079999999999999974 0.82867829381773617 3.5000000000000004 -0.0083627856247839288 0.86068243761742225 2.0699451750532343 0.063108041465127732 0.51266714209306474 0.067836724026080222 1.5750643930039632 -0.082334423913537833 1.0193358275995046 0.73820857524002792 0.045213123403931819 5.5000000000000009 0.87591916734252517 0.0019246191353134991 0.099480647754975129 -0.045923208904765415 5.5000000000000009 0.12637003435649755 0.74161693317332134 0.8009368966122522 -0.67048487584721272 -0.020910819218803941 0.72977409894593681 0.53322231565902467 0.060921069426307581 0.021075876539867335 -0.061439201753236576 0.20797090487355976 2.2255575177159765 0.045222884448080203 0.036982292917166877 0.20254319504758386 2.5000000000000004 0.76178952666323341 1.5415095952524249 0.26284171271576412 0.9470978382930938 0.95913721321640544 1.9169174537229721 0.027926079587391722 -0.017764100548351754 0.11050715557607339 0.29496750761866336
decision_type=8 8 8 10 10 10 10 2 2 2 10 2 10 2 10 10 10 10 2 10 2 10 10 10 10 10 2 8 10 8 2 10 2 2 10 2 10 10 10 10 2 10 10 10 8 10 8 10 10 10 2 2 10 10 10 2 10 10 10 10 10 10
left_child=1 34 3 4 9 12 -7 -8 -6 26 11 59 13 -5 15 19 17 18 -17 -15 -21 -22 -13 -9 -16 -26 27 -2 29 54 55 32 -32 -33 48 39 37 -37 -39 -36 -41 42 -40 -42 45 46 47 -28 -1 50 -50 53 -18 -51 -4 -30 -57 -54 -3 -11 -61 -23
right_child=2 58 28 5 8 6 7 23 -10 10 -12 22 -14 14 24 16 52 -19 -20 20 21 61 -24 -25 25 -27 44 -29 30 -31 31 33 -34 -35 35 36 -38 38 41 40 43 -43 -44 -45 -46 -47 -48 -49 49 51 -52 -53 57 -55 -56 56 -58 -59 -60 60 -62 -63
leaf_value=0.02825585669026319 0.001402562081087889 -0.035106423230786013 0.042351018895859099 -0.0078123752431169318 0.010527844196273062 0.049136136552402371 -0.00032796234623567121 -0.00059606495356765148 0.047048444772071145 0.013687526233542871 -0.024140732748145252 -0.024921073579831188 -0.029534652301542699 6.2551216881862978e-05 -0.027585232914353705 0.022960945023637099 -0.0093448814860911372 0.0091554985915294502 0.081477235866756204 -0.033225671193315501 0.033649690420746697 0.010088665240129011 0.011350229475400649 0.043629703807135226 0.031003485606711859 -0.0090530480272087276 0.00041985456913109565 -0.026519816360180012 0.00086193792101675918 0.0081259522363263462 -0.0037612571915425588 0.025610197280354526 -0.067193667808262927 -0.01988875682619121 -0.018781222265820866 -0.034337872981961677 0.036321938684329938 0.043792493635450583 -0.019290177066850295 0.03489919094095556 0.039684411532391578 -0.055614900476283285 0.022289850231607483 0.00085678780299940712 0.00066646772071852264 0.042045309400192105 -0.0075069708183189898 0.045918679800879533 0.033918344236707858 0.0089329027828193037 -0.011404349280928917 -0.027191472347467084 -0.0014692290176996411 -0.015169225506449889 0.0080319909122827365 0.0024169075151218066 0.032025282912280399 0.044895536782167726 -0.011753573050872839 0.073669169997771566 0.02747159889090561 -0.033780043575556577
leaf_weight=31.383738368749619 163.75709513574839 115.30846321582794 110.38135159015656 2254.1439228057861 185.31243366003036 49.296681649982929 1036.2323908060789 45.550260975956917 70.680185750126839 77.444898724555969 68.281176865100861 55.60590623319149 90.583984881639481 3029.7387536391616 158.28348386287689 45.172537475824356 128.98665647953749 118.61297134310007 42.486040353775024 129.24896708130836 43.531719587743282 43.679712980985641 217.53772705793381 85.57112392783165 39.338012494146824 389.50974247604609 55.222592636942863 160.90312027186155 615.41812823712826 890.06686428934336 63.741010382771492 71.255722388625145 53.089251577854156 48.49909320473671 151.67297779768705 169.95472867786884 67.410364352166653 45.584280788898468 167.19841699302197 62.66953632235527 32.954197756946087 35.161161296069622 44.574872829020023 2060.1377903670073 21814.140867836773 73.469855591654778 203.0614130422473 67.612918063998222 49.674468979239464 114.48966078460217 69.461581483483315 224.97884686291218 45.242809429764748 322.94298256933689 66.940180391073227 108.84347848594189 118.51851771771908 42.562019541859627 345.11046640574932 48.117019101977348 82.320524096488953 52.857193678617477
leaf_count=246 871 1842 489 13521 800 284 4914 206 302 328 306 237 437 17388 962 249 676 717 235 837 218 190 914 375 205 2014 274 907 2684 3769 275 315 233 206 1309 1430 329 380 1103 503 248 352 373 15449 114165 320 1064 336 298 978 426 2078 230 3067 285 453 493 229 4326 199 343 251
internal_value=7.6205e-05 -0.00473412 0.000669049 0.000262843 0.00115497 -0.00238293 0.00482941 0.00291791 0.0207551 0.000936758 0.0115905 0.0167021 -0.0037022 -0.00334124 -0.00100114 0.00063479 0.0150249 0.0274925 0.0519215 -0.00121455 -0.0155287 0.000921104 0.00390224 0.0283779 -0.0113556 -0.0053151 0.000676599 -0.0124748 0.00657246 0.0117032 0.00149251 -0.0126774 -0.0329114 0.00717162 -0.00309864 -0.00109824 -0.0105206 -0.017412 -0.00749451 0.00106914 0.00247381 -0.0171006 -0.0104746 0.00148676 0.000869366 0.0119227 0.00502402 0.0256326 -0.0100706 -0.0116437 0.00761824 -0.0151143 0.00309052 -0.00885497 0.029513 0.00548059 0.0179237 0.0212578 -0.0176655 0.0334211 0.0449442 -0.014031
internal_weight=37471.5 4110.67 33360.9 31214.1 23343.5 7870.63 1216.65 1167.35 255.993 23087.5 549.307 481.026 6653.98 6563.39 4309.25 3722.12 423.063 206.272 87.6586 3299.06 269.318 140.069 273.144 131.121 587.131 428.848 22538.2 324.66 2146.75 1067.39 1079.37 236.585 116.83 119.755 3650.25 2837.32 529.884 462.473 292.519 2307.43 2155.76 246.934 211.773 2093.09 22213.5 399.367 325.897 122.836 812.931 781.548 119.136 662.411 216.791 437.433 177.322 842.78 227.362 87.8048 460.419 207.882 130.438 96.5369
internal_count=209443 34737 174706 165504 121366 44138 5779 5495 1102 120264 2327 2021 38359 37922 24401 21220 2336 1201 484 18884 1496 659 1151 581 3181 2219 117937 1778 9202 4543 4659 1029 508 521 28569 21476 3967 3638 2208 17509 16200 1828 1476 15697 116159 1994 1674 610 7093 6847 724 6123 1135 4045 774 3630 946 459 6168 870 542 441
is_linear=0
shrinkage=0.05


Tree=55
num_leaves=63
num_cat=1
split_feature=2 0 2 2 7 19 14 18 8 19 14 13 14 13 5 22 7 8 2 16 17 1 17 7 17 14 7 15 14 19 2 8 18 3 5 13 18 4 14 13 0 8 2 13 2 1 14 4 15 17 15 19 11 4 13 1 13 14 8 19 2 8
split_gain=45.8672 46.8434 45.357 67.3893 77.4093 81.2172 54.3259 47.4757 46.1758 61.9573 60.7287 52.3967 43.3306 43.1866 43.1238 41.1124 38.591 34.8919 45.1048 44.094 40.3027 40.2497 35.9278 34.3473 34.2896 35.4795 32.3232 31.5241 31.3442 30.8475 30.752 31.182 44.4774 30.1724 29.3255 28.8889 28.7225 28.4867 34.3568 27.7683 27.5136 27.5548 35.6672 30.6165 28.7705 26.9068 37.1702 39.8307 37.564 26.4888 26.4419 34.5927 25.8282 45.3954 25.8082 37.7893 25.7525 28.5749 31.2079 43.2606 38.9855 27.3732
threshold=0.019098867813954191 0.027547446178582371 0.019684113757497717 0.019671714621698519 -0.10441878009274662 0.22764795385384023 0.045329018704255902 0.072969740075003245 -0.11714675142884699 0.54062062324929983 0.409398841278036 0.21183667035368678 0.76599663299663312 0.73768604761553158 -0.024743147672495743 0 -0.0092666138769811873 -0.029806694823797216 0.021890372676806141 0.8997754656635959 0.48522687119369795 2.6937639074532922 0.85941705524989354 -0.014607609652726559 0.55661282729149331 0.88421151730994885 -0.0083627856247839288 0.56405474347162454 0.82899814126394056 0.92036795280920625 0.019004471407726813 -0.43870663043165931 0.033031322894648642 3.2054173946920472 0.11050715557607339 0.5759581089586685 0.72168890035377375 -0.029065278508234534 0.71824395587746859 0.92668897316605303 0.068968256882130069 -0.2520349521650852 0.031447631779905665 0.59972801617879357 0.02757200783059342 1.6786288244717242 0.52023023414763225 0.019637852564853179 0.69446834958883163 0.6860173942402682 0.88388301867246788 0.25523286380862675 5.5000000000000009 0.098344064835879 0.84451560539095338 2.2849748436722463 0.30278653367966651 0.20667810177244142 -0.14559275853179363 0.33077901742023885 0.015260749562830606 -1.0000000180025095e-35
decision_type=10 10 10 10 10 10 10 8 10 10 8 10 10 10 10 9 10 10 10 2 10 10 10 10 10 10 10 10 10 10 8 10 10 10 10 10 10 2 10 10 8 8 10 10 10 10 10 2 10 10 10 10 2 2 10 8 10 10 10 10 10 10
left_child=1 15 3 4 7 45 36 -2 10 11 13 26 -8 -4 -5 -1 23 21 19 -19 39 29 -21 33 -22 28 -10 34 -26 52 31 32 -3 50 -14 -24 -7 -23 -39 -20 41 42 44 -44 54 -6 -47 -48 -49 -16 51 -13 -11 -54 -12 -56 57 58 -33 -60 -61 -59
right_child=2 30 8 14 5 6 12 -9 9 17 40 16 27 -15 49 -17 -18 18 20 22 24 37 35 -25 25 -27 -28 -29 -30 -31 -32 56 -34 -35 -36 -37 -38 38 -40 -41 -42 -43 43 -45 -46 46 47 48 -50 -51 -52 -53 53 -55 55 -57 -58 61 59 60 -62 -63
leaf_value=0.02195909008151261 0.0052679927427751252 -0.02482219361301817 -0.0044079996921192795 0.083726908435130101 0.068113389391996557 0.0074263642453127627 -0.0020662696209012587 -0.029968609738569497 0.018945565797475077 -0.0038475724523643995 0.007065711820292914 0.022304974005606708 0.018170170334608028 -0.018189938108436856 6.2908037525856569e-05 -0.021312573352661974 -0.023303222957842939 -0.010288559491820781 0.024153906551898505 0.034081915453846257 -0.016699275271038014 -0.017428944077226761 0.013989033903406929 0.045737077248367806 0.006417017396860656 0.032635665005014441 0.057297704231425266 0.032820457905915847 -0.024093396198208175 0.021401572486618375 -0.018196988361763644 -0.0095123110216625475 0.03266010137759541 -0.026941822065180698 -0.021258879860670963 -0.021268299767089688 0.076419139236952441 0.043941609155815679 0.0084309062587925258 -0.013976818467345057 0.0053124945091707343 -0.0031641049925523637 0.0087219596677506929 0.04553233923790817 -0.015466241406632898 0.003394191344929721 0.010638897702220179 0.078839646377636075 0.026242003812577505 0.047944933226318126 0.035389423777503891 0.0029588936366844922 -0.04992797278976957 0.011416495127619027 0.02558415449232972 -0.033899467727010517 -0.0035276229909959149 -0.0011698774988822918 0.076834354835504243 0.058972697007415614 0.0076775701894590117 0.018563648900381584
leaf_weight=54.602446973323822 166.17360216379166 43.440904177725315 2788.1237827986479 39.720602065324783 40.358193330466747 24.976618986576796 1192.7926680967212 223.23352621495724 489.24847809970379 3975.7266405746341 1028.3237430900335 276.84513133019209 128.7049832046032 713.34668991342187 59.100554332137108 488.06992017105222 106.26378205418587 812.86603249981999 471.4091619849205 112.22942352294922 168.82947212457657 86.790083378553391 144.60065947473049 56.092569045722485 1809.6185634359717 122.78245727717876 61.340125992894173 175.1125156134367 87.31251859664917 116.73177072778344 280.77542127668858 107.18710871040821 139.46969509869814 64.693889975547791 73.121602773666382 95.676579438149929 38.017544645816088 77.473779320716858 522.80992482602596 52.465314511209726 2275.319149762392 4450.6894282475114 158.04733674228191 87.456100255250931 214.55027744174004 125.86178505420685 86.952330276370049 71.735033810138702 66.42141030728817 55.499131269752979 80.554873913526535 1375.1070594713092 78.460892334580421 48.095431983470917 36.794886156916618 90.869007557630539 7234.597270950675 2939.2324482649565 30.962486423552036 42.676245041191578 246.80412193387747 185.90544337034225
leaf_count=489 894 219 17058 232 276 233 7297 1350 2249 21406 5376 1229 585 5522 342 4802 530 4922 2243 508 816 413 608 283 8266 509 271 765 365 576 1670 732 690 322 314 422 296 347 2244 346 10118 23387 644 361 970 792 437 317 296 273 376 6731 447 210 219 479 46330 16457 202 288 1595 792
internal_value=1.69785e-06 -0.00257982 0.00118617 0.00748946 0.00543258 0.00936076 0.00444935 -0.0149569 0.000486339 0.00277358 -0.00169483 0.00969955 0.00260669 -0.00722015 0.0394156 -0.0169144 0.00586415 0.000793482 0.00433749 -0.00388707 0.00787124 -0.00200802 0.0108619 0.00754821 0.00488445 0.00669602 0.0233144 0.0173602 0.00500072 -0.00383599 -0.00188698 -0.00146792 0.0189474 0.00633152 0.00385068 -8.01315e-05 0.0496076 0.00920594 0.0130794 0.0203158 0.000624943 -0.0011337 0.00445666 0.0219665 0.00130641 0.0297889 0.0252009 0.0373245 0.0539226 0.0234657 0.00758881 0.00621257 -0.00455917 -0.0267084 0.00443008 -0.0166897 -0.00181581 0.00167003 0.0137763 0.0215717 0.0154167 9.57579e-06
internal_weight=37499.1 11793.7 25705.3 2567.78 2413.46 2024.05 1632.73 389.407 23137.5 11294 11843.5 2510.15 1569.73 3501.47 154.32 542.672 1959.56 8783.88 3877.79 1165.37 2712.42 4906.09 352.507 1853.29 2188.54 2019.71 550.589 376.939 1896.93 4219.01 11251.1 10970.3 182.911 1797.2 201.827 240.277 62.9942 687.074 600.284 523.874 8342.05 6066.73 1616.04 245.503 1370.54 391.329 350.971 225.109 138.156 114.6 1732.51 1651.95 4102.28 126.556 1155.99 127.664 10787.4 3552.77 427.63 320.443 289.48 3125.14
internal_count=209738 74266 135472 14699 13852 11608 9490 2244 120773 56639 64134 11991 8961 22580 847 5291 9471 44648 19005 6460 12545 25643 1538 8941 9956 9140 2520 1664 8631 22639 68975 67305 909 8658 899 1030 529 3004 2591 2589 41554 31436 8049 1005 7044 2118 1842 1050 613 615 8336 7960 22063 657 6074 698 66396 20066 2817 2085 1883 17249
cat_boundaries=0 1
cat_threshold=8388680
is_linear=0
shrinkage=0.05


Tree=56
num_leaves=63
num_cat=2
split_feature=13 2 2 2 8 14 2 19 19 10 15 8 6 2 2 2 14 7 5 7 8 11 7 4 21 0 13 10 7 6 13 7 15 19 4 4 13 0 2 0 14 19 7 14 17 17 4 2 15 0 13 19 15 19 8 2 17 11 0 15 23 2
split_gain=43.8576 38.6793 40.9845 58.4181 63.2169 75.1411 44.7649 39.4851 39.1586 39.1489 36.6124 35.3611 35.9863 46.2789 44.2235 54.7018 44.4548 41.5279 40.1623 35.8046 35.0957 33.867 50.8122 45.5531 33.8184 47.2217 33.3246 32.8273 48.425 32.7248 32.7231 31.7415 31.3331 30.9498 47.696 40.9697 30.8131 30.6452 30.332 35.5344 31.3133 29.8084 49.9844 32.2118 29.7887 34.1596 29.6357 27.2759 42.0096 26.4014 46.8463 28.8884 28.6219 26.2688 28.9285 26.6659 25.5558 25.3927 36.5612 33.3761 25.1425 25.3081
threshold=0.97772590674554427 0.019098867813954191 0.020140022820089889 0.02173742271756977 -0.082563791313245802 0.69804558186911136 0.026711193037783909 0.54062062324929983 0.58055467627969526 3.5000000000000004 0.92674789094463972 -0.43870663043165931 0.0060060084794751898 0.01989491297443553 0.019684113757497717 0.019601302197532009 0.045329018704255902 -0.085347838962991293 0.019801980249059995 -0.035757688272597059 -0.029806694823797216 3.5000000000000004 -0.011175022136905742 0.061538462019230751 0 0.027547446178582371 0.35489008118318471 1.5000000000000002 -0.028983544522429957 1.0000000180025095e-35 0.23948899948328847 -0.06403679124680399 0.85568315281221463 0.92036795280920625 0.099435435073596881 -0.020910819218803941 0.84451560539095338 0.035903541678320765 0.02210316687810741 0.067845098325854877 0.84477251639085182 0.21194415365709346 -0.061403507702920905 0.7585252774604212 0.48522687119369795 0.55661282729149331 0.099819603126879111 0.021911883164019447 0.83247087963582822 0.052948323185997771 0.75015683814303646 0.425797474414986 0.14827042314804745 0.033234811309222366 -0.34075514268250429 0.024328626346398975 0.31933937611347002 3.5000000000000004 0.049569877231926067 0.96225899013252969 1 0.027862282336196666
decision_type=10 10 10 10 10 8 10 10 8 2 10 10 2 10 10 10 10 10 10 10 10 2 10 2 9 10 10 2 10 2 10 10 10 10 2 2 10 10 10 10 10 10 10 10 10 10 2 10 10 8 10 8 10 10 10 10 10 2 10 10 9 10
left_child=1 24 11 10 5 6 8 27 36 20 37 -3 13 14 15 16 -13 -14 56 -17 46 26 23 -23 30 -26 -19 -6 31 -16 -1 -29 -24 34 35 -12 47 -4 39 40 -7 42 -18 -43 -22 -46 -9 48 -5 50 51 -40 -51 -54 -55 -56 -15 58 -37 -59 61 -8
right_child=-2 2 3 4 7 38 60 9 -10 -11 33 12 17 18 29 19 41 21 -20 -21 44 22 32 -25 25 -27 -28 28 -30 -31 -32 -33 -34 -35 -36 57 -38 -39 49 -41 -42 43 -44 -45 45 -47 -48 -49 -50 52 -52 -53 53 54 55 -57 -58 59 -60 -61 -62 -63
leaf_value=0.016865989955243459 -0.013745492829344765 0.038365772955273054 -0.015633820456123482 0.029679099424900348 0.017985604408654092 0.024916007678258155 0.011356113137503832 -0.0015201572031389051 -0.018973069814030821 -0.030611175601501218 -0.035511769235988908 0.047606566321379364 -0.0059358219146086119 0.023503626883555614 -0.0025160180869279562 0.034258638094124494 -0.0094646893053192335 0.025132955263358688 0.0054282085781468797 0.0010497515773016911 0.0191428426004542 0.029543046209411429 0.030950786635095179 0.087373409642151054 -0.019473333359985745 -0.0024955081410918773 0.0025928872530503033 0.012519231134033075 0.030264617610674106 -0.024558858015734941 0.00030811122720081672 -0.035054564448073165 -0.017590001590695872 0.04935261527323298 -0.032511711037799922 -0.0072303519510296945 -0.024410709883482082 -0.0039081825331459116 0.020198204933297506 0.044753132253987152 -0.014075738303284943 -0.011671395034537102 0.030248936122890799 0.0073907826731130014 -0.016174943347556602 0.0075038331397782078 0.034237278264378203 -0.0052186351831902547 -0.031917958281740953 0.010330300585522888 0.064585210485283984 -0.025237448323020158 -0.0092112049025002436 0.02360638557193118 -0.008203562973121194 0.0048374765778676793 0.068745219086926879 0.067332236661666947 0.044425892076799367 0.011271710448721418 0.031291150088319258 -0.0025181199945427946
leaf_weight=410.18845572322607 570.37075283750892 80.152805134654045 645.30408436059952 126.12986194342375 979.64066440612078 118.27730467915535 374.44800996035337 1967.32929315418 717.28975806757808 79.82969706505537 36.429574906826019 44.656650234013796 247.87475693225861 176.70053937286139 409.13089442998171 206.67975448071957 153.06180611252785 261.66409622132778 447.96181952208281 133.34356544166803 508.33525505661964 90.31881370395422 72.916040100157261 55.369209557771683 426.65728574991226 9697.5566766001284 437.17501681670547 52.519288718700409 72.851704105734825 285.44413110613823 1087.8814836926758 101.99477931857109 59.537635058164597 43.475659377872944 67.57726114988327 116.32939268648624 189.62808469682932 4053.4900877326727 132.16207711398602 96.417662933468819 89.734369337558746 798.45092614740133 162.44641969352961 305.83554482460022 164.05737036466599 1981.1941081359982 58.703744783997536 1601.3763628676534 34.498730011284351 845.57942840456963 45.735940754413605 46.511054813861847 621.76331828534603 149.8330859541893 565.00697134435177 1273.9973308593035 37.588156133890152 52.335800148546696 47.424846827983856 53.829528398811817 61.33448338508606 2638.1924013867974
leaf_count=2221 4865 378 5200 842 4377 610 1857 9466 4823 377 207 372 1387 1073 2286 1140 879 1319 2456 737 2476 488 356 258 4061 59442 2425 227 317 1738 6811 443 278 208 318 718 1371 22123 625 436 435 5110 864 1404 795 8932 239 9339 204 3792 229 243 3010 660 2691 5447 241 274 229 282 279 13048
internal_value=1.14874e-06 0.000214005 0.0013117 0.000378876 0.00189141 -0.000593866 -0.00425414 0.00594292 -0.00899041 0.00389291 -0.00426042 0.00565709 0.00505076 0.00223008 -0.000885682 0.00324147 -0.0009577 0.0123231 0.0139712 0.0212767 0.00448793 0.016957 0.0316897 0.0519675 -0.00217324 -0.00320967 0.0110563 0.0140166 -0.00308857 -0.0115971 0.00481793 -0.0189077 0.0091635 0.00991501 0.00521028 0.01361 -0.00531361 -0.00552149 0.00468078 0.0198229 0.00810845 -0.00251762 0.0110137 -0.00639016 0.00827036 0.00568631 -0.000467716 -0.00324569 0.0163341 0.0034233 0.0200038 0.00829605 0.00234125 -0.00024938 0.00255555 0.000828528 0.0317219 0.0203464 0.00790865 0.039278 -0.000140377 -0.000790464
internal_weight=37469.5 36899.2 25276.9 20810.6 15694.4 9727.92 5742.9 5966.46 2668.92 4759.45 5116.2 4466.31 4386.16 3161.3 2499.05 1804.47 1464.45 1224.86 662.251 340.023 4679.62 976.981 278.142 145.688 11622.3 10124.2 698.839 1207.01 227.366 694.575 1498.07 154.514 132.454 417.402 373.926 306.349 1951.63 4698.79 3985.02 304.429 208.012 1419.79 315.508 1104.29 2653.59 2145.25 2026.03 1762 160.629 3680.59 224.409 178.673 3456.18 2610.6 1988.84 1839 214.289 269.92 163.754 106.165 3073.97 3012.64
internal_count=209738 204873 132338 107149 77590 49941 31763 27649 16579 22285 29559 25189 24811 18300 14530 10506 8629 6511 3770 1877 21908 5124 1380 746 72535 63503 3744 5364 987 4024 9032 670 634 2236 2028 1710 11756 27323 18178 1481 1045 8257 1743 6514 12203 9727 9705 10385 1046 16697 1097 868 15600 11808 8798 8138 1314 1503 947 556 15184 14905
cat_boundaries=0 1 2
cat_threshold=24757 8
is_linear=0
shrinkage=0.05


Tree=57
num_leaves=63
num_cat=2
split_feature=13 2 2 2 8 14 2 2 0 19 19 19 13 2 2 6 2 11 8 16 0 14 2 21 0 3 0 4 2 13 13 8 2 19 2 0 14 15 15 16 21 19 4 8 19 13 13 2 15 14 2 17 8 18 13 11 8 4 2 15 6 0
split_gain=39.9417 34.9292 37.2447 58.1957 56.9649 67.8984 41.5375 54.9287 41.3146 38.2102 35.41 33.3377 35.6546 31.6097 61.3276 32.549 44.8869 31.8392 31.0211 30.9322 30.9168 37.4322 44.7616 30.5379 43.4321 29.9675 38.1448 31.2565 29.9227 29.248 27.7535 27.2521 28.3851 27.6912 27.1113 31.4501 28.051 26.5974 28.1864 26.2272 25.7768 25.5558 25.1905 24.6191 26.4991 24.5667 25.3336 24.7872 35.9964 24.5454 24.6403 25.6647 26.56 24.4043 24.31 36.5217 24.1899 34.6495 24.0382 37.6473 23.8915 23.6355
threshold=0.97772590674554427 0.019098867813954191 0.020217215408749312 0.02173742271756977 -0.082563791313245802 0.69804558186911136 0.027257198970671494 0.027862282336196666 0.03671773857805672 0.58055467627969526 0.54062062324929983 0.1644465568229827 0.041068044950565645 0.020168012345317527 0.020140022820089889 0.0061019534835614628 0.01989491297443553 5.5000000000000009 -0.039920769700618745 0.93927146153944252 0.045859719321672564 0.045329018704255902 0.019368169832996881 0 0.027547446178582371 2.9932218155901094 0.036981362261173302 -0.029065278508234534 0.028117942464901815 0.23948899948328847 0.84451560539095338 -0.16336633663366332 0.019967724481238094 0.37408644601908564 0.02210316687810741 0.067845098325854877 0.84477251639085182 0.76926234684855388 0.70635642135642152 0.36512493475251351 1 0.74219856586402277 -0.012243762279536162 -0.22159090909090909 0.1204764711017985 0.28319043072742633 0.38237934311965366 0.019694561176474532 0.57966071648785311 0.19873210997554588 0.024197384994838991 0.12473903511639363 -0.061439201753236576 0.18466710816444792 0.12440474840699337 2.5000000000000004 -0.0033679486234230445 0.066056578240733424 0.021911883164019447 0.83247087963582822 -0.0057041967641873184 0.052948323185997771
decision_type=10 10 10 10 10 8 10 10 10 8 10 10 8 10 10 2 10 2 10 2 10 10 10 9 10 10 10 2 10 10 10 10 10 10 10 10 10 10 10 2 9 10 2 8 10 10 10 10 8 10 10 10 10 8 10 2 10 2 10 10 2 8
left_child=1 23 11 8 5 6 9 -8 -4 30 40 12 -3 14 15 16 20 54 31 -12 21 22 -13 29 -25 26 -10 -27 -9 -1 58 32 -18 -33 35 36 -7 38 -23 42 -6 -15 60 -14 -45 -22 -47 48 -48 -42 -51 -52 -53 -41 55 -17 57 -29 59 -5 -30 -36
right_child=-2 2 3 4 10 34 7 28 25 -11 19 13 43 41 -16 17 18 -19 -20 -21 45 37 -24 24 -26 27 -28 56 39 -31 -32 33 -34 -35 61 -37 -38 -39 -40 53 49 -43 -44 44 -46 46 47 -49 -50 50 51 52 -54 -55 -56 -57 -58 -59 -60 -61 -62 -63
leaf_value=0.015904906519141119 -0.013176013584814811 0.060863958851145421 -0.015357492729961581 0.027696882583597093 -0.0079542873330235332 0.023422772450387968 0.024940029330847394 -0.02695436085913952 0.04457883642160123 -0.018060042417341941 0.0022288389146629178 0.072467025161422227 0.0077164645630282179 0.042948904987325176 -0.034835368824703707 0.0050029087633498854 0.01908296318875758 0.050008179723453478 -0.0086757081833118456 0.014769296145020181 -0.0087093530365339386 -0.009377367177204006 -0.0072774743598003275 -0.01876371089641711 -0.0023738277019889772 -0.031886857939709579 -0.0045917022610727429 0.024464005119068353 -0.019240349753671109 0.00029267267231842376 -0.022511738110764096 0.068336886479071823 -0.026673515630783136 0.022137300339182018 0.018885941095975363 0.041973954550007297 -0.013454381738493294 -0.025188164266871566 0.023098595352186824 0.021091045469317646 0.034284013297755718 -0.0048245861755200027 -0.014155816068245633 0.053900510732992984 0.011776568127618271 0.031586770783584982 0.00013313288173687638 -0.012858903999542513 0.030054597213390856 0.024077409604502411 0.033964076822465668 0.015563851241781432 -0.0067425240875323873 0.0011714894187015374 0.005705321731257997 0.054235702225437367 0.049109849113534214 -0.0056072210295163736 -0.0047280802136713054 -0.030864357825995409 0.0082884461460927955 0.0022237101469502335
leaf_weight=413.20644485205412 565.4433607198298 38.129587382078171 738.8032419718802 128.40944651514292 126.22924357652664 119.55644127726555 206.63689133524895 111.82979792356491 38.889464132487774 745.87973294779658 4206.7329490222037 29.481512378901243 657.21015437692404 86.431555520743132 106.16423137113452 82.999054625630379 86.40336112678051 48.972724415361881 125.75278601795435 555.90614841878414 280.33856531977654 726.55361381545663 41.246588248759508 420.84222685173154 9685.2867365218699 40.757585182785988 3574.4680765643716 190.69915864616632 101.7067077755928 1088.0521126911044 200.69018596038222 36.571637563407421 54.365849293768406 257.44851498305798 225.83608362078667 97.693489596247673 89.243595689535141 245.98212802410126 72.614992067217827 171.54211965948343 153.69659209996462 40.902386642992496 549.75926180928946 65.074758507311344 87.540182404220104 102.86263529956341 283.23637376725674 147.90872769057751 154.81700875610113 315.48885987699032 75.6795754134655 236.68996919691563 303.37848387658596 1414.0255850851536 833.92726654186845 68.316811576485634 41.877427160739899 190.86750825494528 1727.0543343573809 33.941118530929089 337.90200715512037 3456.5399755835533
leaf_count=2221 4865 187 5802 842 557 610 984 557 248 5085 19977 232 3482 524 646 416 499 224 702 2308 1345 5028 376 4061 59442 227 19434 1040 505 6811 1443 215 313 1465 1097 436 435 1525 439 799 770 247 2754 326 478 498 1418 726 736 1437 316 1003 1281 6992 4542 306 179 923 9925 204 1673 15600
internal_value=3.26564e-07 0.000202714 0.00124563 0.000320632 0.00179625 -0.000565735 -0.00405266 0.000162523 -0.00448642 -0.00835173 0.00563821 0.00522903 0.0142114 0.00327956 0.00245163 0.00353655 0.000595138 0.011053 0.013143 0.00369538 -0.0027829 -0.00845365 0.0265092 -0.00206766 -0.00305511 -0.00251343 -0.00405031 0.00943262 -0.00175166 0.00456711 -0.00488021 0.0194589 0.00134806 0.028096 0.00444243 0.0187066 0.00767204 -0.0108428 -0.00640132 -0.000647069 0.0132686 0.027685 -0.00703131 0.0119424 0.0299721 0.0037483 0.0088236 0.00478064 0.0107524 0.0156718 0.0127346 0.00689332 0.00304415 0.00333852 0.00906796 0.0274409 0.0134755 0.00944642 -0.00299649 0.01534 0.00189024 0.00325044
internal_weight=37442.5 36877.1 25269.7 20508.4 15692 9718.25 5729.38 2893.4 4816.36 2835.97 5973.8 4761.25 847.955 3913.3 3785.96 3679.8 2645.58 1034.22 560.542 4762.64 2085.04 1115.88 70.7281 11607.4 10106.1 4077.56 3613.36 464.202 2686.77 1501.26 2090.1 434.789 140.769 294.02 3988.87 306.494 208.8 1045.15 799.169 2574.94 1211.16 127.334 989.368 809.825 152.615 969.163 688.825 585.962 438.053 1084.93 931.237 615.748 540.068 1585.57 985.243 151.316 423.444 381.567 1889.4 162.351 439.609 3682.38
internal_count=209738 204873 132338 105443 77590 49941 31763 14264 27853 17499 27649 26895 4473 22422 21651 21005 15517 5488 3194 22285 12323 7600 608 72535 63503 22051 19682 2369 13280 9032 12414 2492 812 1680 18178 1481 1045 6992 5467 12723 5364 771 4932 4286 804 4723 3378 2880 2154 4807 4037 2600 2284 7791 5264 722 2142 1963 10971 1046 2178 16697
cat_boundaries=0 1 2
cat_threshold=24757 624
is_linear=0
shrinkage=0.05


end of trees

feature_importances:
xu100_atr_pct=578
liquidity_proxy_rank_pct_by_date=342
price_vs_60d_high=295
atr_pct=282
price_vs_60d_high_rank_pct_by_date=272
atr_pct_rank_pct_by_date=237
price_vs_20d_high=232
ret_1d=165
atr_ratio_daily=162
ret_5d=150
price_vs_20d_high_rank_pct_by_date=147
vol_z_20=122
event_multiplicity=116
gap_pct=107
vol_z_20_rank_pct_by_date=106
ret_5d_rank_pct_by_date=103
ret_1d_rank_pct_by_date=74
n_concurrent_families=46
n_concurrent_sources=29
family=12
setup_label=10
n_concurrent_timeframes=7
signal_state=2

parameters:
[boosting: gbdt]
[objective: binary]
[metric: binary_logloss]
[tree_learner: serial]
[device_type: cpu]
[data_sample_strategy: bagging]
[data: ]
[valid: ]
[num_iterations: 500]
[learning_rate: 0.05]
[num_leaves: 63]
[num_threads: 0]
[seed: 42]
[deterministic: 1]
[force_col_wise: 0]
[force_row_wise: 1]
[histogram_pool_size: -1]
[max_depth: -1]
[min_data_in_leaf: 200]
[min_sum_hessian_in_leaf: 0.001]
[bagging_fraction: 0.85]
[pos_bagging_fraction: 1]
[neg_bagging_fraction: 1]
[bagging_freq: 5]
[bagging_seed: 400]
[bagging_by_query: 0]
[feature_fraction: 0.85]
[feature_fraction_bynode: 1]
[feature_fraction_seed: 30056]
[extra_trees: 0]
[extra_seed: 12879]
[early_stopping_round: 0]
[early_stopping_min_delta: 0]
[first_metric_only: 0]
[max_delta_step: 0]
[lambda_l1: 0]
[lambda_l2: 1]
[linear_lambda: 0]
[min_gain_to_split: 0]
[drop_rate: 0.1]
[max_drop: 50]
[skip_drop: 0.5]
[xgboost_dart_mode: 0]
[uniform_drop: 0]
[drop_seed: 17869]
[top_rate: 0.2]
[other_rate: 0.1]
[min_data_per_group: 100]
[max_cat_threshold: 32]
[cat_l2: 10]
[cat_smooth: 10]
[max_cat_to_onehot: 4]
[top_k: 20]
[monotone_constraints: ]
[monotone_constraints_method: basic]
[monotone_penalty: 0]
[feature_contri: ]
[forcedsplits_filename: ]
[refit_decay_rate: 0.9]
[cegb_tradeoff: 1]
[cegb_penalty_split: 0]
[cegb_penalty_feature_lazy: ]
[cegb_penalty_feature_coupled: ]
[path_smooth: 0]
[interaction_constraints: ]
[verbosity: -1]
[saved_feature_importance_type: 0]
[use_quantized_grad: 0]
[num_grad_quant_bins: 4]
[quant_train_renew_leaf: 0]
[stochastic_rounding: 1]
[linear_tree: 0]
[max_bin: 255]
[max_bin_by_feature: ]
[min_data_in_bin: 3]
[bin_construct_sample_cnt: 200000]
[data_random_seed: 175]
[is_enable_sparse: 1]
[enable_bundle: 1]
[use_missing: 1]
[zero_as_missing: 0]
[feature_pre_filter: 1]
[pre_partition: 0]
[two_round: 0]
[header: 0]
[label_column: ]
[weight_column: ]
[group_column: ]
[ignore_column: ]
[categorical_feature: 20,21,22,23,24]
[forcedbins_filename: ]
[precise_float_parser: 0]
[parser_config_file: ]
[objective_seed: 16083]
[num_class: 1]
[is_unbalance: 0]
[scale_pos_weight: 1]
[sigmoid: 1]
[boost_from_average: 1]
[reg_sqrt: 0]
[alpha: 0.9]
[fair_c: 1]
[poisson_max_delta_step: 0.7]
[tweedie_variance_power: 1.5]
[lambdarank_truncation_level: 30]
[lambdarank_norm: 1]
[label_gain: ]
[lambdarank_position_bias_regularization: 0]
[eval_at: ]
[multi_error_top_k: 1]
[auc_mu_weights: ]
[num_machines: 1]
[local_listen_port: 12400]
[time_out: 120]
[machine_list_filename: ]
[machines: ]
[gpu_platform_id: -1]
[gpu_device_id: -1]
[gpu_use_dp: 0]
[num_gpu: 1]

end of parameters

pandas_categorical:[["horizontal_base", "mb_scanner", "paper_execution_v0", "triangle_break"], ["bb_1M", "bb_1d", "bb_1w", "bb_5h", "hb", "line_e", "line_tr", "mb_1M", "mb_1d", "mb_1w", "mb_5h", "tr_1M", "tr_1d", "tr_1w", "tr_5h"], ["bb__above_mb_birth", "bb__mit_touch_first", "bb__retest_bounce_first", "hb__extended", "hb__retest_bounce", "hb__trigger", "line_e__extended", "line_tr__retest_bounce", "line_tr__trigger", "mb__above_mb_birth", "mb__mit_touch_first", "mb__retest_bounce_first", "tr_1M__asc_up_break", "tr_1M__desc_up_break", "tr_1M__sym_up_break", "tr_1d__asc_up_break", "tr_1d__desc_up_break", "tr_1d__sym_up_break", "tr_1w__asc_up_break", "tr_1w__desc_up_break", "tr_1w__sym_up_break", "tr_5h__asc_up_break", "tr_5h__desc_up_break", "tr_5h__sym_up_break"], ["extended", "retest_bounce", "trigger", "untagged"], ["1M", "1d", "1w", "5h"]]
