tree
version=v4
num_class=1
num_tree_per_iteration=1
label_index=0
max_feature_idx=24
objective=binary sigmoid:1
feature_names=atr_pct atr_ratio_daily xu100_atr_pct vol_z_20 ret_1d ret_5d gap_pct price_vs_20d_high price_vs_60d_high event_multiplicity n_concurrent_sources n_concurrent_families n_concurrent_timeframes liquidity_proxy_rank_pct_by_date atr_pct_rank_pct_by_date vol_z_20_rank_pct_by_date ret_1d_rank_pct_by_date ret_5d_rank_pct_by_date price_vs_20d_high_rank_pct_by_date price_vs_60d_high_rank_pct_by_date source family setup_label signal_state timeframe
feature_infos=[0.022676140982117236:0.0878944808757324] [1.1738887895534555:4.8038656930528196] [0.012081538495147951:0.05591339996740681] [-1.3233376039959219:4.1225284715116031] [-0.091920821008376827:0.10000000000000009] [-0.1333333333333333:0.30152671191946268] [-0.059039138588107283:0.091787439613526756] [-0.281668380297806:0] [-0.43877096321318815:0] [1:10] [1:4] [1:6] [1:3] [0.001152073732718894:1] [0.0012180267965895249:1] [0.0010940919037199124:1] [0.0010940919037199124:1] [0.0010940919037199124:1] [0.00094339622641509435:1] [0.0012224938875305623:1] -1:1:3:0:2 -1:10:3:8:1:4:5:9:14:2:12:6:7:13:0 -1:9:0:10:1:2:11:3:6:23:17:8:5:21:20:22:4:7:15:16:14:19:18 -1:3:0:2 -1:3:1:2
tree_sizes=6853 7015 7014 7022 7015 7009 7038 7005 7049 7042 7026 6996 7074 7064 7020 7051 7044 7052 7039 7036 7042 7028 7052 7050 7051 7043 7062 7040 7045 7048 7025 7054 7047 7056 7031 7058 7015 7066 7061 7045 7054 7071 7054 7048 7091 7085 7052 7027 7062 7074 7036 7037 7056 7066 7028 7062 7066 7048 7002 7074 7070

Tree=0
num_leaves=63
num_cat=0
split_feature=16 0 7 0 0 8 0 2 15 16 0 17 8 0 16 13 7 13 0 15 16 7 0 2 17 19 0 6 7 2 15 5 13 3 13 3 16 6 5 19 10 7 5 0 6 2 8 2 15 17 16 7 15 6 18 16 13 2 2 8 6 2
split_gain=9554.59 3626.51 748.519 850.413 719.018 646.75 597.883 294.478 281.004 203.846 179.259 174.289 161.544 157.611 137.317 135.447 135.925 126.996 123.388 118.122 108.334 106.31 97.8323 96.6389 124.759 93.9741 79.8561 79.0415 77.6525 74.6055 73.8822 71.9606 69.1234 96.6749 66.022 65.7335 65.6896 65.4056 64.1906 62.7882 58.8902 56.2461 56.0412 55.3031 54.9413 52.7003 52.5025 55.5168 50.6353 50.04 48.5779 47.9931 45.8978 51.4881 45.1521 53.7231 55.3506 44.4111 181.362 45.3371 44.0772 43.8837
threshold=0.88788269290846622 0.044328229416643578 -1.0000000180025095e-35 0.048823715772581079 0.035342986185049226 -0.071276460780049275 0.054710361408750637 0.02493986271024955 0.50888606880992671 0.54590367327014622 0.046132700811349563 0.61183602490514655 -0.053550552687902757 0.05628447135888643 0.84462214859181872 0.30680875923413242 -1.0000000180025095e-35 0.5527683138411198 0.075576751414880031 0.14827042314804745 0.9430467651195501 -0.081657154771776638 0.032335467995296137 0.024328626346398975 0.48522687119369795 0.0093203897551723657 0.058820115840825908 0.050413336066133747 -0.036178778839518914 0.02282007547942105 0.55213472677927666 0.1012531129019595 0.43407476767605391 3.7996321549297853 0.58788830537410941 1.6861658826856334 0.7350223841292135 0.0086812406822766048 0.23494560802609413 0.48945278554302651 1.5000000000000002 -0.068109781608233597 0.16503007219737967 0.055114234796473476 0.011122345969721616 0.016867833880057918 -0.11505477534210749 0.036099691589757031 0.57546387559060064 0.94610982673125787 0.87626275510204088 -0.017071274303152858 0.91907194032528883 0.033618232497624752 0.91126110331930821 0.91204457715044052 0.80918301155664818 0.031827200496059742 0.034396249380162246 -0.2098419510401158 0.050413336066133747 0.023994123235976213
decision_type=2 8 8 10 10 10 8 10 8 2 8 8 10 10 2 8 10 10 8 10 2 10 10 10 10 10 10 2 10 10 10 10 10 10 10 10 2 2 10 8 2 10 10 10 2 10 10 10 10 10 2 10 8 2 10 2 10 10 8 10 2 10
left_child=1 4 3 20 15 6 23 14 37 42 31 18 39 29 21 16 -1 51 28 -5 34 -6 -17 24 -3 -25 61 30 46 48 -15 44 33 -33 -2 -23 60 43 -34 -9 -38 -28 -7 -4 -10 -37 47 -8 -11 -26 -31 -14 -12 -54 55 -43 -57 -27 59 -59 -13 -21
right_child=2 5 8 19 7 9 11 12 10 13 52 36 17 27 -16 22 -18 -19 -20 26 -22 35 -24 25 49 57 41 -29 -30 50 -32 32 38 -35 -36 45 40 -39 -40 -41 -42 54 -44 -45 -46 -47 -48 -49 -50 -51 -52 -53 53 -55 -56 56 -58 58 -60 -61 -62 -63
leaf_value=-1.089196562581549 -1.0470668216850207 -1.0795481727791487 -0.99575257078677448 -0.92932258559250025 -1.0917351304873353 -1.0511421510027654 -1.0621032072327472 -1.0548291709078859 -1.0331685266983603 -1.0551220499587561 -0.95406068927624621 -1.042929482643129 -1.0264245798418965 -1.0290861107658227 -1.0510100390379322 -1.1064510717619451 -1.0396795356711355 -1.0530308815288154 -1.0369131351141105 -1.0120200805209183 -1.0222748938453097 -1.0802332589671138 -1.0919779627065846 -1.0832712416589241 -1.0647732243633685 -1.0571435266364362 -0.99268970282144686 -0.93979020038251226 -1.0233706796081388 -1.0263843737012535 -0.99868087038715003 -0.95780150885005155 -1.016611466281218 -1.0128070518685601 -1.0809115845426751 -1.0850480195060623 -1.0296969628438202 -0.90842790432894582 -0.95098905161218916 -1.0818064857787639 -0.99018825578267378 -1.0003199360293256 -1.0211196203472916 -0.9253351021547731 -0.97045554545230017 -1.0633859048871799 -1.0445486102265131 -1.0344359909085465 -1.0340856625858492 -1.0297028713639844 -0.97144260602905752 -0.9791844284411525 -0.99394751062392683 -0.9365990412997357 -1.0172025506548186 -0.93821194606179581 -0.99531414074073166 -0.96465986958025207 -1.0874935379076638 -1.0269658363566021 -1.000108979733211 -0.98155065820574428
leaf_weight=2122.5229782760143 398.84541326761246 2684.6540976464748 55.065905570983887 86.422879576683044 1615.4577644765377 1784.2883013486862 3149.081474840641 469.58980584144592 158.6968806385994 512.99244669079781 674.74854430556297 1517.7540223002434 111.85262069106102 379.91650822758675 421.78954058885574 2985.0309644937515 147.60721909999847 303.05368170142174 981.81744828820229 442.05685305595398 289.09600424766541 4913.2936647832394 1938.969959706068 326.18901008367538 1781.6114864945412 1287.5479448437691 401.52222812175751 38.240212202072144 167.30092838406563 725.03442335128784 429.43758302927017 309.554517775774 221.21962758898735 111.08781644701958 224.27884456515312 365.76762971282005 466.72178992629051 207.26195013523102 44.741048276424408 397.50700584053993 118.54465782642365 69.405985146760941 169.4041400551796 63.287551194429398 44.358646154403687 1199.9778589010239 608.01937401294708 191.39226207137108 646.83318939805031 106.88139310479164 42.064233422279358 106.88139310479164 182.0234100818634 51.815487533807755 39.96102175116539 220.83722546696663 57.169117242097855 65.008360743522644 85.849276393651962 55.065905570983887 61.757942706346512 166.34492307901382
leaf_count=11101 2086 14041 288 452 8449 9332 16470 2456 830 2683 3529 7938 585 1987 2206 15612 772 1585 5135 2312 1512 25697 10141 1706 9318 6734 2100 200 875 3792 2246 1619 1157 581 1173 1913 2441 1084 234 2079 620 363 886 331 232 6276 3180 1001 3383 559 220 559 952 271 209 1155 299 340 449 288 323 870
internal_value=-1.05877 -1.06749 -0.990313 -1.00951 -1.08407 -1.05208 -1.0576 -1.07533 -0.968694 -1.03614 -0.976527 -1.04778 -1.05398 -1.02743 -1.07881 -1.0961 -1.08597 -1.03203 -1.05283 -0.98616 -1.04751 -1.08026 -1.10076 -1.06875 -1.07262 -1.059 -0.989766 -1.00946 -1.05663 -1.03536 -1.0129 -0.992637 -0.98488 -0.972184 -1.05926 -1.07739 -1.0359 -0.925824 -1.00521 -1.06721 -1.02159 -0.979199 -1.04852 -0.957294 -1.0191 -1.06846 -1.05805 -1.06051 -1.04338 -1.06277 -1.02326 -1.00308 -0.960842 -0.980773 -0.965422 -0.959603 -0.949684 -1.05369 -1.03219 -0.992733 -1.04122 -1.00358
internal_weight=40002.5 35482.7 4519.8 2395.94 17099.3 18383.4 13655.2 9905.17 2123.86 4728.21 1798.25 7262.39 1388.88 2774.52 8516.29 7194.13 2270.13 521.788 5097.61 1483.72 912.22 8094.5 4924 6392.81 4573.15 1819.66 1397.3 847.594 4115.79 1926.92 809.354 889.659 686.603 420.642 623.124 6479.04 2164.78 325.615 265.961 867.097 585.266 788.896 1953.69 118.353 203.056 1565.75 3948.49 3340.47 1159.83 1888.49 767.099 218.734 908.587 233.839 387.373 347.412 278.006 1493.47 205.924 120.074 1579.51 608.402
internal_count=209217 185578 23639 12531 89431 96147 71418 51805 11108 24729 9405 37983 7264 14511 44541 37626 11873 2729 26661 7760 4771 42335 25753 33435 23918 9517 7308 4433 21526 10078 4233 4653 3591 2200 3259 33886 11322 1703 1391 4535 3061 4126 10218 619 1062 8189 20651 17471 6066 9877 4012 1144 4752 1223 2026 1817 1454 7811 1077 628 8261 3182
is_linear=0
shrinkage=1


Tree=1
num_leaves=63
num_cat=2
split_feature=7 0 17 0 0 5 0 0 8 8 2 7 6 22 0 6 0 6 2 3 19 15 6 13 0 13 2 13 22 3 19 5 14 3 13 8 0 3 15 0 8 9 2 15 0 9 6 15 15 2 19 5 9 18 2 2 5 15 15 0 5 2
split_gain=5320.03 4505.56 861.012 847.47 648.445 481.46 371.991 315.114 245.025 212.359 186.396 182.887 177.28 176.083 149.454 137.208 122.79 117.831 117.21 109.073 103.927 102.594 100.336 99.1513 90.0551 89.3747 88.1034 87.3383 82.0706 80.9034 78.7999 75.9732 68.8954 60.6831 58.1654 57.1568 55.3234 54.3776 54.01 52.8549 51.8818 50.7268 87.9732 50.5765 50.1137 78.2873 49.8106 53.8806 49.3067 49.0515 48.349 51.5899 71.9211 54.6761 47.9854 74.8739 47.365 46.3438 45.3502 45.3248 44.5757 50.683
threshold=-1.0000000180025095e-35 0.045347270413705176 0.61183602490514655 0.036322854143790016 0.046132700811349563 0.1012531129019595 0.054914665967607301 0.055495207179306665 -0.075902027438022421 -0.079648054890073192 0.02447974623388955 -0.06203703703703705 0.011122345969721616 0 0.075576751414880031 0.028637554081386577 0.032335467995296137 0.035396023235687808 0.024328626346398975 0.15485241892900548 0.15229155726705179 0.75750288683602773 0.053933685224753176 0.43407476767605391 0.053308343567844148 0.74170943415988078 0.024688065147332416 0.32299510800857478 1 1.2381669168879028 0.61607958997127199 0.21805659254263879 0.26625701628533321 0.25119202455081241 0.82867829381773617 -0.13333333278730422 0.047179982184608969 1.6642594337200516 0.65061920098151993 0.042208336499116421 -0.051935160687884223 5.5000000000000009 0.018705437147417299 0.98579879667910331 0.062333742775114449 4.5000000000000009 -0.012403840677471854 0.91487924094307083 0.96225899013252969 0.036099691589757031 0.89612475319113438 0.051809723864905795 3.5000000000000004 0.47798334799752346 0.031827200496059742 0.032687146649083572 0.11735014172394322 0.28328392636315008 0.20822858217610737 0.067845098325854877 -0.099162076042341771 0.03098648343492957
decision_type=10 8 8 10 10 10 8 8 10 10 10 10 2 9 8 2 10 2 10 10 8 10 2 10 10 10 10 8 9 10 10 10 10 10 10 10 10 10 10 10 10 2 10 10 10 2 2 10 10 10 8 10 2 10 10 10 10 10 10 10 10 10
left_child=1 3 7 16 5 12 28 9 19 18 29 14 34 -8 35 23 27 24 -3 -5 -21 -17 30 -7 36 -12 41 38 -4 39 -15 48 -20 -19 -2 49 -6 40 -1 -10 -30 -11 -43 -18 -32 -46 -26 -48 -25 60 51 -13 -53 -54 -34 -56 -22 -24 -28 -47 61 -9
right_child=4 2 6 8 17 15 13 11 10 26 25 50 -14 22 -16 21 43 33 32 20 56 -23 57 31 46 -27 58 -29 37 -31 44 -33 54 -35 -36 -37 -38 -39 -40 -41 -42 42 -44 -45 45 59 47 -49 -50 -51 -52 52 53 -55 55 -57 -58 -59 -60 -61 -62 -63
leaf_value=-0.037751980508554259 -0.0007957487553849462 -0.016145710897672912 -0.00063987161500719033 -0.028364548507995798 0.10098573090197938 0.06717336980511783 0.019729765840071568 0.0070572208153488808 -0.019693077826123801 -0.0011248316650257679 0.032549888664743613 0.027660979715293955 0.059436849238520301 0.0336599202363514 0.024241422528489931 0.12880822686412846 -0.029295892671818147 0.15065097572388289 -0.018114263547717637 0.0029357587691894518 -0.020876052947401299 0.067322945679173338 0.12840887708147947 0.012186015999847097 0.040105993994877367 -0.003652567107286515 0.0020200135620892733 -0.046204708586496862 0.0038755881297968839 0.0010279342286887907 0.041607190112929904 0.090942156774096547 0.0047202959161270226 0.099578267204170817 -0.048152144790733785 0.014008587098923176 0.057614365826895025 0.025996122485209629 -0.016886562038194559 -0.0033840875805791781 0.02190445871894094 -0.027457654639586729 0.059558537897682666 0.018005619644698937 0.05054196459579019 0.072342558237495705 0.10373704506568358 0.059814807382639029 0.069654161424708802 0.024595976159502653 0.0053064957592296458 0.031048198697783327 0.036160773358103124 0.10778879707329354 0.076418368562983743 -0.0094202694693275076 0.00082919048465318872 0.063638255389978374 0.039004299606426443 0.13468802781406292 -0.0048283800426032648 0.064232933921758426
leaf_weight=944.08150564134121 385.54810290038586 2952.3723715543747 813.66410745680332 2357.5563917905092 90.494708865880966 404.38633392751217 1263.4633169025183 299.111890822649 1590.2413379400969 871.64795306324959 447.86068841814995 485.04465161263943 118.95674677193165 1528.0316136628389 1066.0989069342613 111.92268118262291 3668.7495209425688 94.070823773741722 320.80543586611748 690.33744685351849 2524.9162215739489 183.34905377030373 43.113838717341423 248.6944629997015 42.702141270041466 274.58803065121174 109.95224791765213 2787.2664118260145 920.92224997282028 1289.5708064138889 570.55402798950672 43.829786881804466 863.83815662562847 189.23540097475052 76.958709448575974 890.37017631530762 440.24220560491085 1127.5798915922642 465.49858821928501 722.98079498112202 703.8823207616806 41.876997083425522 90.349772363901138 56.771821841597557 324.43215051293373 82.875263795256615 499.44457982480526 86.844405144453049 43.066054061055183 180.52389134466648 138.82586081326008 144.82863610982895 41.979894444346428 79.25236214697361 59.857579261064529 43.266505122184753 279.03442814946175 86.824541181325912 337.13639418780804 49.521086096763611 2265.2201475203037 43.592306703329086
leaf_count=5013 2011 15559 4244 12468 458 2051 6535 1566 8400 4540 2318 2504 608 7844 5507 558 19446 462 1682 3636 13304 927 215 1286 214 1434 572 14920 4802 6763 2923 220 4519 943 407 4628 2220 5845 2468 3802 3645 218 469 299 1656 420 2496 441 221 933 718 748 217 406 304 226 1463 439 1748 251 11849 228
internal_value=0.000131988 -0.00511662 0.0119981 -0.022932 0.0634793 0.0416915 0.025119 0.00329086 -0.0133841 -0.00500746 -0.00435853 0.0116714 0.00526793 0.0356894 0.00776661 0.0621246 -0.0351941 0.0878436 -0.010657 -0.0200533 -0.0144393 0.090985 0.042955 0.0505013 0.0806247 0.018804 0.011498 -0.0410656 0.0134072 -0.00900713 0.0409042 0.0302715 0.00192949 0.117007 -0.00876249 0.00298701 0.0651855 0.0174973 -0.0308783 -0.0145995 0.0116946 0.00326585 0.0320008 -0.0285704 0.0516355 0.0640421 0.0935279 0.097344 0.0208777 -0.000536007 0.0324589 0.0374637 0.0551642 0.0834844 0.00859117 0.0406595 -0.0187165 0.0859458 0.0299336 0.0964969 -0.00228444 0.0144958
internal_weight=40000 36940.3 18840.8 18099.5 3059.75 1616.71 7514.86 11326 10177.1 5691.1 4325.24 5634.85 581.464 3948.82 4744.92 1035.25 7922.37 1443.03 4240.14 5851.84 3494.29 295.272 2685.35 739.977 1159.73 722.449 1450.96 4196.85 3566.05 3602.79 2555.41 335.59 1287.77 283.306 462.507 3678.82 530.737 2752.38 1409.58 2313.22 1624.8 1003.87 132.227 3725.52 1027.38 456.829 628.991 586.289 291.761 2788.45 889.931 751.106 266.061 121.232 966.962 103.124 2803.95 129.938 447.089 132.396 2607.92 342.704
internal_count=209217 193694 97960 95734 15523 8289 38819 59141 53588 29837 22717 29304 3026 20283 24711 5263 42146 7234 22290 30871 18403 1485 13748 3778 5829 3752 7547 22401 18536 18965 13094 1727 6731 1405 2418 19204 2678 14292 7481 12202 8447 5227 687 19745 5250 2327 3151 2937 1507 14576 4593 3875 1371 623 5049 530 14767 654 2320 671 13643 1794
cat_boundaries=0 1 2
cat_threshold=4293706 197890
is_linear=0
shrinkage=0.05


Tree=2
num_leaves=63
num_cat=0
split_feature=4 0 0 17 0 15 8 2 7 0 2 0 2 8 0 8 7 4 6 17 0 2 2 19 17 14 3 19 19 14 19 14 1 2 4 15 2 2 14 8 7 3 6 19 2 1 17 11 17 14 8 2 2 3 7 11 18 2 15 2 8 8
split_gain=10301.4 2949.66 561.701 439.974 310.153 287.16 249.014 211.209 156.613 155.509 148.068 123.335 116.051 103.563 101.021 91.9862 89.3466 86.8086 84.9169 75.0247 73.29 73.0525 69.1624 107.102 72.2094 70.2915 68.4287 65.2834 64.5903 65.458 64.5842 57.6198 78.6752 61.6514 57.3881 55.3815 53.5705 114.177 50.5997 50.2596 50.2458 82.7669 72.6143 55.7116 47.6394 47.5893 48.2269 48.2146 46.9881 46.1359 63.1435 52.553 46.0563 46.0383 45.8553 45.8152 45.6941 45.2438 44.3592 44.215 44.1477 43.5576
threshold=0.095702299823622008 0.043718007062764568 0.035903541678320765 0.83641264152016859 0.054160335410024983 0.37069951866172185 -0.079648054890073192 0.02493986271024955 -0.072621338153761469 0.046262022890974176 0.024268382718257913 0.076714440298126893 0.025034545444180753 -0.053550552687902757 0.055313958016621707 -0.075902027438022421 -0.064659483980160179 0.054054054054054064 0.0076575850892510742 0.98160202466255631 0.032335467995296137 0.03098648343492957 0.024328626346398975 0.56843686786023062 0.47758234111643733 0.87635554566225393 1.2381669168879028 0.72234242902352064 0.40211419738716681 0.52843205630141554 0.61206084810701999 0.4525351384580994 1.7987806117894454 0.015498764894508488 0.040021489016244034 0.29913450854567475 0.030338905914821291 0.034396249380162246 0.74192012288786502 -0.18207974222602438 -1.0000000180025095e-35 2.4426103179864804 0.015440508628519535 0.97166902738432503 0.031827200496059742 1.5043440695321013 0.64709400506614145 2.5000000000000004 0.87139000297357871 0.7585252774604212 -0.031198687695620893 0.024967959321323254 0.03098648343492957 3.7381486475242576 -1.0000000180025095e-35 4.5000000000000009 0.51699590020625663 0.020618315082007694 0.93850700032881651 0.027257198970671494 -0.16336633663366332 -0.10948099092042328
decision_type=2 8 10 8 8 8 10 10 10 8 10 10 10 10 10 10 8 2 2 10 10 10 10 8 10 10 10 10 8 10 10 10 10 10 2 10 10 10 10 10 10 10 2 8 10 10 10 2 10 10 8 10 10 10 10 2 10 10 10 10 8 10
left_child=1 2 12 4 6 18 22 15 11 19 55 21 17 -9 -5 31 56 20 -2 40 -1 39 24 36 -3 -26 -17 35 29 -23 -16 53 -33 -34 49 -12 38 44 61 -6 -7 42 43 -42 -38 -15 47 -47 -35 50 51 -10 -13 -4 -14 -8 57 -11 -32 -41 -25 -24
right_child=5 3 7 14 8 9 10 13 34 16 27 52 54 45 30 26 -18 -19 -20 -21 -22 28 23 60 25 -27 -28 -29 -30 -31 58 32 33 48 -36 -37 37 -39 -40 59 41 -43 -44 -45 -46 46 -48 -49 -50 -51 -52 -53 -54 -55 -56 -57 -58 -59 -60 -61 -62 -63
leaf_value=-0.041453168330253073 0.081518653451932516 -0.019861838612923302 -0.029412188266585915 0.013302188968192944 -0.0076432960031818835 0.033548871189861711 -0.0031952492518045432 -0.0076906079213475108 -0.005813595735495761 0.041395429499131324 0.010507695407949878 0.015287321242084385 -0.012550903255539534 0.010300924245111828 0.021528233883750671 -0.017748364807270791 0.081671675584926759 -0.016317169300619168 0.12222695794759116 0.093136357743289211 -0.030802688451286787 -0.00300370489907452 -0.0084132421223359916 0.027185668226259771 -0.0082779529652795194 0.047133319546643987 -0.002645470538646005 0.0080351981134863162 0.0043401519284135028 0.05014811325430836 0.039308336959266346 0.048662632912841779 -0.037089460381549894 -0.015458307394445642 0.029644940205597343 0.045994579591449952 0.022856687795185463 -0.044203586767955397 0.042242422755997981 0.0006583326031128359 0.076223161598071132 0.046736589206206575 0.10865569625414501 0.01199253308942955 0.073425029348811371 0.035069342886606729 0.0084650290683458591 0.10430482629180791 0.022957843729535524 0.020499750682349091 -0.030565698422535665 0.032092421749998379 0.043982215359269279 0.0056416273857825827 0.044155755062587287 0.026693910930210524 0.012967633724459844 0.07552789461889195 0.092690568558870604 0.022856074458904335 -0.025228425727607251 0.023372494874229228
leaf_weight=3963.7691602557898 215.87400524318218 2578.6476144492626 2531.1938563883305 1630.5924230366945 2000.3364339768887 306.32687969505787 1789.6381452679634 736.40401855111122 203.14167587459087 162.24991837143898 159.68047606945038 794.11914126574993 313.27509953081608 292.40613795816898 777.47526459395885 2112.2700355499983 1845.4071725606918 546.17947401106358 356.65731340646744 118.22295540571213 2759.4774039387703 82.899623677134514 635.66392344236374 42.98955112695694 1457.7595394551754 58.583362311124802 1163.2134911566973 393.82634079456329 547.27137842774391 190.44348488748074 640.44649860262871 44.655560612678528 331.46669548749924 1151.599908798933 889.60900045931339 357.14990550279617 112.7651437073946 44.249998703598976 66.114068001508713 1598.002728536725 111.66159349679947 612.27151440083981 122.82042627036572 48.809844180941582 80.054861515760422 62.184639096260071 61.818186700344086 43.1683279722929 84.63069660961628 798.581627830863 118.81122806668282 164.90535344183445 169.41921149194241 96.959058225154877 39.226427480578423 137.09923931956291 52.88964869081974 260.03562282025814 41.153246000409126 259.98047682642937 484.29789978265762 128.7578017860651
leaf_count=21591 1070 13741 13529 8401 10452 1594 9305 3893 1048 820 827 4061 1686 1498 3960 11245 9025 2915 1714 573 14855 431 3325 224 7662 307 6108 2018 2819 986 3219 238 1771 6144 4503 1830 589 236 344 8298 560 3057 593 247 399 319 316 221 445 4104 613 846 866 512 201 706 265 1311 206 1349 2552 674
internal_value=0.000115021 -0.00859625 -0.0242576 0.00456707 0.00129567 0.0740542 -0.00529878 -0.0155821 0.0084886 0.0688379 0.00679917 0.00409316 -0.0341705 0.00393142 0.0218672 -0.0186873 0.0766595 -0.035529 0.107047 0.0550409 -0.037087 0.000736967 -0.0113318 -0.0024967 -0.0147715 -0.00610751 -0.0123874 0.0234012 0.0142745 0.034076 0.0314235 -0.0235495 -0.0160911 -0.0179655 0.0198841 0.035072 0.0066095 0.0275194 0.000615027 -0.00214523 0.0512193 0.0572194 0.0796314 0.0568817 0.0441221 0.0225303 0.0437327 0.0641525 -0.012812 0.0131111 0.00097445 0.0112113 0.0203731 -0.0281173 -0.00613352 -0.00105571 0.0570632 0.0625423 0.0426625 0.003775 -0.0209118 -0.00303577
internal_weight=39981.6 35768.4 16333.9 19434.5 16344.8 4213.23 8527.28 8711.97 7817.52 3640.7 2837.39 5642.47 7621.93 1195.98 3089.67 7515.99 2320.58 7269.43 572.531 1320.11 6723.25 4678.93 5689.88 1594.89 4094.99 1516.34 3275.48 910.657 820.614 273.343 1459.08 4240.51 1612.35 1567.7 2175.05 516.83 1067.61 237.07 830.536 3858.32 1201.89 895.563 283.292 160.471 192.82 459.577 167.171 105.353 1236.23 1285.44 486.858 368.047 963.538 2628.15 352.502 1926.74 475.175 422.286 681.6 1857.98 527.287 764.422
internal_count=209217 188388 87487 100901 85115 20829 44739 46239 40376 18045 14686 29262 41248 6247 15786 39992 11421 39361 2784 6624 36446 24335 30053 8343 21710 7969 17353 4675 4236 1417 7385 22639 8598 8360 11114 2657 5567 1224 4343 20099 6051 4457 1400 807 988 2354 856 540 6589 6611 2507 1894 4927 14041 1887 10011 2396 2131 3425 9647 2776 3999
is_linear=0
shrinkage=0.05


Tree=3
num_leaves=63
num_cat=0
split_feature=4 0 0 17 0 15 8 2 7 13 0 2 4 0 8 13 0 7 3 2 19 8 18 8 13 2 0 2 19 5 16 6 13 19 0 13 19 2 2 4 6 13 15 16 16 2 5 19 8 2 4 6 5 19 11 16 16 5 13 3 8 1
split_gain=9039.97 2702.38 527.548 392.02 279.394 235.632 226.662 193.639 141.055 136.831 129.109 113.191 94.4339 93.6102 92.7049 95.5917 88.5766 88.4137 87.4302 85.6959 105.947 83.0342 82.868 79.3707 77.5071 77.3293 77.0845 75.6859 93.1987 72.4949 70.8372 68.7268 64.8184 63.7262 60.7158 58.9525 58.4131 57.3088 60.4551 57.0998 87.6603 56.5636 100.028 51.6724 51.0229 51.0145 50.1174 49.7552 68.7727 72.1364 56.4095 46.0239 45.9333 45.5203 44.888 48.5123 43.0588 69.5822 57.3805 49.0701 46.3228 42.8839
threshold=0.095702299823622008 0.043718007062764568 0.035903541678320765 0.83641264152016859 0.054160335410024983 0.37069951866172185 -0.07310814694250016 0.02493986271024955 -0.039176785249587891 0.32674928600571201 0.046262022890974176 0.024268382718257913 0.048261708913882935 0.032335467995296137 -0.053550552687902757 0.5527683138411198 0.055495207179306665 -0.081657154771776638 4.0570900501903147 0.03098648343492957 0.38996989119362491 -0.12180507263890654 0.9151053093462046 -0.10713667606190967 0.31482765706066684 0.025408943879263738 0.075576751414880031 0.024328626346398975 0.0055167348396312184 0.23494560802609413 0.60103896804835932 0.0076575850892510742 0.88764526760074791 0.61206084810701999 0.058060248377661605 0.71413389170484021 0.88415432256416815 0.033449360586656769 0.036099691589757031 0.099311701051647341 0.00087032204983072969 0.68651367662228346 0.82424992499249938 0.88386231988127728 0.93120035712086702 0.0286543737976452 0.087559489241026758 0.15229155726705179 -0.12638743953076317 0.022140277062111056 0.048837181855030394 0.044256063381369677 0.1616414712011818 0.72234242902352064 4.5000000000000009 0.80904284011223393 0.9430467651195501 0.091175397949114015 0.17607626739522922 3.9295565947683984 -0.061439201753236576 2.3888638820022217
decision_type=2 8 10 8 8 8 10 10 10 8 8 10 2 10 10 10 10 10 10 10 8 10 10 10 10 10 10 10 10 10 2 2 10 8 10 10 8 10 10 2 2 10 10 2 2 10 10 8 10 10 2 2 10 10 2 2 2 10 10 10 10 10
left_child=1 2 9 4 6 31 27 17 19 12 29 54 -1 -11 46 -16 -5 -4 35 23 37 -12 -14 26 -23 34 -6 30 -29 32 -3 -2 39 -18 -26 44 43 -21 -39 40 -7 53 -43 -10 47 -15 -9 -19 -49 -50 -51 -42 -37 -13 -8 -56 58 60 -41 -59 -58 -22
right_child=5 3 7 16 8 10 11 14 36 13 21 41 22 45 15 -17 33 18 -20 20 61 24 -24 -25 25 -27 -28 28 -30 -31 -32 -33 -34 -35 -36 52 -38 38 -40 56 51 42 -44 -45 -46 -47 -48 48 49 50 -52 -53 -54 -55 55 -57 57 59 -60 -61 -62 -63
leaf_value=-0.027096511801766355 0.074790447855833553 -0.018134187479112211 -0.029396575702200351 0.012674493396380602 -0.0033068951942206064 -0.0073816347370948918 -0.0023237625297173408 -0.014427506625255375 0.029373051631534409 -0.044074345089864353 0.059262994955332375 0.04459810313191389 -0.013598662728415024 -0.031360257460886325 0.047116084665670327 0.0013741045942335477 0.017776127487725616 0.0037127324681858901 0.033631590816134913 0.060578995516770463 0.0042371134681414985 0.094233795682232835 0.044821864477817441 0.014071318758773349 0.047732916186130896 0.093181726612016208 0.013272267902945202 -0.027738108567248759 0.0038740249580272567 0.084123237888726207 -0.0037233682426527749 0.11073195734400204 -0.003316757051699547 0.038883175390511948 0.079440432817108914 -0.025831228653460648 0.0050959362142845655 -0.0022233731872061584 0.05762074958645419 0.11355021910630753 0.037328661700742373 -0.0064173301187667245 0.072410289715544862 0.082797007934068467 0.043438303050310371 0.020284593586369606 0.016666836289790658 -0.026099523887221983 -0.01418003491181012 -0.00014378588993490098 0.049208900765304486 0.093727485095439156 0.015069546533697315 0.015085400787242471 0.048916078481811398 -0.013910209870929653 -0.0038864155903556466 0.068233181537147608 0.057719428749485213 0.027186768324883776 0.051604020128639821 0.049238650531464333
leaf_weight=2223.1341134756804 223.4124872982502 3026.4066358357668 1371.1829869002104 1664.7636980414391 3613.5426412373781 99.216599121689796 1642.6880637556314 566.58605721592903 675.78768679499626 2740.7295035272837 991.1914658844471 306.20530654489994 214.50488921999931 2177.9490382224321 200.53326603770256 263.765506118536 643.56099830567837 381.79436011612415 88.91944782435894 178.43450477719307 707.20744656026363 504.77081888914108 83.507471770048141 1268.4728662967682 398.18243935704231 249.9268245100975 868.81957513093948 279.53551426529884 1379.5197187811136 148.24175257980824 1187.9972770810127 373.62607032060623 60.850325718522072 812.21555259823799 251.2341395765543 1590.621791779995 253.05760864913464 111.57211008667946 66.80615958571434 69.271812379360199 184.70155189931393 269.80186036229134 46.27521787583828 47.943570375442505 38.755078434944153 48.247689381241798 167.02224209904671 1054.0535378754139 2487.3903594762087 290.32172253727913 71.320425972342491 45.076820239424706 71.116536155343056 229.92174735665321 89.070321559906006 46.076346918940544 86.462886661291122 348.79923950135708 149.05784420669079 94.331063508987427 65.388432055711746 56.249891236424446
leaf_count=12175 1070 16203 7469 8521 18856 499 8544 3012 3397 15333 4776 1545 1156 11898 998 1356 3246 2041 467 905 3628 2388 426 6471 1891 1182 4415 1500 7184 694 6296 1714 305 4019 1184 8531 1277 572 337 339 920 1375 234 236 201 260 881 5686 13295 1551 375 215 376 1171 453 234 437 1688 738 462 327 282
internal_value=9.76068e-05 -0.00821104 -0.0233448 0.00432701 0.00122726 0.0681854 -0.0050513 -0.014926 0.00803011 -0.0330592 0.0635005 0.00714593 -0.023555 -0.0378776 0.00372908 0.0211891 0.0205639 -0.0179275 -0.0153342 0.00550066 0.0181458 0.0704979 0.00286678 0.00303464 0.078381 0.0693886 -9.11002e-05 -0.0105133 -0.00146583 0.051055 -0.0140738 0.0974302 0.0469142 0.0295709 0.0601026 -0.0160671 0.0257994 0.0405986 0.0203857 0.0495905 0.0318517 0.0221163 0.00531539 0.0330215 -0.0129853 -0.0302324 -0.00733514 -0.0135057 -0.0151905 -0.0111467 0.00969805 0.0487509 -0.0240728 0.031993 -3.85059e-05 0.0275515 0.0567182 0.0495748 0.0758704 0.0595763 0.0201895 0.0076128
internal_weight=39947.1 35603.4 16131.5 19471.9 16351.4 4343.74 8503.5 8643.38 7847.89 7488.07 3746.7 2630.04 2521.15 4966.93 1197.91 464.299 3120.54 7445.48 6074.29 6871.11 1120.27 2395.31 298.012 5750.84 1404.11 899.343 4482.36 5873.46 1659.06 1351.4 4214.4 597.039 1203.16 1455.78 649.417 5985.37 976.789 356.813 178.378 1142.31 328.995 852.204 316.077 723.731 4323.64 2226.2 733.608 4284.88 3903.09 2849.03 361.642 229.778 1661.74 536.127 1777.83 135.147 813.311 594.982 218.33 443.13 151.851 763.457
internal_count=209217 188388 87487 100901 85115 20829 44739 46239 40376 41248 18045 13556 13757 27491 6247 2354 15786 39992 32523 35466 5724 11421 1582 29742 6645 4257 23271 31183 8684 6624 22499 2784 5930 7265 3075 32056 4910 1814 909 5625 1634 4325 1609 3633 23149 12158 3893 22948 20907 15221 1926 1135 8907 2716 9231 687 3991 2914 1077 2150 764 3910
is_linear=0
shrinkage=0.05


Tree=4
num_leaves=63
num_cat=0
split_feature=4 0 0 8 0 15 8 0 13 15 13 15 1 13 0 7 7 0 5 0 5 19 7 18 3 0 18 6 0 6 0 0 1 8 19 8 3 7 4 5 4 4 5 11 19 1 13 1 4 1 1 13 4 0 18 6 15 0 11 3 13 19
split_gain=7969.58 2475.55 495.921 342.389 361.887 197.886 156.185 138.515 125.627 108.907 108.229 101.326 97.6415 90.4396 89.077 87.8983 82.6 83.3814 75.6305 69.2308 68.2689 67.5499 66.49 121.059 63.0752 62.5026 65.7529 58.5243 70.0894 57.4853 57.2428 54.8282 54.792 54.5795 54.3058 53.4728 52.2901 49.3433 48.4822 46.2292 44.5786 44.528 44.2516 43.5957 42.7325 42.4912 42.7366 42.1896 40.4726 40.1525 45.7848 39.7853 39.7189 39.4185 39.1807 38.3306 37.6387 37.5929 37.2476 37.2416 36.4605 36.3235
threshold=0.095702299823622008 0.043718007062764568 0.035203429874883542 -0.087855297157622789 0.054710361408750637 0.37069951866172185 -0.077773701801581427 0.055683478698486923 0.27512964101467491 0.93464309608357798 0.32674928600571201 0.55213472677927666 1.7340998582311851 0.54862462170341564 0.031035988059613443 -1.0000000180025095e-35 -0.035335689045936362 0.073767218217477545 0.088412615982622636 0.037619686944548196 0.12342057247120543 0.15229155726705179 -0.066064120588380612 0.25171628308852417 1.2381669168879028 0.036855751179306916 0.64309907708544856 0.011573577971456197 0.046262022890974176 0.0076575850892510742 0.049423916014618798 0.064427543502027923 1.2748038667173038 -0.14690735234045912 0.59221936225509808 -0.110546370446913 0.2922600541359256 -0.07663501317226111 0.048261708913882935 0.18020569455990923 0.072459226382145317 0.021760952662163272 0.1012531129019595 5.5000000000000009 0.69106985655843822 1.9224181414873267 0.68651367662228346 2.2706740701871175 0.099941554646405653 1.6910470957707848 1.5323496107964794 0.35103435890381657 0.0990990990990991 0.043101957414958744 0.45417920984088095 1.0000000180025095e-35 0.97378696721901892 0.058820115840825908 3.5000000000000004 3.9928073431071143 0.73377053410166004 0.55656521451927221
decision_type=2 8 10 10 8 8 10 10 8 10 10 10 10 10 10 10 10 10 10 10 10 8 10 10 10 8 10 2 10 2 10 8 10 10 8 8 10 10 2 10 2 2 10 2 10 10 10 10 2 10 10 10 2 10 10 2 10 10 2 10 8 8
left_child=1 2 8 4 22 29 20 18 15 10 25 54 13 19 -10 -1 17 33 45 -8 21 37 30 -24 51 58 31 28 47 -2 -3 -27 -16 56 40 -18 -20 -4 -17 57 -25 -13 -35 48 -15 46 -5 55 -30 50 -32 -14 -28 -49 -9 -12 -6 -29 -7 -26 -23 -52
right_child=5 3 6 7 16 9 12 11 14 -11 27 41 24 44 32 38 35 -19 36 -21 -22 60 23 34 59 26 52 39 43 -31 49 -33 -34 42 -36 -37 -38 -39 -40 -41 -42 -43 -44 -45 -46 -47 -48 53 -50 -51 61 -53 -54 -55 -56 -57 -58 -59 -60 -61 -62 -63
leaf_value=-0.025275813163692287 0.068987372974504482 -0.019791430509692814 -0.024106132749799405 0.025245561270761097 -0.0011660415399082542 0.069149243811109623 -0.0037860219896071624 0.003348749370819061 -0.044755609349244746 0.043104505709163243 -0.018589138315021049 0.017925066125473798 -0.005988470326050134 0.011076725031728145 0.0095217776718784543 -0.010310429977479801 0.03680346534056475 0.016318572366230234 0.00099268973324415847 0.036292189116334847 0.0053776857744449917 -0.022444959695160971 0.036960046142293902 -0.0041495448597640124 -0.0046001064864162637 0.04070056250282033 0.057238973286976559 0.045909970159120086 0.047563894442390196 0.10134707520921526 -0.018732844567627679 0.084622515891347713 -0.032249504123022875 0.0071394825940664852 -0.020008886688113139 0.0020499302557156051 0.021608254988363038 -0.00098411915401397094 0.046034325427424846 0.08756642936634107 0.025912288125047735 0.043621206128131688 0.031181957645717434 0.099168084780970472 -0.017750602105941909 0.00010923382048015202 -0.0016319903932997021 0.077404266050534243 0.074040807611341727 -0.0099523140865562451 0.048707774956943367 -0.021622443186829224 0.092936998673026239 0.014556609056872259 0.022748595263799916 0.029315728625154538 0.03604019132893934 0.081630600976129217 0.021744357642770714 0.040249815547182627 -0.033949349378906611 -0.0070551665302965904
leaf_weight=1795.4668204784393 229.99924735724926 1867.5204214304686 385.68070960044861 385.0975486189127 3607.113130196929 86.586583033204079 168.61987021565437 466.88348932564259 2163.8316714316607 864.53048054873943 61.865121752023697 228.50955566763878 558.73667779564857 194.55753327906132 80.663699463009834 87.921480312943459 366.46997985243797 1439.0585753768682 399.6350761204958 296.64103439450264 234.9627637565136 2945.3649525791407 174.44957607984543 1655.2172953933477 1076.1957025676966 169.39272652566433 96.196886852383614 237.62499272823334 700.8573991805315 387.51915356516838 70.62507663667202 126.39074766635895 2472.5153429508209 1078.0536437183619 538.84042981266975 158.56372845172882 1335.8759908080101 572.36088193953037 66.09160441160202 213.62295542657375 132.24635671079159 664.73871141672134 231.98302856087685 55.485113099217415 374.8495282381773 2102.580441698432 239.53911636769772 63.67494010925293 187.1414759606123 1573.6649963706732 89.974132478237152 1506.3988453298807 618.69258844852448 41.517983376979828 588.24347969889641 124.04829743504524 68.279333397746086 111.03132948279381 81.158871173858643 47.367545828223228 905.96284972131252 42.672550663352013
leaf_count=9979 1070 10015 2116 1941 18703 406 888 2357 12382 4121 306 1144 3022 1022 440 461 1811 7265 2045 1496 1244 16101 926 8758 5711 812 451 1118 3278 1714 380 595 13854 5557 2851 792 6776 3070 326 977 680 3233 1166 254 1975 10927 1225 310 865 8399 452 8183 2841 202 2922 610 350 516 383 246 4971 226
internal_value=8.29049e-05 -0.00784281 -0.0224631 0.00410097 -0.000534405 0.0630874 -0.0149792 0.0135674 -0.0328633 0.0588295 0.0633828 0.0246877 -0.00788274 0.00545971 -0.0372785 -0.0221666 0.00728137 0.00572067 0.00870791 0.0217901 -0.0209181 -0.0222036 -0.00937289 -0.00309256 -0.0122125 0.0752185 0.0799379 0.0555832 0.0493991 0.0894255 -0.0136803 0.0596907 -0.0309266 0.00265889 -0.00611069 0.0263315 0.0168644 -0.0103078 0.0140098 0.0690496 -0.00191216 0.0370751 0.0114175 0.056025 -0.0078986 0.00351309 0.0149523 0.027806 0.0532208 -0.00725013 0.0136156 -0.0173975 0.0882201 0.05297 0.0141756 0.0133606 -0.00046523 0.0574863 0.0464785 -0.0026752 -0.0251593 0.0308502
internal_weight=39897.4 35440 15934.2 19505.8 13094.7 4457.34 9267.7 6411.1 6666.49 3839.82 2975.29 1948.38 4223.37 1034.67 4717.01 1949.48 6949.52 6424.49 4462.73 465.261 5044.33 4809.37 6145.21 2500.75 3188.7 1178.42 1010.67 1796.87 1234.59 617.518 3644.46 295.783 2553.18 4985.43 2326.3 525.034 1735.51 958.042 154.013 562.279 1787.46 893.248 1310.04 943.484 569.407 2727.22 624.637 291.106 887.999 1776.94 203.272 2065.14 714.889 105.193 1055.13 185.913 3675.39 348.656 167.745 1123.56 3851.33 132.647
internal_count=209217 188388 87487 100901 68331 20829 50045 32570 37442 18045 13924 9656 22543 5381 26676 10766 35644 33041 22914 2384 27502 26258 32687 13215 17162 5488 4699 8436 5825 2784 19472 1407 14294 25776 12289 2603 8821 5186 787 2611 9438 4377 6723 4397 2997 14093 3166 1428 4143 9457 1058 11205 3292 512 5279 916 19053 1634 789 5957 21072 678
is_linear=0
shrinkage=0.05


Tree=5
num_leaves=63
num_cat=0
split_feature=4 0 0 17 2 4 3 2 14 13 19 13 8 14 2 2 7 3 4 14 0 3 8 2 4 5 5 14 7 14 2 13 2 0 12 0 5 13 16 7 7 8 0 18 4 13 4 3 3 2 8 14 4 5 13 12 5 11 3 17 1 0
split_gain=7196.88 2295.14 491.923 347.69 211.618 168.053 162.865 162.188 133.627 127.753 124.718 101.146 94.601 92.1655 92.5043 107.57 94.2861 89.1086 86.7009 84.9427 84.4932 84.0417 83.1132 78.7422 76.0209 70.1616 81.4746 67.5857 67.3966 64.9446 62.625 60.9719 59.1305 52.4367 64.2055 51.6651 66.0805 65.4047 59.9238 51.6483 51.6175 50.8533 48.7389 48.2955 48.1824 46.9048 44.4886 48.0014 47.9775 48.7658 61.0877 45.3496 44.4009 44.1833 42.8046 42.6071 42.0184 41.9841 41.4179 40.6495 40.2562 46.2279
threshold=0.095702299823622008 0.044328229416643578 0.035903541678320765 0.83986015262715896 0.024328626346398975 0.037241087454579998 2.2831415425513124 0.024688065147332416 0.76226622282118328 0.32674928600571201 0.0093203897551723657 0.77793305903203402 -0.082563791313245802 0.26625701628533321 0.030338905914821291 0.033449360586656769 -0.052763819059292776 -0.37243366990971233 0.051379626435199006 0.56384920018636442 0.03083309880171917 0.80205244084977967 -0.069452453015674306 0.032148478393752906 -0.055704719755506886 -0.11903185679703597 0.0073454825938544807 0.84477251639085182 -0.065321805991548784 0.67436193521643883 0.0286543737976452 0.63893896701436748 0.035300137438434472 0.053131608545190216 2.5000000000000004 0.057815733703745584 0.30150547105144804 0.33878666220586601 0.95496562913624539 -0.020317665213103627 -0.045430385107196818 -0.16749448350533827 0.055889143275702609 0.9151053093462046 0.033333333573178477 0.84451560539095338 0.0990990990990991 3.9928073431071143 3.6245493502670443 0.020168012345317527 -0.13096415024608318 0.2700554320394184 0.09883720930232566 0.12637003435649755 0.46190714711775238 2.5000000000000004 0.1975416558749892 3.5000000000000004 1.4204383518010235 0.2160563655661695 1.5507166275414812 0.041065339244639586
decision_type=2 8 10 8 10 2 10 10 10 8 10 8 10 10 10 10 10 8 2 10 10 10 10 10 2 10 10 10 8 8 10 10 10 8 2 8 10 10 2 10 10 10 10 10 2 10 2 10 10 10 10 10 2 10 10 2 10 2 10 10 10 10
left_child=1 2 9 4 5 8 17 21 22 18 29 12 -9 -12 16 23 -15 -2 -1 31 -11 41 -3 24 -16 -10 -27 40 42 -6 58 46 -17 -5 -35 36 37 52 -39 -26 -7 -4 -19 -20 -18 -40 57 48 49 -48 -51 -49 -30 54 -23 56 -21 -8 -22 -46 61 -14
right_child=6 3 7 33 10 27 19 11 25 20 13 -13 60 14 15 32 44 28 43 55 30 53 -24 -25 39 26 -28 -29 35 -31 -32 -33 -34 34 -36 -37 -38 38 45 -41 -42 -43 -44 -45 59 -47 47 51 -50 50 -52 -53 -54 -55 -56 -57 -58 -59 -60 -61 -62 -63
leaf_value=-0.024952064447307902 0.09247080471501333 -0.017010556992834953 -0.029664066716989484 0.012027679852444302 -0.017808618709066869 -0.007109339038756048 0.049099922487271006 -0.0043208418234915238 0.023897436256794368 -0.044081089174254288 -0.0071834151968091179 -0.019513459786809094 0.028989033362997598 0.0045438482583423472 0.083022108342665518 -0.01431963265934187 0.011088330908958817 0.017800097759438565 -0.0082214786258516838 0.04970408353575638 -0.035291301873133653 -0.0068248424601595956 0.0011197770843793882 0.079131898025780245 0.031595831695508642 -0.011618227386355116 0.0041589755278977859 0.020479674131023556 0.028077234527896035 0.0072450993834965146 0.022876976900396473 0.013319110079550944 0.026008084785084408 0.022991962336489473 0.06313073425875973 0.079505653015954081 0.10179640772998325 0.035643537593073399 0.075256945745952042 -0.020015396946781946 0.0095447860556966257 -0.017630813366186923 0.055435197982567019 0.039337639310740968 0.079624281370465746 0.025323379416744226 0.027670905622157474 0.056685621789933319 0.085274307053093787 0.019870728716914282 0.07916990430650421 0.0040119184006469659 0.080370626561773198 0.003382945069878374 -0.01888474702052818 0.097948464548943084 0.077730704786623042 -0.0016580167726343029 -0.021912357840815647 0.028858747474549404 0.048571440089759957 -0.011709809019168028
leaf_weight=2201.1813015341759 307.0749429166317 3061.2323300987482 1215.5957359224558 1251.3970279246569 569.34741860628128 777.7027325630188 71.278910547494888 506.78850840032101 282.90181028842926 1879.4418003559113 514.97015659511089 382.83196024596691 235.51488760113716 1991.690768122673 64.774992287158966 172.51043592393398 468.77500516176224 110.22741164267063 179.78745491802692 616.27338235080242 2020.6086707860231 1480.1245694756508 796.39441047608852 111.15524841845036 396.79513211548328 1336.0222347080708 2108.1679336428642 754.80332812666893 47.398784294724464 472.55445125699043 53.406705349683762 201.93547105789185 190.02960801124573 1649.7480921894312 105.48257893323898 658.02961623668671 95.612196892499924 391.27556772530079 242.36123545467854 54.512354716658592 1155.0319342166185 3193.1690386533737 411.78958778083324 74.775086209177971 42.013919711112976 59.951232075691223 164.79999074339867 69.604282304644585 118.65377439558506 59.735352113842964 166.57680137455463 97.398979425430298 354.92077378928661 489.72928008437157 1465.5599939674139 66.983408004045486 176.27791245281696 93.219178065657616 820.22639453411102 539.99022497236729 145.06879824399948 98.317655101418495
leaf_count=12386 1338 16457 6740 6339 3021 4096 336 2728 1452 11044 2670 2035 1180 10272 323 881 2378 527 985 2836 11512 7990 4128 547 1988 6998 10911 3808 219 2414 286 969 952 8103 509 2924 421 1804 1106 274 5930 17557 1907 370 208 275 769 330 553 280 763 461 1587 2578 7952 301 792 446 4649 2675 719 497
internal_value=2.66874e-05 -0.00762365 -0.0212786 0.00427616 0.00132056 -0.00293948 0.0589791 -0.013615 -0.00674619 -0.0310413 0.00914923 0.0022666 0.010737 0.012724 0.0152676 0.0285403 0.0109417 0.0669444 -0.0217583 0.0477364 -0.0358113 -0.0163857 -0.0132683 0.0410568 0.0327189 6.08217e-06 -0.00196269 0.00780224 0.0636016 -0.00644946 -0.0304277 0.0380747 0.00683201 0.0198627 0.0254387 0.0681074 0.0617511 0.0581678 0.0487198 0.0253314 0.00284321 -0.0209546 0.0475375 0.00584778 0.0230526 0.0654708 0.0439941 0.0496661 0.0572965 0.048613 0.0636741 0.0261722 0.0742946 -0.0105179 -0.0128294 0.0594047 0.0560278 0.0204998 -0.0314375 0.0326537 0.0266474 0.0170036
internal_weight=39891.5 35310.1 16442.1 18868 15861.4 10272.3 4581.38 9212.7 7584.72 7229.43 5589.12 1368.52 985.69 4547.22 4032.25 989.778 3042.47 2678.64 2455.74 1902.74 4773.68 7844.18 3857.63 627.238 516.082 3727.09 3444.19 2687.54 2371.57 1041.9 2894.24 1043.2 362.54 3006.63 1755.23 1849.55 1191.52 1095.91 693.588 451.307 1932.73 4408.76 522.017 254.563 1050.78 302.312 841.267 676.769 509.766 391.112 226.312 167.003 402.32 3435.41 2945.68 859.535 792.551 164.498 2840.84 582.004 478.901 333.833
internal_count=209486 188542 91208 97334 82383 53780 20944 49976 39946 41232 28603 7159 5124 23168 20498 4965 15533 12108 13741 8836 27491 42817 20585 3132 2585 19361 17909 13834 10770 5435 16447 4907 1833 14951 8612 8336 5412 4991 3185 2262 10026 24297 2434 1355 5261 1381 3938 3156 2365 1812 1043 791 1806 18520 15942 3929 3628 782 16161 2883 2396 1677
is_linear=0
shrinkage=0.05


Tree=6
num_leaves=63
num_cat=0
split_feature=4 0 0 17 0 8 15 2 13 7 5 0 8 7 0 2 13 19 3 8 6 13 2 16 2 2 17 15 0 7 11 5 8 0 19 8 12 16 2 2 5 13 4 18 3 8 0 15 13 8 19 19 13 6 4 4 9 12 3 4 11 13
split_gain=6388.68 2100.71 446.965 307.124 197.78 179.524 178.047 146.031 121.501 112.232 92.1702 89.2011 85.2469 82.7192 81.6293 75.7606 75.7298 72.2497 71.9991 71.228 67.4795 63.4735 57.8055 54.5796 53.5846 53.2412 52.9311 52.1455 57.5141 51.4828 49.7701 47.9121 46.9305 63.1708 46.4989 46.8623 44.8067 44.2246 43.9354 94.0202 48.2224 42.6926 49.5853 45.873 42.635 42.5706 48.7468 42.2668 44.7446 41.9108 50.2079 41.6409 40.4548 39.9397 39.7148 54.0191 45.369 39.4768 39.3306 38.6915 36.6272 36.3784
threshold=0.095702299823622008 0.044087966519249518 0.035903541678320765 0.83986015262715896 0.054160335410024983 -0.070315141142664003 0.49709933362501268 0.02493986271024955 0.32674928600571201 -0.072621338153761469 -0.11903185679703597 0.046262022890974176 -0.080539304558305089 -1.0000000180025095e-35 0.03083309880171917 0.024328626346398975 0.77793305903203402 0.60422253196261433 1.2381669168879028 -0.069452453015674306 0.0046728972445585501 0.30680875923413242 0.0286543737976452 0.60511865563764866 0.024268382718257913 0.030697417867432627 0.41414617876882037 0.91114100953577359 0.053308343567844148 -0.099999999999999908 4.5000000000000009 0.063108041465127732 -1.0000000180025095e-35 0.058060248377661605 0.12840173040074296 -0.18063669099511084 2.5000000000000004 0.89217934880374183 0.030338905914821291 0.034396249380162246 0.062500000112020185 0.88764526760074791 0.099941554646405653 0.9151053093462046 2.9932218155901094 -0.16210937500000003 0.082652983620270709 0.85995307510156216 0.68651367662228346 -0.13096415024608318 0.3624195526645812 0.084916945021215148 0.35876784405054563 0.047261628752820702 0.099311701051647341 0.099435435073596881 7.5000000000000009 2.5000000000000004 1.4204383518010235 0.048261708913882935 2.5000000000000004 0.34293570922039324
decision_type=2 8 10 8 8 10 8 10 8 8 10 8 10 10 10 10 8 8 10 10 2 10 10 2 10 8 10 8 10 10 2 10 10 10 8 10 2 2 10 10 10 8 2 10 10 10 10 10 10 10 10 10 10 2 2 2 2 2 10 2 2 10
left_child=1 2 8 4 5 15 20 12 13 10 -6 41 34 -1 -10 23 19 38 52 -9 32 36 58 -3 30 45 -27 28 -5 -22 -7 -23 33 -2 61 -36 -13 -11 49 40 -40 42 53 -44 -45 46 -12 48 -26 51 -51 -17 -14 54 56 -56 -8 -30 -16 -15 -29 -4
right_child=6 3 7 27 9 24 11 16 14 37 25 21 18 59 22 17 -18 -19 -20 -21 29 31 -24 -25 47 26 -28 60 57 -31 -32 -33 -34 -35 35 -37 -38 -39 39 -41 -42 -43 43 44 -46 -47 -48 -49 -50 50 -52 -53 -54 -55 55 -57 -58 -59 -60 -61 -62 -63
leaf_value=-0.023393141154968655 0.011203384963357417 -0.016528005687826957 0.0069619911503354757 0.0071911314568395088 0.023824356185982127 -0.00078706308253481618 0.030164368151184864 -0.0024186270404995117 -0.042975984136668983 0.014098935683247339 -0.0079284569334940012 0.063643084698617347 -0.0047705346147582355 -0.0076367796302030614 -0.034203773234631002 0.018638036197498205 -0.017351020998347077 -0.016360143850567589 -0.00054996272084943405 0.025583103835727785 0.05041789095255244 0.028361972330263524 0.021505798961230949 -0.0036870943583965105 0.02280166996616605 0.0016183164298313225 0.029240891680745958 0.019391168402988955 0.020058884558666071 0.089834555875338395 0.031424870789363006 0.053386125069581597 0.090769900451822982 0.061536161919324955 -0.031905790879709781 -0.019172992904477479 0.11240036669574152 0.049478515062070835 0.055874537865849151 -0.039945244229607553 0.0073012165866541039 0.0013591354379816323 0.020025624976308151 0.097911267611990718 0.0497126792388752 0.0047715580646427568 0.014287018319128221 0.046201034949535695 -0.0031881395185453308 0.036447165186939627 -0.0027798204428731853 -0.013724392433451707 -0.019696925542628418 0.060693624675291574 0.08037345133867585 0.034754304038895782 -0.012191056773216642 0.054366962454731972 -0.021074861664907824 0.041504609052436886 0.048791114010543223 -0.016991197963545559
leaf_weight=2264.8950581997633 86.347486659884453 2905.9678141623735 235.64986647665501 1131.4931217133999 467.85899093747139 1509.2361854612827 227.50796441733837 509.2063759714365 1832.6086540222168 2455.7355687469244 2290.8067469894886 804.37618662416935 634.40407621860504 92.465511560440063 1981.6487191319466 125.89662283658981 346.06831254065037 488.04317556321621 1267.3664966821671 408.69927850365639 103.4130050688982 233.29286244511604 54.018714502453804 1157.7968274205923 434.58740532398224 411.18354764580727 299.09554506838322 208.21813257038593 1424.2370814681053 532.48600763082504 129.2616508603096 1167.0027113705873 81.297195509076118 228.09589532017708 1054.2532451748848 2325.1618418842554 51.161171659827232 90.825504690408707 138.09191121160984 46.084614768624306 81.299425721168518 69.175294652581215 52.02227084338665 92.456523552536964 98.496698781847954 1641.3216798901558 275.82703180611134 109.79447305202484 266.83033832907677 152.48179276287556 173.82547116279602 458.60982865095139 1601.7494543194771 152.66549165546894 73.997788980603218 527.57020069658756 86.770715028047562 88.556856736540794 810.47352184355259 69.326777160167694 219.33273337781429 480.38316582143307
leaf_count=12914 397 15875 1286 5708 2363 7825 1077 2737 11044 12272 11986 3566 3455 494 11512 658 1857 2633 6734 2010 454 1068 286 6168 2143 2072 1493 1026 6928 2273 644 5187 355 1015 5916 12970 223 432 680 253 405 335 247 409 450 8440 1381 534 1352 786 899 2404 8842 682 340 2444 422 418 4649 333 1074 2651
internal_value=1.78654e-05 -0.00728118 -0.0206775 0.00387118 0.0011081 -0.00434793 0.0549688 -0.0131852 -0.03002 0.0067326 0.00264212 0.0497377 -0.0158024 -0.0209258 -0.0347313 -0.00919216 0.00254977 -0.000206451 -0.0100721 0.0100635 0.0733423 0.0558835 -0.0294093 -0.0128713 0.00697833 0.000622674 0.0132748 0.0183572 0.0157267 0.0835137 0.00177176 0.0492403 0.056829 0.0477939 -0.0207008 -0.0231534 0.0666866 0.0153797 0.00650393 0.0243616 0.0379896 0.0396631 0.0416809 0.0621312 0.0734382 -0.00151558 -0.0055364 0.0174795 0.0129243 0.00127793 0.0156061 -0.00673393 -0.0154663 0.0369769 0.0329616 0.0404899 0.0184687 0.0221018 -0.0304017 0.0135455 0.0345519 -0.00910937
internal_weight=39818.8 35150.7 15968.4 19182.3 16110.5 8177.81 4668.14 8862.94 7105.44 7932.65 5386.09 3636.5 7598.97 2426.69 4678.75 5728.1 1263.97 1664.33 3503.52 917.906 1031.64 2255.83 2846.14 4063.76 2449.71 4918.23 710.279 3071.84 2644.29 635.899 1638.5 1400.3 395.741 314.443 4095.45 3379.42 855.537 2546.56 1176.29 265.476 219.391 1380.66 1311.49 242.975 190.953 4207.96 2566.63 811.212 701.418 910.814 326.307 584.506 2236.15 1068.51 915.847 601.568 314.279 1512.79 2792.12 161.792 427.551 716.033
internal_count=209486 188542 89690 98852 83698 43259 20944 48458 41232 40439 27735 16450 41854 13741 27491 30761 6604 8718 19031 4747 4494 10044 16447 22043 12498 25372 3565 15154 13054 2727 8469 6255 1767 1412 22823 18886 3789 12704 6085 1338 1085 6406 6071 1106 859 21807 13367 4029 3495 4747 1685 3062 12297 4965 4283 2784 1499 7346 16161 827 2100 3937
is_linear=0
shrinkage=0.05


Tree=7
num_leaves=63
num_cat=0
split_feature=4 0 0 0 8 8 15 2 13 4 4 0 16 16 6 13 8 17 13 14 4 3 5 2 9 3 16 2 8 14 13 15 18 10 2 19 4 16 15 0 14 5 13 2 3 2 14 13 9 10 16 13 19 14 5 17 5 9 2 13 1 9
split_gain=5686.49 1925.96 360.856 295.084 223.377 178.118 159.272 150.97 115.708 116.728 103.732 94.9965 94.264 91.9463 76.1702 74.233 67.7162 65.2495 64.9405 79.6675 61.2932 59.9434 54.7898 66.6838 58.0704 54.0396 53.8891 49.5441 62.2236 49.4032 54.0103 48.5863 48.4321 45.1516 44.9811 45.7906 54.7617 59.2053 44.6709 49.0752 43.871 53.0928 43.5709 43.4475 61.7504 57.0635 43.3063 42.5331 41.8939 41.3699 41.2186 40.1781 39.354 38.1609 37.8222 36.8676 36.506 36.1819 35.8416 35.0205 34.6259 40.5214
threshold=0.095702299823622008 0.04297619268042243 0.03367790152461593 0.049569877231926067 -0.087855297157622789 -0.10386011385489234 0.64677757998995855 0.02493986271024955 0.87585035762583752 0.048261708913882935 0.023577985096161606 0.06403792459378288 0.60511865563764866 0.89217934880374183 0.029894658000232614 0.90324038966341957 -0.062312597089810011 0.61183602490514655 0.1918890795754922 0.33772508447900756 0.0990990990990991 0.34473073021811013 0.20371824858841228 0.023366724855946545 5.5000000000000009 0.23887160179788181 0.9470978382930938 0.030697417867432627 -0.27288530956908491 0.70214407670081436 0.50922996037348245 0.98579879667910331 0.76535260395082205 1.5000000000000002 0.024328626346398975 0.69493531478280279 -0.050935733478851823 0.084277688603531312 0.63463349268434022 0.067845098325854877 0.5955140030186149 0.051221376892668043 0.08071072483864046 0.024268382718257913 2.6867727523172751 0.026301447785918069 0.96251338329764469 0.8249045453883036 8.5000000000000018 1.5000000000000002 0.69557358847924766 0.72208653591109184 0.65565534859395758 0.52023023414763225 0.087559489241026758 0.89892656886089572 0.028301886792452827 3.5000000000000004 0.016396713910233628 0.8170434615965344 2.4113429041644951 4.5000000000000009
decision_type=2 8 10 8 10 10 10 10 8 2 2 8 2 2 2 8 10 10 10 10 2 10 10 10 2 10 2 10 8 8 8 10 10 2 8 8 2 2 10 10 10 10 8 10 10 10 10 10 2 2 2 8 10 10 10 10 10 2 10 10 10 2
left_child=1 2 8 5 11 25 14 12 9 58 55 13 -4 17 29 16 54 33 20 48 57 47 23 -21 -25 -3 -22 46 -29 51 -31 56 -11 34 -5 36 37 -36 49 -40 59 -42 -19 60 -45 -46 -13 -7 -20 -12 -48 -2 -18 -44 -9 -6 -14 -8 -1 -27 -23 -62
right_child=6 3 7 4 10 21 18 15 -10 32 38 27 31 -15 -16 -17 52 42 19 22 26 43 -24 24 -26 40 -28 28 -30 30 -32 -33 -34 -35 35 -37 -38 -39 39 -41 41 -43 53 44 45 -47 50 -49 -50 -51 -52 -53 -54 -55 -56 -57 -58 -59 -60 -61 61 -63
leaf_value=-0.038037336559668754 0.050819317138360555 -0.020258839488713005 -0.021462463130858353 -0.010504906066304999 0.003796890050631658 -0.0012239234401158388 0.061367874016896022 -0.011838742820529472 -0.04667107985351545 -0.022497990854580187 0.022435464441442857 0.0017174205901467313 -0.024066146168569492 0.037997293366293927 0.080081182603635045 -0.027269554960332315 0.044128745213816364 -0.02060484658876505 0.025518417743990648 0.032658656543325774 0.07733485580196138 -0.0035613646447900001 0.061534530182547779 0.044347896611545916 0.087150280643465777 -0.010103369960349119 0.05023433771030638 0.050426478879776249 0.014146605056014384 0.081350653172862261 0.054057923761823612 0.02446361179417697 0.014250845904513774 0.01308931826227832 -0.002352537830087151 -0.014586027555080795 0.0019113451178787814 0.071793393044156967 0.028636575139769357 0.070647047877174574 -0.012991134663355145 0.014797919348684442 -0.007749809127121943 0.011311396761574319 0.095887309470894411 0.023919927079820213 0.010306210252987683 -0.023503563614784773 -0.022649851771200658 0.000470847137686511 0.037737631711036647 0.012274927420882454 0.011581104960972474 0.012446459702840836 0.017964480981423184 0.025362596033774422 -0.0089305234790873281 0.008334250799839597 -0.027205853583158447 -0.034975010447813218 0.0028285890868944355 0.028066310999314288
leaf_weight=1122.2837891280651 257.45317929983139 1573.9421227574348 5424.6823827475309 2431.786231815815 1260.5626666098833 1134.9734717309475 46.840851336717606 437.57027247548103 1033.4499741345644 152.28778956830502 997.75142814218998 1695.9830856323242 479.70698025822639 150.15587994456291 505.82159939408302 190.16727329790592 132.01944723725319 134.53814896941185 336.10347184538841 987.19311079382896 313.14855474233627 810.32020880281925 364.74696004390717 270.14405670762062 114.56521500647068 1057.7093505859375 470.42476882040501 143.97330915927887 648.33573547005653 280.5275235325098 552.81232304871082 96.182822957634926 214.99163256585598 324.24798108637333 47.995388641953468 377.64102002978325 1027.4677565395832 60.142925873398781 986.88406708836555 74.434913381934166 311.36749520897865 381.20700804889202 282.81900501251221 461.57538852095604 44.475574940443039 72.27073347568512 823.72482466697693 263.08885654807091 51.329093903303146 273.02247202396393 163.63115051388741 92.610810711979866 311.48506711423397 1334.9297170937061 139.61702992022038 234.26950147747993 2345.1840528696775 99.31798155605793 2464.8376195281744 162.7606348246336 457.68787036836147 242.96239650249481
leaf_count=6713 1139 8666 30699 13009 6389 5958 209 2384 6297 881 4918 8677 2700 735 2123 1036 660 682 1551 4456 1372 4213 1580 1195 502 5704 2076 701 3219 1218 2407 513 1176 1702 247 2005 5275 302 4763 347 1705 2003 1458 2296 216 357 4145 1389 241 1336 811 418 1560 6748 736 1141 12923 457 14640 883 2382 1242
internal_value=1.03437e-05 -0.00695376 -0.0208618 0.0029391 0.00726017 -0.00540897 0.0513806 -0.0151693 -0.0317631 -0.0278562 0.0174801 0.00320475 -0.0175628 -0.000518865 0.0637257 0.00132841 0.00667804 -0.00148547 0.0445332 0.0396655 0.0555996 0.00258096 0.044241 0.0396017 0.0572872 -0.0133982 0.0611496 0.00981503 0.0207944 0.0566731 0.063332 -0.010316 -0.00100631 -0.00481974 -0.00629465 0.00047369 0.00549016 0.0391649 0.0240691 0.0316467 -0.00774601 0.0023038 0.00663628 0.0079418 0.0195842 0.0519181 0.00656661 -0.00543033 0.019095 0.0177205 0.0148859 0.0406863 0.0213471 0.00891309 -0.00461098 0.00719135 -0.0115084 0.0256319 -0.0306043 -0.0134461 0.0034757 0.0116077
internal_weight=39736.1 34993.1 14544.5 20448.6 13474.3 6974.34 4743.04 9556.62 4987.85 3954.4 3826.93 9647.37 8345.76 6171.72 1689.23 1210.86 1020.69 6021.57 3053.81 2124.08 929.732 3487.35 1736.65 1371.9 384.709 3486.99 783.573 3475.65 792.309 1183.4 833.34 2921.07 367.279 4269.28 3945.03 1513.25 1135.61 108.138 2332.09 1061.32 1913.04 692.575 1752.29 2089.29 578.322 116.746 2683.34 1398.06 387.433 1270.77 987.356 350.064 443.505 1617.75 577.187 1494.83 2824.89 146.159 3587.12 1220.47 1510.97 700.65
internal_count=209486 188542 82918 105624 68610 37014 20944 53211 29707 23410 18894 49716 46835 32163 7305 6376 5340 31428 13639 9525 4114 18053 7733 6153 1697 18961 3448 17553 3920 5182 3625 16136 2057 22540 20838 7829 5824 549 11364 5110 10295 3708 8888 10706 2869 573 13633 7347 1792 6254 4956 1557 2220 8206 3120 7530 15623 666 21353 6587 7837 3624
is_linear=0
shrinkage=0.05


Tree=8
num_leaves=63
num_cat=0
split_feature=4 0 0 0 8 8 15 2 13 4 14 2 7 0 14 13 4 7 13 7 8 14 11 6 8 6 4 15 2 6 2 8 2 2 17 13 7 7 18 14 15 4 7 1 19 8 7 2 4 13 17 8 0 15 2 8 15 0 4 17 2 19
split_gain=5071.82 1763.68 341.836 265.891 199.218 162.619 140.897 115.545 114.454 91.7407 85.8914 94.475 92.6546 76.9167 75.7597 89.0673 78.0481 73.9036 69.0201 70.0465 64.8926 62.9613 61.9415 56.6325 54.7439 53.0219 52.893 54.388 52.4751 50.373 48.5802 48.0896 47.9219 63.3473 47.6006 47.5868 45.9395 45.2565 71.823 46.4663 58.2091 45.1729 43.0569 42.5721 41.7285 69.2444 50.2993 47.9898 47.484 41.4024 56.3776 40.9819 52.7871 40.1513 39.918 39.85 39.1997 42.3743 38.9488 38.6482 38.4491 37.8766
threshold=0.095702299823622008 0.04297619268042243 0.035903541678320765 0.049569877231926067 -0.087855297157622789 -0.080539304558305089 0.49709933362501268 0.02493986271024955 0.32674928600571201 0.023577985096161606 0.66250864453665292 0.03098648343492957 -0.048497725251611105 0.03083309880171917 0.70214407670081436 0.92668897316605303 0.099311701051647341 -1.0000000180025095e-35 0.71413389170484021 -0.063417344814301987 -0.28030303030303028 0.96251338329764469 3.5000000000000004 0.0046728972445585501 -0.055226506540614666 1.0000000180025095e-35 -0.061886611620357072 0.92280645479668388 0.0286543737976452 0.023016431088738302 0.02493986271024955 -0.14559275853179363 0.024555731968835984 0.025491728316902374 0.78481409716817818 0.5527683138411198 -0.065321805991548784 -0.066064120588380612 0.23597745288547547 0.74192012288786502 0.65842870001285858 0.06420261394717254 -0.06203703703703705 2.0182132889230702 0.22764795385384023 -0.12062159435700291 -0.0080308882224388017 0.022140277062111056 0.036818851420395322 0.16405739379084969 0.97787034476401191 -1.0000000180025095e-35 0.058060248377661605 0.58350976925315023 0.024085377699227042 -0.19118618419936553 0.63463349268434022 0.067845098325854877 0.09937888198757773 0.72548301897625822 0.033449360586656769 0.70298890791334789
decision_type=2 8 10 8 10 10 8 10 8 2 8 10 10 10 8 10 2 10 8 10 8 10 2 2 10 2 2 10 10 2 10 10 10 10 10 10 10 10 10 10 10 2 8 10 8 10 10 10 2 10 10 10 10 10 10 10 10 10 2 10 10 10
left_child=1 2 8 5 10 37 23 18 17 -6 26 12 21 -10 15 16 22 -1 19 59 60 -12 -8 51 -9 -14 43 54 -15 -24 49 -32 34 53 -7 -26 -25 -3 -39 40 -40 61 -16 -5 46 -46 -21 -47 -49 -18 58 52 -2 -34 -28 -29 -11 -58 -51 -4 -13 -35
right_child=6 3 7 4 9 32 14 24 13 56 11 20 25 28 42 -17 30 -19 -20 44 -22 -23 29 36 35 -27 27 55 -30 -31 31 -33 33 41 -36 -37 -38 38 39 -41 -42 -43 -44 -45 45 47 -48 48 -50 50 -52 -53 -54 -55 -56 -57 57 -59 -60 -61 -62 -63
leaf_value=-0.021589558351386155 0.0079250441643296306 -0.016528209492875413 -0.024495327237358179 0.052432925506007623 0.0068102781199667825 -0.0049146527952952414 0.040124720923514455 -0.0067770956977958909 -0.041006713703245684 0.016704293557668583 -0.0013199164946641985 0.075879770439159569 0.0058397168784723947 -0.028549173047921657 0.036095918710082352 -0.025214422975897533 0.05328944091274862 0.013366604466349123 -0.023470778222222169 0.00044254247298198971 0.015288446639334152 0.012350831386793935 -0.002870823913924128 0.049330573732515676 0.035295459239752962 0.030330446569808347 -0.016248127980424167 0.00013903114919726179 0.020779395085805882 0.052343054837617302 0.031578396940060267 0.068255493948411516 0.018160328492872347 0.016086027940491892 0.010795736072573552 0.0016914293349126663 0.080894848684114395 0.036184883818352415 -0.019795825302054579 0.013027452398700857 -7.4377086494045415e-05 0.037676692301236325 0.056938619731289643 0.002464836739533969 -0.024476730596692392 -0.0090888825206059606 0.05741327902587863 -0.0025222135020765927 0.038985152261171711 0.072748569470764329 0.072300207134486275 0.080444197960385794 0.053330400630642628 0.068812354198960479 -0.0030264996749197102 0.053936348187203748 0.026884771248400042 0.06545802652298903 0.025531187017826681 0.011998198690880018 0.025072963612265194 -0.012552245281344868
leaf_weight=2204.9966173171997 88.185157731175423 2187.2063693702221 1149.1083090752363 68.5014328956604 1499.5079677551985 1490.5698463320732 271.13809250295162 612.54029795527458 1749.248870626092 1280.4309836924076 4202.430313795805 78.595524296164513 416.01234601438046 2705.2544173896313 324.89500561356544 54.160633981227875 369.08455669879913 161.67593683302402 1803.519336566329 420.14862090349197 615.86400130391121 1052.2840313315392 236.50971901416779 158.12954467535019 187.71391904354095 471.86506967246532 914.82389931380749 77.230213835835457 54.334365412592888 49.027854457497597 124.69400009512901 340.98863951861858 81.329924464225769 211.93919920921326 711.4414678812027 238.73667109012604 498.29684197902679 95.171384632587433 869.75011378526688 223.93173831701279 656.07684457302094 98.608636766672134 1152.3538570255041 110.50841787457466 677.78879691660404 1992.4773935228586 41.680872157216072 191.50871805846691 106.52764087915421 46.025504678487778 81.548522815108299 84.317106902599335 236.34280714392662 76.189227640628815 1517.2102473974228 61.111005082726479 998.38761499524117 76.345970213413239 692.74664552509785 76.855968445539474 72.710129007697105 251.2016364634037
leaf_count=12914 397 12095 6599 342 7530 7815 1219 3314 11044 6254 21884 371 2078 16161 1439 251 1610 827 10223 2332 3025 5269 1100 673 880 2344 4932 395 286 218 546 1464 404 1049 3610 1230 2054 505 4753 1185 3494 480 4940 583 3852 10992 228 1045 561 204 347 355 1015 365 7831 311 4763 347 3112 430 351 1259
internal_value=3.72602e-06 -0.00664004 -0.0200631 0.00278745 0.0068752 -0.00515686 0.0481349 -0.0126771 -0.0281154 0.0164836 0.00303945 0.00601336 0.00394528 -0.0327913 0.0435434 0.0377605 0.0393133 -0.0191969 -0.015166 -0.0119448 0.0225454 0.00141955 0.0230532 0.0642127 0.00279639 0.0188749 -0.00443405 -0.00626683 -0.0275708 0.00675919 0.0447651 0.0585233 0.0038258 0.0150212 0.000163768 0.0165311 0.0733778 -0.0116641 -0.0058918 -0.00819976 -0.0113216 0.0071303 0.0523822 0.0217711 -0.00827417 -0.0104491 0.00569718 -0.00628931 0.0123946 0.0393337 0.0329975 0.0493544 0.0410545 0.0429394 -0.00800453 0.0241201 0.0226371 0.0296832 0.0285672 -0.0221996 0.0517894 0.000559419
internal_weight=39649.8 34841.4 14374.1 20467.2 13513.8 6953.42 4808.44 7498.61 6875.51 3854.67 9659.15 6909.76 6142.59 4508.84 3743.17 2265.92 2211.76 2366.67 6459.62 4656.1 767.17 5254.71 556.676 1065.27 1038.99 887.877 2749.39 2570.38 2759.59 285.538 1655.09 465.683 2921.28 719.269 2202.01 426.451 656.426 4032.14 1844.93 1749.76 1525.83 561.749 1477.25 179.01 3430.13 2968.3 461.829 2290.51 298.036 1189.41 820.321 408.845 324.528 157.519 2432.03 138.341 2355.16 1074.73 738.772 1225.96 151.306 463.141
internal_count=209486 188542 82918 105624 68610 37014 20944 41686 41232 18894 49716 35322 31575 27491 16450 10071 9820 13741 36262 26039 3747 27153 2537 4494 5424 4422 14394 13469 16447 1318 7283 2010 14982 3557 11425 2110 2727 22032 9937 9432 8247 2788 6379 925 19010 16450 2560 12598 1606 5273 3663 1767 1412 769 12763 706 11364 5110 3316 7029 722 2308
is_linear=0
shrinkage=0.05


Tree=9
num_leaves=63
num_cat=0
split_feature=4 0 0 17 0 8 15 4 8 7 0 1 7 4 0 9 0 0 12 14 6 14 19 1 15 18 10 6 19 11 0 19 16 4 8 15 19 15 1 1 19 16 15 14 7 16 8 12 18 18 19 18 8 16 1 14 8 8 18 4 7 19
split_gain=4533.72 1614.76 322.545 244.123 178.884 138.377 127.81 106.231 92.7338 87.4187 73.5064 66.0737 61.5862 60.8371 52.3088 56.7143 51.2902 51.2167 57.2753 50.5763 50.0694 47.1311 45.3349 80.8611 48.5874 45.7563 44.0969 50.4719 44.6766 79.964 42.0723 40.2611 40.1064 64.5094 53.1268 39.7427 37.9202 46.4144 37.8292 37.5187 36.971 53.4471 35.9507 35.8773 35.4821 34.1469 33.2762 33.1604 32.6648 32.0739 32.0069 31.8375 32.9578 43.2304 32.0065 40.4205 33.978 31.628 39.7593 31.5353 34.2568 31.4545
threshold=0.095702299823622008 0.04297619268042243 0.03367790152461593 0.83986015262715896 0.054160335410024983 -0.07310814694250016 0.65061920098151993 0.055430343327967042 -0.078680836949832564 -0.072621338153761469 0.077903398691829648 1.387086327000848 -0.065321805991548784 0.012578616352201368 0.046262022890974176 9.5000000000000018 0.037897349614954404 0.049569877231926067 2.5000000000000004 0.56384920018636442 0.016706443914081052 0.70622632608130853 0.60422253196261433 1.6660653702464374 0.95034070365734957 0.27994159587378648 2.5000000000000004 0.0013689253935661452 0.15229155726705179 3.5000000000000004 0.055889143275702609 0.86812809296571236 0.045126296274839238 -0.061886611620357072 -0.12180507263890654 0.4849834967142107 0.65174924101537057 0.8166796671866875 2.0699451750532343 2.2122420460323284 0.87996070241111457 0.88386231988127728 0.98912057129330078 0.70214407670081436 -0.010214518518446401 0.83277451448806961 -0.03052613655526137 2.5000000000000004 0.1086136235161108 0.94518279759802193 0.80896831156265125 0.80858258928571447 -0.14803137771711852 0.59714029144642711 2.2641105339845891 0.91557729551150613 -0.19436406479545063 -0.082563791313245802 0.88291911083667818 0.022146507666098828 -0.036178778839518914 0.12840173040074296
decision_type=2 8 10 8 8 10 10 2 10 8 10 10 10 2 10 2 10 8 2 10 2 10 8 10 10 10 2 2 8 2 8 10 2 2 10 10 10 10 10 10 8 2 10 10 10 2 10 2 10 10 10 10 10 2 10 10 10 8 10 2 10 8
left_child=1 2 7 4 5 13 12 49 26 10 32 -10 30 -3 -8 47 31 57 61 36 43 22 23 25 -25 -15 28 -28 29 -4 -2 -13 -6 39 -35 -7 -18 46 -23 -34 41 51 -30 -14 -29 -21 -38 -16 -36 -1 -48 52 54 -54 56 -56 -11 -5 59 60 -59 -19
right_child=6 3 8 17 9 35 14 -9 11 40 -12 16 20 21 15 -17 19 18 -20 45 -22 38 -24 24 -26 -27 27 44 42 -31 -32 -33 33 34 48 -37 37 -39 -40 -41 -42 -43 -44 -45 -46 -47 50 -49 -50 -51 -52 -53 53 -55 55 -57 -58 58 -60 -61 -62 -63
leaf_value=-0.032572272693483929 0.0071874537756273539 -0.013663316679997803 -0.014219351046907967 -0.0071934548136373946 -0.012463159504466253 -0.0014911841755319063 0.031459382211754663 -0.00048557332320143848 0.015626044954451038 0.044993263855428664 0.015432383515749238 -0.011750032667875786 0.037691277846683247 0.046165381115894299 0.040632334993766707 0.083855133494397424 0.010554327396697026 -0.0042185047056320949 0.048166315989329508 -0.024112200496617209 0.073914343030945504 0.039481687008895809 -0.020501957979110943 -0.010355771875076056 0.027130487734799799 0.0056527838742867825 -0.021830886690947848 0.035319531077519319 -0.022710656813496828 0.039882299363490498 0.047389466856578626 -0.028227499807083334 0.057144349151504695 -0.0031808760404317261 0.040025636639229228 0.010057343030737435 -0.020924720115457235 0.012352871676803866 0.0033459760278323984 0.013162155731509383 0.0033531602601531312 0.056674523336538031 0.022492431691291434 0.061727123279662212 -0.016028835308618372 0.0094945911448669207 0.016480912750652912 0.068155650750293464 0.0078448532440812402 -0.011264228245875771 -0.0097868412864995299 0.040911801801296645 0.0098494722910319049 0.02919430046900285 -0.012047153635263826 0.026846839276057299 -0.010715864354454471 0.019260188015267188 -0.012130093343344537 0.025505274716858289 -0.02815482237073641 0.01878617834630603
leaf_weight=4335.7912568151951 76.451831072568893 3127.1839700639248 836.34205128252506 323.14307768642902 600.89373649656773 1470.8192583173513 1314.6474899947643 290.0747994184494 263.00776931643486 77.208733946084976 867.75819529592991 1293.4568622708321 248.29371671378613 106.74214443564415 1588.4718765616417 87.842073976993561 492.53670762479305 160.31249439716339 158.41523632407188 458.25738288462162 529.21639630198479 80.807394757866859 500.95898374915123 1475.6681279838085 90.869134306907654 198.32203570008278 137.27882416546345 108.36854746937752 3717.014471039176 73.403500929474831 452.22115370631218 520.46603937447071 71.455192267894745 2965.8268365412951 88.607365593314171 1508.1330983489752 443.06966264545918 279.52279897034168 633.82622976601124 149.22560802102089 688.80355715751648 79.923697397112846 43.75876285135746 446.84026581048965 47.892030954360962 89.914041936397552 156.90887548029423 119.2923596650362 665.3681815713644 185.50907941162586 435.78552830219269 111.3548805564642 688.79990889132023 498.35925884544849 317.09180779755116 83.573140040040016 41.602722316980362 86.938996776938438 137.56931246817112 386.35447123646736 66.209151729941368 1975.381555467844
leaf_count=26962 341 17286 4760 1657 3108 7608 5888 1648 1360 377 4253 7420 1080 542 6795 371 2650 781 735 2567 2164 414 2741 8062 486 1025 777 614 21522 404 1930 2981 347 15435 451 7584 2468 1475 3403 773 3431 366 238 1872 268 482 835 503 3368 1097 2390 532 3409 2377 1594 413 205 442 682 1928 336 9473
internal_value=-1.4942e-06 -0.00633981 -0.0192913 0.00264446 0.000254524 -0.00450215 0.0452045 -0.0298192 -0.0138982 0.00572345 0.0021072 -0.00863903 0.0560228 -0.00874885 0.039091 0.0446578 -0.0101729 0.0151108 0.0192264 -0.00530362 0.0622113 -0.00376791 -0.00715804 -0.00357732 -0.00816541 0.0199327 -0.018592 0.000205114 -0.0197732 -0.00981512 0.0416004 -0.0164908 -0.000441785 0.00139408 -0.000167425 0.00435682 -0.00126607 -0.00569712 0.00748149 0.0275969 0.0132817 0.0168814 -0.0221789 0.0532083 0.01958 -0.0185926 -0.0105755 0.0425937 0.0116748 -0.0317007 -0.00281672 0.0151018 0.0133948 0.017988 0.00288344 -0.00388777 0.0255597 0.0056616 0.0117984 0.0179112 -0.00128798 0.0170582
internal_weight=39555.1 34691.9 14208.4 20483.5 17189.2 9193.33 4863.28 4811.38 9396.98 7995.85 5409.14 4432.93 1753.02 6214.38 3110.25 1795.61 4169.92 3294.32 2294.11 2355.99 1224.35 3087.19 2372.56 1871.6 1566.54 305.064 4964.06 293.539 4670.52 909.746 528.673 1813.92 4541.38 3940.48 3719.8 2978.95 1807.82 1315.29 714.634 220.681 2586.72 1897.91 3760.77 695.134 156.261 548.171 1035.76 1707.76 753.976 4521.3 592.694 1817.99 1706.64 1187.16 519.476 400.665 118.811 1000.22 677.072 539.503 153.148 2135.69
internal_count=209486 188542 82918 105624 89590 49151 20944 29707 53211 40439 27735 24628 7387 33959 13557 7669 23268 16034 10989 12867 5116 16673 12856 10115 8548 1567 28583 1659 26924 5164 2271 10401 23482 20374 19254 15192 9818 7168 3817 1120 12704 9273 21760 2952 882 3049 5693 7298 3819 28059 3225 8907 8375 5786 2589 2007 582 5045 3388 2706 778 10254
is_linear=0
shrinkage=0.05


Tree=10
num_leaves=63
num_cat=1
split_feature=4 0 0 0 7 7 5 15 13 4 5 17 9 12 13 14 0 3 13 13 9 4 11 0 12 13 13 10 5 9 4 22 13 17 13 18 0 7 14 3 1 1 7 13 15 7 0 17 13 1 4 6 17 13 6 7 18 5 4 15 18 17
split_gain=4038.14 1495.43 300.728 237.126 157.144 147.104 129.607 112.698 101.804 81.8561 75.8344 75.3567 67.5861 81.6927 63.991 65.754 61.5955 61.4607 60.9428 60.7519 70.5023 53.4235 55.6213 52.5532 51.1654 48.9382 48.6505 48.1985 47.8188 46.3581 43.726 43.1711 42.2834 41.4595 40.7429 41.8621 39.6592 38.7486 45.533 44.8265 37.3353 36.1457 35.8373 34.7644 34.3508 33.936 39.8776 35.2466 33.3051 40.5179 36.0241 36.4127 33.1425 33.4325 32.8227 32.5249 32.499 31.318 30.3161 32.2555 30.2969 37.7435
threshold=0.095702299823622008 0.041190336073233892 0.049569877231926067 0.03367790152461593 -0.065321805991548784 -0.067399642840454507 0.036808225756693853 0.64677757998995855 0.87585035762583752 0.055430343327967042 -0.11903185679703597 0.57229653909756684 9.5000000000000018 2.5000000000000004 0.1918890795754922 0.33772508447900756 0.055683478698486923 0.34473073021811013 0.20763587337162071 0.51332347140039458 5.5000000000000009 0.0990990990990991 3.5000000000000004 0.06403792459378288 2.5000000000000004 0.33878666220586601 0.13213163102382627 2.5000000000000004 0.092200985695396045 8.5000000000000018 -0.017676767785872568 0 0.088523966767109843 0.076771554314740503 0.13611100628175618 0.90134234234234245 0.029155987936733772 -0.064659483980160179 0.88015113777878418 1.8584549994670774 1.300900251158551 1.9224181414873267 -0.17998521806334786 0.78577052868391462 0.55213472677927666 -0.021703290979630582 0.037106014814675396 0.75692501453206751 0.75015683814303646 1.804695001639401 0.040908080358947337 0.0016925248173315091 0.9030536130536132 0.84050179896444888 0.077927404834705852 -0.1378906673901247 0.24400598802395213 0.063108041465127732 0.099605520292272445 0.98188091834911573 0.64309907708544856 0.72548301897625822
decision_type=2 8 8 10 10 8 10 8 8 2 10 10 2 2 10 10 10 10 8 10 2 2 2 10 2 8 10 2 10 2 2 9 10 10 10 10 10 10 10 10 10 10 10 10 10 10 10 10 10 10 2 2 10 8 2 10 8 10 2 8 10 10
left_child=1 3 4 8 52 10 25 19 9 34 33 23 13 16 21 29 56 48 26 32 -21 22 -9 42 30 -5 -8 43 -22 -16 55 -25 54 -4 35 -1 -36 -17 41 -40 -27 -39 -12 57 -18 -29 -47 -48 49 50 51 -6 53 -3 -2 -13 -7 -20 59 -23 -11 -62
right_child=7 2 5 6 17 12 18 14 -10 60 11 24 -14 -15 15 37 44 -19 27 20 28 58 -24 31 -26 40 -28 45 -30 -31 -32 -33 -34 -35 36 -37 -38 38 39 -41 -42 -43 -44 -45 -46 46 47 -49 -50 -51 -52 -53 -54 -55 -56 -57 -58 -59 -60 -61 61 -63
leaf_value=-0.02137967138171808 0.02367335315700797 -0.013312062076674333 0.014088739688781599 -0.013520314517014301 -0.013565534666304788 0.027801913835690889 -0.0060312328835305778 0.048744228680453944 -0.043415568410681254 -0.027830745715785189 -0.017403355703102495 0.033104226747446168 -0.041277258422793325 0.038948798481388346 0.020112920818490095 0.017447186735406395 0.011604408977382423 0.0029394548290381465 -0.017485865412982086 0.049917209603305486 -0.026367907366254419 0.071414309169498619 -0.0099385373267376568 -0.0016339272779662625 0.054354225778777937 0.011783305964037457 0.019345267394977914 -0.015900866317902208 0.033801608324029619 -0.03066460607348543 0.0012333101191076641 0.014149847671590511 0.069394659931566655 0.052522668011347341 -0.038176102779816083 0.013241192705209551 -0.025551486125517043 0.054458740301373314 0.030442381419450576 0.079063744941335737 -0.027392897222229345 0.032035034969397663 -0.0039305654777473682 -0.022055816763821692 0.022928313417926921 -0.0035628242760071763 0.068507935619366564 0.01364507351408363 -0.019248579113800877 -0.0080840499063995312 0.05351458556095165 0.026209265672687523 0.019786883918243195 -0.027790023564634444 0.071949093328857225 0.010291023774333285 0.0047083338250986017 -0.0049896740540166708 0.044825534185935337 0.026407334324991538 0.037940739999569935 -0.0072274322465864143
leaf_weight=619.02297782897949 106.75128534436226 2447.3240730464458 436.60343106091022 1146.0112782865763 122.39466904103756 161.43376430869102 488.63063929975033 83.230834051966667 966.30030332505703 60.472153753042221 597.53837369382381 210.38584707677364 57.032416433095932 286.62605372071266 342.78842131793499 244.0303021967411 1440.5847687870264 3812.1418865323067 861.21341475844383 787.03237164020538 52.112719193100929 269.5400899797678 77.017120286822319 1182.6555215418339 58.423610478639603 62.071771860122681 306.53473857045174 125.08249229192734 86.527783259749413 50.803490161895752 1209.6666457056999 672.59344175457954 606.21751557290554 82.962536945939064 955.28477415442467 100.93348474800587 1825.7145555764437 215.49376299977303 77.836418643593788 128.24714882671833 2138.1652912944555 1150.5622818768024 2820.8823843896389 887.7551195025444 1257.5459958463907 127.79016041755676 49.2823196798563 71.625198185443878 486.89661799371243 1231.2768610566854 45.014563336968422 106.87390372157097 66.561348512768745 476.99453313648701 52.818115204572678 605.33023063838482 2470.1991672366858 1200.9517497569323 533.27624288201332 48.531311348080635 81.449429333209991 104.74832887947559
leaf_count=3765 449 13747 2180 6629 636 820 2703 360 6306 357 3190 1044 274 1360 1535 1071 7010 19983 4943 3282 229 1139 349 6031 286 339 1696 703 364 236 6050 3407 2514 403 6158 558 11462 924 325 536 12543 4954 14973 5128 5924 744 271 387 2657 6707 224 555 345 2694 214 3042 12501 6685 2256 208 455 570
internal_value=-2.56766e-05 -0.00606141 0.00162107 -0.0201561 -0.0055781 0.00629405 -0.0146087 0.0423832 -0.0289361 -0.0251921 0.0018723 0.000567346 0.0124318 0.0129845 0.03687 0.0320705 0.0115811 -0.00078006 -0.00866723 0.0528551 0.0441304 0.0473121 0.0206538 -0.00261358 0.00861499 -0.0219173 0.00376337 -0.0116414 0.011158 0.0134976 0.00726943 0.00416022 0.06333 0.0203148 -0.027153 -0.0165144 -0.0299003 0.0360859 0.0389661 0.0609355 -0.0262828 0.0356096 -0.00629 -0.0137842 0.0168888 0.00526185 0.0159267 0.0363859 -0.00789446 -0.00421222 0.013135 0.00500885 -0.0148866 -0.0156823 0.0400014 0.0162082 0.006135 -0.0102144 0.0522998 0.0646514 0.00263693 0.0126278
internal_weight=39437.8 34525 22345.9 12179 8795.48 13550.5 7465.11 4912.82 4713.93 3747.63 7877.04 7357.48 5673.42 5616.39 3221.36 2209.76 5329.76 5804.6 4118.87 1691.46 925.673 1011.6 160.248 5273.67 2083.81 3346.25 795.165 3323.7 138.641 393.592 2025.38 1855.25 765.787 519.566 3500.96 719.956 2781 1816.17 1572.14 206.084 2200.24 1366.06 3418.42 2949.92 2698.13 373.78 248.698 120.908 1992.46 1505.56 274.283 229.269 2990.88 2924.32 159.569 815.716 2631.63 2062.17 851.348 318.071 246.67 186.198
internal_count=209390 188445 116043 72402 47548 68495 42771 20945 29631 23325 40606 38023 27889 27615 13893 9581 26255 30762 23260 7052 3875 4312 709 27601 10422 19511 4399 18861 593 1771 10136 9438 3177 2583 21943 4323 17620 7810 6739 861 12882 5878 18163 16756 12934 2105 1402 658 10779 8122 1415 1191 16786 16441 663 4086 13321 11628 3603 1347 1382 1025
cat_boundaries=0 1
cat_threshold=4326474
is_linear=0
shrinkage=0.05


Tree=11
num_leaves=63
num_cat=0
split_feature=4 0 0 0 8 17 4 2 2 3 2 19 7 3 14 7 2 1 9 2 19 9 4 6 3 4 4 9 14 8 17 3 6 2 2 2 2 4 2 0 7 8 8 2 3 2 9 8 18 9 6 2 6 19 2 3 3 14 19 19 2 19
split_gain=3624.2 1355.5 261.999 221.387 165.59 128.756 111.517 99.5282 84.2146 81.8303 81.8155 80.2629 79.0346 75.6566 62.6071 61.0626 60.2352 64.3856 58.5208 58.1745 72.4801 49.3307 110.493 80.9538 50.9131 49.2285 47.6535 46.4223 102.096 53.3264 46.1188 57.6807 44.8555 44.6733 113.242 63.0993 53.5413 58.8879 50.5491 47.7085 44.6044 44.2964 44.2363 42.0602 39.7337 42.9561 42.6905 45.7191 40.1156 38.3208 38.1365 41.1502 37.9533 37.4313 36.2032 37.1891 36.0339 35.7721 34.8959 41.6622 34.4934 38.6514
threshold=0.090090090106052303 0.041190336073233892 0.049423916014618798 0.03367790152461593 -0.07488820169680159 0.83986015262715896 0.0990990990990991 0.02493986271024955 0.025408943879263738 2.0997852883107258 0.024328626346398975 0.90442407974388017 -0.043108187124793577 0.86512035931061748 0.76599663299663312 -0.067399642840454507 0.02447974623388955 1.5043440695321013 3.5000000000000004 0.02493986271024955 0.58826179120296784 4.5000000000000009 -0.0472004390779363 0.0037969877838970327 1.0738538892285692 0.054054054054054064 0.020716158107734865 6.5000000000000009 0.75016733601070962 -0.091891891827715719 0.69416582830315232 0.46393427684610722 -0.0018083181315908246 0.030338905914821291 0.033449360586656769 0.036507754008018992 0.032148478393752906 -0.055704719755506886 0.026233439684093925 0.070061088615753234 -0.065321805991548784 -0.082563791313245802 -0.21557170559166564 0.01629649707805603 3.9928073431071143 0.023237896492095036 6.5000000000000009 -0.09735116661487124 0.4857497569320518 6.5000000000000009 0.0057471265037106764 0.023336571749899858 -0.0028350029362721458 0.96565252323902129 0.025585209938432902 1.7861551014938077 4.0570900501903147 0.21055361432627215 0.88793769653040566 0.64004590187634902 0.026711193037783909 0.22764795385384023
decision_type=2 8 8 10 10 8 2 10 10 10 10 8 10 8 10 10 10 10 2 10 8 2 2 2 10 2 2 2 10 8 10 10 2 10 10 10 10 2 10 10 10 10 10 10 10 10 2 10 8 2 2 10 2 8 10 10 10 10 10 8 10 10
left_child=1 3 4 8 9 10 27 15 25 19 12 33 14 40 -4 -5 -6 -18 -10 -3 26 -16 -23 30 -25 43 -21 29 -29 -2 31 -24 -19 38 36 39 37 -35 52 -36 -8 -9 -40 -1 45 48 -47 -48 -15 -43 51 -42 -12 56 55 -34 -17 -45 59 -46 -44 -62
right_child=6 2 5 7 16 -7 13 41 18 -11 11 -13 -14 44 21 53 17 32 -20 20 -22 22 23 24 -26 -27 -28 28 -30 -31 -32 -33 54 34 35 -37 -38 -39 42 -41 50 49 60 57 58 46 47 -49 -50 -51 -52 -53 -54 -55 -56 -57 -58 -59 -60 -61 61 -63
leaf_value=-0.038193736558686804 0.012347733296698325 -0.017198969980973349 -0.010063365601561373 -0.025447456230120204 -0.00074809939667791004 0.016612347962754768 0.038181903779419421 -0.010762640478603508 -0.012226839303352915 0.002265285245912619 -0.0085177424386885369 -0.0039254536669821108 0.010767091749193682 0.016848363220810923 -0.00054142991292553384 -0.013356128551897615 -0.015953606424063273 0.057435257305119537 0.053741512149647203 -0.0046464262852558723 -0.023836630201825134 -0.042293645613111983 -0.011178603904780524 0.031754131766498245 0.11014480075045972 -0.0088597888565564199 0.024089367793584289 -0.012891758837244119 0.07039032484375983 0.038765065624804737 -0.031323722390279807 0.058338253235259721 0.021700584821169232 0.069514275092356678 -0.016202488929031752 0.05721875866998475 0.066792245493519073 0.020591347868999778 -0.010729183624254755 0.02131395033855139 0.031375167124420678 0.0075388601090209967 -0.014492930792882518 -0.029862716260648244 0.02439151179179172 0.043311840734418461 0.032166684747254669 0.089059353064159671 0.038254821791823733 0.056728839575440893 0.067490279404115811 0.067892737033555361 0.023254384796537356 -0.034640130668688172 0.0081662334354049328 0.072731402850108248 0.021523066740891033 -0.014933456718504604 0.046831576479962153 -0.025196082292343241 0.031999085638677788 0.0070560049199700136
leaf_weight=1311.3609357178211 295.95314638316631 3321.7580223530531 1857.1244257837534 1417.8652989119291 2600.463171467185 2238.4314983040094 378.87916173040867 382.93760611116886 110.33403840661049 921.91034223139286 108.23535421490669 967.49037066102028 1385.055658236146 257.1799261122942 3363.3210036754608 4796.2019198089838 140.73453012108803 74.712188333272934 47.189586281776428 350.95807689428329 275.25551490485668 56.169188767671585 50.647684589028358 39.710729479789734 45.006613075733185 274.63561047613621 243.67629969120026 181.11274366080761 45.122717916965485 544.4553008377552 40.98321121931076 70.674979284405708 147.29762060940266 71.917776495218277 272.30525457859039 45.128423824906349 110.08527079224586 405.97339873015881 403.98431190848351 121.8546629101038 205.05576564371586 430.4105709195137 145.01437897980213 2385.650440171361 121.77417699992657 716.07291749119759 52.909461140632629 115.777528449893 1561.4012660086155 42.667183592915535 524.26909774541855 126.30686567723751 691.30239060521126 204.22318315505981 414.47683495283127 46.805688574910164 74.349106401205063 486.18716412782669 79.236563593149185 63.720057979226112 187.30642984807491 892.24821053445339
leaf_count=8544 1343 18869 10010 8515 13699 10604 1590 2146 655 4994 549 4965 6885 1116 17302 27833 716 366 266 1905 1548 290 257 204 224 1593 1283 867 196 2412 202 357 720 329 1383 223 514 1966 2075 584 857 2192 730 15413 537 3002 222 479 6614 214 2122 522 3473 1182 2033 218 395 3080 342 280 954 4430
internal_value=-2.87833e-05 -0.00599708 0.00133948 -0.0195531 -0.00552221 0.00565685 0.0385574 -0.0141596 -0.0281358 -0.0112197 0.00349142 0.00880054 9.18221e-05 0.042225 -0.00258647 -0.0162722 0.00298621 0.0147575 0.00774975 -0.0141854 -0.00267112 0.00120236 0.0204844 0.0348721 0.0741988 -0.0294053 0.00714994 0.0240812 0.00395554 0.0294878 0.0140165 0.0294634 0.0210971 0.0123639 0.0211019 0.00188446 0.035432 0.0280835 0.0086599 -0.00457968 0.0526611 0.00186385 0.00360042 -0.0307517 0.037868 0.0396811 0.0487626 0.0715094 0.0352385 0.0120856 0.0590205 0.0454571 0.018948 -0.0137042 0.0165491 0.0343158 -0.0128194 -0.0273413 0.0192735 0.00731366 0.00833264 0.0114093
internal_weight=39341.3 34072 22108 11964 8538.05 13570 5269.23 7348.65 4615.36 5113.56 11331.5 4422.85 6908.69 4202.58 5523.64 6492.64 3424.49 824.027 157.524 4191.65 869.89 3666.51 303.192 247.023 84.7173 4457.83 594.634 1066.64 226.235 840.408 162.306 121.323 683.292 3455.36 1027.26 439.288 587.976 477.891 2428.09 394.16 1234.51 856.015 1628.55 4183.2 2968.07 2703.34 884.76 168.687 1818.58 473.078 855.632 331.363 799.538 5074.77 608.58 194.103 4870.55 2871.84 264.731 185.494 1224.57 1079.55
internal_count=209390 186889 114861 72028 46351 68510 22501 42477 29551 28599 57906 22175 35731 17683 28846 37925 17752 4053 921 23605 4736 18836 1534 1244 428 28630 3188 4818 1063 3755 816 614 3337 17210 4999 2190 2809 2295 12211 1967 5091 4552 8189 27037 12592 11433 3703 701 7730 2406 3501 1379 4022 29410 2971 938 28228 18493 1159 817 6114 5384
is_linear=0
shrinkage=0.05


Tree=12
num_leaves=63
num_cat=1
split_feature=16 14 2 2 8 5 14 7 14 16 13 14 13 16 17 2 3 2 2 2 16 18 2 1 8 13 19 7 9 3 5 17 9 8 2 2 19 5 22 5 17 17 16 18 19 17 1 13 2 9 13 14 1 19 19 8 2 5 14 9 13 2
split_gain=2571.14 949.111 500.076 322.828 181.938 177.821 161.575 151.782 210.515 136.264 116.64 107.742 85.4754 76.3604 68.3061 67.4131 67.0868 63.5609 60.9494 60.2179 57.5262 53.46 51.3653 50.7476 50.5742 49.7986 44.7773 54.7383 44.2929 48.9016 42.8248 42.766 45.7379 42.7027 42.3116 104.855 47.4372 42.0869 41.7905 39.5682 38.8874 53.2786 38.8552 46.257 38.4765 37.4455 47.8995 52.6109 85.3739 38.9745 35.992 40.1874 57.9551 36.8112 35.9907 38.1861 54.1876 35.9384 35.6574 53.4599 37.6484 34.8556
threshold=0.88386231988127728 0.4525351384580994 0.023336571749899858 0.02447974623388955 -0.082563791313245802 0.03309645517895022 0.18710935974061491 -1.0000000180025095e-35 0.70214407670081436 0.68776378822146644 0.86793072670022087 0.77004415957070205 0.30680875923413242 0.47883167019974843 0.91851627704043592 0.015855146407099511 2.5829532698472115 0.024303927850160275 0.024268382718257913 0.025408943879263738 0.77019069619966485 0.9350324675324676 0.016396713910233628 2.6621181800838833 -0.089721994734924912 0.89546518224365357 0.7501931993817621 -0.021379625578197222 4.5000000000000009 0.49179355091995774 0.20371824858841228 0.7491934728538574 5.5000000000000009 -1.0000000180025095e-35 0.030338905914821291 0.033449360586656769 0.61206084810701999 -0.11903185679703597 0 0.057696676335931237 0.58025723605433754 0.60785014005602245 0.90784454313837426 0.85323933430194165 0.96565252323902129 0.97787034476401191 2.8171967406800951 0.2711490623804057 0.016898546797285901 5.5000000000000009 0.1798305368325446 0.33772508447900756 1.9787222560790323 0.92862341443127483 0.54062062324929983 -0.09735116661487124 0.030338905914821291 0.0073454825938544807 0.75434512892437167 6.5000000000000009 0.5759581089586685 0.036712426408057663
decision_type=2 8 10 10 10 10 10 8 10 2 10 10 10 2 10 10 8 10 10 10 2 10 10 10 8 10 10 10 2 10 10 10 2 10 10 10 10 10 9 10 10 10 2 10 8 10 10 10 10 2 10 10 10 10 8 10 10 10 10 2 8 10
left_child=1 2 6 5 18 11 12 8 17 15 20 -3 21 54 38 39 19 42 -4 45 26 -1 -14 40 31 -17 -6 -28 37 -30 50 32 34 -15 -20 36 -36 -13 -7 -8 -11 -42 -2 -44 -10 46 47 -9 -49 -50 -18 -52 -53 -54 55 56 -5 -31 -40 60 -60 -26
right_child=7 3 4 13 10 14 9 16 44 23 -12 28 22 33 -16 25 30 -19 24 -21 -22 -23 -24 -25 61 -27 27 -29 29 57 -32 -33 -34 -35 35 -37 -38 -39 58 -41 41 -43 43 -45 -46 -47 -48 48 49 -51 51 52 53 -55 -56 -57 -58 -59 59 -61 -62 -63
leaf_value=-0.020371830470442748 -0.011949216655970969 -0.01408823811049938 -0.03255316376627268 0.0023558690575747184 0.01980468543540545 -0.0078577972356116358 -0.039774998429026209 0.04910955848506101 0.03770158102614956 -0.01631304097773521 -0.015031038708467918 0.015363288262030747 -0.047216289921122451 0.019766919528481523 0.014272698813093707 -0.015216801922204013 0.038345139282927404 0.027574434552666716 -0.0088654522790113325 0.065696211697143597 0.036241667739879461 0.019030220350120492 -0.029930193764359642 0.050233076243195597 -0.025863454389228709 -0.032468319347878673 -0.017819166248472292 0.013387386516459612 -0.0065489224711407952 0.0049310579418505437 0.049105201370739558 0.021969779386422573 -0.039454601793611738 0.066957050172267316 0.043214041901146506 -0.019009461691033597 -0.0078742584556076613 -0.0048740650812757512 -0.00025905762905908627 -0.008043963560065084 0.045084456641322879 -0.0013078228679613824 0.018060779820803549 -0.01053754950462891 0.0086319083969878911 0.058858517657469314 0.052005111226725555 0.075501100145308683 0.022608768510630532 -0.011315208387125604 -0.0031102251401118868 0.062378095036665006 0.028431780553625049 -0.0070374061450648798 -2.4020844128753269e-05 0.028956043745324442 0.025329763157745228 0.061497877426932107 -0.00011526390654846666 0.038309896663358468 0.012522177931907874 0.0049770891520792187
leaf_weight=1169.5964363366365 327.04868610203266 3308.6109230816364 263.06038464605808 920.84135779738426 756.11067278683186 1032.5811508893967 561.80708679556847 201.54518918693066 1484.8379625678062 419.89672243595123 367.23953641951084 289.86420749127865 528.8790070861578 2017.739094927907 1202.9738739877939 3609.0965995788574 355.28396658599377 325.39293345808983 953.85856001079082 332.07734613120556 291.05390989780426 92.148195773363113 2379.6926960945129 44.10004897415638 465.33109168708324 473.41410058736801 226.55600327253342 366.40841439366341 91.281563341617584 43.504929602146149 252.9425900131464 158.58599406480789 90.813487246632576 48.311374366283417 189.08604136109352 179.56478753685951 59.346878737211227 2200.8724898993969 3515.4350257664919 119.73300088942051 65.580897405743599 877.25810779631138 450.98694264888763 204.98067824542522 124.02010481059551 247.08260978758335 334.64223624765873 54.255661964416504 203.07148295640945 143.88354142010212 161.24943791329861 86.840386852622032 216.74355298280716 109.64965671300888 910.90316796302795 286.26083153486252 354.98576584458351 79.153633669018745 1256.6668974906206 132.75191810727119 1108.7899963259697 113.65364870429039
leaf_count=7229 1707 18667 1562 4714 3853 5479 3585 840 6439 2455 1981 1437 3643 9714 5821 21354 1509 1453 5286 1352 1370 495 15384 242 2611 2888 1169 1877 468 223 1046 815 487 204 961 959 325 11553 18904 758 371 4901 2146 989 536 1005 1373 235 852 617 718 372 924 471 4548 1402 1681 400 6272 640 5521 597
internal_value=-3.13071e-05 -0.00526253 -0.0147234 0.00219619 -0.000770598 -0.00150011 -0.0207683 0.0312808 0.0233599 -0.015626 0.0104102 -0.00803846 -0.0283719 0.0138084 0.00326644 -0.0196628 0.0398296 0.00845639 -0.00984568 0.0468068 0.0161125 -0.0174814 -0.0330886 -0.00195153 -0.00712956 -0.0172248 0.0117461 0.00145426 -0.000635349 0.0211426 0.0308509 -0.00261901 -0.00527999 0.0209022 -0.00300718 0.0100391 0.0310272 -0.00251368 0.00138563 -0.0342204 -0.00367589 0.00196343 0.00210645 0.00912177 0.0354675 0.04146 0.0368162 0.0283114 0.0177675 0.00854828 0.0258374 0.0180489 0.0262931 0.016531 0.00787586 0.0124796 0.00876295 0.0416367 0.00298193 0.00755281 0.00581123 -0.0198114
internal_weight=39239.9 33623.4 14821.9 18801.5 4480.67 14262.5 10341.2 5616.53 2917.27 6170.89 2007.37 6013.29 4170.32 4539.04 8249.2 4764.05 2699.27 1308.41 2473.3 1516.56 1640.13 1261.74 2908.57 1406.84 2210.24 4082.51 1349.08 592.964 2704.68 213.94 1182.71 1631.26 1472.67 2066.05 1381.86 427.998 248.433 2490.74 7046.22 681.54 1362.74 942.839 983.016 655.968 1608.86 1184.48 937.398 602.756 401.211 346.955 929.767 574.483 413.234 326.393 2472.99 1562.09 1275.83 122.659 6013.64 2498.21 2365.46 578.985
internal_count=209390 184806 87158 97648 23853 75385 63305 24584 13270 36554 10250 32748 26751 22263 42637 28585 11314 6295 13603 6274 8269 7724 19027 7969 12041 24242 6899 3046 14081 1091 5040 8833 8018 9918 7531 2245 1286 12990 36816 4343 7727 5272 4842 3135 6975 4922 3917 2544 1704 1469 3994 2485 1767 1395 12345 7797 6395 623 31337 12433 11793 3208
cat_boundaries=0 1
cat_threshold=2162978
is_linear=0
shrinkage=0.05


Tree=13
num_leaves=63
num_cat=1
split_feature=16 14 2 2 8 5 14 7 14 16 13 14 13 15 16 2 2 17 2 2 18 12 13 8 9 16 1 14 15 9 17 9 2 2 8 5 17 17 5 6 8 15 16 16 22 13 6 13 2 8 6 2 16 13 2 9 5 2 2 13 18 10
split_gain=2311.27 866.726 461.182 289.716 164.447 161.071 152.273 136.424 187.515 125.768 106.395 98.4635 81.28 73.2642 67.8323 66.1615 63.7722 61.5563 56.6473 50.1345 48.8312 48.2091 47.9072 46.3796 45.5198 48.9184 45.3184 40.2934 39.9097 39.6598 38.3848 42.3586 38.2089 93.7564 38.1199 37.8584 37.7295 39.1918 37.6148 35.2286 38.1751 34.9577 34.8326 40.8646 33.9493 33.6973 33.6194 33.3537 33.0421 69.4407 44.6905 32.8076 34.2039 38.2289 32.6451 44.4761 32.1915 46.6617 55.1321 40.585 36.6886 55.7256
threshold=0.88386231988127728 0.4525351384580994 0.023336571749899858 0.02447974623388955 -0.082563791313245802 0.03309645517895022 0.18710935974061491 -1.0000000180025095e-35 0.64315796006667392 0.68776378822146644 0.67089338439500701 0.77004415957070205 0.30680875923413242 0.53236702208566566 0.47883167019974843 0.024328626346398975 0.015855146407099511 0.89892656886089572 0.024268382718257913 0.016396713910233628 0.9350324675324676 2.5000000000000004 0.75413793890689929 -0.089721994734924912 6.5000000000000009 0.92311530784584683 2.590447149203547 0.86022280065693668 0.088753698224852087 4.5000000000000009 0.7491934728538574 5.5000000000000009 0.030338905914821291 0.033449360586656769 -1.0000000180025095e-35 -0.11903185679703597 0.58025723605433754 0.60785014005602245 0.057696676335931237 0.011352810487559874 -0.15946624770882425 0.14827042314804745 0.11586133808441361 0.62904472254075894 0 0.052890670412710721 0.028637554081386577 0.62737351279894249 0.019445605912773146 -0.025621044734581263 1.0000000180025095e-35 0.023237896492095036 0.91204457715044052 0.80918301155664818 0.015572182010816558 5.5000000000000009 0.20371824858841228 0.025265646839615716 0.030057782317550786 0.21975557546794108 0.96827644489745901 2.5000000000000004
decision_type=2 8 10 10 10 10 10 8 10 2 10 10 10 8 2 10 10 10 10 10 10 2 10 8 2 2 10 10 10 2 10 2 10 10 10 10 8 10 10 2 10 10 2 2 9 10 2 10 10 8 2 10 2 10 8 2 10 10 10 8 10 2
left_child=1 2 6 5 18 11 12 8 15 16 28 -3 20 -9 -5 24 38 21 -4 -14 -1 27 -18 30 25 -2 36 44 -6 35 31 32 -20 39 -16 -13 -11 -38 -8 40 -34 -10 -31 -44 -7 -43 -30 -27 50 -50 -23 52 -47 -54 -29 -56 57 59 -59 60 61 -15
right_child=7 3 4 14 10 17 9 13 41 26 -12 29 19 56 34 -17 22 -19 23 -21 -22 48 -24 -25 -26 47 -28 54 46 42 -32 -33 33 -35 -36 -37 37 -39 -40 -41 -42 45 43 -45 -46 51 -48 -49 49 -51 -52 -53 53 -55 55 -57 -58 58 -60 -61 -62 -63
leaf_value=-0.019595974633270404 -0.0090734473546286512 -0.013488589961853729 -0.031526878061662739 0.0074572973892885162 -0.018205719642411907 -0.011918947273118702 -0.03874819223974163 0.055420024303112825 0.059813547938921352 -0.016641601033026591 -0.0050369142445830083 0.014498553433294896 -0.046300141510271543 0.056859950294599809 0.018629625283272052 0.026462607338688271 -0.013421849489903765 0.012246520760663409 -0.0084629258599924432 -0.02897924290278929 0.017920633240460108 -0.021191565088743532 -0.026085687712415408 -0.019030438941445914 -0.020709343419768475 0.029902922187279593 0.035550666275576272 -0.01367060110261762 0.018681702676937067 -0.01440130116258388 0.020668051550809016 -0.038269329368612222 0.054325301737639421 -0.018239600256064741 0.062977828746171666 -0.0046417050801466119 0.038571562325888688 -0.0012703437792269743 -0.0076830359858042199 -0.0098912780701358831 0.0094892708661911962 -0.0039354714302670592 0.057605877158431074 0.0072868776066290974 -0.00033833263421988836 0.013290740417380148 0.053849380818432262 -0.0072032708544722268 0.01588489958569007 0.088932125702221379 0.026069632284248457 0.043394335602252226 0.037254903341781602 0.011024999441946029 0.0077528942023556468 0.046272555568371891 0.043932592759634556 0.062424862723235844 0.01947051234769627 0.019360418811733154 0.013552149380942492 0.010752512052074968
leaf_weight=1155.5143190175295 286.22785823047161 3283.6105030179024 258.20052996277809 2480.9449178576469 68.503902211785316 733.41113020479679 548.23498372733593 478.74840453267097 105.16855612397194 408.2263710051775 752.20533320307732 291.80312269926071 512.80705779790878 269.8758190125227 2033.5131348818541 282.85991418361664 3051.7907662242651 1503.0105888098478 949.42956745624542 2336.0532729774714 93.000298753380775 90.335025042295456 990.65762713551521 572.86922124028206 223.96146848797798 219.32501612603664 75.567101895809174 160.46172118186951 1122.9612868577242 54.654711872339249 160.16636626422405 89.021922886371613 129.66730913519859 177.87296196818352 48.84430955350399 2195.680423527956 65.517838686704636 855.8079951107502 119.15202449262142 46.817025452852249 75.343990311026573 69.638128206133842 77.073552966117859 84.191393867135048 4242.2592791169882 323.5705374032259 71.729096710681915 83.053501024842262 127.94126756489277 42.915257602930069 109.6287749260664 432.54583804309368 734.64459250867367 172.55370143055916 1170.5276251584291 79.139484286308289 584.55383437871933 209.88809441030025 117.57839827239513 846.3287742882967 119.77191214263439 87.155639916658401
leaf_count=7229 1492 18667 1562 12345 355 3989 3585 1944 431 2411 3966 1437 3643 1121 9714 1259 18167 7258 5286 15384 495 473 6075 3208 1154 1007 406 796 5599 285 815 487 645 959 204 11553 363 4789 758 241 400 307 391 415 22548 1489 330 395 644 205 568 1819 3174 743 5782 374 2386 861 492 3631 509 370
internal_value=-3.3971e-05 -0.00502286 -0.0141243 0.00208411 -0.000739108 -0.00142802 -0.0199888 0.0295526 0.0220644 -0.0149867 0.00984662 -0.00767184 -0.0274484 0.0376357 0.0130469 0.00568175 -0.0189026 0.00309822 -0.00941429 -0.0321122 -0.0167893 0.00106166 -0.016531 -0.00680734 -0.00157584 0.00572713 -0.00185682 4.26029e-05 0.0187064 -0.000604328 -0.00249801 -0.00503763 -0.00286637 0.00949021 0.0196996 -0.00239146 -0.00400805 0.00160166 -0.0332218 0.0290712 0.0379736 0.0318192 0.0199003 0.0315427 -0.00207199 0.0300868 0.0208364 0.0197209 0.0185633 0.0346434 0.00471985 0.0315127 0.0273051 0.0322835 0.00750017 0.0102273 0.0338034 0.0301918 0.0471081 0.0259727 0.0376444 0.045666
internal_weight=39144.5 33497.1 14687.1 18809.9 4474.79 14246.6 10212.3 5647.45 2933.55 6114.95 2015.4 5987.01 4097.37 2713.9 4563.3 1095.43 4709.84 8259.63 2459.39 2848.86 1248.51 6756.62 4042.45 2201.19 812.568 588.606 1405.12 6385.8 1263.19 2703.4 1628.32 1468.15 1379.13 429.701 2082.36 2487.48 1329.55 921.326 667.387 251.828 205.011 1838.12 215.92 161.265 4975.67 1732.95 1194.69 302.379 370.82 170.857 199.964 1663.31 1230.77 907.198 1410.13 1249.67 2235.15 1650.6 327.466 1323.13 476.803 357.031
internal_count=209390 184806 87158 97648 23853 75385 63305 24584 13270 36554 10250 32748 26751 11314 22263 5307 28585 42637 13603 19027 7724 35379 24242 12041 4048 2894 7969 33489 6284 14081 8833 8018 7531 2245 9918 12990 7563 5152 4343 1286 1045 7963 1091 806 26537 7532 5929 1402 1890 849 1041 7225 5406 3917 6952 6156 9370 6984 1353 5631 2000 1491
cat_boundaries=0 1
cat_threshold=3146018
is_linear=0
shrinkage=0.05


Tree=14
num_leaves=63
num_cat=0
split_feature=4 0 0 0 8 7 5 15 2 2 19 2 2 3 19 2 9 12 15 9 14 2 2 4 8 8 2 2 5 4 2 2 7 15 0 5 8 2 1 9 4 19 16 6 6 16 5 2 8 2 1 9 17 9 15 6 14 16 2 3 3 17
split_gain=2709.84 1071.98 211.492 188.395 129.475 109.899 106.317 95.6486 65.3487 60.1741 63.368 100.719 75.8883 56.3274 71.1801 55.6489 54.764 65.8191 52.919 52.1487 50.9236 48.3819 55.1585 57.8479 53.6411 48.0531 47.562 61.5959 49.1751 46.1254 45.1905 44.4637 50.1095 43.8745 43.0984 43.0709 38.5297 37.5484 46.4669 36.8855 55.4535 35.7522 35.382 34.8122 34.6933 33.9982 33.4664 33.3664 33.242 33.8488 33.3288 35.9596 32.8526 32.6188 33.9078 32.2484 32.7322 32.2393 31.524 30.7697 30.5423 30.0603
threshold=0.095702299823622008 0.041190336073233892 0.049569877231926067 0.032694200927174795 -0.10386011385489234 -0.056922705851794091 0.036808225756693853 0.33901483018841622 0.02493986271024955 0.030697417867432627 0.7623740425013027 0.033449360586656769 0.035300137438434472 0.21513747402997252 0.18406952055777123 0.025408943879263738 9.5000000000000018 2.5000000000000004 0.93051995547781852 3.5000000000000004 0.96251338329764469 0.017795068134981665 0.01741912324366772 0.033333333573178477 -0.039136857401627527 -0.12411556205316192 0.02447974623388955 0.027753259404410657 0.11584273808231095 0.055430343327967042 0.029362810397847255 0.025408943879263738 -0.066666666666666693 0.87591916734252517 0.055683478698486923 0.085751145733188885 -0.05434461596921996 0.036507754008018992 1.8937312911376432 2.5000000000000004 0.0018527099852401199 0.56436705902349893 0.74668135095447885 0.0019246191353134991 0.00053561866301710126 0.88386231988127728 0.14344828963909265 0.02878252898519407 -0.080539304558305089 0.016396713910233628 2.5435975336394856 3.5000000000000004 0.51296999891251172 6.5000000000000009 0.59919556590752254 0.044256063381369677 0.52023023414763225 0.68009213609423547 0.015326915384483119 3.4766480645108073 0.33267934249571118 0.74120406029929586
decision_type=2 8 8 10 10 8 10 8 10 10 8 10 10 10 8 10 2 2 10 2 10 10 10 2 10 10 10 10 10 2 10 10 8 10 10 10 10 10 10 2 2 10 2 2 2 2 10 10 10 10 10 2 10 2 10 2 8 2 10 10 10 10
left_child=1 3 4 15 13 9 30 -2 21 20 11 -11 -13 -3 53 29 17 34 31 -17 25 22 46 52 -25 -4 28 33 -6 -1 -5 32 -9 61 58 36 -10 38 -14 -22 -41 -29 59 -37 -31 -36 -8 -33 -30 -50 -51 -52 -24 54 -15 56 -49 -45 -7 -16 -19 -28
right_child=7 2 5 6 26 16 8 18 35 10 -12 12 37 14 42 19 -18 60 -20 -21 39 -23 23 24 -26 -27 27 41 48 44 -32 47 -34 -35 45 43 -38 -39 -40 40 -42 -43 -44 57 -46 -47 -48 55 49 50 51 -53 -54 -55 -56 -57 -58 -59 -60 -61 -62 -63
leaf_value=-0.029290016083751199 0.052660404791137483 -0.017573684376613403 -0.0044412508119061186 -0.020480070858055595 -0.0047493888595750945 -0.024358277351522763 -0.0097714831874624944 0.014692013843186713 -0.023261325692490394 0.035665555531259982 -0.0073675133103911676 -0.024087635603717083 -0.015620083256360884 0.017865600523477632 -0.018090748862692074 -0.015247225643983633 -0.039127858030258936 -0.00028109281210022164 0.021498405756226094 0.053623316772337129 0.0040230474169465147 -0.014881946102707773 0.032464534007548139 0.072251018102700723 0.00056883337985672814 0.0048513959051066976 0.022288341629521431 0.023722957843760148 -0.022409314813422922 0.031677750598039539 0.012446579836923677 0.055838575042792937 0.034236150065470476 0.054082463482187995 0.013226677801705106 0.041951964379510515 0.01347274759084497 0.061613477409666099 0.036597622038546343 0.005068283811958587 0.045360026040781813 -0.0092521052837468542 0.00060295200836156212 0.023407673027355219 -0.016490305465399088 0.034965053687199578 0.019528196639472077 0.0088977774914074104 -0.013859608362998752 0.012736064223117918 0.018970552563428417 0.080104983353288611 -0.021992915974061007 0.046713866713660776 -0.004517472982146567 0.065954612393835196 0.039533985631702927 -0.02029049908445088 0.0065649361935125744 0.016879661893058919 0.043230411663376968 -0.0076991089509988262
leaf_weight=3358.3442855477333 617.78761732578278 1851.1559172123671 4415.10794916749 3459.1293336749077 2704.0771456509829 84.632686033844948 1210.115484058857 389.07686062157154 152.0001215338707 449.15762950479984 293.20243287086487 169.73421351611614 86.696150079369545 271.44068735837936 1147.6031344681978 90.409947499632835 52.647802278399467 49.081019386649132 1005.3045911341906 38.318037837743759 793.06494161486626 2279.3716686666012 39.878352522850037 67.946381986141205 42.020600199699402 2030.0406040549278 374.88470731675625 102.61261402070522 68.914812117815018 49.139771416783333 106.8140421807766 371.38649207353592 2163.9014162421227 87.1010901927948 2125.5430692732334 118.32560740411282 132.91417802870274 43.349550798535347 81.989654123783112 185.81333073973656 157.46870240569115 396.88312935829163 423.31595657765865 111.18468029797077 146.04321236908436 196.05511301755905 105.06406755745411 127.08091624081135 91.820794105529785 419.65414635837078 57.98132312297821 41.165583789348602 84.935620099306107 46.612578511238098 445.71724930405617 74.20325556397438 281.70251527428627 66.733463734388351 2215.0457135140896 65.785501167178154 224.87945358455181 106.91191717982292
leaf_count=23030 2501 10809 23343 21263 14664 416 7137 1651 857 2077 1475 865 441 1514 6508 538 253 231 4293 207 3913 13514 242 386 240 10222 1843 513 359 283 587 1517 8996 404 10030 591 671 207 383 915 761 1995 2282 574 859 864 579 533 463 2138 288 198 511 248 2445 301 1153 333 11069 364 1030 513
internal_value=-3.60708e-05 -0.00510178 0.00130807 -0.0173926 -0.00478249 0.00519066 -0.0130713 0.0342124 -0.00787799 0.00180837 0.0125985 0.0196441 0.000750711 -0.0110218 -0.00596403 -0.0267473 0.0111401 0.0116886 0.0316183 0.00550857 0.000207038 -0.0102488 -0.00343021 0.0188439 0.0451118 -0.00151403 0.00117716 0.0103689 -0.00172741 -0.027917 -0.0194906 0.0345969 0.0312645 0.0216034 0.0102719 0.00773465 -0.00613748 0.0206535 0.00982641 0.00996137 0.0236288 -0.00244409 -0.0118434 0.021052 -0.00426374 0.0150767 -0.0074178 0.0445063 0.0102873 0.014008 0.0189574 0.0448999 -0.00447389 0.00663395 0.00396749 0.0356952 0.0300549 0.00699558 0.00541681 -0.0161824 0.0354625 0.0156319
internal_weight=39046.3 34015.8 22357.1 11658.7 8703.64 13653.5 7976.43 5030.44 4410.49 8705.63 1124.13 830.927 381.77 4251.63 2400.48 3682.26 4947.88 4895.24 4412.66 128.728 7581.5 3829.33 1549.96 234.781 109.967 6445.15 4452.01 1068.39 3383.61 3553.53 3565.94 3407.35 2552.98 568.898 4621.28 581.158 284.914 212.035 168.686 1136.35 343.282 499.496 1636.7 296.244 195.183 2321.6 1315.18 854.373 679.537 610.622 518.801 99.1469 124.814 763.771 717.158 482.987 408.783 177.918 2299.68 1213.39 273.96 481.797
internal_count=209390 188445 116043 72402 47548 68495 47485 20945 25635 44602 5448 3973 1896 24170 13361 24917 23893 23640 18444 745 39154 22609 9095 1379 626 33565 23378 5268 18110 24172 21850 14151 10647 2760 22379 3026 1528 1031 824 5589 1676 2508 9154 1498 1142 10894 7716 3504 3446 3087 2624 486 753 4207 3959 1987 1686 907 11485 6872 1261 2356
is_linear=0
shrinkage=0.05


Tree=15
num_leaves=63
num_cat=3
split_feature=0 7 7 0 17 5 0 8 0 8 13 6 5 14 2 2 22 22 5 13 6 13 2 15 5 8 7 13 13 17 9 7 12 13 0 7 2 2 13 15 15 2 14 6 11 6 8 13 2 13 6 13 5 14 22 15 0 8 0 0 14 1
split_gain=1355.54 629.442 594.831 314.291 270.758 131.181 111.188 118.73 94.856 85.9988 83.8488 74.3121 66.4634 63.9663 63.5056 57.5984 53.8044 49.9491 62.1767 49.407 49.3728 45.6178 43.8664 46.8702 43.5797 42.4216 41.8033 40.6062 40.1577 39.9043 41.1145 51.0924 37.0931 36.4916 35.8508 34.9631 33.6751 56.4213 33.1798 32.9229 32.6278 32.3457 32.0378 31.4583 31.1524 36.5828 47.8103 34.1406 31.009 38.101 30.3868 30.3313 37.0305 30.248 30.1492 29.9459 29.3501 39.7391 34.4772 29.149 29.0616 28.9442
threshold=0.044710907394577247 -1.0000000180025095e-35 -1.0000000180025095e-35 0.036322854143790016 0.61183602490514655 0.1012531129019595 0.059785989426106322 -0.070315141142664003 0.054914665967607301 -0.10386011385489234 0.88764526760074791 0.011122345969721616 0.067836724026080222 0.87635554566225393 0.023366724855946545 0.024328626346398975 0 1 -0.11903185679703597 0.88350149951710477 0.039381242350900354 0.88764526760074791 0.01629649707805603 0.93850700032881651 0.034154312911204972 -0.10713667606190967 -0.018983050847457602 0.041068044950565645 0.096678212330060437 0.92234813271357596 3.5000000000000004 -0.014607609652726559 2.5000000000000004 0.74170943415988078 0.051284050108470834 -0.0058912802951582291 0.032687146649083572 0.032148478393752906 0.88350149951710477 0.87964470275743278 0.65842870001285858 0.035300137438434472 0.72226167929292939 0.091745248578291264 2.5000000000000004 0.016287798396249945 -0.032540498994008953 0.39831396794940133 0.016658271835731937 0.33486768226794078 0.044256063381369677 0.78577052868391462 0.18020569455990923 0.93896660085096928 2 0.83247087963582822 0.034632411690425073 -0.095238095238095163 0.027926079587391722 0.033198054510007673 0.24658467395767239 1.6660653702464374
decision_type=8 10 10 10 8 10 8 10 8 10 8 2 10 10 10 10 9 9 10 10 2 10 10 10 10 10 8 10 10 10 2 10 2 8 10 10 10 10 8 10 8 8 10 2 2 2 8 10 10 10 2 10 10 10 9 10 10 8 10 10 10 10
left_child=1 3 4 10 6 11 7 15 29 38 12 27 22 20 24 26 -10 18 40 61 28 43 -1 48 -11 53 34 -3 -4 33 -31 55 50 44 -2 -14 37 60 54 -30 -8 -20 -28 56 -6 -46 47 -47 49 -24 -18 -26 -53 -19 -5 -32 58 -58 -7 -12 -17 -16
right_child=2 5 13 9 8 21 17 -9 16 14 59 -13 35 -15 19 36 32 25 41 -21 -22 -23 23 -25 51 -27 42 -29 39 30 31 -33 -34 -35 -36 -37 -38 -39 -40 -41 -42 -43 -44 -45 45 46 -48 -49 -50 -51 -52 52 -54 -55 -56 -57 57 -59 -60 -61 -62 -63
leaf_value=-0.030915631493225161 -0.01553220378517693 0.034085018598160044 0.050333153940045963 -0.00032678369458090476 0.0016601401006743734 0.04905787452365204 0.02680681637860638 0.0085743295142601712 0.0088835829131618405 -0.014298900999469136 -0.040646772308915294 0.032663939653148288 -0.0043153865373535992 0.053867058967045835 0.0069103252272053814 -0.017669168979712713 0.018426449011110096 0.0038646428325258145 -0.0037505640676432517 -0.014678005396361667 0.048759937879917087 -0.010721800588258274 0.029187508321968689 0.012182993414815218 0.00012928603470471861 0.02707963085291747 5.6064351325511886e-05 -0.016033485908936423 0.028196488705874254 0.0078944805810821674 0.031429874978397804 0.0033317214624782911 0.045342665607453064 -0.0054932557877489067 -0.0058545127319676454 -0.026268685775763419 -0.015637099199044123 0.051937736751423463 -0.026991330617651618 0.0096931326625284472 -0.010978671458746828 0.019264196266755764 0.047409308290110003 0.056480365815223699 0.0095431310017105829 0.02442651883315132 -0.0046013998296818206 0.08208115381805868 -0.022075687682195051 -0.018452040112080178 0.038571595759355509 -0.017135197253218905 0.035626327587190074 0.018630570047945494 -0.013674185220428715 0.073994327753480235 0.055676782672751994 0.026751697640992906 0.0013761118730854854 -0.024070138885578938 0.0039141238270061314 0.027445381278098757
leaf_weight=1174.1244143992662 1984.1341322362423 44.149196460843086 149.01251843571663 502.13679924607277 1278.388339355588 48.045465379953384 322.53303094208241 1711.5091445297003 1373.399415910244 1214.4426896721125 742.84868432581425 125.76070663332939 871.74037393927574 346.01704551279545 655.73403424024582 173.76539345085621 2692.9810988903046 975.65413992106915 1726.3350448012352 208.8594501465559 290.53698199987411 67.686950385570526 66.542403861880302 111.99842390418053 1947.2581399232149 419.85133147239685 115.70545603334904 388.67166252434254 818.17213028669357 435.11049155890942 106.26211574673653 96.357461765408516 149.72846759855747 728.20549945533276 1851.3484065085649 228.20080545544624 271.16916048526764 56.632577240467072 401.46865136921406 342.2900375276804 68.803143665194511 166.474370226264 50.671988561749458 112.39179123938084 1127.4786117076874 50.681891441345215 50.278057917952538 53.659282818436623 2628.016435071826 109.8542537689209 201.28895777463913 480.0415725260973 34.800873458385468 537.73679402470589 3050.2935068160295 69.718840971589088 155.05707657337189 519.87236812710762 167.26675498485565 421.7841832190752 1449.1983759999275 231.94930744171143
leaf_count=8015 11398 225 624 2895 6511 220 1557 8475 6586 7202 5411 582 5413 1404 3274 963 12165 4826 8834 1150 1176 325 427 688 10789 1943 626 2068 3407 2083 497 449 648 3670 9971 1404 1460 266 2464 1421 330 809 249 458 5568 244 233 259 17272 750 862 2793 187 2570 18025 328 670 2256 758 2696 7458 1183
internal_value=-0.00013238 -0.0108927 0.00795255 -0.0140819 0.00541964 0.018627 0.000559618 -0.00302833 0.012282 -0.00792109 -0.0225394 -0.00101572 -0.0198116 0.0343519 -0.00340245 -0.00636522 0.0173312 0.00707906 0.0020279 0.00715353 0.0301005 0.0288696 -0.0227456 -0.019447 -0.0065519 0.0129654 -0.00979845 -0.0108544 0.0259264 0.00669771 0.0174625 0.0326643 0.0210401 0.00437744 -0.0108636 -0.00888968 0.000679214 0.0033212 -0.0133737 0.0227518 0.0201525 -0.00171729 0.0146751 0.0315504 0.00718573 0.0126897 0.0354259 0.0545742 -0.020714 -0.000417667 0.0198403 -0.0027264 -0.0135066 0.0091201 -0.0118276 0.0486156 0.0283432 0.0334694 0.0121936 -0.0346692 0.00159381 0.0123009
internal_weight=38952.1 16711 22241.1 15082.1 20295.1 1628.9 11881.5 7664.13 8413.54 8726.99 6355.11 558.582 5190.48 1946.03 4773.09 5952.63 4417.4 4217.39 2284.15 1096.54 1600.01 1070.32 4090.54 2916.41 3676.54 1933.24 4001.86 432.821 1309.47 3996.14 707.449 272.338 3044 3288.69 3835.48 1099.94 1950.77 1679.6 3953.9 1160.46 391.336 1892.81 166.377 1002.63 2560.49 1282.1 154.619 104.341 2804.41 176.397 2894.27 2462.1 514.842 1513.39 3552.43 175.981 890.242 674.929 215.312 1164.63 1622.96 887.683
internal_count=209470 99600 109870 92038 101838 7562 61735 40866 40103 49962 42076 2875 33969 8032 26578 32391 20261 20869 11530 5607 6628 4687 27152 19137 20971 9339 22244 2293 5452 19842 3357 1274 13675 16485 21369 6817 10147 8687 23384 4828 1887 9643 875 4362 12815 6304 736 503 18449 1177 13027 13769 2980 7396 20920 825 3904 2926 978 8107 8421 4457
cat_boundaries=0 1 2 3
cat_threshold=4293834 8389634 4325884
is_linear=0
shrinkage=0.05


Tree=16
num_leaves=63
num_cat=0
split_feature=4 0 0 0 8 15 7 2 9 5 5 14 2 2 19 15 14 7 19 16 8 0 17 9 8 19 4 16 14 9 2 9 6 2 19 2 19 2 2 2 2 1 5 6 1 10 15 19 7 1 2 2 8 0 19 8 19 7 8 1 2 19
split_gain=2293.51 897.386 175.191 167.686 147.834 93.2226 88.8663 68.7966 73.1656 67.8694 56.6411 56.8401 49.1272 48.4223 63.7621 52.2456 48.3589 73.7328 48.0036 56.0781 47.9595 59.4996 44.0704 42.5236 41.9992 58.7822 41.551 41.4078 41.3204 41.2189 55.6775 39.9213 38.6104 39.2885 41.2098 38.4887 47.0026 44.5369 37.9009 113.284 37.3936 36.302 40.7598 35.3477 35.2857 40.2484 39.9571 34.9716 39.2041 40.5164 34.9157 34.8999 35.501 34.6034 34.4646 54.5581 34.2634 33.4901 34.9176 59.4259 33.1098 32.8222
threshold=0.093040932364006693 0.041190336073233892 0.054914665967607301 0.033513868491514255 -0.07310814694250016 0.14416267183350318 -0.039176785249587891 0.024268382718257913 4.5000000000000009 0.049517088882902301 0.20371824858841228 0.56384920018636442 0.023237896492095036 0.024328626346398975 0.93301661099575706 0.95034070365734957 0.71017839853757947 -0.047487503037653249 0.88793769653040566 0.66458169298558789 -0.12526150837663338 0.077903398691829648 0.33493206355048466 5.5000000000000009 -0.12411556205316192 0.25942712605961177 0.054054054054054064 0.07285241248817409 0.53620299578717445 5.5000000000000009 0.028521094297324818 6.5000000000000009 -0.0004916422033980904 0.021890372676806141 0.42995899302294388 0.022903514290527328 0.72610607809676775 0.029488768802778721 0.034396249380162246 0.031827200496059742 0.029362810397847255 1.4394118184161859 0.072250974143356364 -0.0026746910378624418 1.474322516444464 2.5000000000000004 0.85995307510156216 0.14005418921495302 -0.035757688272597059 1.6459588477448805 0.019601302197532009 0.015855146407099511 -0.27288530956908491 0.036179701978480867 0.29895333126403628 -0.13452340386123826 0.084916945021215148 -0.18326198583067912 -0.0073316018631277005 2.4344237477481361 0.017795068134981665 0.57239070600674069
decision_type=2 8 8 10 10 8 8 10 2 10 10 8 10 10 8 8 10 10 8 2 10 10 10 2 10 8 2 2 10 2 10 2 2 10 10 10 10 10 10 10 10 10 10 2 10 2 10 8 10 10 10 10 10 10 10 10 10 8 8 8 10 8
left_child=1 3 4 7 13 -2 20 26 -9 40 11 24 57 15 38 16 -3 51 19 -8 21 -4 -19 -17 25 -7 47 -6 43 -14 -31 -27 -24 34 -34 -29 37 -37 39 54 -5 42 -11 -26 -38 46 -46 48 -1 -50 -23 -18 -53 61 55 56 -15 -13 -59 -60 -43 -45
right_child=5 2 6 9 27 10 18 8 -10 41 -12 12 29 14 -16 23 17 22 -20 -21 -22 50 32 -25 28 31 -28 35 -30 30 -32 -33 33 -35 -36 36 44 -39 -40 -41 -42 60 -44 53 45 -47 -48 -49 49 -51 -52 52 -54 -55 -56 -57 -58 58 59 -61 -62 -63
leaf_value=-0.026923470748741657 0.060288082785791931 -0.013312131210067888 -0.0015581853979554066 -0.016897008640496754 -0.018521365946294898 0.029800006705885708 0.0088185677896373393 -0.010725663133470131 0.064780513829273245 -0.017759550634680391 0.039899409562452907 -0.0059169300545472434 0.035879833581187168 0.018792871609065814 -0.020427172490695412 -0.00094390623294895624 -0.024931519848385177 0.049746616891669496 0.006104110355059777 0.031057807329543261 0.0098884912247945867 -0.0057856970537368381 -0.019980867094310864 0.042076564000984501 -0.0033162951002077587 0.0036149291519223382 -0.0069338548121870795 0.0015913653134172982 -0.011021553569246504 0.085317147899126866 0.021674596054278114 -0.039011249607654619 0.020902584425279574 0.061368301648020346 -0.020803001064069834 0.016001409356953569 -0.028874275633974496 0.058924606562631682 -0.028230764965365598 0.04392745155390141 0.011404016728238354 -0.0014281495773941443 0.018562484838694038 0.048270767430099171 0.0040195381276996655 -0.030323441638740973 0.035206824356645169 -0.028514901489980551 -0.016306865610372825 0.041662628744029588 0.017465267557298235 0.015283221940925171 -0.0097453672730539939 0.035941488057020056 -0.0062212470881518973 0.034094268503651694 -0.0071178333129882131 0.032575958005036043 -0.026051345104024289 0.024291803418933375 -0.012522238944783297 0.0062258135344111318
leaf_weight=145.44659745693207 253.04759205877781 3968.7623211890459 4175.6504938304424 3902.0083596855402 193.08741846680641 180.39017596840858 478.95350943505764 160.28404645621777 39.055710211396217 107.04784189164639 989.43940189480782 75.435046195983887 582.95476013422012 188.17681416869164 340.19485539197922 187.44663953781128 290.95865568518639 69.142853736877441 794.98357452452183 697.25418876111507 2157.5964401960373 206.4168898165226 100.63373343646526 81.792748108506203 87.102089375257492 245.17120161652565 273.53522191941738 2944.9312898218632 75.444613248109818 106.7245489358902 51.718407079577446 69.735582321882248 201.68574012815952 39.596641227602959 82.775048196315765 787.75724856555462 79.13562436401844 64.685169026255608 90.796655684709549 165.82887163758278 119.65654614567757 1095.1989628374577 270.50125077366829 57.770768254995346 578.70325568318367 68.518614113330841 123.95325867831707 3422.345739081502 61.79698933660984 57.112659081816673 733.60959552228451 172.79333461821079 766.97504015266895 687.25238882005215 853.68201126158237 161.66654172539711 390.93252691626549 1141.9352356046438 70.544714242219925 326.28839682042599 1742.821805909276 222.73600298166275
leaf_count=1022 1027 22977 21386 24206 1007 777 2232 982 213 595 4025 315 2380 974 1972 1013 1641 379 3752 3123 10406 994 523 424 382 1048 1632 15257 322 432 210 301 1041 203 428 3813 407 310 518 792 656 6376 1389 248 2840 328 575 24181 422 393 3495 958 4254 2922 4520 824 2070 4739 297 1334 10243 965
internal_value=-0.000128816 -0.00491602 0.000930546 -0.0163238 -0.00281245 0.0306916 0.00619167 -0.0243237 0.00431742 -0.0117231 0.029173 0.0264979 0.0314657 -0.00692128 -0.000564935 -0.00925679 -0.010275 -0.00328194 0.0156057 0.0220171 0.00363849 0.00100106 0.0130223 0.0122327 0.0192842 0.00712444 -0.0257661 0.0041085 0.0246016 0.0421413 0.0648094 -0.00591818 0.00694048 0.0153365 0.00873634 0.00505244 0.011034 0.0193237 0.00309443 0.00472532 -0.0160523 -0.00630524 0.00824426 0.0271574 0.00271046 0.00598479 0.0095634 -0.0271611 -0.00959369 0.0116513 0.012359 -0.00982933 -0.00513206 0.0299008 0.00062319 0.00850858 0.00131952 0.0265394 0.0281333 0.0152994 -0.00824301 0.0150257
internal_weight=38859.6 33635.9 22239.1 11396.8 12994.6 5223.69 9244.46 4159.58 199.34 7237.23 4970.64 3981.2 2355.6 8153.84 2191.28 5962.56 5693.32 1724.56 1971.19 1176.21 7273.27 5115.68 493.834 269.239 1625.6 495.297 3960.24 4840.77 1130.31 741.398 158.443 314.907 424.691 324.057 284.461 4647.68 1702.75 852.442 1851.08 1760.29 4021.66 3215.57 377.549 1054.86 850.311 771.175 702.657 3686.7 264.356 118.91 940.026 1230.73 939.768 967.759 1594.46 740.776 579.109 1614.2 1538.77 396.833 2838.02 280.507
internal_count=209470 187746 115436 72310 70048 21724 45388 28845 1195 43465 20697 16672 9707 45511 11670 33841 32404 9427 9107 5355 36281 25875 2574 1437 6965 2126 27650 24537 4839 3022 642 1349 2195 1672 1469 23530 8273 4123 9698 9180 24862 18603 1984 4517 4150 3743 3415 26018 1837 815 4489 6853 5212 4135 8388 3868 3044 6685 6370 1631 16619 1213
is_linear=0
shrinkage=0.05


Tree=17
num_leaves=63
num_cat=1
split_feature=4 0 0 13 0 8 17 15 13 19 3 5 14 13 14 4 15 13 17 17 8 5 22 19 9 3 12 1 9 17 9 14 8 14 17 14 4 17 3 4 0 9 18 4 5 13 13 5 4 15 8 17 13 1 13 16 15 8 9 16 12 18
split_gain=2065.87 822.891 223.551 118.101 124.138 114.123 90.0355 85.7272 67.3018 65.6921 72.1697 61.1931 60.9813 54.2847 67.4096 55.0187 54.3748 55.9314 50.3776 72.2844 47.9012 56.4444 47.0493 46.7092 46.3533 45.6921 42.5768 41.4884 37.1819 36.8738 36.7172 52.2983 48.6596 36.1246 36.0556 35.6377 35.5807 45.8426 35.4514 35.1509 31.9389 31.0865 30.844 30.1427 29.835 36.3369 31.6407 29.4342 46.7199 36.6593 40.4352 30.1174 30.2998 29.4169 30.7402 28.2578 49.5222 37.76 51.5439 37.5368 28.1461 27.3392
threshold=0.093040932364006693 0.038544270248551664 0.049569877231926067 0.27512964101467491 0.03083309880171917 -0.10386011385489234 0.83986015262715896 0.14416267183350318 0.74566073262581323 0.18406952055777123 0.14205057088446191 0.049517088882902301 0.56384920018636442 0.80535631948358011 0.52452489897376797 0.0990990990990991 0.65061920098151993 0.1918890795754922 0.75319492079046235 0.78481409716817818 -0.069452453015674306 -0.11903185679703597 0 0.29117540773333234 9.5000000000000018 -0.023953045779231363 2.5000000000000004 2.5435975336394856 5.5000000000000009 0.045201609782524584 6.5000000000000009 0.65863198988848803 -0.091891891827715719 0.12023587189596736 0.80031697711334837 0.73797709223069308 0.099906846257710083 0.98962278986448615 3.9928073431071143 0.099480647754975129 0.044710907394577247 3.5000000000000004 0.25994671528720042 0.076585212744782818 0.047211707401999765 0.064666948368436797 0.67492004618418511 0.050030670816988983 0.039564887438523606 0.74195072870296974 -0.028419866957872016 0.36660853408586397 0.38237934311965366 2.4426343338594378 0.61540565561353322 0.7934559033259817 0.89165057303008466 -0.03052613655526137 6.5000000000000009 0.75069254203212177 2.5000000000000004 0.68276118255879503
decision_type=2 8 8 8 10 10 8 8 10 8 10 10 10 10 10 2 10 10 10 10 10 10 9 10 2 8 2 10 2 10 2 10 10 10 10 8 2 10 10 2 10 2 8 2 10 10 10 10 2 10 10 10 10 10 10 2 10 10 2 2 2 10
left_child=1 3 5 11 -5 9 20 -2 12 10 -3 -1 23 15 -15 30 -17 39 -10 -20 21 29 -23 -7 -11 34 -8 33 -29 -4 32 -32 41 -25 -6 -24 37 60 40 -18 55 -9 -27 -21 45 -12 -46 51 -49 -50 -51 52 -42 -22 61 57 -57 59 -59 -35 -19 -55
right_child=7 2 6 4 25 8 26 13 18 24 44 -13 -14 14 -16 16 17 36 19 43 53 22 35 27 -26 42 -28 28 -30 -31 31 -33 -34 38 -36 -37 -38 -39 -40 -41 47 -43 -44 -45 46 -47 -48 48 49 50 -52 -53 -54 54 -56 56 -58 58 -60 -61 -62 -63
leaf_value=-0.014888972995409406 0.057505304587557975 -0.014594136460277235 0.0091240597685081203 -0.033980844064561665 -0.026820584340627625 0.040485892779395682 0.011312897989723601 0.023795605698080063 -0.015514390434122614 -0.01495118553525597 0.043256712522569921 0.0012752466990916382 -0.0050025047840158519 -0.014568846048627921 0.023006885616435824 0.041724172178917912 0.056756368091322895 0.013181314996957764 0.053058705791050514 -0.0085915580228117568 0.016229450949116663 -0.002891438881283973 -0.0014841670266310895 0.030641408824099742 0.041892847675731371 -0.028717530781864883 0.037780384034625275 0.015927927229222767 0.065227167846473449 0.039675476267280248 -0.016730533670277714 0.043509646253903037 0.036062805929390748 -0.0085342356271505358 0.015950742535726852 0.0090515282446040051 0.035584624894903737 0.05592262696394628 0.04932084243958481 0.032759505481908029 -0.018481170188261536 -0.010249158164123601 -0.012589479970552632 0.037241633505323293 0.023224344665328498 -0.0058052661605357235 -0.0057234285763328296 -0.013307467993310474 0.039783758804116859 0.030467700953861022 -0.025693843319503574 0.041730562327487446 0.026772152368457969 -0.0097127535815330485 0.014289397374240452 -0.033501596231304255 0.016676555352875665 0.0062584720368427217 0.062949878043259647 0.042934915254248168 0.040612047431189013 0.012336757316278646
leaf_weight=1578.0199515521526 252.09966495633125 718.99396723508835 399.30930836498737 1555.6004039347172 1319.4708976149559 100.26818877458572 2158.9475792646408 140.30830466747284 1065.6172619909048 3603.5720576941967 39.905106097459793 930.3322176784277 1646.7903849631548 154.33282691240311 517.07158924639225 1081.8492753058672 204.06987679004669 1014.017296731472 64.392766371369362 343.09937936067581 883.6450826972723 5521.1626338660717 1376.3702511936426 117.65031266212463 35.289069965481758 331.10706275701523 162.72998736798763 231.96614257991314 45.101698338985443 130.6375258564949 141.18376959860325 47.2588050365448 347.17779779434204 772.00062094628811 50.557940170168877 1923.7115060538054 399.26246260106564 74.99615553021431 38.451784357428551 637.10699550807476 62.061748772859573 126.78092853724957 2829.4205542802811 39.056126490235329 342.54583187401295 486.95881739258766 129.68995413184166 234.9738527238369 106.00158578157425 58.199104130268097 68.883151143789291 119.62274281680584 88.65630504488945 452.47217704355717 431.59968475997448 164.53951032459736 69.2265435308218 403.31343637406826 43.562358498573303 36.141691744327545 102.40451069176197 202.78038410842419
leaf_count=10208 1027 4314 1947 11763 8681 538 9995 601 5956 21259 229 5482 8787 678 2125 4395 834 4225 346 1824 4179 28703 7179 589 188 2158 708 1271 231 616 659 196 1467 4323 316 9601 1644 302 194 2600 326 549 17880 197 1838 2820 716 1187 517 282 328 616 460 2179 2066 879 357 2142 219 197 422 955
internal_value=-0.000125557 -0.00469046 -8.91455e-05 -0.0180305 -0.0217932 -0.00529794 0.00421611 0.0290668 -0.000512612 -0.0105848 -0.0025248 -0.00889565 0.00261044 0.0276182 0.0143607 0.0296765 0.0323771 0.0282034 -0.00961088 0.0044801 0.00237621 0.000882857 -7.01156e-05 0.00715195 -0.0143886 -0.017602 0.0131835 0.00588086 0.0241587 0.0167158 0.0178299 -0.0014732 0.0237444 0.00374674 -0.0252317 0.0046442 0.0226627 0.0183062 0.00233724 0.0386416 0.00150431 0.00765741 -0.0142877 -0.00382245 0.00616671 -0.00201436 0.0152791 0.00999907 0.00239801 0.01822 6.31927e-05 0.0231019 0.00813903 0.00945901 0.00394457 -0.00271275 -0.0186343 0.000265351 0.0119131 -0.00618222 0.0157315 -0.00288071
internal_weight=38754.3 33514.4 24919.9 8594.51 6086.16 11276.5 13643.4 5239.92 5919.58 5356.95 1718.09 2508.35 4407.41 4987.82 671.404 4316.42 3513.71 2431.86 1512.17 446.548 11321.7 9351.19 8821.24 2760.62 3638.86 4530.56 2321.68 2660.35 277.068 529.947 802.71 188.443 614.267 2383.28 1370.03 3300.08 1590.68 1191.42 2265.63 841.177 2227.18 267.089 3160.53 382.156 999.1 526.864 472.236 738.398 468.058 233.084 127.082 270.341 150.718 1970.5 1086.85 1488.78 233.766 1255.02 446.876 808.142 1116.42 655.253
internal_count=209470 187746 131258 56488 40798 63130 68128 21724 31766 31364 9917 15690 23443 20697 2803 17894 14422 10027 8323 2367 57425 48046 45483 14656 21447 29035 10703 14118 1502 2563 3472 855 2617 12616 8997 16780 6593 4949 12027 3434 11833 1150 20038 2021 5603 3049 2554 3716 2314 1127 610 1402 786 9379 5200 8117 1236 6881 2361 4520 4647 3134
cat_boundaries=0 1
cat_threshold=6292915
is_linear=0
shrinkage=0.05


Tree=18
num_leaves=63
num_cat=0
split_feature=4 0 0 8 5 7 15 2 2 19 2 19 7 2 19 5 0 4 15 7 12 0 2 2 14 11 5 18 7 14 15 19 4 8 3 6 2 2 0 5 19 19 16 6 18 0 2 18 8 6 19 3 7 8 6 17 2 19 0 4 5 14
split_gain=1862.49 756.71 217.477 106.086 91.6637 88.4673 79.0096 67.0248 60.982 98.7621 59.8274 59.3197 96.2983 53.1428 50.8291 49.309 49.5345 45.5856 44.4031 43.9449 42.3972 44.1113 39.6939 40.6832 36.8475 39.5172 33.8504 33.7825 38.7863 34.0418 33.4125 32.7375 32.5878 42.8969 32.4983 38.5918 37.0517 53.5353 43.0356 33.7484 32.3704 44.6205 31.739 40.3705 53.5295 49.5864 33.8193 45.4967 35.5599 40.0337 33.1938 35.7082 32.2329 31.1 38.7423 33.2311 31.0143 31.182 30.1765 30.0805 29.9264 32.1607
threshold=0.093040932364006693 0.037897349614954404 0.049423916014618798 -0.091891891827715719 0.035198994343180419 -0.054506171543970354 0.14416267183350318 0.030697417867432627 0.033449360586656769 0.76607862968581852 0.035300137438434472 0.19190638083447906 -0.068852458643510459 0.022903514290527328 0.69106985655843822 0.20371824858841228 0.058060248377661605 0.035933506646823495 0.89165057303008466 -0.10220024083249939 2.5000000000000004 0.055683478698486923 0.016157952362357883 0.013150474867107456 0.96251338329764469 3.5000000000000004 0.15273251244432798 0.24010227539904389 -0.043584278297266348 0.646821322642678 0.87182279649284744 0.14005418921495302 0.073818531671934765 -0.01202404809619234 3.9295565947683984 0.044256063381369677 0.030306357345145581 0.024085377699227042 0.05628447135888643 0.10361050739873491 0.84407271372298531 0.76974426755376035 0.75835326953748017 0.0044802867383512144 0.62335987456960174 0.045213123403931819 0.027459728617744199 0.29156751471028791 -0.20453972979161897 0.031035787934950102 0.38593198732971085 3.2946267105328633 -0.11848341232227481 -0.015258535774136215 -0.0014593216379861771 0.67430760810071166 0.029488768802778721 0.85605228105228115 0.033513868491514255 0.083433142334766966 0.26284171271576412 0.64315796006667392
decision_type=2 8 8 10 10 8 8 8 8 8 8 8 10 10 10 10 8 2 8 8 2 10 10 10 10 2 10 10 10 10 10 8 2 10 10 2 10 10 10 10 10 10 2 2 8 10 10 8 10 2 10 10 10 10 2 10 10 8 10 2 10 10
left_child=1 4 3 11 22 7 -2 24 9 -9 -10 12 -3 32 -15 16 34 18 58 -18 21 -7 23 -1 26 -26 -4 29 -29 -14 31 -19 60 40 35 36 37 38 -8 -39 41 -34 46 -44 -45 -46 48 52 -13 50 51 -50 -48 -16 -55 -56 57 -24 -6 -23 61 -5
right_child=6 2 5 13 17 20 15 8 10 -11 -12 42 27 14 53 -17 19 30 -20 -21 -22 59 56 -25 25 -27 -28 28 -30 -31 -32 -33 33 -35 -36 -37 -38 39 -40 -41 -42 -43 43 44 45 -47 47 -49 49 -51 -52 -53 -54 54 55 -57 -58 -59 -60 -61 -62 -63
leaf_value=-0.01271226972547175 0.054932439907888098 -0.013664381228915796 -0.0029278591447148097 -0.0023462354955241715 -0.023769392794235067 0.0033206725648007619 0.018293889097483636 0.034851883547904763 -0.021015651612330224 -0.0097216632919170168 0.013578256746944104 -0.02809561080424855 0.067717348181290132 0.015741644625656203 -0.0081581099687336803 0.036165183537496516 0.01757483777692016 0.038019030630224965 0.010782244295708765 0.03800806187948147 0.027708740949124535 0.011650478792046511 -0.019609744306583615 -0.037654128054083941 0.0054836463580345681 0.048168585675315539 0.01307622323011777 -0.01149756263506789 0.012626973447231899 0.0081386185702381261 -0.016052482736293373 -0.0024972150386162527 0.03918209363392143 -0.013164004008865918 0.0046621456148429902 0.038458113005960998 -0.013830146003366645 0.020145924577676159 -0.019411356465716921 0.047803141753008205 0.063472250378399445 -0.022683991199486789 -0.012956475310271751 -0.014494813565519413 0.0091484050468644846 0.070389572494532565 -0.0017235011906418154 -0.011694941203808117 -0.010478521000700109 0.027898286504611139 -0.020756260911547725 0.039518564397005546 0.047019294410586721 0.054108555351434488 0.02287531131366562 -0.010194836743229605 0.013617617534274599 -0.037350011912634921 -0.012760004220171973 0.035466265127051221 0.038266279060787951 -0.012697028043619642
leaf_weight=209.0571962594986 250.79124277830124 947.82037588953972 6296.9967541247606 2592.8025274276733 1263.6263479664922 2306.9082050025463 1516.4009530395269 456.92048305273056 208.952856361866 170.05132168531418 307.80508004128933 601.28693985939026 45.739019706845284 833.07993826270103 594.15012530982494 992.73498480021954 378.54281584918499 51.777364835143089 137.5510972365737 883.35351295769215 295.4424819201231 2121.8061298727989 2425.7007920965552 772.02458211779594 1091.5566140711308 56.088754653930664 347.71392099559307 231.99530486762524 584.45937457680702 49.86898972094059 515.34617353975773 900.08585880696774 72.124841257929802 96.258229315280914 310.76826587319374 305.87173017859459 79.853240609169006 196.67006152868271 78.859308332204819 257.31850847601891 46.752345263957977 47.612968668341637 373.27570584416389 99.490912422537804 83.873245224356651 53.935654819011688 71.763058632612228 452.96361453831196 975.00608697533607 53.615754276514053 1295.6020932495594 36.100984051823616 63.197885692119598 43.668750926852226 133.81928430497646 173.10048772394657 63.960080057382584 276.66762594878674 1235.4554539769888 140.76420845091343 38.780873417854309 1055.4829653054476
leaf_count=1537 1027 5684 32952 14613 9106 11433 6417 2074 1074 862 1498 3711 259 4148 3016 4025 1551 316 895 3578 1330 9816 16626 5566 5312 266 1626 1340 3233 275 3102 5566 370 495 1337 1252 341 818 323 1055 238 245 2091 561 473 278 407 2566 5914 308 7870 208 339 210 655 845 367 1922 7637 618 196 5697
internal_value=-0.000121769 -0.00447402 -0.000301776 -0.00530157 -0.0180491 0.0039542 0.0275562 0.00100016 0.0122974 0.0227661 -0.000423482 -0.00993561 -0.00251079 -0.000430112 0.00674636 0.0261725 0.0236888 -0.0128811 -0.0168115 0.0318973 0.00937899 0.00818806 -0.0237037 -0.0323577 -0.00065937 0.0076099 -0.00208853 0.00908234 0.00576632 0.0370471 -0.00581136 -0.000255714 -0.00366115 0.0133199 0.019906 0.0218488 0.0194458 0.0207485 0.016419 0.0358925 0.028619 0.0145973 -0.0132537 -0.00271845 0.0133729 0.0334514 -0.0150646 -0.0041023 -0.0172387 -0.0144622 -0.0154584 -0.00865612 0.0212791 -0.00119402 0.0105978 0.00425145 -0.020624 -0.0214391 -0.018334 0.0131472 -0.00487453 -0.00534347
internal_weight=38651.1 33399.9 25548.6 11747.6 7851.25 13801 5251.16 8936.09 1143.73 626.972 516.758 6020 1859.88 5727.63 1777.82 5000.37 4007.64 4103.84 2636.63 1261.9 4864.92 4569.48 3747.41 981.082 7792.36 1147.65 6644.71 912.063 816.455 95.608 1467.21 951.863 3949.81 262.748 2745.74 2434.97 2129.1 2049.25 1595.26 453.989 166.49 119.738 4160.11 610.576 237.3 137.809 3549.54 587.925 2961.61 2360.32 2306.71 1011.11 134.961 944.739 350.589 306.92 2766.33 2702.37 2499.08 2262.57 3687.07 3648.29
internal_count=209470 187746 135106 66245 52640 68861 21724 45664 5508 2936 2572 35517 10791 30728 8874 20697 16672 26622 17638 5129 23197 21867 26018 7103 40156 5578 34578 5107 4573 534 8984 5882 21854 1348 11543 10206 8954 8613 6740 1873 853 615 24726 3403 1312 751 21323 3312 18011 14300 13992 6122 746 4726 1710 1500 18915 18548 16743 10434 20506 20310
is_linear=0
shrinkage=0.05


Tree=19
num_leaves=63
num_cat=0
split_feature=4 14 2 2 13 16 4 14 8 15 13 9 19 13 6 2 14 13 2 2 10 2 2 2 14 8 3 19 2 2 2 7 7 7 8 9 19 13 4 1 15 14 13 7 13 8 11 2 18 8 1 8 9 4 11 6 9 8 1 2 19 1
split_gain=1680.04 519.234 263.162 158.055 120.831 109.4 101.257 77.3306 72.2632 68.8098 68.4497 60.4591 75.0269 57.8133 53.0571 47.7053 47.0566 69.9176 53.805 45.5697 48.0098 43.3578 69.1396 43.2591 43.2184 40.4492 38.6357 37.8017 41.9847 48.1697 50.6602 48.7453 42.0614 48.5822 36.9905 46.251 41.0981 43.6779 40.6496 36.2028 35.9226 36.1968 35.2828 35.2486 36.5241 35.2174 37.7913 35.0142 34.9848 34.8098 34.6455 33.9165 33.6217 33.4842 39.5265 38.0769 33.3581 32.8123 59.9237 32.3023 39.9766 38.3157
threshold=0.095702299823622008 0.4525351384580994 0.024268382718257913 0.024328626346398975 0.89546518224365357 0.56962906808645686 0.020357757766908961 0.75016733601070962 -0.38069632390753744 0.11242216807827669 0.88350149951710477 4.5000000000000009 0.90031899955228145 0.25544016358157562 0.037037138474228189 0.019501149477488457 0.70214407670081436 0.89146292983502307 0.02493986271024955 0.015855146407099511 2.5000000000000004 0.01629649707805603 0.016619630248149515 0.017033105306656072 0.18710935974061491 -0.091891891827715719 2.9104965217363312 0.013262287049600485 0.030338905914821291 0.033449360586656769 0.036099691589757031 -0.016765876530961673 -0.024096385542168693 -0.021703290979630582 -0.051063829526761133 5.5000000000000009 0.82847028333187278 0.20763587337162071 0.041801960887670638 2.8297325594510032 0.91487924094307083 0.9428221305218969 0.52917724196277505 -0.021379625578197222 0.33085315263445386 -0.21172738971327457 4.5000000000000009 0.013150474867107456 0.46604355928255309 -0.066747944399193779 1.8706396728524719 -0.19913523776287687 5.5000000000000009 0.099311701051647341 3.5000000000000004 0.00050477176176344518 6.5000000000000009 -0.039136857401627527 2.1377844081739918 0.016396713910233628 0.76607862968581852 1.7807893125147924
decision_type=2 8 8 10 8 2 2 10 10 8 10 2 10 10 2 10 8 10 10 8 2 10 10 10 10 10 8 10 10 10 10 10 10 10 10 2 10 10 2 10 10 10 10 10 10 8 2 10 10 10 10 8 2 2 2 2 2 10 10 10 10 10
left_child=1 2 4 6 5 21 14 -8 -4 -2 34 -9 23 25 19 -15 17 18 53 47 39 -1 43 -13 -17 45 -20 -5 32 31 -31 -30 -29 -34 35 -10 56 -38 -37 -21 41 -25 -18 44 -23 -7 -47 -3 -27 -28 52 -26 -24 54 -11 -56 -36 -50 -59 -6 -61 -62
right_child=9 3 8 27 59 13 7 11 10 16 -12 12 -14 15 -16 24 42 -19 26 20 -22 22 50 40 51 48 49 28 29 30 -32 -33 33 -35 36 38 37 -39 -40 -41 -42 -43 -44 -45 -46 46 -48 -49 57 -51 -52 -53 -54 -55 55 -57 -58 58 -60 60 61 -63
leaf_value=-0.027610721791586901 0.055539466505416552 0.00033940808537352463 -0.017710399948555309 -0.00040543610876659264 -0.044803462435022048 0.018420343062477845 -0.0017490489638417727 0.0048443848226647143 0.0036421349849412514 0.02177074578719617 -0.014510105235242689 0.0067354020800855785 -0.02600195225421344 -0.017667317645936004 0.021063720574234553 -0.018592422404378205 0.037384713688604042 -0.015206906637729176 0.042118646161985338 -0.0088843882592937549 0.014327414509300161 0.050778778989154616 -0.019318277695961561 0.023794673166861176 -0.021688411375597665 -0.025812344507770368 0.00061615729039404626 0.0055230409761991327 0.03334989925407205 -0.0099038210678806006 0.030112279300252329 -0.018583320217616953 0.06359588940843168 0.015622881732489678 0.018702994704513112 -0.050953610591997711 0.027701984590896175 -0.0075241030038105759 0.00058714520431037294 -0.0011042642020455855 0.071059707318173571 0.06884361889023162 0.024628648900767287 -0.024128351779503857 0.0034305905904950997 -0.0071750528613375971 -0.05275864638503145 -0.021175429931762801 0.03624210123463039 0.038674112119970808 -0.012125923321717989 0.007281383328596432 -0.041423828194833423 0.022079064207134704 -0.035371961459124711 0.0066891544372543413 0.064172526183910825 -0.0072081805538180043 0.040989397144344554 -0.032215576159413686 -0.02587300109514586 0.0032902811974709228
leaf_weight=911.22619054466486 197.66529127955437 250.62170468270779 513.38333632051945 867.4634825438261 259.06758019328117 110.41740229725838 3858.2718225419521 2272.5988929867744 1674.9049824625254 217.79916907846928 504.84597609937191 198.9625721424818 75.127477258443832 1148.3519053384662 183.55354942381382 323.39412660896778 1077.0415214449167 126.23370411992073 499.72548101842403 3445.360111862421 320.18764635920525 67.894384011626244 2261.5347885116935 373.4951264411211 117.4576852619648 49.259396702051163 134.09954787790775 2469.412715062499 540.53452967107296 207.94926531612873 126.31143343448639 48.66858172416687 58.851430952548981 459.6256777048111 503.89723685383797 75.188636228442192 119.35042843222618 326.39472989737988 76.791234388947487 2641.6552765369415 58.416679635643959 50.160968750715256 1113.3961561620235 51.650411404669285 100.01726923137903 325.71022084355354 51.93933667242527 769.06511564552784 161.36498375236988 107.90334974229336 1994.5101813971996 686.3231593221426 186.22312113642693 1378.9404111653566 80.600281611084938 157.2613380253315 43.125267758965492 201.02036462724209 93.791302442550659 781.18856822699308 266.56132366508245 194.14905044436455
leaf_count=6626 815 1406 2955 4300 2050 655 20826 11133 9032 915 2805 948 341 7430 932 2139 4355 545 2033 19569 1700 426 15489 1772 696 309 555 12110 2446 1002 579 225 273 2132 2461 408 577 1613 401 13555 263 227 4518 350 668 1993 308 4450 940 439 12301 3907 1282 5712 363 683 199 1163 515 5461 1961 1228
internal_value=-0.00011836 -0.00419025 -0.011452 0.00115233 -0.0156008 -0.0133714 -0.0014472 0.00294521 -0.000270141 0.0266388 0.00242757 0.00892373 0.0211614 -0.00610703 -0.00542195 -0.0104992 0.0254601 0.0210291 0.0228098 -0.00607929 -0.00451534 -0.0176306 -0.0156743 0.0263946 -0.00318724 0.00395328 0.0341779 0.00903718 0.0111309 0.0204458 0.0052623 0.029036 0.00824614 0.0211802 0.00546426 0.00124048 0.0132278 0.00194875 -0.0250779 -0.00550869 0.0344777 0.029278 0.030915 0.0116727 0.0227629 -0.00630757 -0.0135671 -0.0158923 0.0138544 0.0176746 -0.0170283 0.0030263 -0.0210163 0.0181976 0.00642861 -0.00765183 0.0223982 0.0181848 0.00821211 -0.0287164 -0.0253272 -0.0136027
internal_weight=38547.9 33457.2 14180.9 19276.3 10343.1 8842.09 14497.5 6887.03 3837.88 5090.67 3324.5 3028.76 756.163 3269.03 7610.44 2275.53 4893 2702.56 2576.33 7426.89 6407.2 5573.06 4661.83 681.035 1127.17 993.503 741.728 4778.82 3911.35 923.464 334.261 589.203 2987.89 518.477 2819.65 1826.88 992.768 445.745 151.98 6087.02 482.073 423.656 2190.44 219.562 167.912 488.067 377.65 1019.69 505.436 242.003 4442.27 803.781 2447.76 1834.6 455.661 237.862 547.023 456.177 294.812 1500.97 1241.9 460.71
internal_count=209470 188537 88348 100189 67897 57197 77122 35510 20451 20933 17496 14684 3551 20055 41612 14172 20118 11245 10700 40680 34824 37142 30516 3210 6742 5883 3027 23067 18767 4252 1581 2671 14515 2405 14691 9841 4850 2190 809 33124 2262 1999 8873 1444 1094 2956 2301 5856 2927 994 29072 4603 16771 7673 1961 1046 2660 2618 1678 10700 8650 3189
is_linear=0
shrinkage=0.05


Tree=20
num_leaves=63
num_cat=0
split_feature=4 0 0 13 0 8 8 4 19 7 13 2 0 17 8 8 17 2 13 1 8 5 8 19 14 1 9 19 1 8 17 18 0 16 5 17 8 13 1 14 11 14 1 18 13 19 11 2 1 2 14 5 9 4 0 8 19 19 7 14 16 14
split_gain=1527.11 629.962 153.756 92.9877 95.2534 84.9733 80.9831 67.166 64.1966 66.5146 57.4953 67.9584 57.2895 51.3492 47.9795 44.504 43.4404 45.4045 43.0086 61.6036 42.6041 42.0989 40.8046 40.562 43.7808 41.5949 50.0899 38.1483 37.8521 36.776 35.1458 37.0757 39.2132 35.0852 33.8691 53.0443 37.3126 38.8577 35.409 34.157 43.7577 33.0854 32.918 31.6119 31.1529 32.8547 31.0115 30.8025 47.0746 35.6674 30.7872 30.6411 32.9448 29.5143 29.6758 31.2461 35.9758 30.1908 49.5058 41.5028 39.0818 28.9397
threshold=0.087683370922800444 0.037897349614954404 0.048269506534177532 0.27512964101467491 0.029155987936733772 -0.10386011385489234 -0.13333333278730422 0.0990990990990991 0.15229155726705179 -0.07663501317226111 0.77793305903203402 0.024688065147332416 0.068968256882130069 0.61183602490514655 -0.28821507918267281 -0.078680836949832564 0.97787034476401191 0.025994780398285667 0.196046666788528 2.7905414781276354 -0.38069632390753744 0.036808225756693853 -0.13806991496828178 0.29117540773333234 0.55610158576833302 2.5435975336394856 5.5000000000000009 0.66737065120428196 1.8336106796472984 -0.2604422347877296 0.64333709556057195 0.67064354727398212 0.042455816848347878 0.12004715217925306 0.10472318135715099 0.68994755723518464 -0.078680836949832564 0.1005419427749525 2.5991762822426741 0.8367421639226702 3.5000000000000004 0.50453517071164133 2.0416934215976039 0.47405252334007969 0.13611100628175618 0.31079387658335028 2.5000000000000004 0.024268382718257913 1.8494998015464688 0.016478554058737254 0.11218958918590881 0.15020744721399995 3.5000000000000004 -0.045454545454545463 0.06060425085851915 -0.070315141142664003 0.5486184519614753 0.52088954668101861 -0.054506171543970354 0.78592216196124165 0.59714029144642711 0.60755918899719352
decision_type=2 8 8 10 10 10 10 2 8 10 10 10 8 10 10 10 10 10 10 10 10 10 10 10 10 10 2 10 10 8 10 10 10 2 10 10 8 10 10 10 2 10 10 8 8 8 2 10 10 10 10 10 2 2 10 10 10 10 10 10 2 10
left_child=1 3 5 15 -5 8 12 34 9 -3 11 23 13 -4 20 -1 17 18 43 -20 -11 -6 29 -7 25 -25 -27 -13 -16 -19 42 32 -32 -8 35 -2 37 -36 -39 40 -37 -15 -26 -9 45 -43 -34 48 -23 -50 -29 -12 -53 -35 55 56 -55 58 -57 60 -60 -30
right_child=7 2 6 4 21 10 33 16 -10 14 51 27 -14 41 28 -17 -18 22 19 -21 -22 47 -24 24 30 26 -28 50 61 -31 31 -33 46 53 36 39 -38 38 -40 -41 -42 44 -44 -45 -46 -47 -48 -49 49 -51 -52 52 -54 54 -56 57 -58 -59 59 -61 -62 -63
leaf_value=-0.014706022258206209 0.01911198622648418 -0.013320848926992868 -0.0058566554623900521 -0.034841507334399599 -0.02260009035003583 0.027757285315258107 -0.0015792037881858555 0.0094767320173502149 -0.013410551444747634 0.035343707838889314 -0.012984795900312405 0.026255835391948281 0.0064975060229026695 -0.011216056245538238 0.048554787601813379 -0.00057696486839929259 0.040772577430598388 0.053962447485080847 0.011369174989844806 0.028471286439416432 -0.017155230573548813 -0.021957465454177566 0.044067379710453373 -0.00033790798661810181 -0.054856594608640057 0.011488180222693932 0.07153676923198346 0.03410001415480135 -0.00012324930834320522 0.01417749110260514 -0.015554358873215039 -0.014817500008324495 0.0032882149423544972 0.036882661324373012 -0.035336681735786413 0.0043464503824152314 0.027211959610585892 0.031006120459207306 -0.018140955833043985 0.022658669151794378 -0.043563107247694306 0.0059711618596700921 -0.013834834226137556 0.036638291350436752 0.010306217548196432 -0.034018901610381 0.036654516641309857 0.0058774955017679353 -0.017328314680678768 0.0010460257562438632 -0.0013752402244874449 -0.0094318227168372383 0.041935183765775833 0.0071952625498726587 0.014420363176292979 -0.0013093080011239177 -0.008387651239055079 0.0071914285219051716 0.033304530137306464 0.0094947188396067531 0.091454783485718963 0.027978715568385756
leaf_weight=1250.3362339884043 269.65468963980675 554.64666084945202 4395.7221680432558 954.22144362330437 2076.5928911417723 115.47905512154102 1013.242445603013 129.30387087166309 3600.8391990810633 46.330914512276649 1131.6446224600077 381.63725019991398 2156.3200555443764 287.41141733527184 88.70970818400383 1005.0527285933495 496.85526487231255 71.827068820595741 1281.3482048362494 895.75277277827263 210.19238345324993 1073.5388705357909 515.50102046132088 1773.8824191987514 52.073338285088539 221.19749861955643 40.332843482494354 72.544447302818298 207.3096698820591 293.64104783535004 115.05692790448666 281.18607319891453 147.95290246605873 89.498470902442932 50.397255450487137 84.236012727022171 557.79242718219757 107.88542295992374 54.43930096924305 52.018385097384453 108.26212261617184 124.73027287423611 650.32823869585991 648.16468937695026 1252.5346377789974 86.026060432195663 130.92749665677547 201.04501497745514 474.61569026112556 593.67907693982124 362.74410673975945 70.954518020153046 54.329680651426315 820.64160352945328 1368.3867845237255 122.6814985871315 673.39118605852127 2150.1863827556372 74.081999525427818 74.568897277116776 48.530140459537506 163.1454406529665
leaf_count=8214 1212 3378 23602 7711 14675 658 5137 530 21851 261 6451 1819 10442 1494 474 6316 2011 291 5331 3638 1188 7370 2091 9902 292 1219 204 343 1197 1196 656 1475 773 452 220 381 2415 483 234 218 528 612 3688 2634 6121 423 664 1133 3187 3746 1732 370 274 4214 6315 594 3427 10174 351 350 222 893
internal_value=-0.000230112 -0.00435095 -0.000541303 -0.0169387 -0.0205149 -0.00517295 0.00275028 0.023859 -0.0100021 -0.000337558 -0.000973004 0.00175172 -0.000512817 -0.00297287 0.00972883 -0.00841284 0.0268374 0.0250221 0.0220364 0.0184156 -0.00757292 -0.0174144 0.034999 -0.00125815 -0.00224775 0.00241096 0.020986 0.0147374 0.0193903 0.0221225 -0.00912816 -0.000977566 0.00891366 0.00695977 0.0138018 0.00385261 0.0204274 0.00259301 0.0145134 -0.0129849 -0.0226841 0.00426704 -0.0169497 0.0321389 0.00731373 -0.0104355 0.0190279 -0.0128105 -0.0145666 -0.00712579 0.00460161 -0.0103866 0.0129992 0.00855551 0.00807325 0.00587917 0.000170812 0.00933045 0.0236422 0.0390948 0.0568742 0.0122946
internal_weight=38457.6 32840.5 25211.4 7629.08 5373.69 10473.4 14738 5617.08 4871.17 1270.33 5602.27 4345.34 8302.74 6146.42 715.688 2255.39 4332.39 3835.54 2954.57 2177.1 256.523 4419.47 880.969 3528.42 3412.94 2035.41 261.53 816.926 459.165 365.468 1377.52 675.123 393.937 6435.21 1284.69 514.171 770.514 212.722 162.325 244.517 192.498 1750.7 702.402 777.469 1463.29 210.756 278.88 2342.88 2141.83 1068.29 435.289 1256.93 125.284 5421.97 5332.47 3964.08 1494.03 2470.05 319.863 197.181 122.612 370.455
internal_count=209457 186044 133692 52352 37822 59762 73930 23413 29242 7391 30520 23425 42694 32252 4013 14530 17722 15711 12133 8969 1449 30111 3578 19531 18873 11325 1423 3894 2564 1487 7548 3568 2093 31236 5691 2339 3352 937 717 1127 909 8650 3980 3164 7156 1035 1437 15436 14303 6933 2075 7095 644 26099 25647 19332 7641 11691 1517 923 573 2090
is_linear=0
shrinkage=0.05


Tree=21
num_leaves=63
num_cat=0
split_feature=4 0 0 5 15 4 12 2 19 19 3 11 2 4 4 17 11 3 9 2 2 2 15 14 17 4 17 5 9 10 4 5 1 19 1 17 6 4 2 19 6 15 19 9 2 2 18 2 2 6 15 0 10 6 2 1 2 19 11 15 0 4
split_gain=1378.27 585.012 137.64 84.6944 77.0934 74.6968 69.1575 55.5079 68.6774 53.1774 50.2232 48.978 47.567 47.5132 45.4994 43.8248 39.6632 38.3795 38.1541 37.803 40.4613 36.7225 36.7085 36.7072 37.8867 36.5539 36.035 33.2545 32.9457 36.7887 37.4762 32.6175 34.187 30.4135 36.4556 34.6085 30.3968 30.1651 33.5401 30.1207 30.1031 29.9744 35.9309 33.2728 29.8021 38.2783 33.4789 29.5892 34.7676 29.3622 29.3107 28.8331 28.6687 28.5284 28.0817 38.3659 48.5853 47.5834 29.2836 27.8626 27.4933 26.1005
threshold=0.090090090106052303 0.037897349614954404 0.046543045788106148 0.035198994343180419 0.33901483018841622 0.020357757766908961 2.5000000000000004 0.03098648343492957 0.76974426755376035 0.96565252323902129 0.11837648664290935 5.5000000000000009 0.023237896492095036 0.0990990990990991 0.035933506646823495 0.38275099176075683 4.5000000000000009 4.0570900501903147 4.5000000000000009 0.016157952362357883 0.013150474867107456 0.036507754008018992 0.93051995547781852 0.75016733601070962 0.93443882276663748 -0.055704719755506886 0.64333709556057195 -0.11903185679703597 9.5000000000000018 2.5000000000000004 0.097461805939314652 0.10472318135715099 2.1567758851631775 0.15229155726705179 2.5018440931260062 0.71364310763420569 0.027634735355313803 -0.029065278508234534 0.01629649707805603 0.79332189822755872 0.0037969877838970327 0.89165057303008466 0.041270730614074415 5.5000000000000009 0.017033105306656072 0.017959242097236591 0.69437639631761483 0.025994780398285667 0.028236757282885081 0.0054005398593366402 0.96225899013252969 0.048688212052429784 3.5000000000000004 0.053933685224753176 0.024430463225263918 1.9677208665977994 0.017124567590068959 0.75827642631595094 5.5000000000000009 0.87182279649284744 0.044583767047627169 0.043300364103064932
decision_type=2 8 8 10 8 2 2 10 8 8 10 2 10 2 2 10 2 10 2 10 10 10 8 10 8 2 10 10 2 2 2 10 10 10 10 10 2 2 10 10 2 8 8 2 8 10 10 10 10 2 8 10 2 2 10 10 10 10 2 10 10 2
left_child=1 3 9 19 36 7 23 26 25 10 -3 16 17 28 41 61 -8 33 -19 20 -1 39 47 24 44 -9 27 -4 29 -6 -31 32 -27 49 35 -35 -2 -36 -39 -10 -37 42 -5 -44 46 -46 -7 52 -49 -12 -28 -25 -15 -50 55 -17 58 -58 -57 -47 -14 -16
right_child=4 2 5 14 13 6 11 8 21 -11 12 -13 60 22 15 54 -18 18 -20 -21 -22 -23 -24 51 -26 31 50 -29 -30 30 -32 -33 -34 34 37 40 -38 38 -40 -41 -42 -43 43 -45 45 59 -48 48 53 -51 -52 -53 -54 -55 -56 56 57 -59 -60 -61 -62 -63
leaf_value=-0.010447604460466043 0.029823256550987245 -0.0099509373583296958 0.0087880897801012482 0.035942301435831721 0.0099247706366990887 0.0055695010654239971 0.022443579883750286 0.04197808623536213 -0.024929857351646878 -0.023880541254771657 0.013559932481158506 -0.011131200288928198 0.010420612965650151 0.022256280144722036 0.00024003638142393291 -0.015338563960075531 0.060079545510574962 -0.010129926949044705 0.055263238864843571 -0.018808668794284715 -0.035973649477688566 0.012804517581855846 0.014687156767708388 -0.012387116754451921 0.018972227869362882 0.00030047606111362484 0.0024074238337129434 -0.0053794226280225784 -0.025490113477306009 0.073965347738338419 0.0155197034053439 0.051722805871866173 0.037566387038559038 -0.013973738139815534 -0.027783490158264985 -0.0099600670963202603 0.052321355150419593 -0.0037156367020324717 0.017230649977006362 0.013958260748929334 0.0090684826127790195 0.0077351614221189318 -0.015174945496674117 -0.034252810813133937 -0.027607098840953539 -0.001835947314908085 0.05654094566471466 0.051656172197402067 0.022006543288760987 -0.01205814678445697 0.03694660796153882 0.0094564904840782407 0.049180667456418123 0.061221716687279451 0.017209164476241059 -0.00031761388185571346 0.068893926239080958 -0.0070741537561250616 -0.049234789806994028 0.011273929025320385 -0.0054572500048363504 0.052576164257391922
leaf_weight=198.28172482550144 353.6679755449295 2935.2326835393906 447.6662762016058 31.295683309435844 854.61285242438316 101.19673319160938 229.08588251471519 158.6027859300375 211.51007863879204 375.7305996119976 370.6291366815567 72.408344492316246 1013.8499449342489 2158.2338598817587 44.074354872107506 778.43310894817114 101.31899785995483 38.298154294490814 51.537025958299637 2651.3602210953832 731.78041038662195 186.75285321474075 911.37233234941959 157.4681841135025 281.8290774077177 282.12067107856274 1908.7511776089668 5405.2637814134359 56.502007395029068 46.815727055072784 65.969062730669975 48.604008287191391 77.719683811068535 1750.1729049235582 77.081602424383163 474.22731629014015 268.78011399507523 470.03499761223793 320.74104523658752 64.313169896602631 368.43437813222408 133.7653830870986 2133.1222269684076 255.97774992138147 128.99725149571896 2805.1456747949123 46.435623943805695 223.6034677028656 364.86929719150066 159.11443135142326 62.476843789219856 3305.7757355719805 103.44977460801601 52.73521488904953 113.7119756937027 323.78271760046482 48.339845523238182 35.108661830425262 32.788503982126713 472.70540481805801 372.06278598308563 50.868164204061031
leaf_count=1512 1440 17698 2203 204 3715 534 1052 713 1120 2252 2128 327 5317 8796 290 5042 457 208 269 18825 5585 931 3763 812 1303 1380 9413 29092 274 208 283 225 346 10520 460 2641 1126 2656 1724 311 2036 879 14781 1778 672 14262 233 904 1477 900 302 15677 423 214 597 1981 274 205 206 2324 1873 304
internal_value=-0.000221402 -0.00408318 -0.000439855 -0.0162858 0.0230393 0.00224358 0.005844 -0.000888917 0.0100189 -0.00550125 -0.00467654 0.0259875 -0.00184299 0.0209001 -0.0112626 -0.00410781 0.0341312 -0.00456118 0.0275805 -0.0218651 -0.0305488 -0.00427568 0.0234681 0.00472901 0.00135951 0.0216668 -0.00232543 -0.00429449 0.0113202 0.0134943 0.0402167 0.0136965 0.00843111 -0.00529151 -0.00699926 -0.0099673 0.0396065 0.00186939 0.00479127 -0.0158447 -0.00163939 -0.015257 -0.0165304 -0.0172325 -4.19132e-05 -0.000997774 0.0218744 0.0262189 0.0357259 0.00585703 0.0035203 0.00846001 0.023509 0.0270931 -0.00645399 -0.00867465 0.00312243 0.0372272 -0.0049409 5.75157e-05 0.00615717 0.0285363
internal_weight=38356.6 32896 25333.3 7562.69 5460.61 16556.1 7702.37 8853.78 1029.62 8777.15 8401.42 402.813 5466.18 4838.16 3981.27 1427.11 330.405 4080.27 89.8352 3581.42 930.062 462.576 3814.26 7299.55 3836.31 567.047 7824.16 5852.93 1023.9 967.398 112.785 408.444 359.84 3990.44 3460.69 2592.83 622.448 867.858 790.776 275.823 842.662 2554.16 2420.4 2389.1 3554.48 3406.85 147.632 2902.89 641.208 529.744 1971.23 3463.24 2261.68 417.605 1332.16 1218.45 440.02 83.4485 356.571 3277.85 1385.91 94.9425
internal_count=209457 186834 134371 52463 22623 83689 37653 46036 5026 50682 48430 1836 30732 20057 26541 8899 1509 23542 477 25922 7097 2362 15577 35817 19328 2664 41010 31295 4480 4206 491 1951 1726 23065 20037 15197 2566 4840 4380 1431 4677 17642 16763 16559 18025 17258 767 11814 2595 3028 9715 16489 9219 1691 8305 7708 2666 479 2187 16586 7190 594
is_linear=0
shrinkage=0.05


Tree=22
num_leaves=63
num_cat=1
split_feature=4 0 0 13 8 13 15 0 8 19 7 0 8 5 19 4 1 13 15 12 13 8 7 4 1 13 18 22 1 15 17 11 13 7 4 6 11 17 0 19 7 19 0 1 16 6 5 8 0 0 5 5 13 0 19 7 18 11 8 19 8 15
split_gain=1244.75 531 138.379 91.771 82.8854 70.125 69.4259 64.3322 60.8355 55.2338 69.2999 54.7592 54.2924 52.0211 50.6866 47.5083 42.2925 41.9103 42.6912 41.3852 39.3496 59.2035 44.0137 38.8851 36.5968 34.3627 33.1215 32.3721 31.8154 31.5259 33.0368 38.8966 51.7895 46.6031 35.61 39.1948 31.3611 35.0653 33.5513 35.3376 30.0187 41.1474 33.086 29.8942 29.7746 29.7686 29.5383 34.9128 33.4181 29.1982 38.1796 38.3433 29.058 30.5391 29.2395 35.6216 28.9655 29.5908 28.651 37.8929 34.0117 28.0883
threshold=0.087683370922800444 0.037227582815508198 0.046543045788106148 0.32674928600571201 -0.088855421686747024 0.8170434615965344 0.3310145929339478 0.026807977641186111 -0.10386011385489234 0.15229155726705179 -0.07663501317226111 0.054914665967607301 -0.23421447103914897 0.035198994343180419 0.29117540773333234 0.0990990990990991 1.4394118184161859 0.53719758215715985 0.93051995547781852 2.5000000000000004 0.37447242355706739 -0.027663642696611531 -0.029377867181846481 0.048261708913882935 1.8104703990946407 0.34293570922039324 0.9151053093462046 0 1.6977043045933693 0.56781690068246027 0.72167862838915486 2.5000000000000004 0.14816498316498319 -0.019323671409606166 0.065142096488174275 0.014011799753880118 5.5000000000000009 0.98962278986448615 0.052777623591325908 0.2709948708701489 -0.035335689045936362 0.38996989119362491 0.062690587624612895 1.213493592734938 0.83688393864346577 0.027634735355313803 -0.11903185679703597 -0.16210937500000003 0.07215239697961405 0.06369536830473374 0.10472318135715099 0.063829787234042659 0.86793072670022087 0.033198054510007673 0.90031899955228145 -0.053378844618116088 0.16484511864946652 3.5000000000000004 -0.047826086956521734 0.1644465568229827 -0.022500000239361714 0.95034070365734957
decision_type=2 8 8 10 10 8 8 10 10 8 10 8 10 10 10 2 10 8 10 2 10 10 10 2 10 10 10 9 8 10 10 2 10 10 2 2 2 10 8 8 8 8 10 10 2 2 10 10 10 10 10 10 10 10 8 10 10 2 10 8 10 10
left_child=1 3 5 23 11 8 45 -5 9 10 -3 27 25 43 -10 49 -11 18 -17 29 22 -22 -21 -1 -16 -12 -25 -4 -19 -6 -31 -32 -33 34 35 -34 37 38 39 -30 46 42 -42 -9 -28 -2 -13 48 -48 50 51 -8 54 -54 55 -15 57 -49 59 -20 -60 -7
right_child=6 2 4 7 19 61 15 13 14 16 12 40 -14 52 24 17 -18 28 58 20 21 -23 -24 26 -26 -27 44 -29 36 30 31 32 33 -35 -36 -37 -38 -39 -40 -41 41 -43 -44 -45 -46 -47 47 56 -50 -51 -52 -53 53 -55 -56 -57 -58 -59 60 -61 -62 -63
leaf_value=-0.010913943082054952 0.027650365876158291 -0.014491262124793758 0.012319223203381101 -0.039012147128580338 0.0025246450150931445 -0.016255039167553883 0.015139320622954561 0.021686272629463293 0.029998916771981535 0.009311338983575005 0.021030189431251928 0.012809925963670858 0.034427568358489709 -0.029215343435413391 0.0078614693972729414 0.030654371113322351 -0.013971925770889626 -0.0092008724859118322 0.046535495471941073 -0.025613951581177914 0.055156575278818787 0.0037914442388485101 0.029636677602283487 -0.002116276289820617 -0.0032077642668566133 -0.010472393237317126 0.063874333162941457 -0.0058341310262763312 0.032341839559359535 0.0033713926185132727 0.0073276241535800389 -0.0078772176764719641 0.021368117351663961 0.011992193019097229 0.075090953047444009 0.067454441687338607 0.04611868342052685 0.045705752047205693 0.02037962207844389 -0.0029269773111956889 0.039988959815822372 0.0041791624521748281 -0.00027590546180739572 -0.025645161618620127 0.0051383011388074981 0.05023144367178406 -0.0055538736005345509 0.010642579464264773 0.0049023685375723935 0.032102238623224394 0.015302063006225115 -0.016893900290946878 -0.0351623478407899 -0.012266639575674688 -0.025141681267510714 -0.0037164112447992149 0.00082173735206686146 0.047894668231465397 0.06324549645068836 0.00026168165089676345 0.018952644547436975 0.017766353266463687
leaf_weight=2108.6406034380198 340.84701570868492 375.56846669316292 252.00067627429962 428.4646600112319 2732.0546801686287 1570.2365223169327 151.88753460347652 33.268948286771774 140.37606231868267 211.61814518272877 140.62117023766041 500.92220184206963 195.44024400413036 154.42583065479994 991.8601920902729 1688.4263340830803 2397.5665969252586 117.2984459400177 50.193748936057091 70.241161435842514 146.5581730902195 90.759700641036034 71.969475358724594 223.26863554120064 3010.8088380247355 221.68247409164906 41.938464477658272 4053.0978256613016 85.406577691435814 885.41259232163429 613.69987790286541 97.001232966780663 166.86824183166027 181.73614096641541 70.719941318035126 63.67385345697403 90.928571343421936 90.511691153049469 721.50098098814487 398.19036316871643 175.39897401630878 608.67057901620865 71.760070979595184 1814.6666133329272 43.751785203814507 262.21269370615482 2707.6260269731283 651.60364373028278 1063.5426941514015 140.64290945231915 650.66607823967934 239.28884696960449 269.94010203331709 318.60274769365788 257.725705511868 1157.1139359250665 1129.0788793563843 57.210793763399124 53.512087672948837 325.84779642522335 220.19365714490414 62.313461899757385
leaf_count=14272 1395 2329 1358 3650 13344 9515 689 209 772 1206 785 2381 1072 1073 5002 6851 14941 492 206 323 669 408 317 1329 17036 1260 201 22452 357 4248 2825 442 768 832 315 289 373 364 2915 1651 793 2887 320 13693 214 1110 13986 3281 5129 588 2831 1129 2167 2109 1736 7907 5572 279 219 1345 898 348
internal_value=-0.000212505 -0.00395797 -0.000669524 -0.0163287 0.00208655 -0.00553819 0.0215025 -0.0206013 -0.00353803 -0.00834783 0.00208957 -0.0003213 0.0132606 -0.0186228 0.000575596 0.0195711 -0.0120807 0.0222691 0.0264606 0.00731394 0.0231901 0.0356109 0.0023588 -0.00848694 -0.000463533 0.00177896 0.00805913 -0.00475384 0.0157387 0.00605699 0.0106952 0.0161202 0.0253951 0.0320797 0.0441176 0.0343331 0.0178537 0.0158359 0.0135565 0.00335563 0.00241844 0.0111829 0.0283445 -0.0247818 0.0342901 0.0375356 0.00118917 0.00014927 -0.00260449 0.0107936 0.00788905 -0.00444902 -0.0133393 -0.0228098 -0.00977519 -0.00673873 0.00579805 0.0137126 0.0155325 0.00654532 0.027811 -0.0149464
internal_weight=38259.1 32631.5 25779.7 6851.81 16461.6 9318.09 5627.56 4434.21 7685.54 3542.5 933.312 11270.9 557.744 4005.74 4143.05 5024.5 2609.18 3842.01 2338.17 5190.7 379.529 237.318 142.211 2417.6 4002.67 362.304 308.959 4305.1 1503.84 4811.17 2079.11 1193.7 579.999 482.998 301.262 230.542 1386.54 1295.61 1205.1 483.597 6965.81 855.83 247.159 1847.94 85.6902 603.06 6109.98 5609.06 3771.17 1182.49 1041.84 391.176 2157.81 588.543 1569.27 1311.54 1837.89 708.814 649.747 376.042 273.706 1632.55
internal_count=209457 186044 137484 48560 83218 54266 23413 32544 44403 21593 5446 58438 3117 28894 22810 20908 16147 15671 9519 24780 1717 1077 640 16016 22038 2045 1744 23810 6152 23063 9719 5471 2646 2204 1372 1057 5660 5287 4923 2008 34628 4000 1113 13902 415 2505 30628 28247 19115 5237 4649 1818 14992 4276 10716 8980 9132 3560 2668 1551 1117 9863
cat_boundaries=0 1
cat_threshold=9437256
is_linear=0
shrinkage=0.05


Tree=23
num_leaves=63
num_cat=1
split_feature=4 14 2 13 2 16 5 13 15 19 1 21 2 2 19 2 13 15 3 2 2 2 11 14 13 14 2 6 13 3 2 3 7 18 19 2 7 7 7 6 14 11 6 2 19 1 16 11 9 19 18 6 18 9 14 7 2 1 5 2 11 7
split_gain=1124.26 358.671 202.495 113.681 108.105 91.307 85.1897 72.8166 65.6428 53.4503 51.2682 48.2933 45.1101 71.1367 42.3192 49.7616 39.0619 41.485 38.1044 35.2659 55.8691 35.8586 35.2381 39.1017 35.0364 39.4768 39.187 42.0355 34.8727 34.6795 37.3792 38.6764 34.387 37.275 58.4935 33.3903 32.8709 32.5243 38.1857 35.6655 32.4753 44.8041 32.1695 31.8446 44.9337 42.9055 31.3778 31.1305 34.0521 66.2947 31.0974 37.0055 52.0784 36.5865 30.0605 30.0181 29.7855 29.7065 33.8477 29.1645 29.0065 28.8903
threshold=0.090090090106052303 0.4525351384580994 0.024268382718257913 0.89546518224365357 0.024328626346398975 0.56962906808645686 0.03309645517895022 0.87585035762583752 0.33901483018841622 0.021319895538916715 2.8297325594510032 0 0.01629649707805603 0.016619630248149515 0.013262287049600485 0.030338905914821291 0.58005001971220194 0.95034070365734957 2.9507908811730625 0.033449360586656769 0.036099691589757031 0.032148478393752906 1.5000000000000002 0.88421151730994885 0.2675022441651706 0.18710935974061491 0.019501149477488457 0.019650654450988018 0.20763587337162071 0.070422902700384163 0.024375579553134259 1.7097735498976945 -0.07034392728731996 0.83274019662165377 0.056783340116673457 0.019684113757497717 -0.024096385542168693 -0.03330890467511937 -0.066064120588380612 0.00062539126554572732 0.25433654280126378 5.5000000000000009 -0.0025252524869910915 0.016396713910233628 0.76607862968581852 1.7807893125147924 0.90784454313837426 4.5000000000000009 6.5000000000000009 0.59221936225509808 0.93204414261460122 0.00265957446808518 0.7931390992685815 5.5000000000000009 0.40519679097660755 -0.020317665213103627 0.032476069765123509 1.9112512407666935 0.040683198985452369 0.025408943879263738 3.5000000000000004 -0.021004674836742006
decision_type=2 8 10 8 10 2 10 10 8 10 10 9 10 10 10 10 10 10 10 10 10 10 2 10 8 10 10 2 10 10 10 10 10 10 10 10 10 10 10 2 10 2 2 10 10 10 2 2 2 10 10 2 10 2 10 10 10 10 10 10 2 10
left_child=1 2 3 5 6 12 10 9 -2 -4 -3 22 -1 37 -6 36 17 32 -9 21 57 55 -8 -24 47 -26 27 -27 -25 -11 -31 56 -10 42 -35 -28 -16 38 -14 -40 46 -42 -34 -5 -45 60 -18 48 -7 -50 51 53 -53 -19 -44 -17 -32 -21 -59 -36 -46 -38
right_child=8 4 7 43 14 24 11 18 16 29 -12 -13 13 -15 15 19 40 50 -20 20 -22 -23 23 28 25 26 35 -29 -30 30 31 -33 33 34 59 -37 61 -39 39 -41 41 -43 54 44 45 -47 -48 -49 49 -51 -52 52 -54 -55 -56 -57 -58 58 -60 -61 -62 -63
leaf_value=-0.025903384029930056 0.036156349842477807 -0.010696248811468254 -0.013794891015611703 -0.043724177529897379 -0.0027128999097813192 0.0033488297174746116 -0.0059464227730817018 -0.019662719079081813 0.011955101836015003 -0.0022482988086600228 -0.0012849665168834163 0.011161254831563047 -0.0043049482320622274 -0.014840435938522689 0.0039207736333166697 0.025007761804227209 0.022020891636406317 -0.0074452554383295415 0.032776091891472549 -0.036356273002122533 0.031878306731104304 0.053155262523761376 0.00019591028425948841 -0.0072051645636691782 -0.019177748526145275 -0.014503281800273085 0.04666821263555293 0.038718639266975795 0.015758716152281329 0.039464866158107924 0.015997934391127438 -0.0024217411358944787 0.00032787800138317329 -0.017026328027489924 0.022430015909261247 0.0015069904223623586 0.045836353344716377 -0.0088296960179293938 0.011031612455721655 0.07919524837787828 0.012277497265148339 0.04534873835262114 0.014304349180407142 -0.03098742896667013 -0.014787361648276806 0.0069539580057935771 -0.026193287460064912 -0.01927965443647283 -0.010168557229370292 0.079635539673007405 0.018929127041234131 0.0094367228185220659 -0.057051752835640124 0.04766600325702379 0.049482790399370508 -0.017228905811520097 -0.011325707060775472 -0.025834966823073846 0.024778428216511921 0.039256945640135044 -0.054904406846489819 0.012756220816782328
leaf_weight=864.16582278162241 616.39429774880409 2982.7351801097393 415.32875400781631 232.84329061955214 873.1177184432745 776.03630025684834 1757.6193370223045 543.00520391762257 426.2105818092823 963.49658718705177 2810.3847590684891 1159.8430037051439 48.902581676840782 4261.7227141708136 2466.9841023534536 445.81511048972607 50.36978568136692 71.565905079245567 36.109197482466698 68.852076292037964 130.61101676523685 105.65440355241299 4555.4563644230366 207.33438841998577 597.67895241081715 743.80800778418779 42.441196888685226 38.099980115890503 805.25455535948277 97.406037136912346 1002.7350787073374 603.93207493424416 47.195565536618233 82.338107749819756 1207.4131880104542 709.16944502294064 77.59027411043644 88.271511606872082 32.692982517182827 46.767386004328728 1379.4912054538727 109.85156583786011 73.68145614862442 735.66391564160585 189.22308848053217 192.19449687749147 97.702516585588455 133.51458112895489 38.636704206466675 42.417193859815598 432.54477182030678 58.848616376519203 57.473329246044159 50.711391493678093 373.66192017495632 45.741685926914215 110.0354543030262 55.422968000173569 78.713285610079765 330.11831523478031 58.682360202074051 422.81271746754646
leaf_count=6656 2566 17648 2437 2017 4333 4702 9223 3129 1755 5207 14896 5911 323 28928 12050 1996 228 303 184 346 589 459 23926 967 4325 4756 244 230 3775 511 5141 3051 195 335 4967 4119 353 612 215 302 5694 463 320 5449 1494 1244 421 788 235 249 1787 246 249 221 1525 215 572 266 364 1348 454 1943
internal_value=-0.000203742 -0.00371284 -0.00990035 -0.0136649 0.000719396 -0.0114737 -0.00145799 -4.59279e-05 0.0207845 0.00291397 -0.00613161 0.00173307 -0.015443 -0.0134191 0.00723439 0.00946251 0.0188234 0.0220294 -0.0163422 0.0195439 0.00649571 0.0268096 0.000223482 0.00217221 -0.00467809 -0.00828818 -0.00403431 -0.0118638 0.0110542 0.00541648 0.00948633 0.00776336 0.0249507 0.0275634 0.0238665 0.00411573 0.00629465 0.014481 0.0304555 0.0516358 0.0125254 0.0147456 0.0396001 -0.0268147 -0.0234317 -0.01076 -0.00975456 0.00308921 0.00659216 0.0372256 0.01095 -0.00353351 -0.0236207 0.015612 0.0437334 0.0210504 0.0132883 -0.00991271 0.00382935 0.026066 -0.024466 0.0179667
internal_weight=38160.5 32694.9 13645 9872.93 19049.9 8464.33 14278.6 3772.05 5465.57 3192.93 5793.12 8485.51 5342.52 4478.36 4771.32 3898.2 4849.18 3211.76 579.114 930.811 333.599 597.211 7325.66 5568.05 3121.8 2131.2 1533.52 781.908 1012.59 2777.61 1814.11 1716.7 2540.62 2114.41 1619.87 751.611 2967.39 216.634 128.363 79.4604 1637.42 1489.34 494.539 1408.61 1175.76 440.1 148.072 990.605 857.09 81.0539 671.144 238.599 116.322 122.277 447.343 491.557 1112.77 202.988 134.136 1537.53 247.905 500.403
internal_count=209457 186834 87574 67342 99260 56684 76346 20232 22623 16919 32544 43802 37036 30380 22914 18581 20057 13251 3313 4235 1565 2670 37891 28668 19648 13674 9349 4986 4742 14482 9275 8764 10445 8690 6650 4363 14346 1452 840 517 6806 6157 2040 10658 8641 3192 649 5974 5186 484 2806 1019 495 524 1845 2211 5713 976 630 6315 1948 2296
cat_boundaries=0 1
cat_threshold=21834
is_linear=0
shrinkage=0.05


Tree=24
num_leaves=63
num_cat=1
split_feature=16 0 2 0 13 19 0 5 11 3 0 8 5 14 6 2 14 5 16 2 16 12 13 13 0 8 2 15 13 16 19 18 5 13 8 1 19 13 18 21 1 2 19 15 19 18 18 14 6 0 0 8 15 13 13 6 5 1 8 19 1 6
split_gain=783.209 485.085 127.678 89.4666 78.3427 72.0797 64.6711 64.4695 59.8511 59.0254 55.7459 54.7568 48.4869 45.0824 43.6414 42.1183 41.6298 40.3535 41.3539 40.2834 40.1292 39.686 55.0802 39.0189 37.795 37.7171 37.0946 36.7942 34.8299 34.3814 37.2337 33.3481 32.8893 42.9086 85.6683 32.7339 32.6051 32.9323 42.6443 32.5165 32.306 30.8455 30.7757 30.7264 36.4136 31.2357 39.9961 49.4527 30.719 30.6854 30.6737 30.4837 29.5238 29.4088 31.0848 34.7305 37.738 35.2652 29.3813 36.2054 39.1197 32.5092
threshold=0.88386231988127728 0.036583475111009553 0.02447974623388955 0.051284050108470834 0.32674928600571201 0.013262287049600485 0.053477770438522448 0.01607293932801546 1.5000000000000002 4.0570900501903147 0.026807977641186111 -0.10386011385489234 0.036808225756693853 0.49237229365993568 -1.0000000180025095e-35 0.030338905914821291 0.67436193521643883 0.15273251244432798 0.84462214859181872 0.019132334279948298 0.84869634880559353 2.5000000000000004 0.61540565561353322 0.8170434615965344 0.054528070122068291 -0.026364220035453186 0.02210316687810741 0.31901441078732112 0.90706462462668258 0.48689327352905648 0.95941258925576278 0.90134234234234245 0.18020569455990923 0.72977409894593681 -0.20453972979161897 2.0182132889230702 0.65565534859395758 0.16018690773792224 0.92392520182861604 0 1.7512785313751662 0.020385958450317918 0.57626556669514017 0.93850700032881651 0.97773885693961005 0.93204414261460122 0.95317842308018352 0.40519679097660755 0.0084033614256751061 0.031801242083979699 0.056709120990325386 -0.17768498177013706 0.80450031978222014 0.86793072670022087 0.67089338439500701 0.00223713646532453 0.050030670816988983 1.740382264365713 -0.082563791313245802 0.6988212135247801 1.4017304779396935 0.02026224081483197
decision_type=2 8 10 10 10 10 10 10 2 10 10 10 10 10 2 10 8 10 2 10 2 2 10 8 10 10 10 10 10 2 10 8 10 10 10 8 10 10 10 9 10 10 10 10 10 10 10 10 2 10 10 8 10 10 10 2 10 10 10 10 10 2
left_child=1 4 3 7 31 16 14 -3 51 17 -6 24 -12 28 36 25 -4 18 23 27 -20 -10 -23 39 -8 -15 32 -13 58 -14 53 49 33 43 -35 -18 -2 -38 -39 -9 -33 -11 -21 44 -16 -45 -47 -48 -34 -1 -24 -5 -30 54 -31 56 -56 -58 -7 60 -60 -61
right_child=6 2 5 8 10 13 11 9 21 41 12 19 29 15 26 -17 35 -19 20 42 -22 22 50 -25 -26 -27 -28 -29 52 30 -32 40 48 34 -36 -37 37 38 -40 -41 -42 -43 -44 45 -46 46 47 -49 -50 -51 -52 -53 -54 -55 55 -57 57 -59 59 61 -62 -63
leaf_value=-0.017445771074084123 -0.019361185651141741 -0.011813136396036794 -0.013903053208086128 -0.010495175133034178 -0.037720581088729659 -0.00034476258604957018 -0.020461537370828838 0.0070161543071480094 0.003786080871616462 0.0091781399353718686 -0.024276225515370235 0.051622518808290024 -0.021009380379646156 0.005682058243623108 0.019410404496711327 0.020528049983634462 0.028785042633043018 0.0085241003845533403 0.055389408816456757 0.064654411822001684 0.0050281527792207063 0.0056762895264917679 0.080159543746040451 -0.014684840358194513 0.017438313608941023 0.02412360545632317 0.023263107102221705 0.0092596769471062334 -0.01824619703452671 -0.0063052506995621323 -0.035811801532885275 0.020061082149945234 0.0054938916011845213 0.054839993917958199 -0.020868156535922902 -0.0014464515704515216 0.037779068069021968 0.029593624315900392 -0.024817173061367853 -0.0053193051132200131 -0.018137630161855278 0.061966542255715955 0.032911707157814545 -0.014982718406654029 -0.014954928508996915 0.039673872739162848 0.027454427401028443 -0.028912257016706595 0.032747540218227449 -0.0046695172461063226 0.025997802980252418 0.0004749877765396181 0.021294718619899611 -0.018058740285000971 0.081158728003882019 -0.000639661597986011 0.05657589656043599 -0.01115891850333694 0.063710376540308783 -0.00045350937516524555 0.016016968057842133 0.03199403919871302
leaf_weight=886.60507304221392 175.42990037798882 2910.6089922934771 704.18625776469707 1166.5489786118269 409.70042464137077 1391.5437398254871 69.140172719955444 586.04997038841248 4613.8027249872684 62.503331542015076 1687.103658169508 60.603192135691643 702.33244094252586 2326.1563957035542 857.62086924910545 877.71401655673981 107.7791533768177 626.93688771128654 42.730861604213715 84.960277810692787 417.48404337465763 174.10583832859993 48.69442430138588 1017.9658751636744 1100.5034968703985 313.99364127218723 835.45069834589958 309.49990233778954 297.96618455648422 454.57241730391979 99.044543080031872 180.38347707688808 163.03991025686264 42.864385351538658 251.96431452035904 505.80687475204468 69.120507702231407 57.859860181808472 91.794802293181419 5281.9823053628206 78.760522484779358 49.259552195668221 801.70588178932667 188.78462259471416 83.958864435553551 84.205334201455116 71.13714288175106 83.497767224907875 283.85908535122871 1000.9619449451566 58.244503900408745 1383.6384340971708 55.190660029649734 261.7124907374382 32.285337276756763 144.63947193324566 31.959737323224545 45.449658028781414 46.655045807361603 672.75008581578732 458.83720344305038 86.195442825555801
leaf_count=6399 801 18300 3974 6141 3652 7453 293 3292 22851 325 13218 256 5213 11249 3815 3953 526 3161 227 346 2155 805 225 6212 4535 1385 3538 1270 1670 3122 697 1007 690 190 1201 2447 300 286 398 30603 457 250 3296 935 354 350 304 349 1184 6671 264 6961 282 1942 232 989 227 315 221 3182 2128 383
internal_value=-0.000195903 -0.00322642 -0.000294967 -0.00256782 -0.0160335 0.00504743 0.0167756 -0.00543338 0.00166447 -0.00313546 -0.0202838 0.0229893 -0.0182082 0.00720084 0.0122567 0.0110434 -0.00561591 -0.00364306 -0.00468244 0.0302372 0.00981414 0.0049 0.0231086 -0.00565259 0.0151824 0.00788362 0.0143465 0.0163169 0.00270651 -0.0124205 -0.00676673 -0.00836777 0.0108083 0.0075654 -0.00971297 0.00390204 -0.00335986 0.00950089 -0.00372393 -0.00408347 0.00842642 0.0327879 0.0360227 0.0112903 0.0163335 0.000173576 0.012166 -0.00297194 0.0228392 -0.0106767 0.0511744 -0.00454531 -0.0120241 -0.00376909 0.00152434 0.0154881 0.0365672 0.0171714 0.00466898 0.0101826 0.020536 0.0032689
internal_weight=38067.8 32300.8 26285.3 18440.6 6015.51 7844.77 5767 10995.5 7445.03 8084.91 3868.8 2426.41 3459.1 6527 3340.59 3517.86 1317.77 7973.15 7346.21 1256.77 460.215 4894.85 281.045 6886 1169.64 2640.15 2946.38 370.103 3009.14 1772 1069.66 2146.71 2110.93 1664.03 294.829 613.586 394.205 218.775 149.655 5868.03 259.144 111.763 886.666 1369.2 941.58 427.625 238.84 154.635 446.899 1887.57 106.939 2550.19 353.157 970.619 708.907 254.334 109.695 77.4094 2655.98 1264.44 505.492 758.946
internal_count=209457 184766 140625 101772 44141 38853 24691 64525 37247 46225 29607 9996 25955 31906 14695 16587 6947 45650 42489 5168 2382 24145 1294 40107 4828 12634 12910 1526 15319 12737 7524 14534 9372 7498 1391 2973 1785 984 684 33895 1464 575 3642 6107 4169 1938 1003 653 1874 13070 489 13102 1952 6827 4885 1763 774 542 13367 5914 2349 3565
cat_boundaries=0 1
cat_threshold=692
is_linear=0
shrinkage=0.05


Tree=25
num_leaves=63
num_cat=0
split_feature=4 0 0 13 8 5 8 6 0 19 3 0 2 13 2 0 2 8 19 2 2 2 2 3 13 16 0 19 8 11 2 13 14 16 5 2 3 0 13 8 3 19 18 6 14 9 5 6 4 8 2 13 2 3 11 12 16 16 17 16 9 4
split_gain=976.502 418.236 122.208 85.389 75.1816 68.219 57.9811 55.2979 48.5958 48.2746 44.4886 44.0504 42.128 43.8792 41.5578 39.7357 38.5255 38.3238 64.5925 50.6819 44.7023 36.3298 35.4179 35.3448 33.7531 34.3362 33.5997 37.4529 32.5695 31.9697 34.568 31.0125 31.6047 29.8363 29.6172 48.037 28.68 28.5584 28.2825 28.1676 33.6793 30.0242 36.4574 31.234 32.9414 28.1413 34.965 27.9483 27.4155 27.1729 27.1011 27.0629 27.0172 26.5494 25.2986 25.1114 24.8706 26.9929 28.9371 33.6792 28.2692 25.7912
threshold=0.097461805939314652 0.036322854143790016 0.049569877231926067 0.86793072670022087 -0.075902027438022421 0.034674076180837517 -0.087855297157622789 0.037037138474228189 0.06403792459378288 0.1204764711017985 2.0997852883107258 0.044710907394577247 0.022903514290527328 0.67089338439500701 0.017778642815241479 0.035770416355061348 0.016848986536370448 -0.1722386531063618 0.29117540773333234 0.030519706672412588 0.014953289124556427 0.016157952362357883 0.024430463225263918 0.53540990371267272 0.78970405780178088 0.73064724627224631 0.058060248377661605 0.48120844017558351 -0.2695400191704419 3.5000000000000004 0.016396713910233628 0.20381065531390605 0.65091537494763319 0.89217934880374183 0.046084952915247397 0.022140277062111056 2.7234265664365869 0.048980033358595264 0.33085315263445386 -0.01399454001884287 1.6642594337200516 0.86422817383443118 0.76535260395082205 0.0061977639215899947 0.33378562486191915 5.5000000000000009 0.088412615982622636 0.0045494023817425075 -0.022815985500968968 -0.02312531949195867 0.016604452504719428 0.23948899948328847 0.023336571749899858 3.2054173946920472 3.5000000000000004 1.5000000000000002 0.935415526404068 0.46733824211502789 0.39882110431721335 0.58125775434243188 5.5000000000000009 0.041357434343940132
decision_type=2 8 8 8 10 10 10 2 8 8 10 10 10 10 10 8 10 10 10 10 10 10 10 10 10 2 8 10 10 2 10 10 10 2 10 10 10 10 10 10 10 10 10 2 10 2 10 2 2 10 10 10 10 10 2 2 2 2 10 2 2 2
left_child=1 3 4 5 9 38 8 26 33 52 17 21 31 37 16 54 48 19 22 -11 -20 -12 -19 -16 25 -22 -2 -28 -21 30 -5 32 45 -4 -13 -36 -15 -14 -1 40 -33 43 -43 49 -45 -6 -47 -27 -8 -42 -32 -35 -3 -41 -9 -34 57 60 59 -59 -7 -61
right_child=7 2 6 29 12 56 14 15 -10 10 11 34 13 36 23 -17 -18 18 20 28 24 -23 -24 -25 -26 47 27 -29 -30 -31 50 39 55 51 35 -37 -38 -39 -40 53 41 42 -44 44 -46 46 -48 -49 -50 -51 -52 -53 -54 -55 -56 -57 -58 58 -60 61 -62 -63
leaf_value=-0.012610648004895229 0.014857439782244847 -0.0017155583793863869 -0.0025968445492764759 -0.041606564603608419 0.007421888163644654 -0.010402074835862363 -0.026993479329000248 0.023366181252620008 0.0052613052455995173 -0.019270075042010473 -0.039094323953367996 -0.0064994841398569331 0.014949709057698185 -0.0063957956800517858 0.0046584183514081536 0.035958568968318103 -0.018956594188141052 0.00059114164013336656 -0.049414587783582771 -0.013763813470099643 -0.0097414703562166416 -0.0039240090556985872 0.030111549640560755 0.015033709850063602 -0.022196249783963392 -0.0020425874341313956 0.016178629893012216 0.032711688451829785 0.030641968466138925 -0.046264139115807457 0.026278857900680404 -0.0055197900785855956 0.018701750164876046 -0.011268089719686023 0.036183070411091027 -0.0047836945161169138 0.026411995794253441 -0.019121500181672638 -0.023945599341155796 -0.011199537353960632 -0.012359601870565985 0.00078062545505677402 0.055017123045696052 0.058660618565107618 0.0082451533604364271 0.062779874376275649 0.0055982737647444318 0.03403109056672364 0.0090058029102901404 0.023708500254198659 -0.020572208291239968 0.030563379602866925 0.017566735885957342 -0.053320043406136622 -0.021611085640251701 -0.024247992365513039 -0.048758377554045391 -0.0077766832412333106 -0.0042558974924071886 0.015835481095137143 -0.043867727449182478 0.073952753604933752
leaf_weight=1030.9158385917544 2595.9455708563328 975.46212317049503 6049.1840630024672 209.35470522940159 373.53024511039257 864.86484980583191 58.612243130803108 80.351443022489548 3660.7046185135841 1729.7213764339685 82.086092501878738 146.53786218166351 1028.065517783165 642.16793435811996 1533.2009641230106 798.28103294968605 245.88764517009258 513.20614556968212 74.024069145321846 77.19661508500576 1688.6574641317129 634.38076809048653 125.70032919943333 1768.8978990614414 469.99856089055538 152.30294120311737 682.4846123456955 694.60761097073555 86.711869463324547 191.67825868725777 31.501500852406025 2042.414403885603 47.498961552977562 54.849757567048073 189.61420932412148 114.22616747021675 73.320685967803001 64.575394183397293 1190.7466409429908 611.88494029641151 313.76925294101238 58.763679414987564 64.612619087100029 38.524012640118599 182.42816281318665 57.147686377167702 49.880523502826691 81.840515449643135 469.28246082365513 61.650099664926529 680.3465216383338 126.59982217848301 222.19627253711224 38.965402349829674 49.828028991818428 113.9062716960907 33.693036764860153 62.9371587485075 1438.6639385521412 44.921992160379887 67.235854864120483 33.147470735013485
leaf_count=7408 10687 5819 31628 1909 2069 6279 295 330 17775 11062 490 843 4873 3376 7262 3312 1157 3200 476 470 10453 3763 668 7996 3014 878 2754 2820 461 1557 256 11858 257 245 983 602 351 305 9562 3423 1711 321 339 216 953 311 252 455 2199 327 5453 569 1201 197 206 600 180 457 9589 317 495 191
internal_value=-3.15629e-05 -0.0031183 -0.000503609 -0.0152087 -0.0039478 -0.0122928 0.00275809 0.0207934 0.000689879 -0.00731106 -0.00909498 -0.000303597 0.000276877 0.00662181 0.00777581 0.0317856 -0.00265109 -0.0111464 -0.00772397 -0.0167525 -0.0113928 -0.00800237 0.00643705 0.0102192 -0.0101964 -0.00725321 0.0182173 0.0245356 0.00977136 -0.027677 -0.0237636 -0.00255329 0.00752117 -0.0019964 0.0119343 0.0208168 -0.0030016 0.0129204 -0.0186939 -0.00444987 -0.0022427 0.0070514 0.0293985 0.00238681 0.01726 0.0139445 0.0364289 0.0106574 0.00496532 -0.00638937 -0.0184649 0.0179258 0.00187347 -0.0137992 0.00611699 -0.0115712 -0.00670086 -0.00611752 -0.00213314 0.0194025 -0.0128605 0.0411347
internal_weight=37975.7 33074.2 27194.2 5880.01 13227 4767.13 13967.2 4901.5 9891.34 7363.86 6166.2 1166.85 5863.11 1808.13 4075.88 928.461 773.782 4999.36 3105.73 1893.63 2466.82 716.467 638.906 3302.1 2392.8 1922.8 3973.04 1377.09 163.908 1112.88 921.203 4054.98 641.964 6230.63 450.378 303.84 715.489 1092.64 2221.66 3413.01 2762.16 719.748 123.376 596.372 220.952 480.558 107.028 234.143 527.895 375.419 711.848 181.45 1197.66 650.85 130.179 161.405 2545.46 2511.77 1579.67 141.007 932.101 78.0695
internal_count=209465 189356 145703 43653 76577 34478 69126 20109 50217 44838 37818 6681 31739 8905 18909 3848 3651 31137 19144 11993 15276 4253 3868 15258 14800 11786 16261 5574 931 9175 7618 22834 3489 32442 2428 1585 3727 5178 16970 19345 15725 3867 660 3207 1169 2632 563 1333 2494 2038 5709 814 7020 3620 536 857 17508 17328 10554 965 6774 508
is_linear=0
shrinkage=0.05


Tree=26
num_leaves=63
num_cat=1
split_feature=4 0 0 13 13 7 15 5 7 9 1 12 13 22 1 15 0 17 8 7 19 8 0 9 13 7 15 13 0 8 7 8 19 15 19 0 12 16 13 15 9 16 0 16 17 5 9 19 5 5 7 17 17 13 1 0 17 3 1 14 19 18
split_gain=882.225 382.704 110.589 80.3832 72.4481 68.6299 67.1963 63.6252 57.1622 48.7303 46.6874 46.0475 45.8017 40.3085 39.1554 38.4849 37.7618 41.4281 37.6516 36.5089 33.1042 37.5009 31.8886 31.8006 66.5668 31.5176 43.2858 35.866 31.4382 31.1501 29.9735 28.6024 28.3931 44.4918 34.2774 30.8329 40.7705 43.6054 33.8343 28.2408 28.1133 27.935 27.8135 34.32 26.7237 25.9662 25.9351 25.6644 25.6366 25.4466 41.8762 38.5117 25.3958 25.158 25.1453 24.6885 33.1549 27.2124 24.5741 24.4272 24.2831 35.3446
threshold=0.097461805939314652 0.036322854143790016 0.049117903333946875 0.86793072670022087 0.74566073262581323 -0.066666666666666693 0.14416267183350318 0.067836724026080222 -0.056922705851794091 9.5000000000000018 1.8104703990946407 2.5000000000000004 0.58005001971220194 0 2.5263680279121115 0.98912057129330078 0.06403792459378288 0.57229653909756684 -0.38069632390753744 -0.059422308344435008 0.060990197222546394 -0.08577502884719744 0.06060425085851915 5.5000000000000009 0.45025526816180877 -0.064659483980160179 0.65061920098151993 0.49327655624668504 0.032335467995296137 -0.12411556205316192 -0.068109781608233597 -0.14690735234045912 0.1644465568229827 0.85568315281221463 0.056783340116673457 0.052449450255144685 2.5000000000000004 0.86424978949045317 0.045008038585209013 0.80063628512050966 6.5000000000000009 0.029206419871836534 0.044328229416643578 0.92752551239173331 0.98962278986448615 0.18020569455990923 5.5000000000000009 0.57239070600674069 0.10361050739873491 -0.10820019052986955 -0.17323305016980398 0.072587963234002711 0.66284450063211142 0.084622027368141381 3.2763223609185963 0.050773574875387334 0.83198510266456205 1.3992106885326441 2.3128670491750678 0.22655082836601168 0.7501931993817621 0.63908770806658144
decision_type=2 8 8 8 8 10 8 10 8 2 10 2 10 9 10 10 10 10 8 10 8 10 10 2 10 8 8 10 10 8 10 10 8 10 10 8 2 2 10 10 2 2 10 2 10 10 2 8 10 10 10 10 10 10 10 10 10 10 10 10 10 10
left_child=1 3 4 7 5 13 -2 15 16 11 20 22 39 53 -14 30 17 40 -12 31 -7 47 -10 41 -25 -8 27 29 -5 -27 -1 -19 33 -28 -35 38 37 -37 -34 -13 49 -18 43 -20 55 54 58 -22 -48 51 -51 -4 -32 -3 -6 57 -57 -40 -29 -44 -23 -62
right_child=6 2 8 28 45 10 25 -9 9 -11 18 12 14 -15 -16 -17 23 19 42 -21 21 60 -24 24 -26 26 32 46 -30 -31 52 -33 35 34 -36 36 -38 -39 44 -41 -42 -43 59 -45 -46 -47 48 -49 -50 50 -52 -53 -54 -55 -56 56 -58 -59 -60 -61 61 -63
leaf_value=-0.025589953393242416 0.046243977534450295 0.033455915686742943 -0.00047193790341133572 -0.034862702940010475 -0.012061525024596623 0.053205321965726526 0.0091502901653576982 -0.0014644158727847509 0.0036044175028655933 -0.039726323817949688 0.045022658667547268 -0.0030150827120368063 0.015680551013910495 -0.011456901240956129 0.073629809352991224 0.043383098040030016 -0.0082390031365001722 -0.0013928238283025677 -0.0054065984706843859 -0.028632424512723322 0.0045247169504862876 0.020270395240973467 0.012784614249463398 0.077647029485086241 -0.001728088805929268 0.012200042351442243 0.0075033021533714847 0.043202880278325251 -0.01779852335590534 0.045631673106758898 -0.01219541494135851 0.012385602687096953 0.029967671063466372 0.015171756418736002 0.066249012923933995 0.063759728251091816 0.05962873206704692 0.016914445007078661 -0.022644370972717279 0.037278309137349752 -0.045777961082324348 0.0051953384363461162 0.036414160323840171 0.033317075174388602 0.035053112875662637 0.011744191839285557 -0.027127306711447238 -0.016937791076670917 0.019343146444807092 -0.017105221405077385 -0.0032203333901259117 0.04864142230202554 -0.031260407477206598 5.9542545808914782e-05 0.030201469261136094 0.017712037590283083 -0.034202372599372428 0.011006106665718827 0.017879633049378115 0.0018300457244237499 -0.026808560123826649 0.010355430567356714
leaf_weight=610.05931276082993 227.83386717736721 64.086371332406998 152.4208762794733 576.57372140884399 2886.2498067393899 38.645667687058449 763.14768439531326 1135.7635872587562 3764.8558575958014 55.219564869999886 42.198731184005737 129.71301268041134 50.551063030958176 2182.5100420117378 70.070395931601524 27.035457633435726 447.12012320756912 691.62797071039677 3202.7507556825876 78.60822819173336 406.87856604158878 527.14441677927971 1263.0280798971653 43.744098052382469 64.37180295586586 86.542519450187683 102.81098607182503 142.38535688817501 514.49878973513842 376.52394238114357 2768.6816065683961 825.58571146428585 220.18874657154083 48.916873514652252 103.70385862886906 52.308954671025276 69.75480055809021 769.12209512293339 62.22602254152298 64.316279470920563 41.127989128232002 2837.1397747844458 51.401289582252502 57.274017959833145 91.648819968104362 123.97473585605621 49.951996207237244 210.55750326812267 70.084779307246208 656.98721326887608 3112.531780615449 53.066519737243652 185.99496234208345 422.17345732450485 34.705424785614014 50.165757641196251 76.528977274894714 1238.2551304548979 297.58085903525352 1999.6814047843218 73.750167667865753 443.7491489648819
leaf_count=4673 989 381 803 5320 17625 201 3102 7416 18083 262 231 573 219 13657 302 178 2186 3505 19032 383 2297 2542 5697 200 303 356 415 585 3855 1561 20892 4008 896 202 423 211 285 3106 258 279 217 13792 268 283 370 618 209 1289 285 3622 16724 253 1319 2541 197 204 310 5128 1214 10551 382 2197
internal_value=-3.23046e-05 -0.00297291 -0.000480496 -0.0146091 -0.0038683 -0.00176008 0.0197627 -0.0117813 0.00252291 0.00659086 0.000824013 0.00707693 0.0256043 -0.00858805 0.0496726 -0.0150423 8.3872e-05 -0.00243348 -0.001469 0.00437975 0.00803825 0.00695669 0.00591261 0.00424778 0.0308047 0.0184617 0.0202768 0.0291202 -0.0268397 0.0394234 -0.0154975 0.00610787 0.0171325 0.0330411 0.0500834 0.0155756 0.0231389 0.0199715 0.0116886 0.0104639 -0.00514115 0.00336443 -0.0018468 -0.00471627 0.00902069 -0.0105973 0.0205453 -0.00280996 -5.93797e-05 -0.00470929 -0.00564422 0.0123856 -0.0134057 0.00442972 -0.0115492 0.00732559 -0.0136687 0.00937982 0.0261543 0.00271407 0.0127264 0.0050176
internal_weight=37888.1 32988.4 27169.8 5818.61 12767.7 9722.8 4899.68 4727.53 14402.1 5397.75 7054.03 5342.53 314.651 2668.77 120.621 3591.77 9004.33 5611.96 5353.31 1595.82 1700.73 1662.08 5027.88 3392.38 108.116 4671.85 3908.7 1023.07 1091.07 463.066 3564.74 1517.21 2885.63 255.432 152.621 2630.2 891.186 821.431 1739.01 194.029 4016.13 3284.26 5311.11 3260.02 1518.82 3044.93 560.003 617.436 120.037 3975.01 3769.52 205.487 2954.68 486.26 2920.96 1427.18 126.695 1300.48 439.966 2051.08 1044.64 517.499
internal_count=209465 189356 145703 43653 74292 55852 20109 34478 71411 25415 39273 25153 1373 16579 521 27062 45996 29515 30365 7896 8908 8707 23780 16481 503 19120 16018 4210 9175 1917 26884 7513 11808 1040 625 10768 3602 3317 7166 852 21619 15978 30134 19315 6270 18440 2293 3586 494 21402 20346 1056 22211 2922 17822 5900 514 5386 1799 10819 5121 2579
cat_boundaries=0 1
cat_threshold=8521804
is_linear=0
shrinkage=0.05


Tree=27
num_leaves=63
num_cat=1
split_feature=4 0 0 13 13 2 5 7 11 9 2 7 12 2 19 2 2 4 2 17 17 13 4 17 0 1 2 22 14 4 9 14 11 2 14 7 16 0 13 18 2 13 13 9 7 5 5 19 11 19 19 11 2 17 9 16 5 9 2 17 13 19
split_gain=797.79 346.216 102.729 74.9841 66.734 75.9513 60.6463 53.4018 52.7681 44.6917 41.3327 40.6825 40.1955 36.906 50.7404 70.7024 68.4912 55.3809 37.8441 36.7819 36.3416 35.8464 34.2025 50.5688 41.1637 32.5794 32.526 37.7007 32.391 35.1889 34.6421 32.201 31.2379 33.7131 30.7427 34.8502 30.7275 29.4371 29.3725 27.579 30.3237 26.993 26.6994 26.2461 26.0108 36.0021 25.8133 30.8581 32.651 48.8023 25.6436 25.5474 25.2084 24.9369 35.1272 29.9516 24.243 45.3586 54.0811 45.2279 35.8757 31.311
threshold=0.095702299823622008 0.036322854143790016 0.049117903333946875 0.86793072670022087 0.74566073262581323 0.024688065147332416 0.034674076180837517 -0.056922705851794091 3.5000000000000004 9.5000000000000018 0.024328626346398975 -0.065321805991548784 2.5000000000000004 0.03098648343492957 0.7623740425013027 0.033449360586656769 0.036507754008018992 -0.0046153846153846314 0.036378053270572357 0.98160202466255631 0.38673749400191942 0.58005001971220194 0.073818531671934765 0.67820925691185041 0.043838690104983431 2.5263680279121115 0.025408943879263738 0 0.96251338329764469 0.040488756989639281 2.5000000000000004 0.50834327764518705 3.5000000000000004 0.016396713910233628 0.71017839853757947 -0.068109781608233597 0.36135073498425924 0.06060425085851915 0.08071072483864046 0.092738819364810307 0.018474176830798477 0.33085315263445386 0.89146292983502307 6.5000000000000009 -0.0076846725573049271 0.18020569455990923 0.10361050739873491 0.27515561840558939 3.5000000000000004 0.72234242902352064 0.43391061420301225 2.5000000000000004 0.016604452504719428 0.57229653909756684 6.5000000000000009 0.045126296274839238 0.1201298708427221 7.5000000000000009 0.020673458758072475 0.83641264152016859 0.84833496412263554 0.81314005102932452
decision_type=2 8 8 8 8 10 10 8 2 2 10 10 2 10 8 10 10 2 10 10 10 10 2 10 10 10 10 9 10 2 2 10 2 10 10 8 2 10 10 10 8 10 10 2 8 10 10 8 2 10 10 2 10 10 2 2 10 2 10 10 8 10
left_child=1 3 4 6 5 8 41 13 11 12 19 38 37 28 15 -15 17 18 20 34 -17 -14 -10 -24 -25 -23 36 -28 53 -30 -31 -29 33 -5 56 50 -7 -9 39 -3 -41 -1 46 -13 45 -6 47 -12 -49 -50 -36 -47 -35 54 55 -4 59 -58 61 60 -2 -59
right_child=10 2 7 32 44 26 -8 9 22 -11 42 43 21 14 -16 16 -18 -19 -20 -21 -22 25 23 24 -26 -27 27 31 29 30 -32 -33 -34 52 35 -37 -38 -39 -40 40 -42 -43 -44 -45 -46 51 -48 48 49 -51 -52 -53 -54 -55 -56 -57 57 58 -60 -61 -62 -63
leaf_value=-0.011436997434895187 0.011715785969235747 0.035736026723172082 -0.015486735551317701 -0.040232607055644617 -0.0098861740117962438 -0.001984744896275174 -0.0059928888767631812 0.0034754890162520258 0.0012703614680424588 -0.038342562593076043 0.041889935492324934 -0.0024336685839249049 0.010733538432477336 0.028400126458440408 -0.0092787418610754003 0.0042574804049659862 0.055495603415020828 -0.026674790999922149 -0.02576269928274437 0.030325000091836807 0.061840146341291938 0.014852189458257156 0.069116738669790068 -0.01070625263470458 0.035599711354663277 0.067918892776138148 0.019651114824326549 -0.0025237815850979155 0.0026337649830833125 0.0082447592993032462 0.051520740816227678 0.021339994015602742 -0.044912198357867694 0.026298857984414795 -0.0012295396203079838 0.023815923147746464 0.03768314132761328 0.012329849878093022 -0.013653424468389805 0.024093099725320016 -0.019383314883078706 -0.022635380400957448 -0.00052876264184455342 -0.027201130138632991 -0.024635955350850013 -0.0023159656434472934 0.032300655793124543 0.021444138861280566 -0.038010163918180462 0.023358859594793807 0.02937969190724329 0.049600339052973098 -0.018917464491190167 0.0022091626228710067 -0.04759375723108316 -0.0026718824771021364 0.0087607139365064399 0.030485906328595866 -0.058367417925348275 0.033979471236830171 -0.031688623452216673 -0.025354662298133202
leaf_weight=1011.8450108245015 655.66082140803337 55.158272385597229 511.24142365157604 198.21665430814028 2625.4689386337996 70.827308833599091 2498.2213823124766 3718.8163443654776 1300.6471756100655 54.40877740085125 106.32769024372101 4177.3000008910894 191.74755455553532 443.91918747127056 296.31386370956898 64.104552641510963 46.510155528783798 188.45908041298389 43.078098759055138 374.04073512554169 47.06644906103611 50.752394512295723 44.821011111140251 103.87065626680851 87.666506081819534 68.458925500512123 330.37020593881607 1023.6024972647429 985.37784522771835 113.21080087125301 77.728888839483261 162.98739890754223 181.11617259681225 31.488250434398651 286.43235903978348 1064.1302209347486 155.4246152639389 1255.2566276192665 1864.1021300405264 60.078592076897621 115.89494067430496 1158.1746641919017 92.902281418442726 108.79129356145859 285.87156865000725 51.717050418257713 886.11487203836441 270.82088343799114 67.696551039814949 60.383340537548065 88.870905712246895 42.60340827703476 658.32320408523083 1950.8694054782391 45.851967439055443 4157.8395981937647 690.66772302985191 47.945953115820885 58.900546982884407 232.6045950949192 50.373884305357933 50.54022428393364
leaf_count=7408 2734 350 2743 1909 16209 361 17414 17874 7309 262 430 24265 841 1941 1508 315 213 971 211 1540 216 219 229 548 413 291 1633 5364 4766 528 352 778 1553 256 1162 4333 741 5645 11934 374 743 9562 390 611 1673 263 3643 1104 279 248 360 207 5453 9581 245 22283 2835 199 243 970 218 212
internal_value=-3.16855e-05 -0.00289544 -0.000523238 -0.0140479 -0.00380256 -0.00177792 -0.011308 0.00237948 -0.00385805 0.00633809 0.0183921 -0.0058611 0.00680524 2.30579e-05 0.00846912 0.0147849 -0.000776821 -0.008553 0.0136171 0.0154891 0.0289702 0.0242182 0.00445661 0.0219109 0.0105628 0.045638 0.00766761 0.00502116 -0.0011943 0.0064517 0.0260384 0.00076288 -0.0259895 -0.022084 0.0137602 0.0191984 0.0253112 0.005712 -0.0115695 0.00522391 -0.0044879 -0.0174214 0.0254182 -0.00306852 -0.0103079 -0.00879343 0.0271499 0.0180701 0.011632 -0.00912088 0.00607747 0.0214083 -0.0168184 -0.00254436 -0.00451125 -0.00407806 0.00937058 0.00323729 -0.0209037 0.0149026 0.00857855 0.00186334
internal_weight=37800 32715.6 26978.2 5737.39 12667.2 9661.54 4668.24 14311 7918.33 5339.44 5084.41 6381.33 5285.03 8971.57 1129.45 833.138 389.218 342.708 154.249 3600.17 111.171 310.959 1537.01 236.358 191.537 119.211 1743.21 1516.96 7842.12 1176.32 190.94 1186.59 1069.14 888.028 3226.13 1439.43 226.252 4974.07 2095.23 231.132 175.974 2170.02 1484.25 4286.09 3005.66 2719.79 1391.34 505.228 398.901 128.08 375.303 94.3205 689.811 6665.8 4714.93 4669.08 1786.69 848.054 157.387 938.639 706.035 98.4862
internal_count=209465 188565 145010 43555 74005 55653 34384 71005 46776 25132 20900 38277 24870 45873 5375 3867 1926 1713 742 14806 531 1351 8499 1190 961 510 8877 7775 40498 5646 880 6142 9171 7618 13266 5855 1102 23519 13401 1467 1117 16970 6094 24876 18352 16679 5704 2061 1631 527 1522 470 5709 34852 25271 25026 7411 3489 654 3922 2952 411
cat_boundaries=0 1
cat_threshold=12748956
is_linear=0
shrinkage=0.05


Tree=28
num_leaves=63
num_cat=0
split_feature=4 0 13 0 8 15 2 0 13 3 14 7 19 14 8 17 2 19 2 2 13 1 7 0 19 8 19 14 2 3 7 10 0 13 13 4 19 2 15 2 16 4 13 17 2 8 19 15 9 4 4 4 0 3 13 12 13 17 8 3 17 2
split_gain=722.735 320.377 76.3187 73.3633 78.3049 62.9733 46.0092 41.4675 50.4578 40.8755 40.4123 55.6031 41.4588 39.1797 38.8864 38.2812 37.6366 65.2747 73.5476 43.4706 38.5503 36.9366 40.2138 36.7724 35.6009 38.1486 50.4118 48.8463 35.3933 41.3588 34.8456 52.2977 38.7981 37.1772 34.2112 39.5074 35.0844 47.4171 32.6949 32.5306 31.889 31.2003 30.7255 28.4952 36.857 28.0456 33.768 29.889 37.0781 27.7767 34.4792 27.6659 28.4566 27.4629 27.4354 34.5102 31.8279 50.6277 28.7276 31.7853 26.8914 26.8781
threshold=0.097461805939314652 0.038544270248551664 0.61151747746783991 0.054710361408750637 -0.080539304558305089 0.14416267183350318 0.01629649707805603 0.031228426945411222 0.15617846572902758 0.35832724696018342 0.71017839853757947 -0.044060353997202088 0.57626556669514017 0.56384920018636442 -0.12526150837663338 0.33493206355048466 0.030338905914821291 0.61206084810701999 0.034396249380162246 0.032148478393752906 0.84050179896444888 1.9840484890861563 -0.046910329175264213 0.04334107882955985 0.033234811309222366 -0.081497842761265579 0.8049477749972801 0.22655082836601168 0.023336571749899858 3.9928073431071143 -0.031249998870266856 1.5000000000000002 0.06403792459378288 0.20381065531390605 0.20381065531390605 0.033782196096408652 0.74219856586402277 0.029488768802778721 0.92674789094463972 0.0147706727686633 0.64076831497224884 -0.039881095266637183 0.89146292983502307 0.97787034476401191 0.022960061115151833 -0.10386011385489234 0.38593198732971085 0.49709933362501268 6.5000000000000009 0.065142096488174275 0.060695079515716184 0.054700855119522392 0.037227582815508198 -0.098283485492792769 0.18782726101378952 2.5000000000000004 0.48155831788732639 0.69416582830315232 -0.044543743583894117 0.76953568210837464 0.25965831072430701 0.015670086174788402
decision_type=2 8 10 8 10 8 10 10 8 10 10 8 10 10 10 10 10 8 10 10 8 10 8 10 8 10 10 10 10 10 8 2 10 8 10 2 10 10 10 10 2 2 10 10 10 10 10 10 2 2 2 2 10 10 10 2 10 10 10 10 10 10
left_child=1 2 7 4 10 -2 -4 8 -1 -8 16 39 15 34 30 -13 20 18 19 40 -3 49 -23 -15 -9 61 27 -27 43 42 32 33 -5 -32 35 -6 37 38 -36 -12 53 -16 45 44 -7 46 -30 -47 -49 50 -11 52 -24 -18 58 56 -56 -58 59 -29 -19 -26
right_child=5 3 6 14 13 28 9 24 -10 21 11 12 -14 23 41 -17 17 60 -20 -21 -22 22 51 -25 25 26 -28 54 29 -31 31 -33 -34 -35 36 -37 -38 -39 -40 -41 -42 -43 -44 -45 -46 47 -48 48 -50 -51 -52 -53 -54 -55 55 -57 57 -59 -60 -61 -62 -63
leaf_value=-0.0028189932347498104 0.043774658407844953 -0.0066590065447439161 -0.029417167499077492 -0.0048553401652998551 0.0029832401369103818 0.012686150621179844 -0.021901985052818845 0.039226954788606203 -0.022438445047823653 -0.011396232718699788 -0.025825156789173333 0.052323658367346496 -0.028661230027439529 -0.014114322541050942 -0.0066847065708909694 0.013341286058247921 0.0029190309971581395 0.016337937351155806 -0.034027782418137809 0.061797470232683033 -0.0186935879334672 -0.031248654074569074 0.02772423160493459 0.00035087010057153676 -0.026914113583214317 0.022658424342730576 -0.011018694052443415 0.01228931030788467 0.025211504252914102 -0.015298730769789663 -0.031284429143917797 0.044759096939602297 0.003613190732751756 0.0098633013357506231 0.0047666854323974248 0.028663577844763408 -0.0013261811019425512 0.048287326617490731 0.034401249840653382 -0.0012867083894338967 -0.013553115921555545 0.009206167846660061 -0.0038573912609805253 0.026696979317837807 -0.02614383231111694 0.052402967856570927 -0.0016977696131055158 0.021495628112998693 0.050802900657453055 -0.037356237489538667 0.037609759015494633 0.06502046989666363 -0.027098492845732514 0.042715223392548782 -0.018650805521360798 0.037497426995322457 -0.011111543692696743 0.057666892210100733 -0.007050874134948204 0.07311088116530759 -0.021975880741530795 -0.0079687757555301757
leaf_weight=534.77011843770742 223.7342591136694 5559.8571532666683 659.29037450999022 2522.3184168487787 288.9240905046463 2681.373374402523 1049.1039560288191 44.826327793300152 846.70794108510017 1031.2268200516701 152.5734039247036 73.483429864048958 48.780139267444611 541.73881554603577 341.53426298499107 417.15515522658825 69.524273365736008 57.202079087495804 56.42710280418396 70.771673306822777 755.47230023890734 41.422052316367626 83.68558944016695 2306.2133189290762 213.73714537918568 340.25749022513628 599.29285050183535 57.21628874540329 438.96687017381191 67.502715140581131 59.683057904243469 99.674494951963425 2913.8399143666029 576.72690108418465 1191.8629290759563 310.53292535245419 1785.4491740912199 72.875322163105011 100.01642401516438 1121.6416711956263 61.578986778855324 3167.9930287450552 89.342053011059761 363.84528505802155 61.633445680141449 152.40899991989136 158.45110021531582 515.86813600361347 136.83024509251118 98.442838221788406 36.227095209062099 31.237252607941628 31.951778814196587 114.84462217986584 327.87898348271847 39.693148352205753 81.310374103486538 38.701998114585876 69.37996169179678 33.894014656543732 216.81941984593868 1477.967027977109
leaf_count=3685 989 33301 5646 13083 1495 10994 8217 291 6958 7962 909 391 247 3204 1683 2119 338 346 337 331 4833 285 558 11445 1559 2135 3727 377 1780 277 271 436 14183 2710 6302 1488 9494 345 481 6357 297 14462 370 1490 252 646 642 2101 568 632 240 186 203 555 2187 261 565 232 444 207 1262 10094
internal_value=-3.13144e-05 -0.00270306 -0.0115739 4.76018e-05 -0.00209942 0.0178996 -0.0177165 -0.0075731 -0.0148513 -0.0144958 -0.00519315 0.00145409 0.0148944 0.00201601 0.00345674 0.0192743 -0.00692462 0.0045534 0.0181406 0.0275128 -0.00810138 -0.00874625 0.0117559 -0.00240469 -0.00454482 -0.00515492 0.000412413 0.007348 0.0166498 0.0228002 0.0010669 0.0112687 -0.000316286 0.00596141 0.00537338 0.0163118 0.00328737 0.00931964 0.00708581 -0.00424287 0.0174371 0.00765826 0.0245331 0.0135566 0.0118045 0.0263431 0.0180835 0.0324419 0.0277079 -0.0120647 -0.00969943 0.0240135 0.0124737 0.0278051 -0.000712929 -0.00661723 -0.0106016 0.0113616 0.0171548 0.0354637 -0.0139475 -0.0103769
internal_weight=37713.7 32823.7 7768.22 25055.5 15373.7 4889.96 3062.59 4705.63 1381.48 2403.3 8776.13 1813.63 539.419 6597.61 9681.77 490.639 6962.5 647.168 373.147 316.72 6315.33 1354.19 188.297 2847.95 3324.16 3279.33 1587.63 988.332 4666.22 1559.37 6172.24 736.084 5436.16 636.41 3749.66 599.457 3150.2 1364.75 1291.88 1274.22 245.948 3509.53 1491.87 3106.85 2743.01 1402.53 597.418 805.107 652.698 1165.9 1067.45 146.875 115.637 184.369 648.075 487.585 447.891 120.012 160.49 91.1103 274.021 1691.7
internal_count=209465 189356 56651 132705 85877 20109 23929 32722 10643 18283 51623 10023 2757 34254 46828 2510 41600 3466 1858 1521 38134 10066 1232 14649 22079 21788 10135 6408 19120 6384 30683 3417 27266 2981 19605 2983 16622 7128 6783 7266 1190 16145 6107 12736 11246 5737 2422 3315 2669 8834 8202 947 761 893 4273 3245 2984 797 1028 584 1608 11653
is_linear=0
shrinkage=0.05


Tree=29
num_leaves=63
num_cat=0
split_feature=4 0 0 7 13 15 5 13 13 17 2 2 18 3 13 8 18 2 8 4 2 3 5 1 2 11 2 2 8 1 5 12 6 18 5 12 13 6 6 3 3 13 15 1 8 5 9 15 11 15 4 17 4 5 5 15 6 5 7 7 8 6
split_gain=653.518 295.307 82.8013 71.0016 69.0889 58.5577 55.3601 48.1055 45.9631 39.0922 37.1592 36.6131 36.3145 36.5824 39.2202 35.127 42.0521 48.4723 34.3213 32.9436 32.3153 37.4543 36.3677 32.2562 36.6033 31.2142 31.9095 31.1792 30.894 30.4719 30.1608 32.4391 30.0506 29.9758 31.4371 37.3644 29.4788 35.4723 32.3862 45.2233 30.2643 27.6148 31.5376 27.6062 27.3403 30.6267 30.0722 41.3218 28.7286 26.3569 26.3537 26.336 31.6926 56.396 29.2816 26.5379 27.3323 26.2076 30.914 30.523 33.1943 26.1508
threshold=0.097461805939314652 0.036322854143790016 0.054001604880057549 -0.066064120588380612 0.86793072670022087 0.14416267183350318 0.034674076180837517 0.71413389170484021 0.63478942347008327 0.91466048569772973 0.024328626346398975 0.023237896492095036 0.15682237504193228 1.2381669168879028 0.1005419427749525 -0.051935160687884223 0.42279848400167674 0.027753259404410657 -0.12526150837663338 -0.018315018315018302 0.023336571749899858 3.9928073431071143 0.18395094845223262 3.4196256367555402 0.015855146407099511 3.5000000000000004 0.016396713910233628 0.036099691589757031 -0.065858541596422057 1.7576292849768107 0.12342057247120543 2.5000000000000004 0.091745248578291264 0.48984485109601134 0.029890707118967911 1.5000000000000002 0.47743708228905607 0.0062943351612416718 0.0097087394624970642 3.5749984397875991 3.5749984397875991 0.77377742349149148 0.88388301867246788 1.740382264365713 -0.10386011385489234 0.045529128304528051 6.5000000000000009 0.59125025800761832 5.5000000000000009 0.98579879667910331 -0.015237557777061149 0.83641264152016859 0.049413878842248245 0.15853308303330019 0.10693428478551827 0.62304469029642073 -0.018507814172554034 -0.11903185679703597 -0.031249998870266856 -0.028657073070072422 -0.16073583244183423 0.019108280832894401
decision_type=2 8 8 10 8 8 10 10 10 10 10 10 10 10 10 10 10 10 10 2 10 10 10 10 10 2 10 10 8 10 10 2 2 10 10 2 10 2 2 10 10 10 10 10 10 10 2 10 2 10 2 10 2 10 10 10 2 10 8 8 8 2
left_child=1 4 3 9 6 -2 -1 8 11 10 -3 12 -5 51 -15 16 17 -13 27 -10 22 32 41 24 -9 26 -6 29 -12 -4 31 -17 44 34 35 -21 38 -38 39 -16 -39 -7 -43 -29 -22 -46 47 -47 -48 -8 -11 54 -53 -54 55 56 -14 -31 -59 -60 -61 -20
right_child=5 2 18 7 25 20 49 23 19 50 28 15 13 14 36 30 -18 -19 61 33 21 -23 -24 -25 -26 -27 -28 43 -30 57 -32 -33 -34 -35 -36 -37 37 40 -40 -41 -42 42 -44 -45 45 46 48 -49 -50 -51 -52 52 53 -55 -56 -57 -58 58 59 60 -62 -63
leaf_value=-0.016277782731368089 0.042146828613830782 -0.010426115871876952 -0.020225702229514513 0.039697315269268028 -0.038879187761887063 0.01222717484341313 -0.0061067987053539594 -0.027583099513774075 -0.019970261990279611 0.046596872160611251 0.0018407159884848458 0.040772912663124279 0.030399976891982414 -0.01360071597085892 0.016256278322713102 0.015050761615400835 -0.005487104883622757 -0.004738791712927834 0.0053498790027704619 0.022310532137910524 0.01364744614054203 -0.014568814133688841 0.022537894314233052 0.035537958128835187 -0.0050068989643788989 -0.04394693028028502 -0.015570390816037439 0.0038509103768339099 -0.021377946405890066 0.011340697844458519 -0.0016981996892509105 0.058585315277400601 0.052511048595138644 0.0087779289974341951 0.016989269718621452 0.092150560333626813 -0.014691329398501988 0.0021650529711605341 -0.0058078715095474034 -0.013799235206639355 0.051296710719030442 0.0050778624909887573 -0.029619354137540868 0.027733111156796227 -0.010361197943783493 0.045544740581359301 0.068089611899867383 0.016699778445113115 0.02173279673489616 0.027045388011330641 -0.003417979685033979 -0.0033563770687880926 0.054212086229204315 -0.013234758148221462 -0.033046194972840136 -0.024112157839002637 -0.0059563580214728341 -0.0016679669161048178 0.047680097953928989 0.020578298532085398 -0.0092246932221409089 0.017944003649035457
leaf_weight=2124.1417086347938 220.86910055577755 3874.3115284740925 181.42257143557072 50.912015289068222 187.95438896119595 1979.7034793198109 2433.8842638880014 191.3352907449007 74.659315913915634 54.412371039390564 1222.1223741173744 118.06943733990192 51.901532396674156 327.20856131613255 1012.7632697373629 696.70774652063847 860.21216107904911 114.65052814781666 3314.8725506812334 41.606698453426361 613.11462055146694 67.393394947052002 741.28655216097832 45.376120880246162 2716.4074160978198 173.92351862043142 673.80878888070583 328.9754945486784 161.27388806641102 509.93320000171661 272.11185267567635 44.774119108915329 82.982685267925262 654.59371013939381 169.90994973480701 35.89426164329052 340.68272452056408 157.16411130130291 302.59195503592491 142.01139518618584 38.182165697216988 303.95261633396149 82.40941047668457 190.76864214241505 48.992465451359749 176.18570692837238 89.635756745934486 422.54138448834419 54.993498757481575 60.493104226887226 49.954034894704819 288.02418592572212 74.451642602682114 52.044340252876282 108.47930693626404 199.168949842453 2306.611220702529 4817.0009770840406 52.493737950921059 208.25142401456833 167.98989424109459 470.08485722541809
leaf_count=16970 989 24563 934 288 1909 8110 17143 1148 433 276 6628 581 297 1744 5548 3256 4582 577 15317 244 2485 277 3032 230 15522 1557 5709 1607 1039 2409 1219 201 354 3499 902 205 1851 842 1595 753 194 1246 348 859 199 740 373 1721 235 365 248 1524 375 251 611 1143 13700 24463 237 925 770 2113
internal_value=-3.12482e-05 -0.00257609 -0.000406787 -0.00256173 -0.0129685 0.0170284 -0.0103471 -0.00034422 0.00155897 -0.00731189 -0.00791489 0.00023944 -0.00192365 -0.00232324 0.00241732 0.00583629 -0.000382837 0.018427 0.00313859 0.0117605 0.0158299 0.0217157 0.0128769 -0.00584366 -0.00650143 -0.0246369 -0.0206933 0.000922173 -0.000879561 -0.000106736 0.012536 0.0177549 0.0233673 0.0144061 0.0292018 0.0554185 0.00505212 -0.004967 0.0087381 0.0125514 0.0119806 0.00984188 -0.00238027 0.0126531 0.0216104 0.0277472 0.0302693 0.0252497 0.0507333 -0.00529228 0.0228525 -0.00589381 0.0058199 0.0265762 -0.00771649 -0.00662969 -0.00514375 0.000530831 -0.000521948 0.0123279 0.00728223 0.00691837
internal_weight=37630.6 32746.6 27092.4 16850.6 5654.21 4884.06 4618.52 11488.5 8535.39 5362.07 5257.71 7558.72 5452.2 5401.29 2320.6 2106.53 1092.93 232.72 10241.8 976.664 4663.19 1555.84 3107.35 2953.12 2907.74 1035.69 861.763 6456.84 1383.4 5937.09 1013.59 741.482 1488.45 902.005 247.411 77.501 1993.4 536.029 1457.37 1154.77 195.346 2366.07 386.362 519.744 1405.46 792.349 743.356 598.727 144.629 2494.38 104.366 3080.68 414.52 126.496 2666.16 2557.68 2358.51 5755.67 5245.74 428.735 376.241 3784.96
internal_count=209465 189356 145703 96069 43653 20109 34478 63315 46415 32754 32230 41132 30716 30428 12527 10416 5740 1158 49634 5283 19120 6384 12736 16900 16670 9175 7618 32204 7667 29738 4676 3457 6107 4850 1351 449 10783 2887 7896 6301 1036 9704 1594 2466 5753 3268 3069 2461 608 17508 524 17901 2150 626 15751 15140 13997 28804 26395 1932 1695 17430
is_linear=0
shrinkage=0.05


Tree=30
num_leaves=63
num_cat=0
split_feature=4 0 0 8 13 15 2 2 14 1 0 16 13 13 3 16 19 2 2 15 14 18 3 16 19 8 2 8 17 14 19 13 13 19 12 19 13 9 6 11 6 16 6 14 2 9 5 15 9 14 8 13 13 18 19 8 18 0 0 9 3 14
split_gain=589.111 292.244 82.3368 86.5686 63.1607 48.2867 45.091 43.9127 51.8868 42.7429 45.2337 39.7779 37.7449 36.4918 36.4715 39.0831 35.8112 58.8954 103.932 35.6675 34.53 37.182 33.0339 32.6544 31.1182 31.0798 32.3692 63.3976 49.8226 41.0017 35.309 33.9171 32.1678 31.7698 30.7586 30.6986 39.6126 29.2717 29.1072 28.3503 29.118 32.5276 28.2256 27.9849 27.8233 31.5624 39.6925 39.9277 30.2466 28.1259 27.8122 34.2887 33.7318 27.7387 27.2765 45.6808 38.8302 26.5681 26.485 34.5173 37.0352 28.6049
threshold=0.097461805939314652 0.035903541678320765 0.054710361408750637 -0.080539304558305089 0.89146292983502307 0.14416267183350318 0.024268382718257913 0.015160981860694056 0.70214407670081436 2.1567758851631775 0.042329541181850283 0.6366492525529005 0.84451560539095338 0.52515258084924277 0.67953560065068375 0.1357571387880083 0.60422253196261433 0.031827200496059742 0.034396249380162246 0.64677757998995855 0.27404851947215975 0.95671528658056126 1.0015625841066802 0.56962906808645686 0.96565252323902129 -0.032540498994008953 0.017124567590068959 -0.078680836949832564 0.43403974625273684 0.20667810177244142 0.12443350242686878 0.24344001815911934 0.49327655624668504 0.68706638252872099 1.5000000000000002 0.43777300906056277 0.20763587337162071 5.5000000000000009 0.050413336066133747 5.5000000000000009 0.0086812406822766048 0.98976975405546852 0.0012150668286755597 0.13174675009688061 0.019718370955281669 6.5000000000000009 0.10472318135715099 0.89937352211069588 9.5000000000000018 0.71017839853757947 -0.068576506059874462 0.20763587337162071 0.32674928600571201 0.93204414261460122 0.23962100933603189 -0.041489813807520141 0.9151053093462046 0.032161651414996356 0.044328229416643578 8.5000000000000018 2.1588079407013683 0.87635554566225393
decision_type=2 8 10 10 8 8 10 10 8 8 8 2 8 10 10 2 8 10 10 8 10 10 8 2 10 10 10 10 10 10 10 10 10 10 2 10 10 2 2 2 2 2 2 10 10 2 10 10 2 10 10 10 10 10 8 10 10 10 10 2 8 10
left_child=1 4 3 7 6 -2 23 -3 12 -10 34 38 16 19 -5 -16 17 -9 -19 35 21 53 -21 37 43 26 30 29 -29 -28 -25 -31 33 -30 -11 36 -7 -1 -4 40 41 -22 -43 -17 45 -24 47 -47 -46 -48 51 -45 -53 -15 -8 -56 -57 -6 59 -52 -61 -60
right_child=5 2 11 14 57 13 54 8 9 10 -12 -13 -14 20 15 24 -18 18 -20 22 39 -23 44 25 -26 -27 27 28 32 31 -32 -33 -34 -35 -36 -37 -38 -39 -40 -41 -42 42 -44 50 48 46 49 -49 -50 -51 58 52 -54 -55 55 56 -58 -59 61 60 -62 -63
leaf_value=-0.014300622441577033 0.039063705941667644 -0.021346321177512305 0.00065191569183681514 -0.0021675348101143784 -0.034008047843762539 -0.010473194870771316 0.041749911133440759 -0.0045308051070150927 0.02289653751675394 0.0033737279985523055 -0.0020497771712505294 0.0080850361911139635 -0.0156945271125974 -0.018904811724284026 -0.016467548452987056 0.025268326176451916 -0.013237902857796375 0.051392719446638396 -0.036791158479001863 -0.024081839024208483 0.0010170860676453556 -0.049426291245153645 0.016547284235435791 0.028359181984379672 -0.014623862164509303 -0.01601440219923558 -0.016466758482973163 0.0862245799619792 0.033839797413162162 -0.020892087886472368 -0.018478103856664551 0.031588335339920739 0.047316051616478033 -0.029727280540233075 0.068408489434675313 0.036351896951476788 0.03150428116268162 -0.035109658665386949 0.026044648680213608 0.036901929526123978 0.018162794401657422 0.051377971379449931 0.0032185116695361074 0.052637737972202052 0.019185715112805254 -0.050146828951707495 -0.0033382457742282207 0.0031619590389735095 0.053042567728073003 0.039500238571826031 -0.0020713239197890768 -0.025742086761299028 0.019520614476077856 0.031635540994927984 -0.017874404073974903 0.0035063825404025614 0.060326035032074558 -0.016248045905519145 0.010056173818755535 0.066935387705701968 -0.00054101689077866238 -0.023939118926155391
leaf_weight=2423.1524281799793 216.75969690084457 422.04985251277685 6470.3673486560583 3712.6268297284842 458.16789957135916 97.094832107424736 46.478602781891823 5446.4028998166323 228.74190990626812 34.133310467004776 1506.9718038439751 2945.0402020514011 1004.9470135420561 60.885092407464981 207.05748685449362 192.37171258032322 1177.3628079593182 114.89106199145317 46.11989626288414 50.870411306619644 851.50223970413208 47.303019732236862 536.95000523328781 45.176112793385983 177.65000750124454 534.55924939364195 252.37066620588303 33.284846097230911 33.599048927426338 42.409986272454262 316.32125484198332 106.05133648216724 55.025125429034233 44.517146714031696 38.168866559863091 440.61708980798721 131.17387588322163 181.32645910978317 113.86030542850494 103.10263977944851 648.02801595628262 63.383434310555458 57.951023563742638 61.735869169235229 1174.3810786306858 68.253907486796379 98.716433808207512 71.049083530902863 69.325155586004257 61.477185651659966 1497.9076027572155 48.817970022559166 238.1519502773881 47.380756959319115 152.95781903713942 94.117373116314411 43.278249852359295 395.21866579353809 1575.1608846634626 37.530230611562729 43.029149353504181 63.478760600090027
leaf_count=19558 984 2642 32046 20595 4632 398 299 33060 1171 217 8237 13428 6558 263 1141 1014 7174 523 279 207 3478 201 2183 323 901 3777 1835 247 214 265 2311 714 396 296 223 1856 534 1490 535 427 2657 257 236 311 4789 283 406 298 286 249 8234 257 1268 196 967 567 218 3189 7433 203 228 297
internal_value=-0.000144803 -0.00256942 -0.00049758 -0.00249859 -0.0133656 0.016027 -0.0109489 -0.00557929 -0.00488381 0.00274586 -0.000185406 0.00325585 -0.0066548 0.0149518 0.00143108 0.00465571 -0.00531373 -0.00364787 0.0260622 0.0185702 0.00955452 -0.0129452 0.0153953 -0.0124046 0.00577087 -0.00642169 -0.000889175 0.0065591 0.0324012 -0.00422452 -0.0125628 0.0165571 0.0184031 -0.0023039 0.0381709 0.0286471 0.0136812 -0.0157623 0.00109492 0.0115912 0.00995943 0.00448196 0.0285907 0.00673856 0.0163718 0.00930394 -0.00369409 -0.0231289 0.021114 0.0132449 0.0057321 0.0191254 0.0117581 0.00330044 0.00661563 0.000867485 0.0217106 -0.0258117 0.0042749 -0.000347907 0.0313295 0.00872544
internal_weight=37558.8 32662.6 27404.6 17875.3 5258.01 4896.2 4404.63 10019.8 9597.74 1808.02 1579.27 9529.27 7789.72 4679.45 7855.52 4142.89 6784.78 5607.41 161.011 2799.91 1879.54 155.569 2131.02 4067.79 3935.83 1463.31 928.756 567.258 166.426 400.832 361.497 148.461 133.141 78.1162 72.3022 668.886 228.269 2604.48 6584.23 1723.97 1620.86 972.837 121.334 3758.18 2080.15 836.447 299.497 139.303 1243.71 160.194 3565.81 348.706 286.97 108.266 336.832 290.353 137.396 853.387 3217.11 1578.47 80.5594 1638.64
internal_count=209461 189273 147975 101966 41298 20188 33477 60084 57442 9848 8677 46009 47594 19204 41882 21287 41036 33862 802 11489 7715 660 8701 31426 20146 10378 6601 3967 1153 2814 2634 979 906 510 440 2788 932 21048 32581 7055 6628 3971 493 19245 8494 3419 1236 581 5075 655 18231 1836 1525 459 2051 1752 785 7821 16395 8665 431 7730
is_linear=0
shrinkage=0.05


Tree=31
num_leaves=63
num_cat=0
split_feature=4 0 0 8 13 15 2 2 14 19 7 14 7 19 4 13 9 13 7 2 13 15 0 2 10 8 13 2 2 13 3 3 5 1 19 3 10 2 5 13 8 13 0 3 15 2 1 4 7 19 3 7 19 15 18 7 5 2 8 0 9 11
split_gain=532.886 267.156 74.4991 77.0337 59.3369 44.8836 41.4967 41.3712 48.8688 38.3895 51.3019 45.3301 38.2208 36.2146 45.4438 42.1713 41.4602 36.7523 34.84 34.6096 45.6087 38.8239 38.6215 34.7018 40.3404 120.475 34.5183 34.4175 42.7343 33.6614 45.3161 33.5555 37.3961 53.9154 35.5098 36.7232 49.1938 32.7458 31.0216 30.5219 44.6675 43.1978 32.0264 29.7744 33.0077 28.9615 39.5998 28.4942 28.4342 31.1907 27.8102 53.3655 27.2534 26.9977 41.055 33.1816 28.1895 32.8274 29.039 30.0796 26.8215 34.1209
threshold=0.097461805939314652 0.035903541678320765 0.055114234796473476 -0.080539304558305089 0.89146292983502307 0.14416267183350318 0.023366724855946545 0.015160981860694056 0.4525351384580994 0.5603116116776915 -0.067399642840454507 0.76226622282118328 -0.068109781608233597 0.86422817383443118 0.054054054054054064 0.51732467532467541 5.5000000000000009 0.33085315263445386 -0.039176785249587891 0.021890372676806141 0.67492004618418511 0.86379953679876487 0.044450011624512634 0.020300935618431059 3.5000000000000004 -0.026981272125156993 0.89936271457193928 0.020217215408749312 0.016396713910233628 0.30680875923413242 3.9295565947683984 -0.31583944902233868 0.055929490291000257 1.888132689784745 0.51308373803027607 0.80205244084977967 1.5000000000000002 0.021838952080671343 0.30150547105144804 0.52515258084924277 -0.13558297779985348 0.71413389170484021 0.049869528357949854 2.0451754370629054 0.56781690068246027 0.036507754008018992 1.740382264365713 0.093040932364006693 -0.0017857142857143347 0.2356600366846269 2.4119917758700224 -0.0186915869682962 0.31483534532315027 0.94657621129408576 0.64709712009803932 -0.018983050847457602 0.041776617348418983 0.029362810397847255 -0.1722386531063618 0.040704772397630956 9.5000000000000018 5.5000000000000009
decision_type=2 8 10 10 8 8 10 10 8 10 10 10 10 10 2 8 2 10 8 10 10 10 10 10 2 10 10 10 10 10 10 10 10 10 8 10 2 10 10 10 8 10 10 10 10 10 10 2 10 8 10 10 10 10 10 10 10 10 10 10 2 2
left_child=1 4 3 7 6 -2 12 -3 26 10 -10 31 -1 14 27 17 -17 -16 45 23 -21 -22 -23 24 47 -26 53 28 -14 30 60 -12 33 -33 35 -35 43 39 -31 40 -13 42 -41 44 -37 46 -4 -5 49 -8 -25 -52 -34 56 -55 -56 57 58 -9 -60 61 -7
right_child=5 2 18 19 -6 29 48 8 9 -11 11 37 13 -15 15 16 -18 -19 -20 20 21 22 -24 50 25 -27 -28 -29 -30 38 -32 32 52 34 -36 36 -38 -39 -40 41 -42 -43 -44 -45 -46 -47 -48 -49 -50 -51 51 -53 -54 54 55 -57 -58 -59 59 -61 -62 -63
leaf_value=-0.024813455128262069 0.037612165203127441 -0.020542004208444035 -0.025945133810038042 -0.00064980983334249484 -0.025020972344221921 0.022498073668919483 0.036162319481871465 -0.013342485774906425 -0.0047525303333908371 -0.013329968156382033 -0.017697849883818693 -0.020041224998060533 -0.016518740282059859 -0.021586148557707793 0.012632662858503677 0.0080211554377562881 0.077242756541348823 -0.03615795544583867 0.0091799641314823498 0.0098638110426230684 -0.0061269862944883166 -0.0050600670297322363 0.045176639964833488 -0.014096992511056958 -0.025758443335381406 0.083846777877405104 -0.021850908069146375 -0.021175214915023 -0.0015809986207282432 0.0095610837402142681 -0.0025634300147104713 0.045969544678188402 0.0046221738923560287 -0.0037727491714691225 -0.033993729498701629 0.055706483993713418 -0.017180084256993321 0.043436766153927414 0.032833579664938356 0.082748218969450352 0.033774552386195526 0.0043043346612183534 0.020413876424448141 0.053067831455773908 0.0032620918151993771 0.028527321354438692 0.0017453529395916999 0.035571423355185809 0.032892677708385713 -0.0076977883886003174 0.033827568701840026 -0.026315881358686261 -0.013102487697106294 -0.0080683128590749425 0.062116887787628063 0.0029106979589642451 -0.013244869926470539 0.010256814448416661 -0.010715422589328606 0.0076287043776745557 0.04780587282842199 -0.0095693092504097275
leaf_weight=509.84180132299662 213.9790428429842 420.97194954007864 130.50816403329372 3695.237810537219 836.90029390156269 1444.1456073224545 46.252392292022705 897.49473657459021 2580.8748935461044 599.46555857360363 193.1285405009985 119.74249368906021 746.78354005515575 576.17427036911249 127.77486504614353 46.873385384678841 39.588912412524223 54.120112396776676 1916.6796400696039 2042.6866671293974 1004.4827238768339 73.701248899102211 78.150205507874489 752.0319882184267 46.934575065970421 51.937232464551926 435.92706205695868 534.5842355415225 1331.6961326226592 2689.3928924798965 206.28798025846481 103.99162784218788 543.12464444339275 245.80360428988934 47.351414710283279 40.432553634047508 63.158292770385742 107.86156293749809 150.48205325007439 42.293027117848396 55.653661921620369 102.43800912797451 40.974878624081612 99.61946265399456 109.25752927362919 97.581223204731941 7095.4940902143717 54.105857089161873 72.604307942092419 284.17450080066919 89.553956553339958 61.297464415431023 359.64962632954121 135.49756579101086 50.175309404730797 44.212956637144089 1528.154177621007 325.29998847842216 405.73437080532312 494.96720953285694 96.512995377182961 87.472045823931694
leaf_count=4208 984 2664 677 20723 7821 5933 313 6003 15226 3363 1171 622 6237 4365 733 308 255 356 8485 9770 5321 383 350 4245 239 255 3005 4157 10330 11040 851 572 2902 1507 278 240 363 523 624 217 287 526 203 563 647 451 34907 237 370 1845 461 321 1988 786 270 240 9234 1856 2805 3089 398 358
internal_value=-0.000139001 -0.00244812 -0.000473852 -0.00233497 -0.012828 0.0152537 -0.0104879 -0.00521204 -0.00454962 -0.00140348 7.14661e-05 0.00554498 -0.0120406 -0.0101505 -0.00785715 0.0117054 0.0402368 -0.00200258 0.00318034 0.00135406 0.00537362 -0.00256005 0.0209206 -0.00135297 0.000717611 0.0320801 -0.00852332 -0.0098699 -0.00695339 0.0142223 0.0195033 0.00194339 0.00430548 0.0128857 0.00713849 0.0106818 0.0220282 0.0193775 0.0108054 0.0120909 -0.00287067 0.0261616 0.0526807 0.0319899 0.0177034 0.00160912 0.00124172 -0.000117765 0.00478821 -0.00146777 -0.0101691 0.00937632 -0.00244571 -0.00702129 0.00956814 0.034705 -0.00806799 -0.00433802 -0.0069825 -0.000637399 0.0222991 0.0206616
internal_weight=37479.3 32591 27383.6 18143.4 5207.37 4888.27 4370.47 10193.3 9772.28 5454.82 4855.36 2274.48 3967.44 3457.6 2881.42 268.357 86.4623 181.895 9240.26 7950.12 3199.02 1156.33 151.851 4751.1 3848.22 98.8718 4317.46 2613.06 2078.48 4674.29 1834.42 1805.52 1612.39 709.614 605.623 558.271 312.468 468.964 2839.87 361.102 175.396 185.706 83.2679 249.31 149.69 7323.58 7226 3749.34 403.031 330.427 902.883 150.851 902.774 3881.54 229.886 94.3883 3651.65 2123.5 1798.2 900.702 1628.13 1531.62
internal_count=209461 189273 147975 103455 41298 20188 33477 61150 58486 31198 27835 12609 30949 26741 22376 1652 563 1089 44520 42305 15824 6054 733 26481 21454 494 27288 20724 16567 19204 7540 10231 9060 4170 3598 3320 1813 2378 11664 1855 909 946 420 1450 887 36035 35584 20960 2528 2158 5027 782 4890 24283 1296 510 22987 13753 11897 5894 6689 6291
is_linear=0
shrinkage=0.05


Tree=32
num_leaves=63
num_cat=0
split_feature=4 0 0 8 13 15 2 14 2 7 19 4 13 13 13 19 1 2 19 5 7 8 2 1 7 13 15 14 14 1 0 19 13 6 5 17 15 13 5 19 0 18 13 11 2 1 14 13 8 4 0 19 7 8 10 2 1 14 19 7 12 7
split_gain=481.835 244.078 67.2994 69.8318 55.6125 41.7465 38.0413 45.1564 37.9416 36.2701 38.2522 34.635 37.0703 36.5712 36.3977 33.4635 32.1118 31.3889 47.9349 36.9546 72.664 36.1893 36.1175 33.2318 31.3197 31.0547 33.7229 31.2281 30.7383 45.3438 40.2909 28.6989 51.3702 30.95 27.3716 27.5402 27.6002 26.8917 26.8557 26.4622 34.4155 26.4356 29.7653 30.8695 29.4965 26.3056 54.4915 26.2217 26.2065 32.1834 26.1898 26.0559 32.1206 32.3852 26.5217 25.879 36.1699 25.6108 26.0637 25.5907 25.5054 25.3205
threshold=0.097461805939314652 0.035903541678320765 0.055114234796473476 -0.080539304558305089 0.89146292983502307 0.14416267183350318 0.015160981860694056 0.39326952968867973 0.023366724855946545 -0.051690795026502916 0.86422817383443118 0.054054054054054064 0.52917724196277505 0.33085315263445386 0.7260376507259455 0.033234811309222366 1.7219778378376749 0.022606708893796294 0.72610607809676775 0.15020744721399995 -0.056922705851794091 -0.020507223499698465 0.029488768802778721 2.8716375556530602 -0.039176785249587891 0.52515258084924277 0.95034070365734957 0.27404851947215975 0.70214407670081436 2.1567758851631775 0.042329541181850283 0.94910842032748677 0.32299510800857478 -0.00062460836468058989 0.27903114050030592 0.9541342838777539 0.7926923950916529 0.96605221429380461 0.13150709537317842 0.88793769653040566 0.06403792459378288 0.9508217027643554 0.6588727498733945 4.5000000000000009 0.025994780398285667 2.5263680279121115 0.42509431413716786 0.89936271457193928 -0.11153335711325256 0.033782196096408652 0.032161651414996356 0.23962100933603189 -0.014898134029382335 -0.24940860788910554 1.5000000000000002 0.036507754008018992 1.740382264365713 0.67436193521643883 0.27515561840558939 -0.037064222852002275 1.5000000000000002 -0.0017857142857143347
decision_type=2 8 10 10 8 8 10 8 10 10 10 2 10 10 10 8 8 10 10 10 10 10 10 10 8 10 10 10 8 8 8 10 10 2 10 10 10 10 10 8 10 10 10 2 10 10 10 10 8 2 10 8 10 10 2 10 10 10 8 10 2 10
left_child=1 4 3 6 8 -2 -3 47 9 -1 11 15 13 -13 -14 -11 48 19 22 45 -21 -20 37 34 55 26 -7 -27 51 -30 60 33 -33 -23 35 36 -22 -19 -35 -26 -41 44 -43 -44 57 -5 -47 -8 -9 -50 -6 52 53 -18 -54 56 -4 58 -29 -24 -31 -10
right_child=5 2 24 17 50 25 7 16 61 10 -12 12 14 -15 -16 -17 28 18 21 20 23 31 59 -25 39 27 -28 41 29 30 -32 32 -34 38 -36 -37 -38 -39 -40 40 -42 42 43 -45 -46 46 -48 -49 49 -51 -52 -53 54 -55 -56 -57 -58 -59 -60 -61 -62 -63
leaf_value=-0.020644897180206435 0.036219657529963444 -0.019763213451799114 -0.02496371559495766 -0.0055299793619050233 -0.032594832791362896 0.019708607450730088 -0.0074088118256873227 0.017028034513212161 -0.0013948524413157266 0.046964262554200636 -0.020729484851010498 0.013003758566999497 0.067706897156428816 -0.035860719324866341 0.0010004807265850584 -0.0090184824375352229 -0.010479582915907937 0.01126838714915487 -0.009045653605285614 0.066757095226789451 0.0057702838977025175 0.041814583111042698 0.015860652259166871 -0.020306013933645558 0.013190133343292488 -0.012878032818678099 0.0062380799920513305 0.018667383728472851 0.023023092737787628 0.0033805981331201714 -0.0021602077077411217 0.03318354664443731 -0.031149304819208908 0.015440123235489669 0.046461497197293325 -0.0081832601399076249 0.041121629549130845 -0.026067421690623191 -0.0099728618997957028 -0.0077542133844166507 0.014767579836888476 0.0029698693632338232 0.02045291499420792 0.056937444944743135 0.020638135855264444 0.039256135521172623 0.00016004442018078684 -0.021458679257504165 -0.03895313472031528 0.021147183594512814 -0.014641575292575018 -0.0086223817980550805 0.042210979605498085 0.0045647902673201157 -0.0051500104743661367 0.026849451666439397 0.0016568630818075093 0.0072003820992902175 -0.019889074398581105 0.066315748409377623 0.062080513354414328 0.030863676223298983
leaf_weight=855.78937382251024 211.20549203455448 415.8551597520709 128.93706320226192 2852.2860484644771 437.52844086289406 2202.9210850894451 3088.1007039397955 360.99776833504438 330.1603587269783 26.040080681443214 566.69434612244368 124.101417273283 45.65844202041626 54.183336064219475 36.458740815520287 2225.0152822956443 666.29020822048187 1247.023902207613 698.2445339858532 51.276609420776367 167.62649430334568 75.238017246127129 52.141581058502197 103.84395188093185 1210.8937288075686 155.21876166760921 590.24747642874718 55.34156708419323 233.11938002705574 34.125576436519623 1592.4146581590176 42.850511938333511 105.57492108643055 331.40765263140202 47.356151953339577 179.08712927997112 81.630422353744507 49.2425147742033 150.4525139182806 433.62210035324097 277.20611752569675 174.48575627803802 275.02952934801579 73.353838965296745 277.62813782691956 93.47809062898159 1573.3210649117827 371.59758859872818 50.704499512910843 38.28139066696167 383.79981172084808 2374.4630861803889 75.929583355784416 770.18078304827213 47.683723717927933 98.532400816679001 7100.6457652151585 668.74252523481846 198.18254090845585 49.056531578302383 39.745226889848709 73.548994965851307
leaf_count=7078 984 2664 677 16726 4632 9069 19521 1817 2158 188 4355 704 284 363 238 17739 4034 5973 3514 245 860 357 239 488 5275 660 2420 231 1177 217 8688 189 526 1627 224 889 399 274 696 1971 1239 717 1133 302 1137 514 8342 2610 280 196 3189 14415 418 4633 257 451 34907 2709 826 223 223 370
internal_value=-0.000133797 -0.00233288 -0.000451736 -0.00222391 -0.0123074 0.0145109 -0.00497039 -0.00433708 -0.0100442 -0.011542 -0.00900538 -0.00635271 0.0108815 -0.00196406 0.0384587 -0.00835031 -0.00181087 0.00128557 0.00554416 -0.00103147 0.0102953 -0.000982285 0.0120961 0.00519333 0.00301794 0.0135218 0.0168653 0.00854264 -0.00280413 0.00241858 -0.000476149 0.0069994 -0.0124786 0.0122019 0.0107907 0.00674802 0.0174657 0.00983108 0.00750114 0.00869773 0.00103716 0.010479 0.0198529 0.0282759 0.00638104 -0.00261451 0.00237487 -0.00892364 0.0110442 -0.0131505 -0.0242334 -0.00532537 -0.000304976 -0.0024158 0.0240468 0.00152749 0.00117871 0.00207155 -0.0114323 0.0407287 0.0353707 0.00454384
internal_weight=37401.8 32519.4 27360.5 18110.6 5158.98 4882.36 10159.5 9743.63 4337.65 3933.94 3078.15 2511.46 260.402 178.285 82.1172 2251.06 6283.94 7951.14 2801.23 5149.91 630.821 1403.77 1397.46 579.544 9249.84 4671.15 2793.17 1877.98 5833.95 1899.4 1666.29 705.524 148.425 557.098 475.7 428.344 249.257 1296.27 481.86 1921.72 710.828 1722.76 522.869 348.383 1199.89 4519.09 1666.8 3459.7 449.984 88.9859 821.328 3934.55 1560.08 1436.47 123.613 7328.12 7229.58 922.267 253.524 101.198 73.8708 403.709
internal_count=209461 189273 147975 103455 41298 20188 61150 58486 33477 30949 23871 19516 1589 1067 522 17927 36355 42305 13618 28687 3105 6909 6709 2860 44520 19204 11489 7715 34062 10305 9128 3395 715 2680 2372 2148 1259 6247 2323 8485 3210 7055 2152 1435 4903 25582 8856 22131 2293 476 7821 23757 9342 8667 675 36035 35584 3766 1057 462 440 2528
is_linear=0
shrinkage=0.05


Tree=33
num_leaves=63
num_cat=0
split_feature=4 0 0 4 13 13 12 11 3 7 19 3 2 10 2 6 5 19 8 2 7 8 15 19 10 7 6 13 15 14 11 6 7 8 18 2 9 2 11 0 19 4 13 9 9 8 14 11 14 2 11 4 11 5 13 19 4 19 5 8 1 1
split_gain=435.758 222.913 61.4368 54.8697 52.1315 51.2472 44.9529 43.1386 42.5867 40.8282 42.7316 39.8655 39.6816 46.6274 41.6892 40.0606 36.0265 35.6098 37.34 34.8473 36.0506 34.5945 34.3932 36.5457 34.1739 33.5543 33.3421 31.7162 35.4149 32.6282 32.458 31.5762 30.7619 36.3995 32.6446 30.5861 33.5272 30.3597 47.1563 37.7307 30.2608 34.2016 33.5475 34.3422 30.2913 30.1533 30.8449 31.3362 30.5991 30.0256 29.9488 29.8514 29.7836 29.7164 29.4075 29.3073 29.0575 28.807 28.2628 27.9239 38.9535 27.429
threshold=0.097461805939314652 0.035903541678320765 0.046543045788106148 0.020357757766908961 0.89146292983502307 0.70259556365088083 2.5000000000000004 5.5000000000000009 4.0570900501903147 -0.066666666666666693 0.15229155726705179 -0.37243366990971233 0.024328626346398975 1.5000000000000002 0.025265646839615716 0.037037138474228189 -0.092072261642689376 0.93693281947395302 -0.033911374771489471 0.024268382718257913 -0.068109781608233597 -0.21980840273889876 0.54419540710977188 0.72234242902352064 2.5000000000000004 -0.099999999999999908 0.011122345969721616 0.51732467532467541 0.64677757998995855 0.27404851947215975 5.5000000000000009 0.0086812406822766048 -0.14767243639281544 -0.033911374771489471 0.81684607414229804 0.019718370955281669 9.5000000000000018 0.017909428499879716 4.5000000000000009 0.033198054510007673 0.86422817383443118 0.054054054054054064 0.52124099007951707 5.5000000000000009 5.5000000000000009 -0.076815633603273356 0.75016733601070962 4.5000000000000009 0.40519679097660755 0.030338905914821291 5.5000000000000009 -0.091899947954441827 4.5000000000000009 0.063108041465127732 0.33085315263445386 0.14005418921495302 0.012195122367638757 0.33859523270155306 0.10575899437680848 -0.12180507263890654 2.6411426410105938 3.0091789625605263
decision_type=2 8 8 2 8 8 2 2 10 10 8 8 10 2 8 2 10 8 10 10 10 10 10 8 2 10 2 10 8 10 2 2 10 8 10 10 2 10 2 8 10 2 10 2 2 10 10 2 10 10 2 2 2 10 10 10 2 8 10 10 10 10
left_child=1 4 5 12 19 8 45 52 9 49 26 25 13 15 -14 16 51 18 -7 20 -1 -12 23 -15 -20 -2 -11 28 59 -29 31 -31 56 34 -34 37 50 39 -39 -30 41 44 54 -44 58 46 -5 -48 -47 -3 -37 -4 -8 -10 -43 -46 -16 -18 -22 60 -13 -23
right_child=11 2 3 6 -6 17 7 -9 53 10 21 27 14 22 32 -17 57 -19 24 -21 40 61 -24 -25 -26 -27 -28 29 35 30 -32 -33 33 -35 -36 36 -38 38 -40 -41 -42 42 43 -45 55 48 47 -49 -50 -51 -52 -53 -54 -55 -56 -57 -58 -59 -60 -61 -62 -63
leaf_value=-0.02337515901715961 0.0042617266000588017 -0.0094535782715949052 -0.022431757604918154 -0.0029161085349236129 -0.023469183242672127 -0.010689717075680906 0.017766426531483442 -0.013375146340624689 -0.0053524598369765388 0.019909690033378145 -0.019762871882932919 -0.0081756085899150274 0.018480026640284596 0.01127926560894545 0.010927599295951567 0.021644084276822125 -0.011840048014078348 -0.026291789096408658 -0.0008617948720069503 0.0057655208876698982 -0.0079260806884381869 -0.0007614760208817942 -0.0066150618279711458 0.053438538536927031 0.03628028350645815 0.042611844388725229 -0.019461889456815238 -0.013738511870032286 -0.020218234914153397 0.0021494979740379551 0.035786547976952847 0.01645435245049327 -0.00080596638073443527 -0.017687110621322315 0.043644925062060885 0.01796148621952896 0.052160343791115928 0.0064539742033162852 -0.035195552522156497 0.018350794117164389 -0.019611851659089956 0.0097820678765951699 0.0053254207160854973 0.066683069642131262 0.022552003888531853 0.022680678494474773 0.0041424245319690075 0.038805476696841805 0.0057626853728165121 0.026053138600670978 -0.015655354924492607 0.010830042393892382 0.049236682841281923 0.044186786955455026 -0.034200793405275341 -0.027862105412247623 -0.015870282646462213 -0.0037109053584714947 0.019434366357311994 0.034616071607352437 0.033708037245036633 0.020111227444507117
leaf_weight=506.87451634556055 79.234210565686226 1759.7134755402803 77.961517587304115 2421.3953181803226 806.20158495008945 1999.709449455142 252.48619300127029 79.062419205904007 46.342018485069275 409.50256419181824 232.50525384396315 112.81401278078556 390.91765269637108 358.11798447370529 900.54534028470516 132.2076059281826 2118.4830135554075 271.05963750183582 590.11479922384024 338.66644198447466 2187.0768666490912 4667.2544753775001 231.71528561413288 59.220924943685532 68.186051204800606 204.81410536170006 61.065294936299324 161.6492163091898 72.900957211852074 963.00589191913605 110.58696034550667 642.99158047139645 1319.9361949265003 339.78313510119915 41.63723036646843 1123.0297581255436 66.961723893880844 214.62699213624001 98.29381588101387 451.3238478153944 570.95018599182367 135.14629064500332 48.443119943141937 42.411381736397743 31.182289823889732 296.48890154063702 2259.3518451303244 66.160646140575409 2649.1988759636879 60.681953683495522 69.657955050468445 463.42444388568401 107.40331657230854 85.232419654726982 51.726850494742393 295.92975903302431 113.05322724580765 2246.0044147968292 97.707835301756859 395.53060872852802 107.70277777314186 161.88760788738728
leaf_count=4316 335 11603 394 12741 7821 12999 1120 351 262 2287 1517 465 1974 1883 4400 653 11778 1717 3476 2051 17704 26597 1135 292 386 959 330 688 302 3935 459 2644 6492 1827 203 4584 278 875 404 1842 4436 766 312 255 232 1365 10825 300 12061 333 287 2390 465 423 356 2376 565 11919 673 1693 438 912
internal_value=-0.000128385 -0.00222251 -0.000430264 0.00142897 -0.0118045 -0.0034519 0.00438918 0.0199343 -0.0012571 -0.0017633 0.000374365 0.0138082 -0.00130875 -0.00379075 0.00323577 -0.00541598 -0.00614948 -0.00905756 -0.00729081 -0.00961561 -0.0109297 -0.000966615 0.00881354 0.0173752 0.00303453 0.0319667 0.01477 0.0126781 0.0161363 0.00767725 0.00970078 0.00788339 0.0010348 -0.00307292 0.000584386 0.0130286 0.0179495 0.00561156 -0.0066993 0.0129589 -0.00910056 -0.00701761 0.00963881 0.0343817 -0.00879172 0.00349967 0.00103321 0.00514484 0.00747263 -0.00825633 0.0159867 0.0060077 0.0272686 0.0268297 -0.00250971 -0.0230022 0.00792596 -0.00765853 -0.00674803 0.0266754 0.0123406 -5.77404e-05
internal_weight=37325.3 32450.1 27337.8 16924.6 5112.32 10413.3 8131.55 438.952 7484.19 7352.61 5532.22 4875.12 8793.01 5687.14 3105.87 5038.08 4905.87 2929.07 2658.01 4306.12 3967.45 5061.65 649.054 417.339 658.301 284.048 470.568 4591.08 2712.84 1878.23 1716.58 1606 2714.96 1701.36 1361.57 2096.8 1259.65 837.146 312.921 524.225 3460.57 2889.62 277.728 90.8545 2611.9 7692.6 4746.91 2325.51 2945.69 1820.4 1192.69 541.386 359.89 131.574 186.873 327.112 1013.6 4364.49 2284.78 616.047 220.517 4829.14
internal_count=209461 189273 147975 85133 41298 62842 39228 1936 44264 43579 31643 20188 45905 30444 15461 27134 26481 18578 16861 33477 31426 29026 3310 2175 3862 1294 2617 18894 11168 7726 7038 6579 13487 8522 6695 8572 5149 3423 1279 2144 27110 22674 1689 567 20985 37292 23866 11125 13426 11936 4871 2784 1585 685 1122 2608 4965 23697 18377 2596 903 27509
is_linear=0
shrinkage=0.05


Tree=34
num_leaves=63
num_cat=2
split_feature=4 0 0 8 13 3 22 7 7 3 19 13 13 3 13 13 8 0 19 11 6 9 7 18 0 0 11 17 18 17 19 5 1 18 18 8 18 19 19 13 1 3 8 9 9 1 13 4 15 22 13 5 17 19 8 6 8 5 0 1 0 9
split_gain=394.251 203.486 57.4514 58.883 48.754 36.9595 32.7553 32.2483 31.2182 30.6257 29.9379 54.3484 28.9265 38.3565 28.8862 28.7276 54.5793 39.0983 38.7554 70.539 28.0862 32.8769 27.3407 28.4638 25.9596 25.6922 25.6441 25.5296 25.0859 26.2327 24.8149 31.9487 38.9447 45.4998 33.9648 53.2696 35.6731 24.3734 24.1224 23.7352 23.121 22.9883 23.2038 28.0546 22.7646 22.6656 45.8972 22.6255 22.4033 22.565 22.0958 21.9398 39.4005 31.6174 51.0181 46.6819 34.8139 33.943 30.2707 28.6905 24.9228 34.1191
threshold=0.097461805939314652 0.035903541678320765 0.055114234796473476 -0.080539304558305089 0.89146292983502307 -0.37243366990971233 0 -0.051690795026502916 -0.099999999999999908 0.67953560065068375 0.14005418921495302 0.66675784099197677 0.30680875923413242 3.9295565947683984 0.060727148494872228 0.2233171521035599 -0.099452696081577793 0.032335467995296137 0.70696523131559763 3.5000000000000004 -0.0004916422033980904 6.5000000000000009 -0.067399642840454507 0.68276118255879503 0.08490560796217074 0.032161651414996356 4.5000000000000009 0.85941705524989354 0.91126110331930821 0.670697250493696 0.86422817383443118 0.098276733083142678 2.4344237477481361 0.84500530785562644 0.73774550122295557 -0.047002876488473892 0.77689015106621573 0.96565252323902129 0.60045668051652867 0.26318463842533163 2.0758849010064178 3.9928073431071143 -0.16619129050120865 4.5000000000000009 5.5000000000000009 1.6198020555449124 0.63478942347008327 0.053370787507652125 0.88778643489348952 1 0.28319043072742633 0.065746112580741159 0.62345199754620062 0.47737130523836141 -0.084758462058680803 0.0039195100660425206 -0.01460351325256176 0.30150547105144804 0.039572532745273926 1.8223795931249318 0.050468018222376496 7.5000000000000009
decision_type=2 8 10 10 8 8 9 10 10 10 8 10 10 10 10 10 8 10 8 2 2 2 8 10 10 10 2 10 10 10 10 10 10 10 10 8 10 10 10 10 10 10 8 2 2 10 10 2 10 9 10 10 10 8 8 2 8 10 10 10 10 2
left_child=1 4 3 6 7 8 -3 -1 -2 -5 11 14 13 38 -9 16 -12 -17 19 -18 21 -14 23 24 26 -6 -4 -15 40 -30 31 32 33 34 44 36 -36 -11 -7 -16 -20 -8 43 -43 48 46 -32 -33 49 -19 -39 -22 -53 58 55 -55 59 60 -54 -56 61 -58
right_child=5 2 22 9 25 12 41 10 -10 37 15 -13 20 27 39 17 18 30 28 -21 51 -23 -24 -25 -26 -27 -28 -29 29 -31 45 47 -34 -35 35 -37 -38 50 -40 -41 -42 42 -44 -45 -46 -47 -48 -49 -50 -51 -52 52 53 54 56 -57 57 -59 -60 -61 -62 -63
leaf_value=-0.017483912343952406 0.0040544962199122129 0.0081498843482240603 -0.00094803350566225863 -0.0021091231991408345 -0.031211194927541566 0.012772126552462962 -0.0055423042183597587 0.037129513883142139 0.041134444520968406 0.0049078151279038293 -0.017933374112110899 0.063484181275020715 0.003499566716585105 0.01460946898377101 -0.036774519886741096 -0.017967042628467333 0.0077983567344929866 0.011712459176742322 -0.01809615611492827 0.068237202592431587 2.9943722339625825e-05 -0.03590208859296825 0.0064597468118080745 0.029520864065207666 0.011302518830739388 -0.013121006182191895 0.037951418487887217 -0.020398599093323529 0.046424555986729316 -0.0021201823057366803 -0.034965352233739186 0.0069913510551703932 -0.047515278902520275 -0.0342213527323608 0.040673482664698057 0.070459347545002826 -0.026948994576105834 0.014674427100143914 0.025132466678870702 0.0048763565681882726 0.023991098107139716 0.001977439771151529 -0.0055552709426349503 0.059957008501865652 -0.030342843116518393 -0.029061778376865618 0.046218312236932721 0.053460316262017665 0.043067865316078098 -0.012433729630291473 -0.024713480324640356 0.044099745185789796 0.058698407062834759 -0.056670400397259769 -0.0096895768328836163 0.00060560922275700881 4.6229753236701758e-05 0.034273976675606742 0.017675246781159917 0.029330535903248908 0.011129845666409399 -0.037880270021358999
leaf_weight=921.65667200833559 79.172495543956757 473.12948573380709 5358.4964800477028 3760.4104452878237 418.53047561645508 720.40788346529007 9466.746526889503 38.416281305253506 201.67844501137733 4014.2830823510885 319.20299511402845 39.152646034955978 223.94846481084824 100.9515263736248 54.610931999981403 1103.3289972022176 213.97937019914389 168.96582192927599 220.14765045046806 61.4669459015131 411.59619811177254 68.274350374937057 3279.9050924926996 83.919821709394455 495.84124460816383 373.41127030551434 41.706063702702522 105.49134883284569 43.093690678477287 75.222450450062752 34.20067086070776 71.196507260203362 47.744917757809162 89.408942185342312 33.185713455080986 44.140042088925838 44.413471579551697 48.248788386583328 883.02252724766731 88.343576513230801 37.390724368393421 40.690608635544777 82.290649697184563 41.9717668145895 61.67648983746767 162.71152220666409 33.462188698351383 40.77850253880024 29.759171925485134 198.55386277288198 129.18239976465702 94.242173820734024 48.884192183613777 54.289904415607452 54.90226586163044 99.709534049034119 360.75609649717808 90.286719426512718 485.28481909632683 313.73334456980228 399.5413421690464 69.963952377438545
leaf_count=7705 335 2737 26879 20860 4632 2938 57518 247 959 20538 2301 298 914 419 393 9723 1536 1290 1563 388 1680 288 14758 397 2290 3189 196 432 251 390 230 472 376 625 238 318 323 226 3684 682 262 229 453 213 458 1230 223 244 202 1509 681 387 203 224 235 408 1483 380 1978 1291 1653 297
internal_value=-0.00012316 -0.0021172 -0.000409874 -0.00205189 -0.0113176 0.0131452 -0.00458461 -0.00920317 0.030733 0.00116664 -0.00692352 0.0108484 0.0120615 0.0169801 -0.000799946 -0.00817709 -0.00102802 -0.011382 0.00727209 0.0214836 0.00884904 -0.0057972 0.00279197 0.000779513 0.000365493 -0.0227087 -0.00064064 -0.00329159 -0.00317221 0.0158019 -0.00451864 -0.000480732 -0.00436482 -0.00122413 0.00390651 0.0272704 0.00211967 0.00410515 0.0195905 -0.0111799 -0.0119166 -0.00521399 0.0132338 0.0317813 -0.00233663 -0.0189985 0.00527185 0.0242376 0.00207653 -0.00135052 -0.0139805 0.0105743 0.0126682 0.0111487 0.00729314 -0.0198214 0.010545 0.00533376 0.0215321 0.0235086 0.00214921 -0.00618783
internal_weight=37251.1 32385 27316.8 18057 5068.15 4866.14 10104.8 4276.21 280.851 7952.12 3354.55 220.523 4585.29 1809.87 181.371 3134.03 970.504 2163.53 651.301 275.446 2775.41 292.223 9259.87 5979.96 5896.04 791.942 5400.2 206.443 375.855 118.316 1060.2 829.823 717.848 670.104 580.695 121.739 77.5992 4191.71 1603.43 142.955 257.538 9631.7 164.953 82.6624 458.955 230.374 67.6629 111.975 397.279 367.52 177.431 2483.19 2071.59 1977.35 1443.18 153.999 1289.18 920.548 534.169 368.636 830.261 430.72
internal_count=209461 189273 147975 103455 41298 20188 61150 33477 1294 42305 25772 1620 18894 7473 1322 24152 6691 17461 4390 1924 11421 1202 44520 29762 29365 7821 27075 851 2466 641 7738 6055 5339 4963 4338 879 561 21445 6622 1075 1825 58413 895 442 3459 1683 453 716 3001 2799 907 10219 8539 8152 5971 632 5339 3813 2181 1526 3433 1780
cat_boundaries=0 1 2
cat_threshold=1048792 1536
is_linear=0
shrinkage=0.05


Tree=35
num_leaves=63
num_cat=1
split_feature=4 14 2 2 17 2 13 2 4 18 3 3 6 7 13 16 13 1 1 2 16 14 18 2 5 17 2 14 1 1 16 9 14 11 22 3 1 5 17 2 2 2 6 4 2 1 3 17 18 9 16 3 7 18 14 15 2 9 15 18 14 2
split_gain=345.436 134.36 85.4198 71.3825 68.5976 57.1087 43.8562 46.0671 42.9669 38.4809 37.8318 36.8551 44.3154 39.9749 40.518 40.0304 35.853 34.5174 34.4368 43.0273 39.9918 34.1841 45.7926 33.315 32.2448 38.5538 32.063 31.9913 34.2314 40.5184 37.2963 32.3881 29.1156 39.8955 29.0985 29.5991 33.8066 29.5352 42.5316 28.831 27.4282 28.135 42.5721 32.2885 27.3092 26.598 25.749 31.964 26.0188 33.0427 28.4584 35.7599 28.7783 35.1602 32.8078 29.9968 31.9272 49.404 29.9739 25.7363 35.7428 25.2064
threshold=0.087683370922800444 0.24658467395767239 0.024328626346398975 0.016396713910233628 0.7925957799451776 0.024375579553134259 0.88350149951710477 0.02493986271024955 0.020357757766908961 0.92392520182861604 3.4766480645108073 2.4119917758700224 0.011573577971456197 -0.095548756053419379 0.89546518224365357 0.93120035712086702 0.24344001815911934 1.9169174537229721 1.5985976759996718 0.022785645736909142 0.88386231988127728 0.56384920018636442 0.9508217027643554 0.020217215408749312 0.15273251244432798 0.91466048569772973 0.013150474867107456 0.28218352951174946 1.7035129671934564 2.2122420460323284 0.95092741241901269 3.5000000000000004 0.82126433193915571 4.5000000000000009 0 -0.37243366990971233 2.7292238528302977 -0.099162076042341771 0.076771554314740503 0.020758821451597045 0.02447974623388955 0.025491728316902374 -0.0028350029362721458 -0.037555062460206505 0.032476069765123509 1.9519992009467384 0.34473073021811013 0.68210369581509112 0.86550470459802986 4.5000000000000009 0.72301647318508844 3.9928073431071143 -0.014607609652726559 0.69030185696294122 0.4525351384580994 0.50478470116603258 0.018127327847342185 3.5000000000000004 0.67904077558576492 0.96827644489745901 0.34172945108480152 0.016604452504719428
decision_type=2 8 10 10 10 10 10 10 2 8 10 10 2 8 10 2 10 10 8 8 2 10 10 10 10 10 10 10 10 10 2 2 10 2 9 10 10 10 10 10 10 10 2 2 10 10 10 10 10 2 2 10 10 10 10 10 10 2 10 10 10 10
left_child=1 3 4 16 8 -4 7 10 34 32 23 12 18 15 -15 -14 26 -6 -2 20 -20 22 27 -5 25 -23 -1 -13 -29 31 -31 -30 46 -34 37 36 -36 38 -3 -25 -7 42 -42 -44 -9 -12 -10 48 50 -50 52 -52 54 -54 -48 56 -56 -58 -55 60 -24 -8
right_child=11 2 5 6 17 40 61 44 9 -11 45 21 13 14 -16 -17 -18 -19 19 -21 -22 24 59 39 -26 -27 -28 28 29 30 -32 -33 33 -35 35 -37 -38 -39 -40 -41 41 -43 43 -45 -46 -47 47 -49 49 -51 51 -53 53 58 55 -57 57 -59 -60 -61 -62 -63
leaf_value=0.037867909717717058 -0.023761183269013122 -0.0010136278175821032 0.03937455011560613 -0.0040178950151103275 -0.015654090232050982 -0.015366545022296965 0.031396583800033566 0.0058164489077685132 -0.0073562541950537895 -0.022276965915513494 0.0054209493697784106 0.0064617597219569821 0.028939636220955585 0.028677250491782755 -0.0078639594319986905 -0.02075658943482005 -0.030293849673951878 0.0049271010775545701 -0.017273519489838643 0.020872100219610622 0.0093249025247875601 0.010184880275289868 0.0042040435208950079 -0.027468476050440605 0.025006852404466918 -0.035022057296472855 -0.014351841814121209 0.015774360807195836 -0.0018047867041111982 0.019559139109571886 -0.031269367707333906 -0.046580465035027024 0.0051597829293956073 0.05129458034841311 -0.028008692715834688 0.0076228231038870248 0.0093747182589519404 -0.0078621822839961587 0.041773390935118559 -0.010696203023489332 -0.014722530324970468 0.0032115561333683042 0.043475554053766269 0.013251607520985026 -0.012915514397325516 0.055279969063565776 -0.0063008903874909724 -0.0076875507680047488 -0.0051008757697971127 0.052068625792454283 -0.0063333182217110212 0.036658986633439937 0.066346324603682186 -0.0022793842693126427 0.0011718977991753206 0.0044464844147323133 0.013087589380438256 0.076443273064368183 0.037809754530558431 -0.00199245398214852 0.036931417378187559 -0.017105955336672637
leaf_weight=34.063007034361362 70.232431098818779 432.15460056066513 115.12716026604176 1623.4891092777252 214.49990647286177 176.94710314273834 26.628925792872906 1240.0432807803154 1370.2634190618992 195.17926815152168 137.34845979511738 255.96760854125023 67.420478120446205 989.21543753147125 81.74379463493824 98.375714391469955 512.42540393769741 3737.8225390762091 160.73841801285744 780.29593397676945 1121.5166981369257 532.77089548110962 168.55988992750645 326.72389814257622 373.93774197995663 50.7561404556036 181.33967223763466 71.121894165873528 53.584726139903069 85.664232492446899 60.847836539149284 164.01118549704552 1231.4079300314188 47.73697704076767 144.42791320383549 695.58329951018095 102.85394787788391 6923.3750602602959 66.090119525790215 1188.8436378315091 117.82769353687763 5363.0887759625912 102.50234587490559 619.44694149494171 229.78324051201344 32.3016047924757 484.92404774576426 842.67413184791803 43.299538247287273 59.165947541594505 931.18631413578987 50.02473121881485 38.119445495307446 113.30095376819372 74.984807856380939 570.72908370941877 67.087876006960869 56.643940046429634 78.10658210515976 206.7005702406168 164.74738490581512 1009.0777260512114
leaf_count=265 300 2226 564 12734 1312 895 241 6754 8348 1132 913 1107 284 4295 364 407 5247 18577 704 3238 4638 2184 697 2537 1536 210 1402 305 226 367 250 727 5972 218 944 4198 562 42464 359 8421 591 25963 511 2977 1313 178 3210 4696 258 350 5286 271 245 696 448 3224 379 317 480 856 674 8284
internal_value=4.48176e-05 -0.00197662 -0.000311138 -0.00835707 -0.00203724 0.00462403 -0.00650672 -0.00448312 -0.00361722 -0.000482443 -0.00775447 0.0115387 0.0148201 0.0223496 0.0258834 -0.000495438 -0.0231094 0.00380644 0.0104454 0.0116212 0.00597977 0.00648251 0.000969605 -0.00899854 0.0135631 0.00619952 -0.00595717 -0.0075492 -0.0157853 -0.0219762 -0.00161929 -0.0356128 0.00022311 0.00692023 -0.00596103 0.00231719 -0.0124844 -0.00700657 0.0047342 -0.0143277 0.00399086 0.00454545 0.0130502 0.017597 0.00288122 0.0151825 -0.00156994 0.000756514 0.00352976 0.0280943 0.00249772 -0.00410637 0.00686443 0.0231031 0.003877 0.0102912 0.0269714 0.0424719 0.014191 0.0118673 0.0204426 -0.0158298
internal_weight=37166.9 31608.7 25066.6 6542.07 18571.6 6494.94 5814.24 4778.53 14619.3 6254.83 3308.71 5558.21 3369.54 1236.76 1070.96 165.796 727.828 3952.32 2132.78 2062.55 1282.26 2188.67 1231.21 3139.06 957.465 583.527 215.403 691.197 435.23 364.108 146.512 217.596 6059.66 1279.14 8364.48 942.865 247.282 7421.62 498.245 1515.57 6379.81 6202.87 839.777 721.949 1469.83 169.65 4780.51 3410.25 2567.57 102.465 2465.11 981.211 1483.9 229.527 1254.37 769.446 198.717 123.732 191.408 540.008 333.307 1035.71
internal_count=209331 185962 137673 48289 106172 31501 41375 32850 86283 35530 24783 23369 14230 5350 4659 691 6914 19889 8880 8580 5342 9139 5209 23692 3930 2394 1667 2982 1875 1570 617 953 34398 6190 50753 5704 1506 45049 2585 10958 30937 30042 4079 3488 8067 1091 28208 19860 15164 608 14556 5557 8999 1421 7578 4368 1144 696 1176 2227 1371 8525
cat_boundaries=0 1
cat_threshold=4326919
is_linear=0
shrinkage=0.05


Tree=36
num_leaves=63
num_cat=0
split_feature=4 0 13 0 2 12 16 6 2 19 17 2 4 17 8 18 2 2 2 2 2 19 13 14 3 2 19 5 6 16 4 9 17 16 8 19 2 13 2 11 8 11 13 14 14 7 2 16 2 14 6 16 2 13 3 13 0 9 17 5 2 0
split_gain=312.85 159.866 63.9295 78.5598 55.2504 42.6733 45.971 56.0152 43.5982 52.465 40.3736 40.2618 39.0297 37.2299 36.2948 34.8479 34.2251 34.6996 135.259 38.8395 43.7128 31.6944 31.3417 56.2589 32.9113 43.4152 31.2817 32.1827 30.633 30.2462 76.7981 30.5605 50.1996 44.4972 29.3625 53.0775 45.1049 28.7215 44.746 28.4609 38.5167 30.1381 28.3 28.212 28.0001 27.7961 27.7653 31.4623 27.3588 27.079 33.5176 26.7743 26.7637 30.5944 29.0983 31.2739 26.7329 26.545 25.9101 25.6742 50.8777 25.8098
threshold=0.075141315108740905 0.041190336073233892 0.27512964101467491 0.029155987936733772 0.028521094297324818 2.5000000000000004 0.54590367327014622 0.012032085561497376 0.024328626346398975 0.93693281947395302 0.89892656886089572 0.024375579553134259 0.0990990990990991 0.31518388228507671 -0.13558297779985348 0.58761974272420414 0.036507754008018992 0.033449360586656769 0.032148478393752906 0.035300137438434472 0.036378053270572357 0.3345971666175509 0.84833496412263554 0.52023023414763225 2.8359727732961395 0.025408943879263738 0.95941258925576278 0.011575104864200216 0.0016111707841030001 0.07285241248817409 -0.061886611620357072 4.5000000000000009 0.16833752093802348 0.7350223841292135 -0.059570627544358205 0.28711735141283706 0.028236757282885081 0.54862462170341564 0.018678023597313798 5.5000000000000009 -0.033911374771489471 4.5000000000000009 0.1918890795754922 0.86022280065693668 0.15542439767377461 -0.20974882427365213 0.028236757282885081 0.8721507032696999 0.032476069765123509 0.80924612619614333 0.0073260079958347166 0.89599139167862274 0.02102703621012365 0.46190714711775238 0.20334743739262096 0.66267304625199375 0.049117903333946875 2.5000000000000004 0.38673749400191942 -0.024743147672495743 0.029362810397847255 0.061457886398273695
decision_type=2 8 8 10 10 2 2 2 10 8 10 10 2 10 10 10 10 10 10 8 10 8 10 10 8 10 8 10 2 2 2 2 10 2 10 10 10 8 10 2 10 2 10 10 10 10 10 2 10 10 2 2 10 10 10 10 10 2 10 10 10 10
left_child=1 2 -1 -4 26 8 7 15 10 11 44 -10 13 28 -8 21 17 18 29 -19 58 -7 24 -24 25 51 27 -5 -2 -13 -31 59 -33 34 35 36 -34 38 49 41 -41 -16 -26 -44 -3 -11 -27 -48 -20 50 -12 -14 -53 -54 -55 -56 -43 -40 -21 60 61 -32
right_child=12 5 3 4 -6 6 14 -9 9 45 37 16 22 -15 39 -17 -18 19 48 20 -22 -23 23 -25 42 46 -28 -29 -30 30 31 32 33 -35 -36 -37 -38 -39 57 40 -42 56 43 -45 -46 -47 47 -49 -50 -51 -52 52 53 54 55 -57 -58 -59 -60 -61 -62 -63
leaf_value=-0.0011928257882102594 0.0030103538690194444 -0.038999893774963719 -0.025544223070634576 -0.015752279510281277 0.013708367275161332 -0.024223348819426015 0.058899064346629892 0.051721603936164345 0.034129915771437778 0.0045353168245008601 0.030218947576142387 -0.0083705454894585345 -0.0046816686140489696 0.0032408332487788476 0.013580832951968042 -0.040845285340796719 0.042410504397759521 -0.023235889529121024 0.078021405185489778 -0.0020010125417557574 -0.026338807451684921 0.015195662301151353 -0.032174585884051636 0.0097229723563198658 0.016686200291365343 0.041524576247031 -0.026496856200439359 -0.0064489120462449413 0.049410806881703878 0.050440057048466602 -0.026731885408163139 0.045204078649369747 -0.031001215030321362 0.012205689229764418 -0.00095716422681025681 -0.045275653819018644 0.040028192919391851 -0.0013487926587153008 0.0092189074159846913 -0.037069518838787612 0.025563796423070457 0.018661697046211258 -0.00132371878890735 0.037496775955002011 -0.0025453183023865077 -0.011414389068885457 0.051627774995507081 0.014139145935185379 0.034467179730982227 -0.020854495366884905 -0.019930087048411843 0.019901212449869709 0.018614707450813544 0.024639617494753196 -0.030664057322953187 0.0064856287647093004 0.072048923667051776 0.033625630149242761 0.03858594298723899 0.00762832979978982 0.018954883546386515 0.00090975428731369544
leaf_weight=2838.5973598584533 62.856772288680077 51.913938693702221 736.49247993528843 1191.1325464919209 272.7288593351841 84.183701530098915 55.920633360743523 39.822098225355148 116.86013066768646 406.32920424640179 88.123375982046127 455.12800833582878 180.8388350456953 2305.6406018510461 236.43430532515049 71.436883844435215 58.170427083969116 233.16813059151173 57.301230192184448 71.16108863055706 72.138657823204994 126.04709702730179 102.02746269106865 359.39310681819916 501.10849684476852 252.59827144443989 251.78047355264425 4236.8491562306881 81.352502331137657 90.702784657478333 201.94988808035851 43.031962111592293 46.418052181601524 157.78062495589256 144.17060896754265 170.68033573031425 41.282949343323708 627.32080519199371 201.69749771058559 50.943787157535553 45.588060453534126 45.575430154800415 690.68838573992252 49.198394984006882 11889.154145255685 829.68739792704582 66.312621027231216 341.65953630208969 103.22004123032093 117.86125242710114 52.345767736434937 1147.6292844414711 271.07774499058723 64.608922898769379 119.20667138695717 106.59848123788834 49.425393849611282 250.68220376968384 86.626814424991608 3101.141307130456 157.49228426814079 144.52255734801292
leaf_count=19251 289 330 7691 9567 1536 433 264 191 585 2002 437 2237 748 10607 1103 363 269 1236 249 355 365 640 439 1503 2041 1083 1908 30482 375 418 1090 214 231 733 656 866 192 2944 940 239 212 221 2832 200 65795 4511 282 1453 456 540 257 4775 1140 282 485 434 205 1159 399 15102 780 709
internal_value=4.16333e-05 -0.00211426 -0.00748062 -0.0101484 -0.00823951 0.000335432 0.0116132 -0.00303945 -0.000117728 0.00314137 -0.00178406 0.00521507 0.00981869 0.00478886 0.0213345 -0.0109371 0.00458732 0.0041704 0.00540356 -0.0089006 0.00567446 -0.000629026 0.0127142 0.000409208 0.0142112 0.0174607 -0.00929562 -0.008493 0.0293462 0.003874 0.0051719 0.00418451 -0.00622298 -0.0102459 -0.0190543 -0.0291094 0.00250835 0.00644898 0.013324 0.0163002 -0.00753152 0.0232431 0.00752415 0.00130476 -0.00270706 -0.00617164 0.0284938 0.020344 0.0504015 -0.0032729 0.0115222 0.0135914 0.0155265 0.00656551 -0.00470671 -0.0131751 0.0468983 0.022788 0.0203842 0.00592759 -0.00453228 -0.0152324
internal_weight=37103.8 30401 9527.58 6688.98 5952.49 20873.4 805.377 321.49 20068.1 6788.96 13279.1 5552.95 6702.8 2449.85 483.888 281.668 5436.09 5377.92 4914.82 463.095 229.927 210.231 4252.95 461.421 3791.53 2550.53 5679.76 5427.98 144.209 4754.3 4299.17 4208.47 603.365 560.333 402.552 258.381 87.701 1338.03 710.71 427.967 96.5318 331.435 1241 739.887 11941.1 1236.02 660.57 407.972 160.521 258.33 140.469 1889.96 1709.12 561.492 290.414 225.805 95.0008 452.38 157.788 3605.11 503.965 346.472
internal_count=209331 180363 70435 51184 43493 109928 3871 1627 106057 33655 72402 27142 28968 11271 2244 1436 26557 26288 23933 2355 1119 1073 17697 1942 15755 10682 41957 40049 664 23228 20991 20573 2892 2678 1945 1289 423 6277 3333 1980 451 1529 5073 3032 66125 6513 2818 1735 705 1234 694 7864 7116 2341 1201 919 426 2099 754 17681 2579 1799
is_linear=0
shrinkage=0.05


Tree=37
num_leaves=63
num_cat=1
split_feature=4 14 13 5 13 9 7 9 17 13 15 13 9 3 5 17 21 15 13 19 4 13 4 4 19 5 13 1 19 15 18 13 6 1 14 7 15 9 1 19 18 19 18 9 18 6 18 14 6 7 18 9 19 3 19 4 7 19 4 14 3 5
split_gain=283.225 110.084 58.1125 45.3919 39.318 38.0804 36.3759 34.7578 33.687 34.9496 43.8322 40.643 37.4407 34.7022 31.7259 37.9636 29.5392 28.0848 27.6675 27.4296 30.7252 27.8163 27.4015 27.0296 31.1342 31.4974 29.9535 31.8089 34.5821 29.5887 39.9749 32.661 32.3733 29.1284 33.1847 32.1611 36.7415 59.2502 41.4394 28.8594 40.1034 28.1616 30.1387 26.5158 40.0116 27.6239 40.1269 25.2887 25.1117 25.8638 29.025 28.2241 24.9574 25.593 24.6329 46.7724 32.9918 27.4026 44.5894 32.8161 27.7421 27.0345
threshold=0.083433142334766966 0.24658467395767239 0.24734324885937573 0.012764599655120891 0.45025526816180877 5.5000000000000009 -0.0083627856247839288 5.5000000000000009 0.98160202466255631 0.1918890795754922 0.61911966872317603 0.54492920590396066 5.5000000000000009 0.42317283105789399 -0.092072261642689376 0.10883987215575887 0 0.53612885188029713 0.88350149951710477 0.7501931993817621 0.0990990990990991 0.11226651677620202 0.095702299823622008 0.0081049138759120582 0.2200230414746544 0.019801980249059995 0.14816498316498319 3.0619431388642324 0.96565252323902129 0.95034070365734957 0.72168890035377375 0.48960618995261035 0.00050477176176344518 2.5353862714615771 0.44458905935265763 -0.17323305016980398 0.66230237154150207 3.5000000000000004 2.0945769898403435 0.92442024102962128 0.82854191263282184 0.9560554508253255 0.92392520182861604 3.5000000000000004 0.31509531708497623 0.00065832784726793669 0.57609657560600247 0.75016733601070962 -0.024543907849229604 -0.08725756409846662 0.12897807836870656 3.5000000000000004 0.87186427345537765 4.0570900501903147 0.92862341443127483 0.095702299823622008 -0.064659483980160179 0.1644465568229827 0.099779998120434935 0.78592216196124165 2.3468027466560075 0.063829787234042659
decision_type=2 8 10 8 10 2 10 2 8 8 10 8 2 10 10 10 9 8 10 10 2 10 2 2 8 10 10 10 8 10 10 10 2 10 10 10 10 2 10 10 10 10 10 2 8 2 10 10 2 10 10 2 8 10 10 2 10 8 2 10 10 10
left_child=1 2 6 4 7 14 -1 -3 9 19 11 22 -13 -14 15 -6 23 -10 52 20 21 -2 -11 -5 33 43 41 28 29 48 32 -32 -31 34 -25 -36 37 47 -39 40 -29 42 -27 -26 -45 -46 -47 -37 -28 50 -50 -52 53 -4 56 -56 -12 58 59 -58 -59 -62
right_child=8 3 18 16 5 -7 -8 -9 17 10 54 12 13 -15 -16 -17 -18 -19 -20 -21 -22 -23 -24 24 25 26 27 39 -30 30 31 -33 -34 -35 35 36 -38 38 -40 -41 -42 -43 -44 44 45 46 -48 -49 49 -51 51 -53 -54 -55 55 -57 57 60 -60 -61 61 -63
leaf_value=-0.0034809422718258321 -0.016779540056131147 -0.00044281240042678104 -0.0068908742399052293 -0.0030298166666569435 -0.0012522396675286734 -0.037810730930817146 0.014706651736970411 0.032203747093822364 0.042694119517223739 -0.0080018581895671577 -0.0081209303078880364 0.011686362342059159 -0.050889162414359479 0.0029564514016892224 -0.0085357660537268443 0.033682787112085368 0.0066709792470442744 0.015665680809992349 -0.01741591399416785 0.024506529783354238 0.016093841433419652 0.020788870134011157 0.02993362576120975 -0.00034060984151713827 0.0033985848374375976 -0.0070568856085034375 0.035281010268435303 0.0085422437953072642 -0.012494736580194517 -0.027157214778517971 0.011537981801905628 0.068836055608161237 0.014154506577275273 -2.6687891482705396e-06 -0.011802302966273317 0.0084234579030865557 0.0068465570223226252 0.080821627922632769 0.028253250892131061 -0.025994286527873535 0.049845231531960514 0.032821513774476722 -0.043992586569120036 0.072972075709708956 -0.012049314792397497 -0.0047211428966494676 0.06591489908654842 0.038375199314875735 0.0072458335450810187 0.00056771640456435046 -0.01072093516766455 -0.042650158593850573 -0.017224645426833905 0.039227269414282867 -0.040686633849968339 -0.00054239117608441531 -0.0056898566989645712 0.015229044546555191 0.066751104897720542 0.04301474049618275 -0.024037137872387003 0.0039229327761182734
leaf_weight=1485.0636723712087 161.55116701126099 2797.6210816353559 2794.4109369292855 4538.1087705269456 529.01457918435335 98.343548752367496 336.32141779363155 82.97675796598196 125.22368739545345 53.256858333945274 347.20624892413616 750.92814365029335 47.593648880720139 77.610293537378311 3027.067368760705 90.153906092047691 1997.5163023024797 413.7483703494072 1141.5005187168717 544.22184418141842 584.6128666549921 69.744468823075294 419.65212249755859 405.09611541032791 266.58611625432968 1196.02621281147 48.392422616481781 841.58153308928013 543.96827059984207 61.708559311926365 48.49113754928112 51.121325999498367 193.70079926401377 923.23337325453758 87.889705926179886 249.60864908248186 327.10369221121073 74.522689454257488 77.747410729527473 53.663213297724724 62.265442728996277 41.099096357822418 56.963068589568138 38.273297935724258 54.138853393495083 36.57050734013319 43.320541970431805 97.661342069506645 155.52767833322287 5141.6366802081466 293.09200785309076 90.076389119029045 655.58757454156876 29.429652035236359 80.581534177064896 656.22605474293232 93.394673943519592 532.37245364487171 49.727263629436493 53.740742221474648 97.264824584126472 718.26018872857094
leaf_count=10190 724 16219 20834 25479 2692 561 2023 482 584 249 1446 3197 203 333 17918 455 10594 1735 10125 2312 2405 310 1809 2560 1565 6175 225 3945 2960 333 240 255 1009 4751 463 1430 1712 389 425 243 288 193 293 207 325 213 264 478 888 27867 1642 498 4770 188 391 2708 393 2241 202 218 426 3079
internal_value=3.89362e-05 -0.00185978 -0.00768058 -0.000342676 -0.0038833 -0.00726096 -0.000116349 0.000508434 0.0101061 0.00889993 0.0065313 0.0138546 0.0074639 -0.0177529 -0.00642686 0.00388058 0.000953685 0.0220129 -0.0106614 0.0158173 0.00999858 -0.0054105 0.0256536 0.000239645 0.00152338 0.000250131 -0.000396819 0.000802981 -0.000428212 0.000652573 0.0146389 0.0413354 0.00410634 0.00681074 0.0115739 0.0168461 0.0199026 0.0284211 0.0543403 0.00931663 0.0114395 -0.00742456 -0.00876979 0.0133099 0.0285366 0.0154012 0.0339223 0.0169327 -0.000216593 -0.000525164 -0.010938 -0.0183184 -0.0084411 -0.00639652 0.00276925 -0.00498199 0.00578894 0.00891861 0.0262994 0.0122696 0.0063625 0.000562878
internal_weight=37041.1 31164.2 6442.31 24721.9 6625.18 3744.58 1821.39 2880.6 5876.92 5337.95 3977.82 1349.04 876.132 125.204 3646.24 619.168 18096.7 538.972 4620.93 1360.13 815.909 231.296 472.909 16099.2 11561.1 9318.2 8879.31 7585.23 6627.72 6083.75 355.022 99.6125 255.409 2242.86 1319.63 914.533 826.644 499.54 152.27 957.51 903.847 1294.09 1252.99 438.889 172.303 134.03 79.891 347.27 5728.73 5680.33 538.696 383.168 3479.43 2823.84 2628.77 736.808 1891.97 1544.76 196.863 147.135 1347.9 815.525
internal_count=209331 184366 48130 136236 38327 21626 12213 16701 24965 22646 16895 5791 3733 536 21065 3147 97909 2319 35917 5751 3439 1034 2058 87315 61836 49628 47054 40393 35917 32957 1837 495 1342 12208 7457 4897 4434 2722 814 4476 4233 6661 6468 2574 1009 802 477 1908 31120 30895 3028 2140 25792 21022 11104 3099 8005 6559 813 611 5746 3505
cat_boundaries=0 1
cat_threshold=21834
is_linear=0
shrinkage=0.05


Tree=38
num_leaves=63
num_cat=0
split_feature=4 0 2 17 8 2 13 8 4 17 2 2 2 2 2 8 4 2 5 16 3 14 3 2 1 2 15 13 13 4 2 5 7 13 8 1 0 7 5 3 2 13 7 7 3 18 1 7 3 6 18 8 14 4 16 14 3 8 4 4 13 0
split_gain=256.563 141.404 53.4231 49.7399 45.0024 44.8296 39.3998 35.4697 31.9184 33.329 31.5441 32.3557 73.1002 59.5907 53.5371 54.3795 42.1485 39.6615 36.4608 33.4336 31.4848 39.3205 31.3039 30.2935 35.0927 29.6829 29.3179 43.7781 38.4106 33.4214 29.1002 28.9434 28.4326 28.3958 34.5615 29.119 28.3907 42.3623 31.7319 27.8857 27.4485 27.199 26.5639 26.4508 26.3141 28.9135 29.7507 26.0944 46.245 29.7567 26.0478 32.4847 26.0012 25.7964 31.7717 25.4498 50.1913 26.4106 25.4329 33.4602 25.2176 24.7921
threshold=0.075141315108740905 0.035903541678320765 0.024328626346398975 0.78859677260165817 -0.0050283342965388713 0.016396713910233628 0.80125019534302255 -1.0000000180025095e-35 0.0990990990990991 0.31518388228507671 0.024375579553134259 0.030338905914821291 0.033449360586656769 0.035300137438434472 0.032148478393752906 -0.12180507263890654 -0.032465463993650405 0.030239659559803695 -0.024743147672495743 0.12004715217925306 -0.011102428837242747 0.32604364326375718 0.67953560065068375 0.023366724855946545 1.3213829401175694 0.016658271835731937 0.64677757998995855 0.1918890795754922 0.86793072670022087 0.099480647754975129 0.017033105306656072 0.073664915822057489 -0.068852458643510459 0.14413839860268435 -0.16915422878570888 1.8284769245511632 0.055114234796473476 -0.065321805991548784 0.11866408161463983 1.4204383518010235 0.017909428499879716 0.17607626739522922 -0.079090417456506787 -0.029377867181846481 -0.98752178512430455 0.24010227539904389 2.2573519256042895 -0.024747937671860617 -0.098283485492792769 0.01761682244162666 0.22415229885057472 -0.061439201753236576 0.21055361432627215 0.020357757766908961 0.58531061590902123 0.88015113777878418 1.8584549994670774 -0.2388468687446382 -0.0063781984605782429 0.028296528538729552 0.37060649829554432 0.060066748612948466
decision_type=2 8 10 10 8 10 10 8 2 10 10 10 10 10 10 10 2 10 10 2 10 10 10 10 10 10 8 8 10 2 10 10 8 10 10 10 10 10 10 10 10 10 10 10 10 10 10 10 10 2 10 10 10 2 2 8 10 8 2 2 10 10
left_child=1 5 3 36 10 6 -1 22 9 39 -4 17 14 -14 16 -16 19 18 42 -13 25 23 43 24 -22 -7 28 29 -10 -28 -23 -24 -29 -33 60 -36 37 -3 44 -2 -32 -37 -12 -5 -39 46 -46 48 -18 53 51 -48 -49 -50 -55 57 -57 -34 -43 -60 -35 -15
right_child=8 2 4 7 -6 20 -8 -9 26 -11 11 12 13 61 15 -17 47 -19 -20 -21 21 30 31 -25 -26 -27 27 32 -30 -31 40 33 55 34 35 41 -38 38 -40 -41 -42 58 -44 -45 45 -47 50 52 49 -51 -52 -53 -54 54 -56 56 -58 -59 59 -61 -62 -63
leaf_value=-0.013501601802229979 0.011360248823432048 -0.0087896271753173261 0.028326746758440227 0.0020688673128919843 -0.0055565267351894657 0.02066395923404319 -0.035780341181556007 0.028659774991534159 0.020699848974514976 0.0028887610137789733 -0.0053260748582326595 0.0014768221977861102 -0.022621638244165927 -0.007664619652327051 0.058368628294007768 -0.0037736646985690051 -0.0053351238102296531 -0.022946594085009445 0.0046943001331836189 0.050585256144995164 -0.029797585915775485 -0.017112307525473609 0.035498059848935101 0.0083706586673598562 -0.0063509240892940175 -0.016316065874890887 0.035585970169675858 -0.011976895822113046 -0.002958018608177532 0.012396664731059279 0.037893527380214405 -0.0096815851990367623 0.026133415387767735 0.017152447764598067 -0.024573777009449328 0.045844645488478795 0.00031879431529658654 -0.021546963910922368 -0.032668879705459307 0.057293955177605209 0.0031521148743862467 0.026170282144680968 -0.042582086466106978 -0.012895522160743756 -0.0067427865704094859 -0.0020611158147348023 0.029718616387695396 0.021363275599682971 0.010152924284501139 -0.0086967177046642745 0.05993862859796667 -0.015701266766174594 -0.02624974248342157 0.064650685416265577 0.020382311130692152 -0.0026923397085469106 0.046329745103165398 0.0024793093083869139 -0.0062217433112171528 0.012329274540984855 -0.014961331332206113 0.021502818198737037
leaf_weight=993.48389645665884 95.171282857656479 3873.4023612737656 137.74210339039564 709.01029646396637 1269.6893784105778 56.614912815392017 247.94032471626997 131.70775439590216 1221.8015911579132 2307.1029417291284 527.93503209203482 49.869570776820183 243.23733572661877 116.81870344281197 138.32488656044006 46.952113822102547 216.32977247238159 151.24663281440735 3997.8555749431252 113.08949629962444 174.81260200589895 60.764250621199608 78.110760137438774 308.01385418325663 1743.6619571819901 978.03678923845291 206.23691873252392 230.15877030789852 199.30133959650993 629.80397260189056 120.44370906800032 295.74392649531364 127.80130358040333 78.828804492950439 57.406647920608521 54.395934924483299 3958.0606481283903 162.47019302099943 83.092292033135891 50.165495842695236 107.27063210308552 209.89955039322376 51.669558927416801 504.79245839267969 124.14591486006975 5772.8158150613308 124.82796810567379 39.901969313621521 89.126948550343513 54.208101183176041 39.794666841626167 56.537500470876694 95.639454528689384 85.468698278069496 78.794210001826286 99.274225726723671 108.9018936753273 1412.0906010270119 331.02645978331566 908.46998329460621 260.98280298709869 190.7772743999958
leaf_count=8563 437 25407 681 3537 6820 472 2839 652 5287 10607 2775 219 1302 635 595 222 1016 794 19683 501 1548 443 421 1984 14527 8412 850 936 850 2594 850 1462 519 391 344 258 19972 1026 474 227 782 1025 272 2674 749 34441 710 209 420 247 226 320 461 394 358 408 452 5801 1675 4427 1302 846
internal_value=3.66397e-05 -0.00191975 -0.000439376 -0.0019431 0.003042 -0.00980038 -0.0179764 0.00328764 0.00889966 0.00435778 0.00474182 0.0042207 0.0104662 -0.00417578 0.018466 0.0426851 0.0129647 0.00216046 0.00299487 0.0356575 -0.00693669 -0.00391344 0.00232182 -0.00616495 -0.00850181 -0.0142746 0.0115279 0.00856661 0.0173822 0.0181527 0.0134251 0.00578063 0.00450817 0.00470829 0.00695086 0.0100954 -0.0032773 -0.00466759 -0.00215763 0.0274982 0.021613 0.0114343 -0.00871493 -0.00415997 -0.00174883 -0.00121964 0.0128134 0.00731167 0.0123676 0.0247946 0.023772 0.0155513 -0.0121792 0.0319655 0.0436677 0.00668428 0.0230512 0.00445814 0.0101122 0.00737392 -0.00748317 0.0104367
internal_weight=36989.1 30301.2 25510.2 17815.5 7694.68 4791.04 1241.42 3620.38 6687.81 2452.44 6424.99 6287.25 1558.54 550.833 1007.71 185.277 822.428 4728.71 4577.46 162.959 3549.62 2514.97 3488.67 2226.49 1918.47 1034.65 4235.37 2814.27 1421.1 836.041 288.479 2274.86 1978.23 2196.75 1901.01 1561.2 14195.1 10237.1 6363.68 145.337 227.714 1503.79 579.605 1213.8 6280.59 6118.12 345.306 659.469 523.928 307.598 221.16 181.365 135.541 253.39 164.263 1748.07 208.176 1539.89 1449.4 1239.5 339.812 307.596
internal_count=209331 180363 139943 101493 38450 40420 11402 18168 28968 11271 31630 30949 7425 2783 4642 817 3825 23524 22730 720 29018 20134 17516 18059 16075 8884 17697 11560 6137 3444 2075 11305 8116 10884 9422 7729 83325 63353 37946 664 1632 7385 3047 6211 37472 36446 2005 3105 2435 1419 1256 1030 670 1172 752 7180 860 6320 7127 6102 1693 1481
is_linear=0
shrinkage=0.05


Tree=39
num_leaves=63
num_cat=0
split_feature=4 2 2 2 2 1 19 17 14 5 12 2 5 17 2 2 2 2 8 2 7 2 4 15 13 2 19 8 15 1 9 2 8 4 15 19 18 6 14 2 13 2 17 13 1 19 14 18 14 17 15 19 4 13 9 1 7 2 14 13 2 5
split_gain=231.934 114.75 88.3989 81.3448 76.5903 73.678 61.7246 56.2591 54.2252 42.6383 42.3642 38.0617 35.471 48.145 35.1475 43.287 101.548 41.6856 35.455 38.4736 49.3116 37.64 35.2912 34.7201 34.1025 34.0659 33.3628 71.8019 31.7556 31.1687 30.9777 30.7744 29.8848 29.8002 29.4215 43.4879 32.2683 29.305 29.2357 28.8584 40.3887 29.2315 29.0589 31.859 35.1412 31.6641 40.9925 36.5298 32.3622 30.6685 29.6846 36.2929 37.3221 28.1845 28.1391 27.5083 27.2269 27.0044 26.4238 27.4239 25.9918 25.2427
threshold=0.083433142334766966 0.01629649707805603 0.016658271835731937 0.023336571749899858 0.013150474867107456 1.9169174537229721 0.97773885693961005 0.7925957799451776 0.46072347194694074 0.070745693544004076 2.5000000000000004 0.020217215408749312 0.060663196524158532 0.61967649110568546 0.036507754008018992 0.033449360586656769 0.032148478393752906 0.032476069765123509 -0.052727250909003646 0.030338905914821291 -0.024747937671860617 0.030239659559803695 -0.0472004390779363 0.044624509718106158 0.21183667035368678 0.020758821451597045 0.27515561840558939 -0.15684410645901756 0.1963931017659882 1.7637017443350242 3.5000000000000004 0.017124567590068959 -0.43870663043165931 -0.032465463993650405 0.78484478032155303 0.48120844017558351 0.41451884327532001 0.0037287925070990107 0.75016733601070962 0.025408943879263738 0.90706462462668258 0.02878252898519407 0.98160202466255631 0.16405739379084969 1.6977043045933693 0.92442024102962128 0.19111714975845415 0.94804444977655156 0.49637022397891967 0.87908183106895998 0.64264813615919325 0.96208958543637835 0.099678450351781481 0.66675784099197677 4.5000000000000009 1.9840484890861563 -0.036617037606906037 0.030697417867432627 0.94698308170039625 0.29910210415994848 0.017033105306656072 0.06192060610477957
decision_type=2 10 10 10 8 10 8 10 10 10 2 10 10 10 10 10 10 10 10 10 10 10 2 10 8 10 10 10 8 10 2 10 10 2 10 10 10 2 10 10 10 10 10 10 10 8 10 10 10 10 10 10 2 10 2 10 8 10 10 10 10 10
left_child=1 4 24 5 10 11 14 31 12 -9 -1 60 -6 -14 15 16 18 -18 19 21 33 26 -17 -8 30 -13 27 -5 -2 53 -3 -7 -10 38 -28 36 -36 54 -21 42 41 -41 43 -30 -45 46 -46 50 49 -48 -47 52 -52 -29 -26 -24 -15 -35 59 -31 -4 -56
right_child=28 2 3 6 8 7 23 9 32 -11 -12 25 13 56 -16 22 17 -19 -20 20 -22 -23 55 -25 37 -27 34 29 39 58 -32 -33 -34 57 35 -37 -38 -39 -40 40 -42 -43 -44 44 45 47 48 -49 -50 -51 51 -53 -54 -55 61 -57 -58 -59 -60 -61 -62 -63
leaf_value=0.00116098758408237 0.02485128280890507 0.045512011337794304 -0.022593270959028296 -0.00084535685621183907 -0.027452598508397159 -0.01173994222837256 0.0053015333665291835 0.042045154200092916 0.035078450573394676 0.0039742288453289325 0.049874607771164273 -0.024352765174260351 0.054764732266158855 0.027912668027075691 0.040175116534405017 0.017969402694275934 0.070956727783659551 0.022733396030589454 0.0089479834441969861 0.05173507318353994 -0.018541153090920758 -0.025959196764126852 -0.023438472827448466 -0.012357463409248787 0.0068118758861080639 -0.0099684803679638018 -0.0056647282978021501 0.053598090486073641 0.013205600801878629 0.029639878790323766 0.0064784180306051778 -0.0022202804898775637 -0.0092860920874473334 0.045660033112528323 0.01163200996305571 0.021262197744534014 -0.030438420390543248 0.021021399620945555 0.0079329589789451198 0.02548095977251897 -0.024909524002576993 0.01010148339893429 0.019309276084645808 -0.026410953347632233 0.047695714401865728 0.0036132468868718829 -0.01488149994000585 0.0048810408328510829 0.0091587251349905582 0.013823181480751127 -0.027711878273316705 -0.052491061471513778 0.022284586751120512 0.0042253017486140274 6.0503919712042215e-05 0.0072420752391558043 -0.020608734537141928 0.0069343613938982951 0.051539283876768864 0.00072307862282642178 -0.0020659788226255935 -0.055195743591204417
leaf_weight=705.66650658100843 304.72979351878166 138.71407151967287 168.7253406047821 1305.150682978332 835.38989144563675 936.47625709325075 387.82402560114861 74.707093998789787 37.819436937570572 2595.8773929849267 46.648554235696793 556.87732397764921 27.731511116027832 32.786581598222256 65.970956683158875 89.489458307623863 69.73417167365551 126.56525781750679 2326.1118893846869 103.01596640050411 112.14467975497246 136.52871242165565 321.58558116853237 980.8114320114255 411.12829276174307 1582.2085238844156 2073.5105772465467 106.12835263460875 894.88749903440475 116.34224812686443 80.485891558229923 9002.3973036110401 1787.4795804172754 49.308140233159065 86.261142760515213 266.6954013183713 94.685941740870476 311.77267160266638 60.762845009565353 536.76825788617134 60.498415365815163 731.65556424856186 387.07499420642853 100.93131658434868 58.789012521505356 129.58494397997856 308.16490575671196 462.62482276558876 1494.8449077755213 132.2150195389986 121.54231140017509 83.944908529520035 52.807330474257469 39.834496363997459 45.496368944644928 93.933975458145142 203.29377094656229 434.3734022974968 40.323828130960464 272.33458548784256 1690.3977693915367 36.871697634458542
leaf_count=4841 1456 816 1532 6904 7798 5809 1968 387 199 12736 285 4379 214 231 304 415 301 561 11219 465 571 742 1748 5567 2634 11781 11067 575 3769 575 447 51889 10397 235 428 1337 498 1880 255 2280 259 3086 1647 461 266 554 1368 1919 6213 570 539 361 217 237 298 432 1549 2027 190 1369 14056 218
internal_value=3.39213e-05 -0.00168721 -0.000573745 -0.00113386 -0.00997987 -0.00326272 0.0024888 -0.00138713 -0.013639 0.00505457 0.00424375 -0.00917608 -0.0224093 -0.00639582 0.00409484 0.00380413 0.00472072 0.0401373 0.00380362 0.00154345 0.0119504 -0.000200865 -0.0103701 -0.0073533 0.0138291 -0.0137228 0.000603882 0.00564331 0.00915602 0.0203483 0.0312742 -0.00311835 -0.00834817 0.0172522 -0.00315494 0.00845726 -0.0104289 0.00904753 0.035631 0.00829092 0.0147165 0.0166247 0.00626797 0.00494883 0.00243662 0.00346913 0.0069134 -0.00460461 0.00565051 -0.00625172 -0.0159016 -0.0256683 -0.0125281 0.0402443 0.00145567 -0.016502 -0.0137808 0.0109682 0.013501 0.00943257 -0.00394008 -0.0250401
internal_weight=36929.4 31068.4 27391.6 26367.1 3676.82 16607.7 9759.43 12609.5 2924.5 2670.58 752.315 3998.21 1099.2 263.812 8390.79 8324.82 7819.81 196.299 7623.51 5297.4 759.605 4537.8 505.009 1368.64 1024.47 2139.09 4401.27 1880.11 5861.06 574.964 219.2 9938.87 1825.3 647.46 2521.15 447.642 180.947 805.269 163.779 5556.33 1328.92 1268.42 4227.41 3840.34 2945.45 2844.52 1994.01 850.504 1935.22 440.38 387.879 258.295 174.35 145.963 493.496 415.52 236.08 483.682 429.001 388.677 1859.12 82.3681
internal_count=209331 184366 158852 152559 25514 102569 49990 70821 20388 13123 5126 31748 9792 1994 42455 42151 39556 862 38694 27475 3553 23922 2595 7535 6293 16160 23180 9850 24965 2946 1263 57698 10596 2982 13330 2263 926 5030 720 23509 5625 5366 17884 16237 12468 12007 8417 3590 8151 1938 1671 1117 756 812 3150 2180 1780 2262 2134 1944 15588 516
is_linear=0
shrinkage=0.05


Tree=40
num_leaves=63
num_cat=2
split_feature=16 0 2 13 22 13 0 19 6 8 2 2 2 2 6 2 14 2 0 0 9 7 21 16 7 19 13 6 13 7 7 14 8 0 8 14 6 7 14 16 0 9 10 15 9 19 0 0 14 2 14 14 2 19 6 8 0 7 1 0 2 2
split_gain=169.12 123.693 62.4658 53.6633 49.2237 41.937 34.5298 33.4684 37.9873 35.9429 40.2078 55.6545 45.163 50.7657 47.9134 42.2512 35.1811 34.7345 33.0533 32.3672 38.1417 32.2883 31.9924 31.7069 31.4802 40.8033 36.9065 29.2281 28.7518 28.4998 29.899 27.4949 27.3349 26.7244 26.7118 30.5538 26.595 38.3606 28.8907 34.7138 31.8654 34.3878 30.8698 26.2179 25.7358 31.7062 52.5818 53.5356 28.6251 25.5436 25.2835 29.7802 25.1565 24.8943 24.5352 24.2239 23.5124 25.8772 22.9129 22.8103 22.6454 35.0174
threshold=0.88022392714570874 0.03367790152461593 0.02447974623388955 0.90706462462668258 0 0.96605221429380461 0.046132700811349563 0.93693281947395302 0.044256063381369677 -0.012642846979670828 0.030338905914821291 0.030306357345145581 0.033449360586656769 0.032148478393752906 -0.011627906976744149 0.025801116477334164 0.67436193521643883 0.032476069765123509 0.060066748612948466 0.047053915962915048 4.5000000000000009 -0.042054409443049216 1 0.048989169507426232 -0.052763819059292776 0.14005418921495302 0.66675784099197677 0.029894658000232614 0.22731473701898844 -1.0000000180025095e-35 -0.0017857142857143347 0.64315796006667392 -0.14926963363675419 0.031801242083979699 -0.009350521525718412 0.55610158576833302 0.0086812406822766048 -0.099999999999999908 0.84477251639085182 0.98976975405546852 0.054710361408750637 4.5000000000000009 2.5000000000000004 0.57966071648785311 5.5000000000000009 0.96208958543637835 0.034914319538046544 0.043474353517997867 0.15542439767377461 0.025994780398285667 0.48038083593714626 0.28218352951174946 0.035300137438434472 0.88793769653040566 -0.0044396525993663496 -0.038354882921485527 0.05208854201587209 -0.16452648484770047 1.9340935928530352 0.05208854201587209 0.031350960148819197 0.025994780398285667
decision_type=2 8 8 8 9 10 8 8 2 10 10 10 10 10 2 10 8 10 10 8 2 10 9 2 10 8 10 2 10 10 8 10 8 10 10 10 2 8 8 2 8 2 2 10 2 8 10 10 10 10 10 10 10 10 2 10 10 8 10 10 8 10
left_child=1 3 4 24 27 7 29 9 16 10 11 15 13 21 -14 23 28 -15 -16 20 -8 -12 56 -4 -1 26 -26 -3 -9 30 31 33 -7 -2 43 -36 38 -38 39 42 59 -42 58 -11 -31 46 48 -48 -46 -17 51 -47 -20 -51 -25 -23 -6 -58 -21 -40 61 -39
right_child=6 2 5 -5 22 32 19 8 -10 34 12 -13 14 17 18 49 -18 -19 52 36 -22 55 -24 54 25 -27 -28 -29 -30 44 -32 -33 -34 -35 35 -37 37 60 40 -41 41 -43 -44 -45 45 50 47 -49 -50 53 -52 -53 -54 -55 -56 -57 57 -59 -60 -61 -62 -63
leaf_value=-0.019279415692095934 0.027186574378920598 -0.0058785116022212506 -0.022592370740771976 -0.026786456714099245 -0.0030287450883662386 0.010615438480626793 0.0080578332407584014 0.00166071042128546 0.042446263401774147 0.015518396792981235 0.01828383622151487 -0.046347089639629427 0.034753741879741125 0.07164421128392813 -0.023299704159794619 -0.023139965131228745 0.0049004164761159014 0.02579779716069009 -0.012020311035060407 0.017503477793799221 0.055400711340896205 -0.013598054810630533 0.0051522350309030629 -0.010596020070886896 0.0075943042358949196 -0.0075532369508365619 0.071547019604911735 0.011203461090132864 -0.018225456639647711 0.01442576455132843 -0.043146315385289402 0.017327523503885663 -0.026892589397352035 -0.0095986266187856849 0.00013479431702370472 0.043124503957544143 -0.0063888029869154416 0.016035223205133595 0.0090107492775838658 0.029242722541449426 0.0091164132024907796 0.03049987237469818 -0.027247468633621187 0.067174376625379825 0.0021804660676938486 -0.02902179426335429 0.028045772494584266 -0.015675349771327455 -0.051215932658904388 0.0014075185314502848 -0.046347871386919405 0.021033227715950949 0.017459241214900837 -0.028405971118296909 0.015932875742992306 0.026492510701346061 -0.0095009909713441188 0.004069413005877918 -0.0022463545382519524 -0.034534901327517444 -0.0035243487940930063 0.038821159601360268
leaf_weight=530.47628333419561 52.767682194709778 7356.1550054252148 64.070842668414116 459.31007035821676 6830.493477717042 65.258962512016296 85.525871589779854 276.48095153272152 43.083573177456856 46.992977693676949 586.41907481849194 57.629350483417511 82.712848395109177 61.607501551508904 176.72218403220177 114.76289743185043 560.49270068109035 127.61820188164711 131.70528669655323 176.54282337427139 84.444203063845634 164.06898558139801 2284.888074144721 95.547401390969753 123.77717619389296 2083.4691036567092 26.673442333936691 258.34461127966642 528.67917729914188 627.03277082741261 46.429071016609669 145.29770216345787 183.92459283769131 608.17154301702976 154.14642657339573 55.476143434643745 177.62301202118397 800.18297754228115 62.498733282089233 99.085294172167778 609.34541633725166 271.84443244338036 104.39830516278744 52.301311567425728 49.309896767139435 61.033070936799049 255.18362712860107 95.606103986501694 49.955491572618484 3210.1222363859415 53.533603623509407 56.073449686169624 158.25849156081676 70.580315321683884 922.72327634692192 47.844283372163773 404.43021738529205 2631.45721539855 848.79168948531151 56.392193600535393 104.63257662951946 213.9037788361311
leaf_count=4869 316 44215 315 5306 41932 356 371 1503 209 217 2657 306 389 260 1024 572 2692 552 653 745 368 811 12617 486 960 17646 221 1338 3052 2651 227 687 1084 3096 703 241 750 3460 269 408 2543 1142 442 231 205 262 1059 399 218 15916 226 243 701 331 4512 216 2073 12593 3589 239 451 948
internal_value=-0.000241456 -0.00170594 -0.000630843 -0.0109758 -0.00214223 0.00308495 0.00759809 0.00373164 -0.00324181 0.00527137 0.00442287 0.00205333 0.0114093 0.0177968 -8.38773e-05 0.00268645 -0.00471318 0.0410225 -0.00631941 0.0105072 0.0317651 0.0122473 -0.000164552 0.011284 -0.00834003 -0.00573486 0.0193301 -0.00529061 -0.0114032 0.00247745 -0.00456486 -0.00229236 -0.0170664 -0.00662516 0.0218822 0.0116627 0.00947358 0.0151668 0.00615706 0.00101935 0.0124625 0.0157402 -0.00147971 0.0431257 0.00728979 6.93437e-05 0.00702907 0.0161191 -0.0249342 -5.66306e-05 -0.0182206 -0.00507908 0.00407396 0.000757657 0.0134356 -0.00446477 -0.0014002 0.00225908 0.00116793 -0.0117595 0.0185919 0.020875
internal_weight=36824.3 31028.7 27805 3223.71 19765.8 8039.23 5795.61 7790.05 1408.74 6381.31 6072.39 4535.44 1536.96 987.558 549.399 4477.81 1365.65 189.226 466.686 3695.21 169.97 798.332 12151.3 1082.34 2764.4 2233.92 150.451 7614.5 805.16 2100.39 852.666 806.237 249.184 660.939 308.917 209.623 3525.24 1296.34 2228.9 1228.82 1000.08 881.19 1129.73 99.2943 1247.73 620.695 450.055 350.79 99.2654 3395.47 170.64 117.107 289.964 3280.7 1018.27 211.913 9866.38 3035.89 1025.33 118.891 1118.72 1014.09
internal_count=209073 183759 154757 29002 114768 39989 25314 38549 7456 31093 29701 22438 7263 4496 2767 22132 7247 812 2378 15725 739 3684 69215 5313 23696 18827 1181 45553 4555 9589 4326 4099 1440 3412 1392 944 14986 5609 9377 5184 4193 3685 4776 448 5263 2612 1881 1458 423 16819 731 505 1354 16247 4998 1027 56598 14666 4334 508 4859 4408
cat_boundaries=0 1 2
cat_threshold=6718610 5386
is_linear=0
shrinkage=0.05


Tree=41
num_leaves=63
num_cat=1
split_feature=4 0 5 19 8 8 14 4 2 2 2 13 19 0 2 19 9 11 19 2 2 13 8 18 2 2 9 2 13 17 8 13 2 13 19 2 3 9 6 19 8 11 5 16 18 19 4 15 3 0 9 15 2 15 11 17 22 13 0 19 13 19
split_gain=205.976 110.293 44.5801 33.209 38.9133 31.5205 58.9592 49.103 38.6733 40.9784 48.678 30.9832 41.2128 31.1055 30.5785 49.9783 34.7823 33.2351 30.1795 51.3845 55.5868 30.0749 29.5345 29.2661 28.9784 28.9763 28.2706 27.5446 30.8448 26.1247 26.8169 33.6007 25.0974 24.6028 24.3172 24.2554 28.7872 32.6207 36.8632 25.2414 26.6701 42.8979 29.2094 28.994 24.1173 23.8861 27.5564 47.3907 32.586 27.3701 24.4928 23.8685 23.6276 23.5183 28.1512 23.4497 23.2853 30.2356 28.2414 22.6854 25.0287 22.3552
threshold=0.075141315108740905 0.03970682534841298 0.035198994343180419 0.86422817383443118 -0.013333333333333251 -0.13333333278730422 0.59147303223820891 -0.070100283012858408 0.019363776749054009 0.019694561176474532 0.019644902823555969 0.18782726101378952 0.95941258925576278 0.026402078115183924 0.031622433230216032 0.28295014094432708 2.5000000000000004 1.5000000000000002 0.29117540773333234 0.01629649707805603 0.016573517427443292 0.1720058309037901 -0.12526150837663338 0.45830283064909716 0.016157952362357883 0.016658271835731937 4.5000000000000009 0.013150474867107456 0.036982292917166877 0.92234813271357596 -0.026364220035453186 0.25544016358157562 0.013150474867107456 0.78184122053484695 0.50505903630903648 0.023994123235976213 4.0570900501903147 8.5000000000000018 0.068442526745856505 0.31869400807045151 -0.10173599423879263 3.5000000000000004 0.045529128304528051 0.82079823008849562 0.91897103154179849 0.02910722657558101 0.036367599606675578 0.74965373894794196 0.88161178211431912 0.036461582948084055 3.5000000000000004 0.013251304435079271 0.029488768802778721 0.1963931017659882 2.5000000000000004 0.27143166852842621 0 0.91882135880182336 0.087893955439120638 0.17599965158222661 0.30278653367966651 0.7623740425013027
decision_type=2 8 10 10 10 10 8 2 8 8 10 10 8 10 8 8 2 2 10 10 10 8 10 10 10 10 2 10 8 10 10 10 10 10 10 10 10 2 2 8 10 2 10 2 10 10 2 10 10 10 2 10 10 10 2 10 9 8 10 10 10 10
left_child=1 2 3 4 24 6 7 -3 26 10 -10 21 13 -13 17 16 -16 -8 23 32 -21 -4 45 -7 27 -26 -9 59 -29 51 -31 -32 34 -34 -20 53 37 38 39 -37 41 -41 -42 -44 -39 -15 50 48 -48 -50 -47 -22 -27 54 -2 61 57 -19 -58 -1 -61 -24
right_child=35 5 11 -5 -6 18 14 8 9 -11 -12 12 -14 22 15 -17 -18 56 19 20 29 -23 55 -25 25 52 -28 28 -30 30 31 -33 33 -35 -36 36 -38 44 -40 40 42 -43 43 -45 -46 46 47 -49 49 -51 -52 -53 -54 -55 -56 -57 58 -59 -60 60 -62 -63
leaf_value=0.045456003310404967 0.009292286882533975 0.025813701335166035 0.0019395858702322057 -0.027614433234243636 0.039454816095068845 0.0074402652214148358 -0.00501032014857617 -0.014926403371169114 0.00036522855021021267 -0.0069717281253167292 0.064694337121805098 -0.028512320864905225 -0.027504236087767409 0.031401465681874345 0.016381255955589577 0.0028490018463088879 0.061846079838191396 0.0052008434653950742 -0.013516892562768099 0.027767144430921716 -0.025064753928880464 0.03539474210132211 0.0052392362213561803 0.03721144446313443 0.010778302873003394 -0.010202918612237375 -0.044919183135641201 0.030832126054658265 -0.026363723557836834 0.014889118630137416 0.027700927886842419 -0.013568895174406601 -0.0099426239125126395 -0.032912361343299931 0.02028128744447813 0.022539000852830945 -0.021857064064037795 0.066785720401904211 0.035992971878000983 0.0049548956379660385 -0.017427461237803778 -0.03138647859743042 -0.0079382083962207649 0.018482694189110447 0.017158222645463458 -0.011989744776166496 -0.0055338159072811297 -0.018045091554599532 0.083838111226866449 0.015652103171938225 -0.034559061392802147 0.00086640603304229005 0.018657669375334873 0.0049161074440458204 0.047901840805766427 -0.0014360382190240278 -0.00245224692733038 0.034800850114580006 0.022635383026465592 0.019996403498250298 -0.023399714656404166 0.05926441398531096
leaf_weight=21.788983598351479 147.1138980537653 109.91729807853699 819.0901832357049 281.32157737761736 38.759410992264748 794.18000479787588 2474.3978574946523 487.79209198057652 90.548513151705265 3101.4530640691519 42.559975281357765 127.36703216284513 204.1591384857893 30.309417560696602 118.47493401169777 573.72546483576298 65.168007746338844 1620.1260463297367 96.316198378801346 204.69212104380131 88.722910538315773 72.19343164563179 50.536426097154617 91.267419651150703 193.61597491055727 2275.5822028443217 93.233378872275352 23.788696818053722 564.42893794178963 656.3225910961628 63.659051418304443 207.04885759949684 596.38779707252979 144.45361501723528 116.55325081944466 317.00543354451656 59.182535633444786 46.946439549326897 144.57238273322582 413.06723408401012 76.296091705560684 100.01862123608589 120.57523585855961 725.4916979521513 51.947295412421227 367.62168507277966 45.977881625294685 142.70674681663513 29.262532874941826 29.751126728951931 179.01599676162004 8108.122542321682 72.307630985975266 4366.0776101276278 68.986214622855186 2201.6174068674445 2030.6139571517706 90.180795788764954 117.73569276928902 50.277164004743099 93.670358456671238 30.045751720666885
leaf_count=190 700 606 5229 2531 345 4214 13321 3217 594 18574 280 1361 1603 193 514 2680 282 8338 519 1083 491 449 333 469 1558 18512 568 200 5339 2966 285 960 3231 815 603 1348 249 206 676 1765 326 430 519 3136 229 2834 326 956 215 190 1364 42147 431 18928 337 15994 10803 454 545 395 913 204
internal_value=-0.000230398 -0.00198699 -0.00704153 -0.0111395 -0.00974156 -0.000176437 -0.00207402 -0.00698931 -0.00794079 -0.00580361 0.0212628 -0.0036177 -0.00577091 -0.00439092 0.000647859 0.0101359 0.0327626 -0.000488239 0.00169537 0.000932131 0.00206263 0.00468606 -0.00339319 0.0105474 -0.010332 -0.00777281 -0.0198081 -0.0189369 -0.0240022 0.00148298 0.00943404 -0.00379775 -0.0101163 -0.0144597 0.00499706 0.00774244 0.0122556 0.0132775 0.0118036 0.00978864 0.00695911 -0.0021766 0.0120379 0.0147125 0.0411499 -0.0114969 -0.0131712 0.000664681 0.0260257 0.0502964 -0.0194305 0.000582703 -0.00930654 0.00571608 0.0217816 -0.000461249 0.00241213 0.00674162 -0.00106254 -0.000923639 -0.00820918 0.0258625
internal_weight=36766.1 30128.8 7945.2 3615.54 3334.22 22183.7 11015.9 3925.5 3815.59 3234.56 133.108 4329.65 3438.37 3234.21 7090.42 757.368 183.643 6333.05 11167.7 10282.3 9328.57 891.284 3106.84 885.447 3295.46 2541.51 581.025 753.954 588.218 9123.88 927.031 270.708 953.711 740.841 212.869 6637.28 2055.1 1995.92 1897.03 1752.45 1435.45 513.086 922.363 846.067 98.8937 824.645 794.336 247.698 104.992 59.0137 546.638 8196.85 2347.89 4582.18 216.1 2282.2 3858.66 1710.31 2148.35 165.737 143.948 80.5822
internal_count=209073 180224 61665 30414 27883 118559 60776 23839 23233 19448 874 31251 25573 23970 36937 3476 796 33461 57783 53100 47932 5678 22609 4683 27538 20501 3785 7037 5539 46849 4211 1245 5168 4046 1122 28849 8884 8635 8200 7524 6176 2195 3981 3655 435 6078 5885 1687 731 405 4198 42638 18943 19965 1037 16531 20140 8792 11348 1498 1308 537
cat_boundaries=0 1
cat_threshold=9505353
is_linear=0
shrinkage=0.05


Tree=42
num_leaves=63
num_cat=0
split_feature=16 0 2 3 14 8 19 16 9 0 15 14 19 8 8 9 14 5 2 2 9 16 14 8 7 9 19 7 2 14 8 18 18 2 12 3 8 18 14 3 14 14 18 5 15 15 16 5 14 15 0 5 16 19 6 18 11 8 7 15 5 6
split_gain=139.003 107.946 60.8389 57.7514 39.947 38.5103 35.4391 35.1218 40.4018 69.4896 36.776 41.0314 47.6472 46.5526 34.8242 32.6046 30.5825 41.7611 37.8801 30.5007 29.9249 29.9046 36.7829 42.8623 33.2008 29.6471 31.9313 43.5889 35.617 28.9975 27.772 27.7646 39.5782 36.0703 27.7534 32.7539 31.7217 27.7527 27.6504 27.6163 26.88 48.8498 26.0255 26.2949 44.5774 29.1326 37.4445 28.973 28.9198 30.2449 25.9409 24.9972 24.8368 24.4208 25.6056 35.414 28.5544 24.3559 31.9241 30.3805 24.2835 24.2591
threshold=0.88022392714570874 0.031801242083979699 0.02447974623388955 1.2381669168879028 0.75016733601070962 -0.1722386531063618 0.0093203897551723657 0.25015923566878989 4.5000000000000009 0.067380670948475122 0.92280645479668388 0.15542439767377461 0.2237886447477922 -0.090909090801475287 -0.078680836949832564 2.5000000000000004 0.70214407670081436 0.094192475067027007 0.022785645736909142 0.025801116477334164 7.5000000000000009 0.58125775434243188 0.51638311929636216 -0.026364220035453186 -0.02336896564841939 9.5000000000000018 0.90442407974388017 -0.00082610505626790054 0.015232587189692467 0.080570504767886728 -0.024440871739907163 0.90589320599088363 0.87821062585213538 0.013016022587590435 2.5000000000000004 1.3181660694189492 -0.019799331458025423 0.9416359813681191 0.19873210997554588 3.6245493502670443 0.72599435028248605 0.57577248866618957 0.58383095662507445 0.1201298708427221 0.61497922437673147 0.8166796671866875 0.93927146153944252 0.15020744721399995 0.5955140030186149 0.96596301659797268 0.074597380630293128 -0.038267406946358877 0.64076831497224884 0.1644465568229827 0.0004436558104837785 0.69030185696294122 4.5000000000000009 -0.2604422347877296 -0.021004674836742006 0.59919556590752254 0.15273251244432798 -0.042263786706850485
decision_type=2 8 8 10 10 10 10 2 2 10 10 10 10 10 10 2 8 10 10 10 2 2 10 10 10 2 10 10 10 10 10 10 10 10 2 10 8 10 10 10 10 10 10 10 10 10 2 10 10 10 8 10 2 8 2 10 2 10 10 10 10 2
left_child=1 37 3 4 5 38 50 61 19 10 11 29 -13 -14 31 -16 17 -2 42 51 -6 -15 24 -24 -23 26 27 28 -17 -10 -31 32 33 -5 -18 -36 -37 53 -3 -12 41 -28 -19 45 -45 46 -44 48 49 -46 -4 -9 -39 57 55 -55 -56 -1 -59 -60 -7 -8
right_child=16 2 6 14 20 60 7 8 9 -11 39 12 13 21 15 25 34 18 -20 -21 -22 22 23 -25 -26 -27 40 -29 -30 30 -32 -33 -34 -35 35 36 -38 52 -40 -41 -42 -43 43 44 47 -47 -48 -49 -50 -51 -52 -53 -54 54 56 -57 -58 58 59 -61 -62 -63
leaf_value=-0.030494570276997181 -0.0047099423643468105 -0.025356667654232168 -0.0088199163543746326 0.048972774140267301 -0.00067607075480887997 -0.0044820460060009202 -0.030365078625880795 -0.014238682852233073 -0.01457194661118618 0.038839179888490213 0.030828380451178045 0.018691753263665643 -0.042650091529082231 0.011673810624143795 -0.003257486194084825 -0.012900150833306791 0.0095322054129243546 -0.02696309477391249 0.016759918264180915 0.0067095892711354181 0.040157722347757004 -0.0036589327671640998 -0.029899544416516589 0.026661892754537016 -0.054941452781214387 -0.021312868300868471 -0.0068799087708085339 0.063719824633649461 0.014152605363007449 0.0049971393294261915 0.06023286851284252 -0.025989463185152131 0.036548772447017534 -0.0018912742120470343 -0.0025167690441071479 0.065414171541944871 0.012271822067502566 -0.016071236478019883 -0.0091682479953796182 -0.014363023965846308 -0.035889993975488664 0.050735794176633979 -0.03472982967874224 0.025974969821225598 0.0032333649013080532 0.024792856039226888 0.023962575735824197 0.0025517260234312507 -0.047593468582724008 -0.034908116635052833 0.0078780722208150172 0.020412757320877349 0.026808960732519996 -0.017283445645309984 -0.018229863008618678 0.0048132678254227453 -0.052984480400557254 -0.0038322059353949945 0.0064162695285058698 0.084525378434311085 0.010776464093507297 -0.0003569293321092576
leaf_weight=39.588347472250462 1023.9630514979362 296.99920742958784 954.80662402510643 34.206505164504051 4843.3098257258534 6407.4326818063855 68.967399209737778 55.505710393190384 58.392176881432533 92.520226284861565 102.31121879816055 83.785687267780304 177.23067219555378 100.60755699872971 702.96475487202406 131.89782916009426 2434.9914058595896 68.965578392148018 734.5430641323328 3175.2252387925982 44.287084817886353 47.633323490619659 64.77317288517952 67.252611428499222 93.419600173830986 75.587381668388844 224.26492946594954 40.728595927357674 1466.4181418269873 50.006542593240738 41.068071037530899 110.42625836282969 69.124785244464874 3499.7734805941582 52.558557018637657 71.899157226085663 46.570251867175102 56.090017259120941 2331.1923899352551 49.52746194601059 53.814379140734673 42.973091453313828 54.777338303625584 141.01015475392342 162.92011865228415 258.6103468760848 52.03435942530632 545.22705290466547 59.844857096672058 75.223854437470436 306.53963221609592 703.78988245129585 81.954857259988785 441.71712207794189 1058.419190466404 306.50948332995176 61.970491804182529 93.642188630998135 25.097486302256584 24.054065741598606 270.88136141747236 1800.9009688571095
leaf_count=355 4787 2413 5435 193 24704 42175 333 300 322 399 455 405 923 455 3826 790 10389 316 3161 15507 205 217 283 291 426 409 1331 200 7833 269 190 620 386 20347 226 306 196 468 15446 229 241 206 274 649 712 1140 217 2347 258 336 1431 3398 564 4220 10305 2909 609 886 209 193 1379 9069
internal_value=-0.00022005 -0.00155046 -0.000735057 -0.00217543 -0.00395825 -0.00588035 0.00293876 0.00436022 0.00656019 -0.00226143 -0.00636116 -0.0107233 -0.0162701 -0.0216115 0.0017466 0.00602296 0.00689432 0.00359952 0.00755156 0.00886625 -0.000297932 -0.0115462 -0.0201123 -0.00110388 -0.0377711 0.00922772 0.0104157 0.0132389 0.0119135 0.0127823 0.0302881 -0.0014079 -0.000647536 -0.00138523 0.0109082 0.0303301 0.0448015 -0.0122509 -0.0110066 0.0160901 -0.00399339 0.00253956 0.00277512 0.00431354 5.6734e-05 0.0157474 -0.0061802 -0.00430318 -0.0168121 -0.00891019 -0.00475885 0.0178643 0.00939572 -0.0137117 -0.0154155 -0.00823723 -0.0201977 0.00373395 0.0133696 0.0455649 -0.00386162 -0.00147938
internal_weight=36712.7 30929.6 28740.5 20646.3 14194.1 9306.51 8094.26 6832.92 4963.05 1028.53 936.008 784.169 634.703 550.917 6452.18 2738.65 5783.14 3177.12 2153.16 3934.52 4887.6 373.686 273.079 132.026 141.053 2035.68 1960.1 1639.04 1598.32 149.467 91.0746 3713.53 3603.1 3533.98 2606.02 171.028 118.469 2189.04 2628.19 151.839 321.052 267.238 1418.61 1349.65 984.226 365.422 106.812 843.216 297.989 238.144 1261.35 759.296 138.045 2051 1868.62 748.227 1120.39 182.382 142.794 49.1516 6678.31 1869.87
internal_count=209073 183759 163041 122704 86322 61413 40337 33471 24069 4864 4465 3781 3000 2595 36382 14836 25314 14197 9410 19205 24909 1672 1217 574 643 11010 10601 8823 8623 781 459 21546 20926 20540 11117 728 502 20718 17859 684 1778 1537 6249 5933 4302 1631 491 3653 1306 1048 6866 3698 1032 19686 18043 7129 10914 1643 1288 402 43554 9402
is_linear=0
shrinkage=0.05


Tree=43
num_leaves=63
num_cat=2
split_feature=4 14 13 8 18 5 5 1 21 8 8 7 13 16 4 19 8 15 14 6 9 19 1 4 12 1 6 16 11 7 7 14 9 1 15 1 8 15 7 13 14 15 8 1 4 7 18 14 16 19 11 4 22 5 5 13 7 19 15 15 16 14
split_gain=170.526 71.8333 48.5024 42.3066 36.8754 36.7427 48.1777 35.6564 35.1656 34.1738 31.3186 44.2512 29.2119 30.8995 27.3716 24.0314 27.4114 37.2554 46.9465 23.7017 25.9489 22.7729 28.9752 22.3261 22.1145 30.9682 34.749 31.9769 22.2351 21.1141 20.6412 25.2058 64.0606 23.1683 27.3744 21.5279 21.028 20.2599 28.0701 26.9482 36.1518 29.2282 20.2167 24.1641 22.627 28.1969 30.6588 25.1759 21.1477 27.4361 21.4297 19.7814 19.2038 20.3435 19.1506 23.1734 23.8157 30.8704 28.5275 23.2163 20.3465 19.0914
threshold=0.075141315108740905 0.19496438283035553 0.2233171521035599 -0.099452696081577793 0.89667517006802722 0.017665376273056647 -0.11903185679703597 1.7637017443350242 0 -0.043059886158197939 -0.061439201753236576 -0.038738489457913854 0.45025526816180877 0.16343266187953279 -0.058411798190564627 0.90442407974388017 -0.01460351325256176 0.58350976925315023 0.088582059621241924 -0.024543907849229604 6.5000000000000009 0.2200230414746544 2.0820110862400507 0.029458633070706289 2.5000000000000004 2.5106739716005806 0.0037969877838970327 0.62904472254075894 4.5000000000000009 -0.046910329175264213 -0.12760525273088744 0.57577248866618957 3.5000000000000004 2.0300039024605305 0.2555279176648903 1.9340935928530352 -0.19913523776287687 0.23219593730429647 -0.06403679124680399 0.89146292983502307 0.55610158576833302 0.8166796671866875 -0.019011406844106456 1.7987806117894454 -0.038699975953540904 -0.066666666666666693 0.24804941152597407 0.61540565561353322 0.25015923566878989 0.61607958997127199 1.5000000000000002 0.048261708913882935 1 0.043373496336190372 0.031471282454759948 0.89546518224365357 -0.0065877030711636855 0.87186427345537765 0.20822858217610737 0.44561501836786793 0.43973788009839471 0.76226622282118328
decision_type=2 8 8 10 8 8 10 10 9 10 10 10 10 2 2 10 10 10 10 2 2 8 10 2 2 10 2 2 2 10 10 10 2 10 10 10 10 8 10 10 10 10 8 10 2 10 10 10 2 10 2 2 9 8 10 10 10 10 10 10 2 10
left_child=1 2 3 -1 7 6 -3 -5 21 29 14 -12 -8 -14 -4 16 54 -18 -19 -15 42 22 30 -6 61 -26 27 -27 -29 -9 -7 33 -33 34 36 -36 -32 38 -2 -39 41 -41 43 48 -45 47 -47 -46 -21 50 -50 -25 -24 -54 -13 56 57 58 -56 -60 -61 -23
right_child=37 5 10 4 23 8 12 9 -10 -11 11 15 13 19 -16 -17 17 18 -20 20 -22 24 52 51 25 26 -28 28 -30 -31 31 32 -34 -35 35 -37 -38 39 -40 40 -42 -43 -44 44 45 46 -48 -49 49 -51 -52 -53 53 -55 55 -57 -58 -59 59 60 -62 -63
leaf_value=-0.0080239854906778586 -0.00032782251963075923 0.010278301237403809 0.035989827647908215 -0.003415116352651207 0.062479497252666251 -0.0055758415657758305 -0.0012480124897998105 0.023724091665975559 0.0067320198363028869 -0.00019065138699427713 0.014716748111238255 -0.019741184643183016 -0.014141535051868962 0.021150675912534514 -0.01526865133810419 -0.01923647709740936 -0.0093803762368821902 0.075081505957339839 0.0044980300328255791 -0.017597712475696112 -0.04577254159848191 -0.0029433303124167744 0.0061278889550132765 -0.0074071273523523516 -4.3274081162339483e-05 -0.022128137005230579 0.056096999420781515 0.0036985355765794727 0.052533923020102062 0.085023084673367 0.012593578656684486 0.0095471412349866416 0.071241367146935256 0.038913817147976065 0.0055768422813566084 -0.023254428720140601 0.0610811535394859 0.007208875472251435 0.027919180939550748 -0.049907790367715116 0.0045390034633079881 -0.0031091128022474623 -0.020437888799299017 0.014918646864179534 -0.019126514564239944 0.036383227279795129 -0.0013216576451631286 -0.0052149277501719778 0.007088744989479168 -0.010370723533522141 0.04562857491232726 0.041385392101823334 0.0048241941533936246 -0.0078166596557696366 -0.027867793235993012 -0.0223881743084101 -0.026440814126507672 -0.036392558431343036 0.049126528291724397 -0.015544353940493387 0.023102690960596427 0.0015940406184896075
leaf_weight=624.65380129218102 134.55083328485489 574.97369617968798 25.477707162499428 365.50877065956593 44.716737054288387 152.48128716647625 3240.6753217726946 28.722208082675934 1998.1601413860917 52.943081177771091 237.79014581441879 255.20156609266996 1251.9615512043238 85.449551418423653 1960.7579850628972 381.07454203814268 97.228713318705559 39.891465231776237 55.899131648242474 51.70993272960186 38.345262750983238 8676.5581393316388 901.38999787718058 38.726056337356567 388.92652505636215 48.412191286683083 58.794120296835899 47.815832406282425 44.781083673238754 28.666583873331547 69.173837505280972 125.42151269316673 62.610088706016541 57.475622020661831 308.32930897176266 80.886430889368057 32.56256116181612 5847.8172621428967 252.81898300349712 68.484075807034969 260.56164808571339 64.453499555587769 190.99717548489571 128.05207703262568 528.01391611993313 59.360182747244835 504.26781208068132 847.08417421579361 62.810450054705143 60.498652093112469 85.093783766031265 43.167662397027016 498.38651084899902 877.15377816557884 32.357802577316761 110.5725069642067 53.542436324059963 31.461568683385849 56.730725392699242 46.715360142290592 119.18504626303911 3162.7060492485762
leaf_count=4557 601 2770 183 2464 277 835 19455 214 10709 386 1820 2427 7555 496 16233 3264 839 343 409 329 243 50281 4863 221 2144 244 271 221 205 196 475 623 301 367 1880 517 205 25218 1264 339 1096 331 1181 707 3657 360 3222 4688 383 370 503 204 2908 4658 250 1016 422 232 408 349 809 15075
internal_value=-0.000210544 -0.00181266 -0.007467 0.00108727 0.010532 -0.000755128 -0.00363318 0.00412197 0.000506246 0.0288973 -0.0104623 -0.0050496 -0.00475563 -0.00767394 -0.0145934 -0.00873069 -0.00425994 0.0123942 0.0343642 -0.00460459 -0.00547347 -0.000296017 0.00348891 0.0344016 -0.00126062 0.00818952 0.0241355 0.0105078 0.0276249 0.0552756 0.0111389 0.0146025 0.0303581 0.00915525 0.0055994 -0.000459083 0.0285564 0.00704729 0.0181322 0.00635651 -0.00629677 -0.0274105 -0.00484182 -0.00355343 -0.00536194 -0.00670846 0.00270675 -0.0105668 0.010782 0.0178741 0.0294194 0.0185013 0.000498669 -0.0032131 -0.00882573 -0.00261317 0.00386486 0.00960178 0.0153967 0.0217814 0.0121923 -0.0017312
internal_weight=36661 30032.3 4730.99 1227.1 602.451 25301.3 7709.29 475.841 17592 110.332 3503.89 1517.65 7134.32 3893.64 1986.24 1279.86 898.786 193.019 95.7906 2641.68 2556.23 15593.9 3165.87 126.61 12428 588.73 199.803 141.009 92.5969 57.3888 888.941 736.459 188.032 548.428 490.952 389.216 101.736 6628.69 387.37 6241.32 393.499 132.938 2517.89 2326.89 2066.78 1938.73 563.628 1375.1 260.113 208.403 147.904 81.8937 2276.93 1375.54 705.767 450.565 339.993 286.451 254.989 222.631 165.9 11839.3
internal_count=209073 180224 37523 8519 3962 142701 45919 3260 96782 796 29004 12588 43149 23694 16416 10768 7504 1591 752 16139 15643 86073 17632 702 68441 3085 941 670 426 410 5203 4368 924 3444 3077 2397 680 28849 1865 26984 1766 670 15400 14219 12634 11927 3582 8345 1585 1256 886 425 12429 7566 5913 3486 2470 2048 1816 1566 1158 65356
cat_boundaries=0 1 2
cat_threshold=21834 68228
is_linear=0
shrinkage=0.05


Tree=44
num_leaves=63
num_cat=1
split_feature=4 0 2 2 12 6 2 9 3 13 11 4 5 8 3 4 2 8 9 19 2 2 19 2 2 2 6 3 7 6 19 19 3 2 19 19 8 1 19 5 13 8 8 1 7 6 5 13 4 22 11 6 5 7 16 0 8 2 8 1 5 19
split_gain=154.954 90.4074 45.0562 37.429 34.7093 35.6937 34.4288 46.3343 38.8622 33.3251 31.0112 46.9812 29.166 31.1347 34.6353 54.5262 32.1962 41.2255 34.3656 30.1554 41.8863 41.9385 29.6208 44.4716 28.9305 28.1544 28.081 40.1594 27.9754 25.6439 28.6111 33.8742 37.275 25.1209 28.8897 25.0487 43.0201 35.321 37.3724 28.8889 26.2959 24.4218 28.2064 24.2619 24.107 25.6893 23.9857 23.4697 40.4547 23.4658 23.2725 27.6252 40.2739 22.7199 27.963 24.6524 22.4348 22.0113 41.1489 33.4803 29.109 28.8746
threshold=0.083433142334766966 0.03970682534841298 0.016396713910233628 0.013150474867107456 2.5000000000000004 -0.0020330370265654314 0.016619630248149515 3.5000000000000004 0.19073736864683274 0.94648573737125796 5.5000000000000009 0.022146507666098828 -0.11903185679703597 -0.1722386531063618 0.96401547361034423 -0.070100283012858408 0.024430463225263918 -0.30083882840704157 4.5000000000000009 0.28711735141283706 0.01629649707805603 0.016573517427443292 0.45354156504773191 0.034396249380162246 0.028521094297324818 0.03098648343492957 0.029894658000232614 1.93703799086999 -0.097826086801241205 -0.031974162501548935 0.48120844017558351 0.18406952055777123 1.3367342861323139 0.013150474867107456 0.50505903630903648 0.12840173040074296 -0.07488820169680159 1.9519992009467384 0.89612475319113438 0.057696676335931237 0.1918890795754922 -0.35790280842927974 -0.25478556982897727 1.9624993333386884 -0.044504757976607849 -0.0004916422033980904 0.091175397949114015 0.47743708228905607 0.02498377403517105 0 2.5000000000000004 0.0053191489361702491 0.072961373390557985 -0.015811526701717368 0.056891389634524066 0.06060425085851915 -0.019011406844106456 0.023366724855946545 -0.020507223499698465 1.4277082533872931 0.048387098539845692 0.87589161248308367
decision_type=2 8 10 10 2 2 10 2 10 8 2 2 10 10 8 2 8 8 2 10 10 8 10 10 10 10 2 10 10 2 10 10 8 10 10 10 10 10 10 10 10 8 10 10 10 2 10 10 2 9 2 2 10 10 2 10 8 10 10 10 10 10
left_child=1 2 3 50 12 -6 7 -4 -8 35 11 -7 25 14 15 -14 43 28 22 24 33 -22 -19 -24 44 -3 -2 -28 -18 -16 31 32 -31 34 -21 -5 -37 -38 39 40 -39 -10 -43 -17 -15 -46 -36 48 -35 -45 -1 52 -52 54 -33 -56 -13 59 -59 -44 -60 -61
right_child=26 4 6 9 5 10 8 -9 41 -11 -12 56 13 19 29 16 17 18 -20 20 21 -23 23 -25 -26 -27 27 -29 -30 30 -32 53 -34 47 46 36 37 38 -40 -41 -42 42 57 49 45 -47 -48 -49 -50 -51 51 -53 -54 -55 55 -57 -58 58 60 61 -62 -63
leaf_value=-0.0089571821043128424 0.0055752552012726143 0.0062867929988055368 0.028830081465288912 0.0063667363812648509 -0.010846132981797705 0.00057682751005595225 -0.010418270240289636 -0.014742196730777103 0.041975152933598561 -0.048009843938924067 -0.0098804728300565317 0.035587781262718186 0.02121482961607497 0.0023156224975099397 -0.024938225281492504 -0.026447870173522344 0.0062831979155196088 -0.0059736149789998078 -0.036641640802318791 -0.015353800212533925 0.022004222689060805 0.00033806920186201027 0.037936635774543599 -0.016922687504783228 0.029130218436506008 0.038450245427291183 0.02318338981573774 0.0043537641054135759 0.039228994852336538 0.019503253144304879 0.027315336185719408 -0.034742552738502776 0.0013785384296418613 -0.020585671637100542 0.03918936643176877 -0.028762894522307566 -0.02958424092140681 0.026913454338133844 -0.030791628675761171 0.017779847858426564 -0.014418710731337365 -0.021287014488448122 -0.019247562457391683 -0.011076787135769251 -0.015910736314706551 0.027179761540965686 -0.0078508251878647399 -0.022435088219842178 0.013972141127529959 -0.0010868173833596566 0.012382333484353315 -0.018532167548972404 0.085197607818790322 -0.032734284783389606 -0.0064286204028337806 0.018002620808759376 0.007769267517255477 -0.0015093117682009095 0.064729333064807826 0.00076261744254311255 0.016401336639018917 -0.013720669729450394
leaf_weight=209.92721740156412 4663.7039936706424 473.13991984724998 171.15677762776613 124.53845565766096 173.450793415308 229.64634572714567 2114.1036876887083 93.733020260930061 30.352197453379631 80.092592071741819 111.91691493988037 303.71419760584831 182.15281996876001 1222.5111911967397 89.602234840393066 198.41286540031433 309.12754555046558 1164.8312381133437 80.779747813940048 93.372479632496834 227.2049001455307 10504.165131054819 96.527459040284157 58.72155587375164 136.81315150856972 78.596090078353882 602.21712590754032 534.76651459187269 80.586884066462517 345.76922501623631 107.06911987811327 69.089533627033234 1559.980564519763 182.36185093224049 72.552775159478188 479.79452284425497 167.54573017731309 45.105284281075001 101.67212811857462 185.41886111348867 232.96874321252108 185.73052484542131 289.89702450484037 2214.4179739281535 41.224622026085854 196.78192007541656 42.449211642146111 409.1661160364747 156.4309810847044 815.49670052528381 74.019574142992496 37.790132120251656 24.754856780171394 80.068665459752083 506.63934195786715 128.62457922101021 95.961695000529289 423.57330168038607 38.372398301959038 2307.3117895275354 155.34222085773945 403.43459968268871
leaf_count=1825 19795 2318 1289 1009 848 1204 17041 666 188 1064 528 1398 945 6731 478 1444 1530 6302 428 507 1186 54716 478 316 649 335 2803 2245 386 1850 551 382 8163 1062 385 4224 1713 336 771 1267 2001 1377 2758 13124 221 1030 207 2291 816 4614 652 306 164 449 2892 609 448 2480 229 17173 805 3071
internal_value=-0.000201011 -0.00161225 -0.00619453 -0.0132458 -1.16893e-05 0.0095258 -0.00419114 0.0134143 -0.00497729 -0.0168453 0.014301 0.0186103 -0.000410006 -0.000703239 -0.00314886 -0.00558618 -0.00656291 -0.00118465 -0.00518708 0.000785773 -9.51132e-05 0.000798793 -0.003236 0.0172111 0.00722726 0.0109298 0.00729514 0.0143387 0.0131788 0.00124274 0.00208999 0.00107624 0.0046755 -0.0101163 0.00521744 -0.014944 -0.0171363 -0.00949409 -0.00349654 0.00254433 -0.00764197 -0.00197516 -0.00233682 -0.00954464 0.00515699 0.0196808 0.021908 -0.0143894 -0.00463512 -0.00842938 0.00148202 0.0174776 0.0313023 -0.00766295 -0.00477056 -0.0014614 0.0289447 -0.00135837 0.00723281 -0.00312756 0.0262578 -0.00139716
internal_weight=36616.7 30816 7976.64 1763.63 22839.4 914.69 6213.01 264.89 5948.12 1417.14 741.239 629.322 21924.7 21372.9 8087.9 5201.05 5018.9 1790.57 1400.86 13285 11687.7 10731.4 1320.08 155.249 1597.33 551.736 5800.69 1136.98 389.714 2886.84 2797.24 2690.17 1905.75 956.333 208.374 1337.04 1212.51 732.711 565.165 463.493 278.074 3834.01 3803.66 3228.33 1460.52 238.007 115.002 747.959 338.793 3029.91 346.492 136.565 98.7744 784.422 704.353 635.264 399.676 3617.93 617.288 3000.64 193.715 2710.75
internal_count=209073 184230 62409 15332 121821 4426 47077 1955 45122 12385 3578 3050 117395 114742 44941 29567 28622 9440 7524 69801 61170 55902 7096 794 8631 2653 24843 5048 1916 15374 14896 14345 10013 5268 1099 11321 10312 6088 4375 3604 2337 28081 27893 19182 7982 1251 592 4169 1878 17738 2947 1122 816 4332 3883 3501 1846 26516 3514 23002 1034 20244
cat_boundaries=0 1
cat_threshold=12584199
is_linear=0
shrinkage=0.05


Tree=45
num_leaves=63
num_cat=0
split_feature=4 2 2 2 14 2 12 5 2 14 10 9 17 2 1 15 1 2 13 11 5 14 8 14 13 2 2 5 2 5 8 17 5 9 16 9 5 13 8 13 19 4 17 11 8 2 17 8 13 19 9 8 2 4 2 2 2 14 6 15 9 2
split_gain=139.321 88.3626 79.4474 77.9605 60.7889 62.1775 49.4375 42.6022 45.1705 41.9636 40.8746 40.246 38.166 37.9657 36.9898 37.105 36.1576 35.7165 34.8415 35.2257 34.4098 36.1566 50.7971 36.0701 33.9855 35.1586 55.9725 127.406 45.6312 41.8748 36.8634 33.1959 56.1281 39.6745 33.1386 31.238 34.8632 29.9274 28.4287 38.3032 33.0495 39.749 36.8977 31.5531 28.2234 28.1365 27.406 32.8126 27.1819 27.1629 26.4404 26.2961 32.7884 57.6369 40.521 32.1145 28.7587 29.9302 29.263 27.0933 33.7949 27.0744
threshold=0.0990990990990991 0.01629649707805603 0.013150474867107456 0.016658271835731937 0.75016733601070962 0.024268382718257913 2.5000000000000004 0.15020744721399995 0.023758605474136472 0.19111714975845415 3.5000000000000004 9.5000000000000018 0.61967649110568546 0.01741912324366772 1.3572695071273462 0.64264813615919325 2.8297325594510032 0.019098867813954191 0.21183667035368678 3.5000000000000004 0.097284803839245884 0.057052018461414437 -0.066747944399193779 0.1633940514595956 0.89146292983502307 0.019993522459839312 0.019601302197532009 -0.050528111879601649 0.020733316268245944 0.012764599655120891 -0.34075514268250429 0.32718507407292868 -0.0023515587198451589 4.5000000000000009 0.77399273156301551 7.5000000000000009 0.12981253252633287 0.96605221429380461 -0.052727250909003646 0.50922996037348245 0.56436705902349893 -0.061886611620357072 0.95845925587765357 4.5000000000000009 -0.16619129050120865 0.012471688195295131 0.47351667768171463 -0.36847072247453955 0.033092581004032826 0.70298890791334789 4.5000000000000009 -0.11385872744095031 0.028236757282885081 0.020716158107734865 0.027862282336196666 0.030338905914821291 0.034396249380162246 0.18299578643455658 -0.0039408866440410742 0.85174690487136007 3.5000000000000004 0.031827200496059742
decision_type=2 10 8 10 8 10 2 10 10 10 2 2 10 10 10 8 8 10 8 2 10 10 10 10 10 10 10 10 10 8 8 8 10 2 2 2 10 10 10 10 8 2 10 2 8 10 10 10 10 10 2 10 10 2 10 10 10 10 2 10 2 10
left_child=1 2 6 18 5 7 45 8 11 -4 34 14 -13 16 -5 24 -6 -17 19 -3 21 22 -19 -22 25 26 29 -28 -27 50 -31 33 -33 -23 -9 -15 -37 38 40 -40 41 -7 43 -42 -35 -1 -11 -48 -32 -41 -16 55 54 -54 -53 59 57 -57 -58 -43 -61 -59
right_child=-2 3 9 4 13 37 -8 10 -10 46 -12 12 -14 35 15 17 -18 20 -20 -21 23 31 -24 -25 -26 28 27 -29 -30 30 48 32 -34 44 -36 36 -38 -39 39 49 42 51 -44 -45 -46 -47 47 -49 -50 -51 -52 52 53 -55 -56 56 58 61 -60 60 -62 -63
leaf_value=-0.011953085661646462 0.0083943891288863256 0.038697205940756117 -0.027715716046304802 -0.021660572262863505 0.013100764315427059 0.031183872536758805 0.054982515680285872 0.014069738716752154 -0.022692849597289923 -0.016027370766437891 0.051094538405187864 0.0063499688771076384 -0.045095274639167661 0.0034272447379379333 -0.011295062434608753 -0.0067656062555920965 -0.014893919285919594 0.0041035406204106032 0.0078547261972637689 -0.0074202082331480367 -0.042862006125461323 0.0004608520752274962 0.08997479791784585 -0.0028904440048300849 -0.015568236668577585 -0.017789937453866807 0.085155209434096116 0.0053199143465492149 -0.0046404096514957409 0.051993623216698995 0.031475035924863823 0.068485457384020607 0.0071429751535932425 0.00063879491266700418 -0.0057319049984137296 0.049186232992794982 -0.0028347080153248915 -0.015878543850867382 0.014680841319953673 0.012912001439578822 -0.0053637818406703473 -0.0024502532522635385 0.03466335983271486 -0.049311948445790663 -0.059524615508964387 0.0091365187766570266 0.036348458117559351 -0.006883836260151749 -0.0022017017735222189 -0.0055063899335211636 -0.049000716843338704 0.0090408375104628329 -0.0016515185740599984 0.054758607566689002 -0.037869078391904031 0.045870181135521937 0.029802615483674556 -0.0028356445294942596 -0.020083412174598525 -0.0011811706768941673 -0.048776492255338123 0.024949233529223739
leaf_weight=230.11435703933239 4186.1153424978256 197.18536578118801 381.10621143877506 296.39004538953304 147.81220456957817 123.6778965741396 46.785553827881813 399.73603492230177 354.41471436619759 1080.6768553256989 46.948366247117519 52.227535963058472 113.80830100923777 7106.1272940933704 802.8865140080452 1266.8540827855468 513.70915605127811 39.395097367465496 855.21204655617476 51.977163016796112 62.067651517689228 345.88435666263103 29.738209873437881 538.90904738754034 804.44781083613634 929.97555511444807 53.589633405208588 593.1935153529048 2268.5150780379772 32.232382476329803 60.909592390060425 37.248312391340733 1520.4000240489841 30.504931233823299 446.07658626884222 77.595308050513268 54.392196342349052 235.04165503382683 921.90789373219013 291.06142491847277 1703.8238661214709 1178.5578766688704 55.432775497436523 40.866246253252029 52.898103624582291 500.09351211041212 44.263486720621586 1463.5493551939726 1863.0683454200625 635.27073813974857 48.492197833955288 424.49721656739712 83.453055873513222 97.852699145674706 50.629101723432541 68.952200800180435 37.225529089570045 189.43118396401405 126.84147872030735 74.405696786940098 73.881933093070984 161.93095740675926
leaf_count=1558 17692 1100 4163 2862 817 585 285 2055 2282 7854 223 359 635 34286 5863 8211 2535 350 5243 280 425 2332 263 2869 6766 6387 360 3998 14659 196 404 247 9238 206 2113 342 230 1458 4169 1372 9394 6538 251 212 359 3387 229 8757 12713 3061 363 2105 419 465 272 351 183 873 704 388 385 731
internal_value=-0.000188667 -0.00129728 -0.00851752 -0.000353462 -0.000875543 -0.00236369 0.00571096 -0.00435604 -0.00512777 -0.0122411 0.00618236 -0.00460028 -0.0289717 0.00282891 -0.0042513 -0.00379607 -0.00862838 0.000139709 0.0126667 0.0290856 0.0034334 0.00650923 0.0417979 -0.00708297 -0.00586674 -0.0046915 -0.00119324 0.012056 -0.00846806 -0.00424866 -0.000218497 0.00526098 0.00865287 -0.0070378 0.00363203 0.00387708 0.0278882 0.00160329 0.00225383 0.00747151 0.000105563 0.00361281 -0.00513716 -0.00642085 -0.0377728 0.00248318 -0.00995289 -0.00559146 -0.00111976 0.000288508 -0.0134976 0.00227315 0.0108989 0.028927 0.00397312 -0.000693592 0.00906325 0.0159827 -0.00865268 -0.00499438 -0.0250627 0.0100039
internal_weight=36602.3 32416.2 3746.59 28669.6 27565.2 19665.6 776.993 13090.8 12198.1 2969.6 892.761 11843.6 166.036 7899.64 11677.6 11381.2 661.521 3923.9 1104.37 249.163 2657.05 2056.07 69.1333 600.977 7457.31 6652.86 3454.37 646.783 3198.49 2807.59 1956.21 1986.94 1557.65 429.287 845.813 7238.11 131.988 6574.74 6339.7 1848.24 4491.46 2691.34 1800.12 1744.69 83.403 730.208 2588.49 1507.81 1923.98 926.332 851.379 2567.66 656.432 181.306 475.126 1911.23 584.381 420.314 164.067 1326.85 148.288 351.362
internal_count=209412 191720 26233 165487 158864 120654 5230 86738 82347 21003 4391 80065 994 38210 79071 76209 3352 24500 6623 1380 16289 12995 613 3294 51709 44943 23897 4358 21046 19539 13313 12382 9485 2897 4168 34858 572 33916 32458 8602 23856 13999 9857 9606 565 4945 16840 8986 13117 4433 6226 13414 3261 884 2377 10153 2842 1955 887 7311 773 1604
is_linear=0
shrinkage=0.05


Tree=46
num_leaves=63
num_cat=2
split_feature=4 0 13 2 7 10 19 3 19 6 0 19 16 7 17 19 2 2 2 3 19 9 17 3 3 0 6 6 22 14 3 21 13 4 15 2 2 15 6 14 10 2 9 17 19 14 14 2 6 15 18 19 19 7 6 9 4 18 16 0 13 2
split_gain=125.926 82.8707 49.7866 41.5647 33.6356 51.9345 47.6827 33.8964 34.1698 35.122 33.4121 45.936 27.7621 27.3102 37.862 28.2097 26.7456 25.6162 24.9726 24.96 24.3412 24.081 24.0282 26.0872 23.9614 23.2303 27.4134 26.9173 23.1174 22.4322 24.0342 27.4928 22.2222 21.9081 33.9025 21.8688 30.7849 30.3415 53.2091 47.9139 34.3912 27.4176 34.2662 25.0984 38.9137 24.7694 66.232 23.0835 22.6619 22.5428 23.6799 21.8532 23.8132 22.0826 21.7806 26.273 21.6365 21.2889 21.0397 21.0298 26.7481 25.9102
threshold=0.0990990990990991 0.045347270413705176 0.88350149951710477 0.024688065147332416 -0.064659483980160179 2.5000000000000004 0.15229155726705179 -0.98752178512430455 0.90031899955228145 0.011122345969721616 0.032161651414996356 0.7501931993817621 0.56962906808645686 -0.0080308882224388017 0.18820623723186927 0.021319895538916715 0.025207215975624069 0.033449360586656769 0.025801116477334164 -0.5426400416462992 0.38204676778620444 3.5000000000000004 0.29126786041399527 0.070422902700384163 1.8332576217796346 0.044710907394577247 0.00076388356429391024 0.0092768908784142141 0 0.11218958918590881 2.0451754370629054 1 0.31482765706066684 0.0067742333827279797 0.57546387559060064 0.01629649707805603 0.013150474867107456 0.91907194032528883 0.0004436558104837785 0.31822461907207672 1.5000000000000002 0.020217215408749312 9.5000000000000018 0.82431443156186945 0.50899213314690983 0.55225044822688441 0.46072347194694074 0.021838952080671343 -0.0014593216379861771 0.46917533533237088 0.54849511228796699 0.7382325246482776 0.51308373803027607 -0.050589483794435557 0.00062539126554572732 2.5000000000000004 0.024242424242424291 0.91126110331930821 0.6366492525529005 0.034158767564088269 0.46190714711775238 0.019718370955281669
decision_type=2 8 8 10 10 2 8 10 8 2 10 10 2 10 10 10 10 10 10 8 10 2 10 10 10 10 2 2 9 10 10 9 10 2 10 10 10 10 2 10 2 10 2 10 10 10 10 10 2 10 10 10 10 10 2 2 2 10 2 8 8 10
left_child=1 2 3 4 5 12 13 -8 25 -10 21 -12 -1 14 -6 -16 20 29 22 -2 -5 -4 23 -13 -11 35 -27 -28 -3 33 31 -31 -22 34 -18 36 51 41 48 40 -40 42 -37 44 -41 46 -38 -43 -39 -48 -51 52 53 -9 -54 -56 -14 -49 -24 -21 61 -61
right_child=19 28 10 16 6 -7 7 8 9 24 11 18 56 -15 15 -17 17 -19 -20 59 32 -23 58 -25 -26 26 27 -29 -30 30 -32 -33 -34 -35 -36 37 45 38 39 43 -42 47 -44 -45 -46 -47 49 57 -50 50 -52 -53 54 -55 55 -57 -58 -59 -60 60 -62 -63
leaf_value=-0.0138517431593785 0.027511036892040288 0.0029409198811972269 -0.016172345020643287 -0.010142393017022674 0.033136341841826747 0.036733964397117916 -0.0266431754818259 0.027290020702905812 -0.015619784628459433 0.028014288101078401 -0.015536521914714344 0.0013014120443994393 0.018168784568798686 0.03517914714171478 0.036668353797900302 -0.0035535274745536307 -0.017311386401242381 -0.037960731457312616 -0.022167835960811285 -0.0081066986092734206 0.0064868524748386714 -0.043095518403882281 -0.0082463895929766936 0.066832683094465009 -0.0097361217393620615 0.030465825284595984 -0.020751520133796483 0.025578912938418581 -0.00062313817873264812 0.012803471131008201 -0.016165597154101315 -0.0060903920928486108 0.051891096007701656 0.018231706939222887 0.03792366555930219 0.0012183573127954677 -0.014798659489753644 0.01740748778342956 0.050476084764141907 0.021656384028234339 0.0032286830686434247 -0.013305012213159179 -0.047181009039535718 0.024588183520862627 -0.039402837146775942 -0.024631860671581858 0.047468239680249033 0.0010303454829064321 -0.026446733251726785 -0.025765049297996528 0.026550627282025348 -0.015520070586753372 0.0042103591686425829 -0.021997710931513807 0.012589958623046509 0.075276980661108051 -0.0067153609322037041 -0.031791982312951633 0.015843513125184446 0.0047859589758584174 0.0038389755838794636 0.016749288754396265
leaf_weight=1696.7698546648026 156.58866569399834 8210.563533872366 247.68630071729422 38.667215369641781 104.59491315484047 57.615904964506626 159.19781160354614 34.709255337715149 896.24369215220213 83.879691570997238 842.80628610402346 27.684811607003212 121.65850392729044 90.576825425028801 47.126462146639824 461.75352512300014 116.62985387444496 37.566569834947586 78.301463782787323 211.37607428431511 42.740041360259056 125.70113423839211 185.33484773337841 32.750646106898785 82.51451525837183 116.69032284617424 79.903644740581512 50.193504273891449 10184.253026127815 356.52497345209122 209.09298811852932 395.60632338374853 73.436273530125618 368.83912020921707 35.380413010716438 2738.0884185805917 604.28572341799736 39.380611911416054 140.5191884636879 44.143260143697262 53.113253206014633 846.63619942963123 36.065096206963062 69.831368610262871 61.124382689595222 293.30554987490177 55.367468595504761 702.00192544609308 109.47857069969177 33.548110254108906 56.977008499205112 84.820661149919033 50.381883516907692 61.554257690906525 30.581029370427132 37.170720420777798 302.49455181509256 52.139220349490643 175.56225079298019 730.09771791100502 1889.8863568007946 1194.2902425229549
leaf_count=13207 811 40251 3190 232 743 379 1252 257 6121 492 6538 238 916 517 284 3015 729 231 477 882 209 1633 1441 259 429 648 441 257 52895 1819 1033 2057 356 1989 207 19314 5284 245 867 254 333 6116 240 345 342 1817 388 4605 661 219 353 627 373 458 230 259 2128 334 1186 3045 7880 5074
internal_value=-0.000181248 -0.00123616 -0.00413826 -0.00302134 -0.00417915 -0.00971462 -0.00274389 -0.00388249 -0.00339875 -0.0117051 -0.0121131 -0.00842166 -0.0109931 0.00970274 0.00589013 0.000235959 0.0042967 0.0022721 0.00358707 0.00798235 0.0240241 -0.0253269 0.00841459 0.0373233 0.00934762 -0.00203544 0.0129794 -0.00281775 0.00096902 0.0033168 -0.00121289 0.00295991 0.0353853 0.0116626 -0.00429159 -0.00263171 -0.00828162 -0.00107977 0.0103561 0.0205269 0.0375993 -0.00243479 0.000572372 0.00154105 -0.0138352 -0.0123332 -0.0074983 -0.00764331 -0.0148064 0.0226346 0.00709305 0.00584186 0.014326 -0.00412842 0.0292723 0.0475767 0.000448028 -0.00127799 0.0034838 0.00721609 0.00806713 0.0122153
internal_weight=36553.8 32371.6 13976.7 12260.9 10586.4 2178.54 8407.9 7703.85 7544.65 1062.64 1715.83 1342.44 2120.92 704.052 613.475 508.88 1674.48 1519.64 499.634 4182.24 154.844 373.387 421.333 60.4355 166.394 6482.01 246.787 130.097 18394.8 1482.07 961.224 752.131 116.176 520.849 152.01 6235.22 1342.7 4892.52 517.591 368.731 193.632 4374.93 2774.15 175.099 105.268 1043.48 750.178 1600.78 148.859 145.893 90.5251 299.218 214.397 96.2635 118.134 67.7517 424.153 754.141 360.897 4025.65 3814.27 1924.39
internal_count=209412 191720 98574 83612 74750 16630 58120 53561 52309 7042 14962 10139 16251 4559 4042 3299 8862 8065 3601 17692 797 4823 3124 497 921 45267 1346 698 93146 7834 4909 3876 565 2925 936 43921 10265 33656 3047 2141 1200 30609 19554 941 596 8061 6244 11055 906 960 572 2204 1577 715 862 489 3044 4939 2627 16881 15999 8119
cat_boundaries=0 1 2
cat_threshold=11553484 21002
is_linear=0
shrinkage=0.05


Tree=47
num_leaves=63
num_cat=0
split_feature=4 0 13 0 7 10 2 5 14 2 5 18 2 3 2 14 6 3 18 2 1 14 11 5 1 5 15 4 4 3 5 11 13 4 0 13 2 6 0 4 15 2 6 0 14 6 9 7 2 9 2 2 2 2 2 5 2 2 7 5 2 18
split_gain=113.877 77.4139 39.9944 36.3822 35.2849 31.9389 30.2082 63.1475 33.6618 31.8303 29.4969 28.6443 28.444 27.8226 27.2218 30.3513 44.2653 53.4382 27.271 27.1524 35.3379 39.6189 27.05 37.3856 36.56 32.4877 25.2125 36.4344 33.9598 32.3497 34.6704 24.5509 24.5465 29.8331 39.7065 25.0348 23.8419 23.5601 30.3587 22.7527 29.5599 22.507 23.2102 29.8347 36.3887 22.4383 34.9844 44.854 39.9922 30.821 37.1309 26.3631 32.201 28.8547 23.0481 34.2776 26.1409 43.6328 27.6207 23.5793 27.2409 26.0955
threshold=0.0990990990990991 0.03367790152461593 0.87585035762583752 0.054710361408750637 -0.066064120588380612 2.5000000000000004 0.029362810397847255 0.031471282454759948 0.36942919760877441 0.030057782317550786 -0.0074046659538887219 0.24804941152597407 0.031743402938394727 -0.011102428837242747 0.017124567590068959 0.19496438283035553 -1.0000000180025095e-35 2.6552819277291966 0.90134234234234245 0.015855146407099511 3.0091789625605263 0.86022280065693668 4.5000000000000009 0.072961373390557985 2.1803016885568183 0.054729254439155668 0.56405474347162454 -0.075577446130864298 -0.070100283012858408 1.1099896359116674 0.079999999999999974 3.5000000000000004 0.30278653367966651 0.060695079515716184 0.027926079587391722 0.71024036447423555 0.028990808477946977 0.047261628752820702 0.035770416355061348 0.034616322244308668 0.61140600360441544 0.030338905914821291 0.0081247884224781037 0.044958674151124166 0.32604364326375718 0.0061977639215899947 8.5000000000000018 -0.012720502306155011 0.017909428499879716 9.5000000000000018 0.018985779603301545 0.029488768802778721 0.029907530114626588 0.02878252898519407 0.029520151588016918 0.035198994343180419 0.028521094297324818 0.02878252898519407 -0.04007546134678474 0.017165442684980107 0.016848986536370448 0.31509531708497623
decision_type=2 8 8 8 10 2 10 10 10 10 10 10 10 10 10 10 2 10 10 10 10 10 2 10 10 10 8 2 2 8 10 2 10 2 10 10 10 2 8 2 10 10 2 10 10 2 2 10 10 2 10 10 10 10 10 10 10 10 8 10 10 10
left_child=1 2 13 4 5 6 36 9 -9 -8 -7 -6 -10 -1 22 18 -17 39 -16 20 -13 -22 23 -15 -25 -24 28 29 -5 -28 -31 -4 33 34 -20 -34 -3 -2 -39 40 -18 -11 43 -43 -45 49 48 -48 -47 54 -51 53 -53 -50 56 -56 59 -58 -59 60 -21 -62
right_child=37 3 31 26 11 10 7 8 12 41 -12 19 -14 14 15 16 17 -19 32 45 21 -23 25 24 -26 -27 27 -29 -30 30 -32 -33 35 -35 -36 -37 -38 38 -40 -41 -42 42 -44 44 -46 46 47 -49 51 50 -52 52 -54 -55 55 -57 57 58 -60 -61 61 -63
leaf_value=-0.01434029264872844 0.0060370447665064166 -0.0062486709757746204 -0.016108502382479354 0.016173469711922371 0.00974902855377025 -0.022248244428354571 0.04627053959182801 -0.027995972308162555 -0.01322951282436971 -0.02306863419326673 0.028333520374037718 -0.014886471156268555 0.038323760206763188 -0.01239777847840943 -0.0064995732618654241 0.065650834669311306 -0.008782535495575677 -0.037191598018151133 0.0094429832056788943 0.015118264552132691 0.0091169255136928778 -0.026992821017701448 0.0094579650543013538 0.0029246283591047081 0.066210103231105669 -0.058475945315894645 0.020021548316195313 0.0066141129683613886 -0.00085489214255870518 -0.028619364854282844 0.016242117620605939 -0.044587697473759048 -0.0421994412483227 -0.0059965743069596497 0.078599809297661929 0.025240236207019196 -0.027147018560701175 -0.010325018046498274 0.021240402475627376 0.04981250853128083 0.045269614753100568 0.062755442996410338 -0.015704808413068094 -0.0065703217748402619 0.046767575629078684 0.014302235081115647 0.06346135415788115 -0.0058343956251905244 -0.00063860850989389949 0.017981714441994184 -0.035765701460698587 0.047580196530000646 0.0060028631733382645 -0.02648909327230399 0.012674640305397609 -0.019571964461017537 0.046498845941649852 -0.024893508904185194 0.013433037098525816 0.00021959451346222384 0.01805586571656026 -0.013285182543456101
leaf_weight=741.24644088000059 3565.0383293926716 4817.3627323582768 424.95003452897072 307.96262416243553 681.46095626056194 36.493208982050419 81.645051591098309 156.87788047641516 63.891551539301872 40.941597193479538 125.72704457491636 724.76357846707106 44.598833829164505 586.32126025855541 755.01503090560436 38.802218116819859 75.054673694074154 48.937430486083031 41.289721459150314 112.94164460152388 406.70673856139183 92.361464068293571 25.202526554465294 102.1950079202652 28.4204455986619 55.47509428113699 66.001001045107841 3642.7348844707012 5593.1538216471672 200.08822564780712 54.096572682261467 91.846902370452881 30.60490932315588 44.414944589138031 41.374788492918015 23.488162331283092 139.56788064539433 88.51925154030323 522.69135357439518 49.581563249230385 36.963812507688999 39.466238602995872 42.87446803599596 84.048022285103798 50.410050585865974 592.32010240107775 52.720919460058212 41.033540979027748 2223.521760456264 42.115703076124191 127.86648511886597 55.809862166643143 260.58366051316261 112.46079587936401 107.35967468470335 345.52188079059124 76.017635099589825 63.215532347559929 174.52741095423698 6298.8223123624921 71.242557920515537 841.31771101802588
leaf_count=6954 14904 31907 5214 1494 3798 225 470 947 334 245 694 4852 193 5490 6537 291 628 327 236 736 2185 461 237 760 194 411 317 16773 27464 1021 250 1154 265 196 240 200 795 380 2408 341 290 218 223 482 227 3340 260 206 12313 229 708 271 1338 560 617 1823 361 328 869 36240 456 5525
internal_value=-0.000173613 -0.00117725 -0.00850578 -0.000360524 -0.00162692 -0.00491647 -0.00555538 0.00498809 -0.0132557 0.0192501 0.016888 -0.000232391 0.00811976 -0.0060821 -0.00298973 0.00181564 0.0172807 0.00809784 -0.0023173 -0.00076355 -0.00784362 0.00239356 -0.0101255 -0.00700861 0.0170933 -0.0373984 0.00210805 0.00519218 3.63598e-05 -0.0109552 -0.0190455 -0.0212463 0.0150519 0.0269962 0.0445827 -0.0129893 -0.00684244 0.0075953 0.0166595 0.0219572 0.0092963 0.0105451 0.0169696 0.025068 0.0136244 -1.59322e-05 0.00344277 0.0333912 0.0025674 -0.00141393 -0.0224217 -5.75858e-05 0.0134637 -0.00189393 -0.000969861 -0.0119165 -0.00031933 0.01379 0.00318048 -0.000925548 -0.00795258 -0.0108213
internal_weight=36510.1 32333.8 3241.18 29092.6 19228.6 5723.9 5561.68 604.754 265.368 339.385 162.22 13504.7 108.49 2724.39 1983.14 1185.53 249.34 210.537 936.188 12823.2 1223.83 499.068 797.614 716.937 130.615 80.6776 9864.04 3962.92 5901.12 320.186 254.185 516.797 181.173 127.079 82.6645 54.0931 4956.93 4176.25 611.211 161.6 112.018 257.74 216.799 173.924 134.458 11599.4 3338.45 93.7545 3244.7 8260.95 169.982 2652.38 316.394 2335.98 8090.97 452.882 7638.08 313.761 237.743 7324.32 1025.5 912.56
internal_count=209412 191720 29965 161755 114436 36960 36041 3339 1474 1865 919 77476 527 23597 16643 9551 1877 1586 7674 73678 7498 2646 7092 6444 954 648 47319 18361 28958 1588 1271 6368 1137 672 476 465 32702 17692 2788 1259 918 1395 1150 927 709 66180 18288 466 17822 47892 937 14482 1609 12873 46955 2440 44515 1558 1197 42957 6717 5981
is_linear=0
shrinkage=0.05


Tree=48
num_leaves=63
num_cat=0
split_feature=4 2 2 2 2 14 3 17 12 2 2 8 3 19 2 2 15 13 11 1 18 16 16 4 2 2 13 14 7 13 2 8 17 13 19 4 5 16 1 7 5 5 7 13 19 13 12 7 5 17 17 3 0 3 2 2 5 2 5 13 8 16
split_gain=102.95 71.9603 69.4372 68.4968 50.2039 54.34 46.1987 47.8651 42.6666 41.6319 41.1812 36.9276 36.5252 33.9415 33.4818 31.6276 30.442 30.3588 31.0958 30.1033 30.2376 28.2552 28.0384 35.5982 29.383 60.2103 29.1592 27.9487 26.8728 26.4918 25.3507 24.5927 38.2491 36.0966 34.7244 35.3279 32.0443 47.4958 31.7821 30.3784 28.302 28.0825 24.3362 29.4198 35.7929 49.0649 33.8559 24.3243 24.0529 23.9742 38.4851 23.7681 23.7633 23.7338 31.1907 100.534 99.1681 60.0607 35.0368 35.9711 31.3503 29.1127
threshold=0.0990990990990991 0.01629649707805603 0.016658271835731937 0.013150474867107456 0.017124567590068959 0.75016733601070962 3.6807682611184198 0.47351667768171463 2.5000000000000004 0.024268382718257913 0.023758605474136472 -0.19749888293118859 4.0570900501903147 0.26728835173753013 0.017234290056730769 0.020502836820428114 0.97378696721901892 0.21183667035368678 3.5000000000000004 1.3572695071273462 0.9508217027643554 0.82079823008849562 0.25015923566878989 -0.031568680610359827 0.025408943879263738 0.03098648343492957 0.93470636691686815 0.40519679097660755 -0.024096385542168693 0.82867829381773617 0.012471688195295131 -0.05434461596921996 0.95845925587765357 0.48541917652894911 0.58055467627969526 0.093040932364006693 0.11449828520854068 0.85656968087246976 1.5673594433729148 -0.0073304820216077418 0.0020297708885809178 0.074369496086105671 -0.067399642840454507 0.5759581089586685 0.40627815315315324 0.71413389170484021 2.5000000000000004 -0.006905210175629172 0.14552142110825042 0.77696960078995636 0.71364310763420569 3.3857653674657695 0.077903398691829648 0.42317283105789399 0.019967724481238094 0.019601302197532009 -0.050528111879601649 0.020733316268245944 0.01607293932801546 0.77793305903203402 -0.15946624770882425 0.27391589264345551
decision_type=2 10 10 8 10 8 8 10 2 10 10 10 8 8 10 10 10 8 2 10 10 2 2 2 10 10 10 10 10 10 10 10 10 10 8 2 10 2 10 10 10 10 8 10 8 10 2 10 10 10 10 10 10 10 10 10 10 10 10 10 10 2
left_child=1 3 17 8 16 9 7 27 30 10 12 13 14 -9 -6 28 -4 18 -3 20 -16 -12 26 24 -24 -26 -11 -5 -14 51 -1 32 34 -33 35 48 41 39 -36 -38 -40 47 52 -44 45 -45 -46 -35 -25 50 -43 -13 -7 54 55 58 -57 -56 -21 -60 -59 -61
right_child=-2 2 4 6 5 42 -8 11 -10 22 21 29 15 -15 19 -17 -18 -19 -20 53 -22 -23 23 31 25 -27 -28 -29 -30 -31 -32 33 -34 36 38 -37 37 -39 40 -41 -42 49 43 44 46 -47 -48 -49 -50 -51 -52 -53 -54 -55 57 56 -58 60 59 61 -62 -63
leaf_value=-0.011335521423628633 0.0072248147983027134 0.036063300923117533 -0.010995764957732065 -0.027127280746849159 0.015997512706103761 -0.0010000347746071362 -0.043451761733811531 0.0052423659217533843 0.050645943636257774 -0.0022402446994105873 -0.024354059395302222 -0.0058527175099144131 0.022644962375099859 0.055123504813377126 -0.024878243497743729 0.045988845935815266 0.034324534056960648 0.0074768069513721364 -0.0072280889649561563 -0.016441288352100455 0.031625333889687711 0.015494673485929568 0.054134898219580542 0.0056836119490755298 -0.022374936231618861 0.035624913926934502 -0.026303112669923114 -0.011589224694630369 -0.026453983468631089 -0.024884955268105059 0.008740327553029675 0.014995710561662585 0.038029422597975877 0.0033215975619911445 -0.019303088275825067 -0.041181251349676241 -0.011557797817681841 0.030249997140510406 -0.024837171985377323 -0.051338614778286433 0.0018232511699947278 0.014666040950452359 0.0026994298523712939 0.050938029748672009 0.0049911212279648972 0.011152210476168991 0.042409175343170534 -0.036351000993726415 -0.021151908137697559 -0.0072097743703401218 0.066283458677556736 0.03045415321282087 0.0078503197719512943 -0.0011672733763747976 -0.021515701803618236 0.080039236691535731 0.010159740670055747 -0.012499368792210868 0.0031642377088222998 0.0066643711521119217 0.00072281039739911215 -0.031112430946711202
leaf_weight=227.91057168319821 4171.2751760035753 200.75768565386534 1414.3970927558839 454.00664788857102 220.00127974152565 3431.4791584461927 106.0342002697289 172.82115769386292 48.037995204329491 1415.5621335729957 346.74179635196924 1113.7498302087188 68.799315392971039 41.56937175989151 257.31974138319492 67.903689712285995 37.098851189017296 857.43174206465483 51.839004635810852 647.03017725795507 25.214248798787594 50.317094765603542 54.227161541581154 1679.1102549731731 73.739080794155598 110.78837929666042 137.21932918578386 803.51059778034687 45.400471955537796 181.57829378545284 501.43863603845239 790.1302173808217 62.70344340801239 326.35797403752804 395.15305857360363 42.656867846846581 199.0757410377264 53.084976240992546 115.25035607814789 62.626543968915939 692.0410793274641 122.60489401221275 1819.3864279836416 127.76121094822884 858.77089267969131 196.52451752126217 64.072177544236183 42.808436907827854 86.896334409713745 56.904631286859512 50.690522961318493 45.992617845535278 972.58989794552326 6101.999460414052 748.87646038085222 56.362320393323898 445.96478445082903 762.38073278218508 832.93903433531523 74.594692096114159 1085.9442065507174 158.16795674711466
leaf_count=1558 17692 1100 9280 4967 1556 17479 691 981 285 7499 2254 7050 369 223 2618 350 202 5243 280 4880 180 258 298 8831 418 525 847 5350 245 1472 3387 3516 278 1631 2453 184 912 229 627 305 3626 592 8326 590 3903 910 274 224 415 273 233 269 4484 38075 5383 369 3139 5350 5593 613 7015 1253
internal_value=-0.000166352 -0.00112122 -0.000272531 -0.00768493 -0.000767825 -0.000263117 -0.0111964 -0.00996564 0.00549885 -0.0017121 -0.00346419 -0.00409764 -0.00292123 0.0151251 -0.00327628 0.0192346 -0.00981459 0.0119821 0.0271854 -0.00365637 -0.0197419 -0.019278 0.00148721 0.00330439 0.0221055 0.0124519 -0.00438224 -0.0172161 0.00306533 -0.0071791 0.00246 0.0023605 -0.000310926 0.007176 -0.00112169 0.0032559 0.000408182 -0.0124858 -0.00770349 -0.0212367 -0.00200886 0.00718963 0.00333757 0.00675679 0.012669 0.0269353 0.00763212 -0.0013646 0.00435195 0.0208544 0.0300583 -0.00438788 0.000955806 -0.0032382 -0.00586337 -0.00150343 0.0181438 -0.0095798 -0.00727301 -0.00169638 -0.00473477 -0.0190292
internal_weight=36465.6 32294.3 28597.7 3696.65 27487.7 26036.2 2919.26 2813.23 777.387 18565.6 11996 1555.71 11598.9 214.391 11416.8 182.103 1451.5 1110.03 252.597 11196.8 282.534 397.059 6569.63 5016.85 238.755 184.527 1552.78 1257.52 114.2 1341.32 729.349 4778.1 3073.81 1704.28 3011.11 1808.66 914.154 314.787 1202.44 261.702 807.291 599.366 7470.58 3066.52 1247.13 324.286 922.843 369.166 1766.01 230.2 173.295 1159.74 4404.07 10914.3 4812.26 2215.06 502.327 2597.2 1712.73 1065.7 1848.32 232.763
internal_count=209412 191720 165487 26233 158864 149382 21003 20312 5230 113416 79500 9995 76988 1204 76024 964 9482 6623 1380 74468 2798 2512 33916 25570 1241 943 8346 10317 614 8791 4945 24329 16414 7915 16136 9430 4399 1446 6706 1217 4253 2953 35966 14003 5677 1500 4177 1855 9246 1098 825 7319 21963 71670 33595 15847 3508 17748 12339 7459 12365 1866
is_linear=0
shrinkage=0.05


Tree=49
num_leaves=63
num_cat=0
split_feature=4 0 13 0 11 7 18 19 0 7 17 4 6 13 7 19 18 16 3 15 2 2 4 2 2 18 7 4 10 5 4 13 17 14 16 2 2 4 11 15 18 13 7 18 11 13 3 19 14 5 4 17 5 17 15 4 17 13 3 14 2 18
split_gain=93.0475 65.4811 36.6753 30.9531 32.2435 31.4167 46.001 38.445 30.5619 29.4204 29.2647 28.2272 27.14 30.5727 25.9749 25.4502 28.3208 25.366 25.2993 25.5899 24.9208 34.6286 41.5745 32.5131 33.0641 31.0308 52.5501 29.7618 27.5388 26.5614 26.5612 27.4396 24.7744 24.5136 24.3731 28.92 29.8428 28.7785 24.0715 23.1866 22.9325 22.9004 22.3138 39.9518 31.8433 24.4997 23.7472 24.8042 24.0841 23.6288 21.7725 23.6304 21.5836 23.616 21.1794 23.7381 20.631 22.7107 27.8101 23.8219 31.5678 28.595
threshold=0.0990990990990991 0.03367790152461593 0.87585035762583752 0.06403792459378288 4.5000000000000009 -0.067399642840454507 0.25171628308852417 0.52088954668101861 0.041065339244639586 -0.064659483980160179 0.74120406029929586 0.0018527099852401199 0.0061977639215899947 0.98190845330380228 -0.056922705851794091 0.17599965158222661 0.90134234234234245 0.029206419871836534 1.3181660694189492 0.60718448218448229 0.024430463225263918 0.025265646839615716 -0.025806451612903233 0.027107963120998457 0.027753259404410657 0.54438620266434856 -0.10684206453776167 -0.014644830194460166 1.5000000000000002 0.03309645517895022 -1.0000000180025095e-35 0.23948899948328847 0.98160202466255631 0.22655082836601168 0.23007841635253093 0.029362810397847255 0.030057782317550786 0.0093750000000000239 3.5000000000000004 0.052608892921960075 0.64309907708544856 0.25544016358157562 -0.013333333333333251 0.74543314929417959 4.5000000000000009 0.12836031218384161 3.7381486475242576 0.0055167348396312184 0.52843205630141554 0.18395094845223262 -0.028203173720463767 0.35886132119154196 0.10575899437680848 0.87139000297357871 0.63463349268434022 -0.070100283012858408 0.98962278986448615 0.54492920590396066 2.5829532698472115 0.71017839853757947 0.019718370955281669 0.62731773280465741
decision_type=2 8 8 10 2 8 8 10 10 10 10 2 2 8 8 8 10 2 10 10 10 10 2 10 10 10 10 2 2 10 2 10 10 10 2 10 10 2 2 8 10 10 10 10 2 10 10 10 10 10 2 10 10 10 8 2 10 8 10 10 10 10
left_child=1 2 18 5 17 10 7 8 41 -10 20 -12 14 42 -8 -16 50 -5 52 -20 25 22 -22 30 27 28 -27 -25 -3 34 -23 -32 -18 -31 -26 -36 37 -37 -4 -2 -28 -7 43 45 49 -14 47 -47 -48 -45 51 -17 -1 -54 55 -19 57 59 -59 60 -41 -62
right_child=39 3 38 4 -6 6 12 -9 9 -11 11 -13 13 -15 15 16 32 54 19 -21 21 23 -24 24 29 26 40 -29 -30 33 31 -33 -34 -35 35 36 -38 -39 -40 56 -42 -43 -44 44 -46 46 48 -49 -50 -51 -52 -53 53 -55 -56 -57 -58 58 -60 -61 61 -63
leaf_value=-0.010441396864842925 0.035185513101862582 -0.008189899905941175 -0.015129765959908184 -0.008082000503063333 0.038425171021767499 0.028545422603488049 -0.0096994028179716689 -0.0050353554023222511 0.057436305386507562 0.019475160108464618 0.013210820759527925 -0.0043372790022747744 -0.01156286077117254 -0.021541383930231302 0.0071042923074329861 -0.034415954301526441 -0.011425314055053112 0.022659583586735015 0.041031157027018574 -0.00079445352675507758 0.042073375556922921 -0.027838657140619429 0.0018332449122807713 0.061400256919489693 -0.0073973852646935364 0.072241051348776272 -0.012844536568571562 0.0081215452935718344 0.0052838495616487581 -0.034433518437658225 0.029563831658740738 -0.01195542179019655 0.025117207974605538 -0.0052450422564447258 -0.0071836744987058615 0.076820588277558291 0.010408498788999762 0.016591336052130205 -0.043879732482265864 -0.0043933138954085601 0.029617840800583481 -0.013003126916719994 -0.0022269801734378157 0.018480780205949808 0.054532969258228828 0.035971495807872469 0.043594587131965123 0.0029090267249071346 -0.00076464836610538054 -0.017608496124127567 -0.00030852651768315458 -0.0029578759617721355 0.040649531770919525 -0.015485365024637833 0.010438269387254924 0.0010238579060466043 0.020355068862953657 0.0046070282417222516 -0.010961639250351006 0.015500061261865134 -0.0086314580310673586 0.014611295955147492
leaf_weight=1629.3137517943978 70.113648861646652 4680.153223529458 415.79922761395574 455.25764144957066 64.443017885088921 45.52536877989769 925.46999043226242 257.03363897651434 57.571584954857826 421.71706452965736 484.82643286138773 433.06131261587143 246.736472427845 122.81721691042185 892.70332449674606 97.116210952401161 955.26400632411242 132.28507348895073 37.022008247673512 956.83669310063124 99.786400645971298 199.5929091796279 177.02482189238071 39.292867459356785 311.1255823969841 31.035179659724236 94.52788994461298 76.06865706294775 411.99538670480251 87.045521818101406 49.750808104872704 183.43739254772663 47.823024854063988 395.990797996521 175.51034785807133 35.958872690796852 341.20983947068453 44.355796828866005 87.941684331744909 569.11539523303509 46.662777565419674 114.49126141518354 1169.0123387649655 391.68335434049368 54.691574104130268 57.2513297945261 75.872089944779873 2186.8371249511838 50.775906696915627 50.478864744305611 7978.0740802586079 152.98976570367813 43.007682308554649 31.897955790162086 1048.1208428442478 2599.5339201539755 247.13221050798893 1168.8471514433622 379.02249859273434 813.21968232095242 159.45259128510952 760.749337464571
leaf_count=15196 392 30541 5214 2231 270 284 5476 1400 296 2132 2463 2184 1331 735 4934 614 5147 614 304 7580 513 1101 978 208 1689 206 621 416 2439 536 273 1019 211 2051 990 201 1742 239 1154 2347 299 761 6019 2088 261 325 394 11899 241 230 45070 916 293 224 4756 12411 1105 4906 1569 3488 653 3232
internal_value=-0.000159805 -0.00106837 -0.00785339 -0.000320297 0.00359503 -0.00100059 0.000276102 0.0112819 0.0178399 0.0241451 -0.00348607 0.00493588 -0.000362861 0.0029547 -0.00168594 -0.000952515 -0.00173233 0.00305611 -0.00553677 0.00080326 -0.00452 -7.19076e-05 0.0164385 -0.00243577 0.00103655 -0.00639215 0.0144257 0.0266403 -0.00709894 -0.00110419 -0.0144978 -0.00300886 -0.00965984 -0.0105652 0.00393407 0.00984159 0.0169306 0.0441706 -0.0202258 0.00686978 0.00129866 -0.00107853 0.00366194 0.00587245 0.0188563 0.00340158 0.00496323 0.00376817 0.0259434 0.0143303 -0.000764839 -0.0152615 -0.00923242 0.0168559 0.00439937 0.00207945 0.0063768 0.00547457 0.000790156 0.00862194 0.00485837 0.0105788
internal_weight=36419.5 32251.8 3201.82 29050 4299.64 24750.3 16351.9 896.339 639.305 479.289 8398.41 917.888 15455.6 4406.16 11049.4 10124 9231.27 4235.2 2698.08 993.859 7480.53 2216.15 276.811 1939.34 1506.56 5264.37 172.226 115.362 5092.15 1391.2 432.781 233.188 1003.09 483.036 908.16 597.035 421.525 80.3147 503.741 4167.65 141.191 160.017 4283.34 3114.33 496.854 2617.47 2370.74 2244.09 126.648 442.162 8228.18 250.106 1704.22 74.9056 3779.94 2731.82 4097.54 3850.41 1547.87 2302.54 1489.32 920.202
internal_count=209412 191720 29965 161755 20282 141473 90764 4873 3473 2428 50709 4647 85891 23523 62368 56892 51958 20012 23597 7884 46062 11956 1491 10465 8072 34106 1126 624 32980 7448 2393 1292 5358 2587 4861 3172 2182 440 6368 17692 920 1045 22788 16769 2579 14190 12859 12224 635 2318 46600 1530 15713 517 17781 13025 17300 16195 6475 9720 6232 3885
is_linear=0
shrinkage=0.05


Tree=50
num_leaves=63
num_cat=0
split_feature=0 4 6 16 9 15 10 4 2 0 1 5 6 3 19 2 0 11 7 18 2 2 5 2 2 5 2 3 12 10 16 19 16 8 2 8 7 2 7 18 5 2 2 7 19 2 8 2 2 2 2 8 7 18 19 5 2 2 2 2 8 15
split_gain=84.7979 69.6048 30.2603 28.363 29.1408 26.2359 25.8472 42.0219 30.2514 41.4324 47.339 30.5985 29.399 29.0513 26.6231 25.89 25.9144 46.0501 25.7736 26.6039 22.8151 100.879 102.6 50.9522 78.2708 47.1751 43.9495 40.007 31.7728 30.3876 48.902 61.5812 30.041 29.8985 27.2745 27.1351 30.3521 25.3723 26.2352 26.7475 32.5671 24.539 77.9909 27.1203 24.1565 33.6722 39.393 30.8148 27.3247 59.4063 28.9616 27.9729 33.7769 34.2669 25.6497 25.8278 25.5362 45.2672 24.2152 35.3468 26.185 23.9444
threshold=0.036322854143790016 0.087683370922800444 0.029894658000232614 0.5300435561706055 5.5000000000000009 0.52450535568129253 3.5000000000000004 0.099559471059833773 0.023336571749899858 0.039438089632423574 2.7292238528302977 0.21078987432460675 -0.0057041967641873184 3.5749984397875991 0.66383378274268112 0.029907530114626588 0.060893416304399754 3.5000000000000004 -0.068109781608233597 0.16484511864946652 0.019501149477488457 0.019993522459839312 -0.050528111879601649 0.021507950842662864 0.021629990021237982 0.0027889324658476604 0.019684113757497717 3.7381486475242576 2.5000000000000004 2.5000000000000004 0.74668135095447885 0.67914041015961935 0.85656968087246976 -0.033198787868913941 0.019856403325346866 -0.43870663043165931 -0.097826086801241205 0.019856403325346866 -0.023058934987495446 0.47798334799752346 0.074369496086105671 0.018332411306236373 0.018127327847342185 -0.044060353997202088 0.74219856586402277 0.030338905914821291 -0.088855421686747024 0.030239659559803695 0.034396249380162246 0.034598278818654737 0.036507754008018992 -0.31567863509039973 -0.016765876530961673 0.70591474475252669 0.13224409520680469 -0.099162076042341771 0.029488768802778721 0.029675767752523629 0.022680379435067784 0.023237896492095036 -0.39466810338239561 0.69446834958883163
decision_type=8 2 2 2 2 8 2 2 10 8 10 10 2 10 8 10 8 2 10 10 10 10 10 10 10 10 10 10 2 2 2 8 2 10 10 10 10 10 10 10 10 8 10 10 8 10 10 10 10 10 10 10 10 10 10 10 10 10 10 10 10 10
left_child=3 20 6 4 18 -4 8 -8 9 13 11 12 -11 14 -3 -10 17 -17 -1 -20 25 22 26 27 -25 41 -22 -23 37 35 -31 -32 -33 -30 -28 36 -27 38 39 -24 61 42 43 -2 45 46 47 58 51 -50 -51 -47 53 54 -53 -56 -48 -58 60 -60 -26 -41
right_child=1 2 5 -5 -6 -7 7 -9 15 10 -12 -13 -14 -15 -16 16 -18 -19 19 -21 21 23 28 24 44 29 34 -29 33 30 31 32 -34 -35 -36 -37 -38 -39 -40 40 -42 -43 -44 -45 -46 48 56 -49 49 50 -52 52 -54 -55 55 -57 57 -59 59 -61 -62 -63
leaf_value=-0.018326100878321826 -0.010037190147654374 0.038078295995022188 0.026682833687160235 -0.0018311231991940649 -0.028730078760159167 0.0087632622749132284 0.05141330726719872 0.0002016827587706745 0.014211408164894704 -0.048664950682430527 0.0049998777026837374 0.013782546437475699 -0.010434326923836466 0.047314431148974406 -0.0071474562324997833 0.0011101726788341618 0.010174552650238186 -0.055279533892980064 0.044387240384686361 -0.0061584619783351703 0.084010389217278381 -0.0064568972774465662 0.00029897107314029475 0.04508160121899351 -0.03016452594731658 -0.002997194738510553 -0.0045202526712201522 0.023560494996832271 0.013269842321571537 0.020520433136826645 -0.031411778602807076 0.045119181582604549 -0.0068940023753907695 0.068422757077837321 0.05103938067033386 -0.0017750249788027125 0.047180579858844759 0.016168061874519867 -0.013783148201508624 0.023522614394060594 -0.0040324731827781268 -0.018529609310485039 0.059212487910269146 0.019077262238952775 -0.0023611864194965759 0.035399288154171191 0.0053328776343126577 -0.026943483307926459 -0.047593459665616941 4.4155751932843281e-05 0.04036382960644444 -0.01855934567471107 -0.027371119472486705 0.051672186857129113 0.043916017053683615 0.0102514377984521 0.066271292663804576 0.0011664540133876548 -0.014029957557783712 -0.00061993928983489384 0.0074213396957429519 0.072187183644744524
leaf_weight=479.95907193422318 1126.1066964045167 48.430928453803062 302.3257552832365 2497.596322927624 176.58561456203461 630.65721483528614 74.479969397187233 85.37107053399086 960.49212837219238 52.609081342816353 1253.2739788293839 122.9853238016367 840.17301341891289 71.228528544306755 94.522852823138237 123.5961592644453 227.76041592657566 50.182319462299347 25.352734189480543 2227.4207966290414 61.71278340369463 3414.2998874485493 512.69483576714993 100.37788015604019 47.523201659321785 59.824607007205486 36.305409736931324 113.76626291871071 61.764829650521278 410.23473710566759 127.87115298211575 55.165977373719215 54.435596346855164 40.50713112950325 54.815485186874866 5947.9736745133996 59.502823293209076 477.45593473315239 204.44552220404148 97.317842110991478 78.392262667417526 516.88308875262737 43.794631890952587 85.18328969180584 3775.4702955931425 135.12491995096207 2198.932859249413 114.4707528501749 58.142450034618378 253.70299439877272 53.021918028593063 67.372415244579315 53.045675337314606 53.80258683860302 62.713409543037415 552.941614985466 47.246230468153954 59.863957464694977 582.15590430051088 3123.5813702344894 1039.9313484281301 34.048043444752693
leaf_count=4717 7036 206 1541 18342 1677 2685 317 362 4091 224 5229 513 3524 303 417 522 956 216 222 20515 341 19742 2977 573 251 313 202 584 309 2211 658 272 265 195 307 33541 301 2745 1127 594 392 3180 262 538 19626 586 10630 646 350 1252 235 298 270 250 261 2539 211 280 3464 16619 6239 192
internal_value=3.65604e-05 0.00104463 0.00648678 -0.00574072 -0.00909525 0.0145923 0.00459544 0.0242342 0.00377295 0.000487494 -0.00150037 -0.00951754 -0.0127391 0.021456 0.00833254 0.00975816 -0.00090296 -0.0153967 -0.00781643 -0.00557018 1.29464e-05 0.00104136 0.0127686 -0.000182741 0.001328 -0.00211562 0.0516706 -0.00548255 0.00879069 -0.000200221 0.0100856 -0.00795094 0.0194571 0.0355654 0.0290939 -0.00129976 0.0222082 0.0068169 0.00198778 0.00646365 0.0214586 -0.00936995 -0.00558596 -0.00797568 0.00096668 0.00244431 0.00111326 -0.00141963 0.00988171 -0.00170285 0.00712252 0.0144481 0.0108238 0.0136069 0.0105373 0.0137463 0.00650196 0.0302315 -0.000804573 -0.00272981 0.00575258 0.0365858
internal_weight=36398.9 30992 4938.09 5406.91 2909.32 932.983 4005.11 159.851 3845.25 2483.22 2269.04 1015.77 892.782 214.182 142.954 1362.03 401.539 173.778 2732.73 2252.77 26053.9 17566.9 1659.46 15907.5 12379.4 8486.98 152.834 3528.07 1506.63 6715.01 647.707 237.473 109.602 102.272 91.1209 6067.3 119.327 1404.35 926.899 722.453 209.758 1771.97 1255.08 1211.29 12279 8503.57 7213.71 4907.66 1289.87 364.867 306.725 925.001 789.876 736.83 683.027 615.655 2306.04 107.11 4793.19 3705.74 1087.45 131.366
internal_count=209443 163970 21106 45473 27131 4226 16880 679 16201 10416 9490 4261 3748 926 623 5785 1694 738 25454 20737 142864 94287 9381 84906 64580 48577 850 20326 8531 37561 3406 1195 537 504 509 34155 614 8027 5282 4155 1178 11016 7836 7574 64007 44381 38340 27219 6041 1837 1487 4204 3618 3348 3098 2800 11121 491 26573 20083 6490 786
is_linear=0
shrinkage=0.05


Tree=51
num_leaves=63
num_cat=2
split_feature=0 4 13 13 13 2 3 2 2 6 4 3 22 1 19 17 15 15 17 7 15 1 7 16 1 1 17 4 8 16 16 3 17 6 6 17 21 16 7 0 0 10 13 6 13 19 7 2 2 8 8 19 1 17 14 19 7 2 2 17 15 0
split_gain=77.5865 62.9113 40.0219 30.8515 26.1268 27.7017 29.1949 34.1561 28.3786 32.1305 27.5127 41.5373 26.8378 25.4829 27.2071 25.4289 33.5084 26.9442 25.258 24.3517 25.5954 23.4781 29.0598 23.4881 23.2898 35.9544 22.4815 39.2228 30.7103 25.8509 21.9467 22.0217 24.0077 23.3348 29.6863 27.2451 21.8487 21.7541 21.718 25.6879 25.6036 32.5854 25.1596 24.6229 22.3933 20.6045 45.9051 27.999 24.2912 24.0777 20.8495 20.1276 19.8741 56.2278 25.612 27.4665 20.6659 19.5317 24.341 19.9177 27.6521 37.2824
threshold=0.03367790152461593 0.0990990990990991 0.89146292983502307 0.46190714711775238 0.98190845330380228 0.024688065147332416 3.9928073431071143 0.016658271835731937 0.025265646839615716 0.00090497865444205694 -0.028203173720463767 0.070422902700384163 0 2.5263680279121115 0.1087188282191527 0.80830355226104644 0.93464309608357798 0.97795130448873768 0.99345977483489045 -0.051690795026502916 0.040681595470547678 1.9840484890861563 -0.0080308882224388017 0.40440226478188179 1.9282306824759905 2.2706740701871175 0.7925957799451776 0.050746099608996682 -0.16619129050120865 0.75428326810176138 0.88788269290846622 1.6861658826856334 0.72167862838915486 -0.00056545099232885299 0.0095722300610984207 0.84790561096610262 1 0.64485479924591882 -0.14767243639281544 0.070061088615753234 0.042208336499116421 2.5000000000000004 0.1798305368325446 -0.00056545099232885299 0.11226651677620202 0.23192132437639532 -0.088267380122780778 0.031622433230216032 0.033449360586656769 -0.16210937500000003 -0.19913523776287687 0.82056933940422916 2.5808727415245669 0.89097424139565284 0.4525351384580994 0.62801568593213453 -0.024096385542168693 0.019132334279948298 0.016478554058737254 0.89097424139565284 0.70242689855875839 0.055114234796473476
decision_type=8 2 8 8 10 10 10 10 10 2 2 10 9 10 8 10 10 10 10 10 10 10 10 2 10 10 10 2 8 2 2 10 10 2 2 10 9 2 8 10 10 2 8 2 10 8 10 10 10 10 10 8 10 10 10 10 10 10 10 10 10 10
left_child=2 4 19 15 5 6 12 -8 9 36 -11 -12 -2 14 21 24 57 -18 -5 -1 -21 23 -23 -14 -3 -26 28 -28 -9 -30 31 45 -33 35 -35 -34 -7 -36 39 -15 41 42 44 -41 -40 46 47 50 -49 -48 -10 -39 53 -42 55 -54 -56 58 -17 -59 -61 -62
right_child=1 3 -4 18 -6 8 7 26 30 10 11 -13 13 38 -16 16 17 -19 -20 20 -22 22 -24 -25 25 -27 27 -29 29 -31 -32 32 33 34 37 -37 -38 51 40 43 52 -43 -44 -45 -46 -47 49 48 -50 -51 -52 -53 54 -55 56 -57 -58 59 -60 60 61 -63
leaf_value=-0.014951408622515958 -0.0034482382968747277 0.020430835836292436 -0.02099619508930621 0.0010980059091828984 -0.014076281174118452 0.012428311128024205 -0.025559972968230378 0.03105111498977647 -0.00924086126094582 0.051130604074851885 -0.020378523202466692 0.027982512748448776 0.019767430334785445 -0.014070468829305655 -0.0025412025156509458 0.029830382064858246 -0.01013260448266845 0.018934521738499348 0.029266549361501727 -0.032813970497116027 -0.0020279254984181118 0.010497280509453651 0.057506453867109168 -0.025335338646172212 -0.01992450994055852 0.007164792478423665 0.073576911633824515 0.014010090242313564 -0.041832312192676968 0.012241468144058387 0.016098780255651032 -0.0099527281330363902 0.052560252939136756 -0.012491001839124438 0.031397607247017068 0.00052431917764345873 -0.014549698430047173 0.017046981865130324 -0.012356952649014544 0.028435655411730168 0.0072540299585157125 0.02562955478997897 -0.019771296272304811 -0.0043111925864363389 0.041505216141353114 0.0010685365265374128 0.016673633383252871 0.037742706357004135 0.0029796921336363727 0.048461782409718976 0.008947643096825289 -0.021355883245445809 -0.0014589858790311843 0.061406543571627406 0.0055940531494077352 0.053948601427860066 -0.0022636116882637333 0.03868266989484722 -0.00041305306385605784 0.034373153846802028 0.024326219391116601 -0.017778697409271915
leaf_weight=510.0758261308074 7480.3021048530936 166.41933554410934 454.15504582226276 1892.2038641124964 326.47126398980618 166.27584538608789 46.180426470935345 78.722929656505585 427.50228142738342 72.388919800519943 58.397629752755165 176.55757530033588 42.905584380030632 383.82952559739351 6734.415166452527 101.02710582315922 190.82535338401794 135.4415675252676 82.080135256052017 68.545588813722134 2320.9083531983197 401.83079217374325 34.90718711912632 83.685031466186047 171.45601449906826 421.76458656787872 44.485217720270157 71.988715797662735 38.592340677976608 49.272593066096306 257.72811254858971 806.02399571985006 46.868532463908195 265.14141975343227 88.016502127051353 53.056056305766106 119.2399936914444 74.067425295710564 41.521249577403069 83.573150157928467 275.06180208921432 61.963791146874428 298.87294752150774 178.03603954613209 34.504326865077019 4394.0035990700126 266.95193699002266 90.329893872141838 112.14467962086201 76.531206950545311 248.22987671196461 61.550424113869667 38.997586607933044 57.146817043423653 3126.5733162164688 51.286332041025162 1141.7909466326237 202.32675866782665 191.14494830369949 167.98722112178802 129.12274986505508 87.304018184542656
leaf_count=5025 45401 699 5905 7997 2232 810 261 418 2184 351 296 825 301 2119 41357 437 786 557 374 658 19075 2402 165 539 720 1770 204 331 216 257 1110 4036 217 1232 401 233 604 326 253 393 1472 362 1981 843 212 22047 1306 375 554 365 1239 276 228 257 15464 252 5284 870 826 820 551 382
internal_value=3.42936e-05 0.000770586 -0.00721038 0.00669954 -3.30712e-05 0.000126928 -0.000825522 0.013923 0.00265662 0.013166 0.0243575 0.0159271 -0.00106247 0.00030544 -0.00165784 0.0111336 0.0156471 0.00195487 0.00228333 -0.00504461 -0.00292443 0.00888826 0.0143774 -0.0100135 0.00396171 -0.000685067 0.0204318 0.0371933 0.00856063 -0.0117125 0.00179767 0.00126969 -0.00435142 0.00332154 -0.00119568 0.0252102 0.00107598 0.0121921 0.00278757 -0.00585005 0.00387574 -0.00768954 -0.0132501 0.0062185 0.01231 0.00266629 0.00840728 0.00233672 0.0185978 0.0238764 -0.00255597 -0.000410975 0.00495423 0.0167257 0.0040534 0.0302618 0.00349208 0.0207219 0.0101106 0.0259797 0.0192107 0.00733794
internal_weight=36360.7 33007 3353.68 3939.1 29067.9 28741.5 20880.4 329.242 7861.01 592.86 307.344 234.955 20551.2 13070.9 7297.74 1964.82 1205.18 326.267 1974.28 2899.53 2389.45 563.329 436.738 126.591 759.64 593.221 283.062 116.474 166.588 87.8649 7268.15 7010.42 1394.72 588.7 488.776 99.9246 285.516 223.634 5773.16 645.439 5127.72 436.862 374.899 261.609 76.0256 5615.69 1221.69 878.207 202.475 343.483 675.732 135.618 4690.86 332.209 4358.65 90.2839 4268.36 878.913 292.172 586.741 384.414 216.427
internal_count=209443 178780 30663 16789 161991 159759 120972 1687 38787 2886 1472 1121 119285 73884 44764 8418 5229 1343 8371 24758 19733 3407 2567 840 3189 2490 1426 535 891 473 35901 34791 6721 2685 2235 450 1414 1003 29120 3355 25765 2808 2446 1236 465 28070 6023 4352 929 1671 3423 602 22957 1729 21228 480 20748 3886 1263 2623 1753 933
cat_boundaries=0 1 2
cat_threshold=6521874 1280
is_linear=0
shrinkage=0.05


Tree=52
num_leaves=63
num_cat=2
split_feature=0 4 13 13 11 13 2 3 2 2 4 8 16 22 21 2 2 2 11 15 2 11 19 8 3 15 5 8 14 15 8 3 4 5 13 0 5 8 2 14 1 19 13 13 3 0 5 8 8 0 18 14 19 15 5 5 5 19 0 7 1 8
split_gain=70.4338 56.9374 37.173 28.0119 24.4537 23.7948 24.9964 26.2471 30.8235 25.4497 25.3376 39.5513 29.0767 24.2801 24.6478 23.3763 35.0444 29.4619 36.0267 41.8823 32.1406 48.8763 34.3708 30.3811 45.3005 28.7717 24.555 26.5264 23.3488 27.3532 25.603 44.8941 28.9029 26.7089 23.02 22.7806 22.7908 32.6577 22.3862 21.8886 38.7682 29.8082 30.9034 40.2332 36.542 27.2594 21.4344 25.5304 20.8444 20.6992 30.9773 25.7154 22.3557 24.2102 21.0849 24.4833 20.6903 23.8048 22.4505 32.5978 29.067 26.8491
threshold=0.03367790152461593 0.0990990990990991 0.89146292983502307 0.46190714711775238 3.5000000000000004 0.98190845330380228 0.024688065147332416 3.9928073431071143 0.016658271835731937 0.025265646839615716 -0.036420738803070556 -0.10713667606190967 0.10399010031362975 0 1 0.017033105306656072 0.016898546797285901 0.019525387587860186 5.5000000000000009 0.63463349268434022 0.019098867813954191 3.5000000000000004 0.71054839279406579 -0.082563791313245802 3.3423576328847218 0.6984354601827677 0.099284791717878199 -0.043810185269684769 0.20667810177244142 0.93464309608357798 -0.068576506059874462 3.4766480645108073 0.099779998120434935 0.1201298708427221 0.28319043072742633 0.026402078115183924 0.065138600327223198 -0.010014379303822927 0.01893436289681279 0.56384920018636442 2.0643868136517898 0.27909311665265718 0.84833496412263554 0.70259556365088083 2.5427214143061021 0.045347270413705176 -0.11903185679703597 -0.19913523776287687 -0.0024038461538461449 0.053655297986531007 0.94804444977655156 0.84477251639085182 0.74219856586402277 0.7810498519775958 0.1012531129019595 0.065138600327223198 0.11180779411379295 0.056783340116673457 0.049869528357949854 -0.065321805991548784 2.1324217344075342 -0.0042483229295779959
decision_type=8 2 8 8 2 10 10 10 10 10 2 8 2 9 9 10 10 10 2 10 10 2 10 10 10 10 10 10 10 10 10 10 2 10 10 10 10 10 10 8 8 8 10 10 10 10 10 10 10 8 10 10 10 10 10 10 10 10 10 10 10 8
left_child=2 5 15 28 35 6 7 13 -9 10 12 -12 -8 46 -15 16 26 20 19 48 38 22 -22 24 -21 -25 -1 -28 -3 56 32 -32 -31 -33 -13 -4 37 -37 -17 41 -41 -5 43 44 -43 -45 -2 -48 -19 51 54 52 -42 -54 55 -51 58 -58 60 -60 -30 -61
right_child=1 3 4 39 -6 -7 9 8 -10 -11 11 34 -14 14 -16 17 -18 18 -20 23 21 -23 -24 25 -26 -27 27 -29 29 30 31 33 -34 -35 -36 36 -38 -39 -40 40 49 42 -44 45 -46 -47 47 -49 -50 50 -52 -53 53 -55 -56 -57 57 -59 59 61 -62 -63
leaf_value=-0.010675473295583182 0.0090201394500775117 0.029594594633064727 -0.040883992368202837 0.027465847892803038 -0.046017606511487341 -0.013490589363977052 -0.0011422141934041847 -0.024619211356438353 0.019282532864084601 0.0017075373225755247 -0.017727504983460301 -0.0048490292999564819 0.051329101624072629 -0.00075466946447901159 0.0047962833395774167 0.0024247099297020672 -0.04201675624410818 -0.016261683159865082 -0.05738277461380973 0.0042136650878928459 0.023559315464017048 0.061900495470694018 -0.029496136301052769 0.062785276971455709 -0.059393212499240899 0.012081194588411219 0.045507530218839742 -0.0043306779039673634 0.015835887250252381 -0.026984907934937248 -0.022865671950590118 0.055028540499944802 0.0087785758055158973 0.0098711844693555213 0.023303321191504734 -0.007006918278558167 -0.034168605233910472 0.061462170033356259 -0.039654063862225142 0.03098447870438889 0.011238544888922432 0.0020274031713239118 -0.035215313847306771 0.038333568328382195 -0.037198492566382302 -0.0089597533818848735 -0.0085522353363510686 -0.0019574545996939928 0.031821194540359858 -0.00018072465345064144 0.023014432367854047 -0.039223567734622371 0.0034433491137615909 -0.035674280364032571 -0.0070266017059467736 0.026051555354960839 -0.012152502458003686 0.020448800697391214 -0.0036486841286480416 0.036160017617494038 -0.022397402075134201 -0.0032440803658943217
leaf_weight=924.70211010053754 336.87874288856983 148.8077839910984 67.953041266649961 56.121601819992065 75.85416791215539 323.72771673649549 40.146284148097038 45.601078391075134 284.97125071287155 7270.5918446704745 117.72725948691368 99.937479481101036 75.881740912795067 10616.04930844903 2452.4139801859856 569.10667432099581 80.645545370876789 521.51353297382593 33.359900631010532 150.75300784409046 98.726525314152241 57.028875544667244 43.03147391974926 32.473812721669674 33.344430677592754 175.48767042160034 40.986814647912979 72.905914716422558 79.872955679893494 143.43648877739906 65.20325468480587 52.243701741099358 92.142047509551048 86.512953236699104 261.66220863163471 216.33535507693887 68.330599516630173 17.933229889720678 32.463095761835575 132.60372538864613 160.27632655203342 128.94897069036961 100.46955208480358 73.226255714893341 108.88395917415619 51.145670175552368 2066.0590850189328 5063.2578170076013 22.650990828871727 230.62327747046947 220.25105695426464 52.913698449730873 82.669168993830681 74.561999559402466 356.88514998555183 143.77938133478165 60.106809064745903 713.81696569919586 172.24813632667065 157.68262286484241 128.28897812962532 59.204023331403732
leaf_count=8929 1668 640 1037 236 1078 2232 197 261 1426 35901 617 459 370 60516 13368 4714 669 4680 235 1214 874 418 365 232 228 1093 225 450 334 587 271 214 375 358 1243 2787 773 230 285 578 662 542 437 303 451 217 12753 30980 147 950 973 223 351 305 1536 607 259 3192 715 681 526 266
internal_value=3.25038e-05 0.000732704 -0.00689039 0.00637794 -0.0203033 -3.16388e-05 0.000120474 -0.00078505 0.0131705 0.00252226 0.0124523 0.00734232 0.0333191 -0.00101034 0.000290174 -0.00481166 -0.0104639 -0.00123348 -0.00709116 -0.00523983 0.00586274 0.0232385 0.00736022 0.00720873 -0.00756569 0.0202614 -0.00797585 0.0138447 0.010611 0.00903547 -0.00181585 0.0111241 -0.0130187 0.0271456 0.0155308 -0.0149297 -0.00898587 -0.00152665 9.19322e-05 0.00217122 0.00531551 -0.0066378 -0.0108248 -0.00398099 -0.0160114 0.0189687 -0.00328242 -0.00386954 -0.0142055 0.00271922 0.00662138 -0.00729548 -0.00186811 -0.0152152 0.00165939 0.00993565 0.0125126 0.0179044 0.00550812 0.0125868 -0.00772149 0.0254383
internal_weight=36323.4 32987.8 3335.59 3932.93 446.406 29054.9 28731.2 20865.2 330.572 7865.95 595.355 479.327 116.028 20534.7 13068.5 2889.18 1119.24 1769.94 969.583 936.223 800.357 198.787 141.758 392.059 184.097 207.961 1038.59 113.893 1959.57 1810.76 439.538 203.96 235.579 138.757 361.6 370.552 302.599 234.269 601.57 1973.36 1454.56 518.796 462.674 362.205 237.833 124.372 7466.2 7129.32 544.165 1321.96 951.539 370.421 317.507 157.231 731.288 374.403 1371.22 773.924 597.297 389.135 208.162 216.887
internal_count=209443 178780 30663 16789 5905 161991 159759 120972 1687 38787 2886 2319 567 119285 73884 24758 10273 14485 7829 7594 6656 1657 1239 2767 1442 1325 9604 675 8418 7778 1805 843 962 572 1702 4827 3790 3017 4999 8371 6185 2186 1950 1513 993 520 45401 43733 4827 5607 4066 1541 1318 656 3093 1557 5973 3451 2522 1662 860 947
cat_boundaries=0 1 2
cat_threshold=6521874 1290
is_linear=0
shrinkage=0.05


Tree=53
num_leaves=63
num_cat=1
split_feature=0 4 6 7 9 7 14 3 14 2 10 14 2 0 1 17 5 14 6 3 14 14 3 2 0 11 9 16 16 18 1 2 2 2 2 2 5 2 2 2 5 3 2 17 4 11 10 7 18 24 19 16 2 2 2 0 5 1 17 1 4 16
split_gain=64.9053 52.8064 26.1587 24.6821 27.3273 41.1056 31.1737 26.477 30.383 34.2547 23.9886 45.7048 26.3403 37.355 42.0442 46.9994 29.3744 34.473 33.0395 25.3854 24.0914 23.3425 23.3204 23.0662 23.306 40.9727 22.8458 22.2792 21.6397 21.4121 21.0058 27.153 46.4468 28.2802 53.4828 51.6586 88.2199 61.5917 43.884 68.595 38.0482 32.5988 47.9197 32.805 43.4832 30.2211 27.8126 32.6434 28.5724 27.7937 27.5357 27.0059 23.6288 23.5326 85.7863 39.056 32.8604 31.2235 32.287 29.1016 26.7966 33.233
threshold=0.036322854143790016 0.087683370922800444 0.029894658000232614 -0.060053407296876575 5.5000000000000009 -0.018983050847457602 0.48854415013451741 1.2572154391953523 0.46072347194694074 0.023366724855946545 3.5000000000000004 0.64315796006667392 0.023336571749899858 0.039438089632423574 2.7774235880015574 0.46164982233842861 0.21078987432460675 0.61928752719361868 -0.0054054054054054048 3.5749984397875991 0.4525351384580994 0.19111714975845415 0.81859042956229933 0.029907530114626588 0.060893416304399754 3.5000000000000004 3.5000000000000004 0.91571736253470704 0.63306846158702113 0.9350324675324676 4.8038578189668151 0.01629649707805603 0.016658271835731937 0.019183909780195907 0.019993522459839312 0.019601302197532009 -0.050528111879601649 0.019684113757497717 0.021507950842662864 0.021629990021237982 -0.0032386041828365015 2.4721046421087753 0.02097739705504292 0.77696960078995636 -0.012243762279536162 4.5000000000000009 1.5000000000000002 -0.084398387788260074 0.88291911083667818 0 0.93301661099575706 0.74297904482248167 0.01989491297443553 0.018190772603840517 0.018127327847342185 0.046543045788106148 0.07002027152199887 2.0585179195271377 0.40265231842094534 3.1590919004902944 -0.02496037039549209 0.27391589264345551
decision_type=8 2 2 10 2 10 10 10 10 10 2 10 10 8 10 10 10 8 2 10 10 10 8 10 8 2 2 2 2 10 10 10 10 10 10 10 10 10 10 10 10 10 10 10 2 2 2 10 8 9 8 2 10 10 10 10 10 8 10 10 2 2
left_child=3 30 10 -1 7 -6 -7 8 9 -5 12 -12 13 19 15 -15 18 -18 -17 20 -3 29 -4 -14 25 -25 -10 -26 -11 -9 31 46 -33 53 35 40 37 -37 41 -40 -35 -36 43 44 -43 49 48 -48 50 -42 -2 -51 -39 54 59 57 -56 58 -55 60 -34 -62
right_child=1 2 22 4 5 6 -8 21 26 28 11 -13 23 14 -16 16 17 -19 -20 -21 -22 -23 -24 24 27 -27 -28 -29 -30 -31 -32 32 33 34 38 36 -38 52 39 -41 45 42 -44 -45 -46 -47 47 -49 -50 51 -52 -53 -54 55 56 -57 -58 -59 -60 -61 61 -63
leaf_value=-0.013148255360713283 -0.0080245246602044847 0.025067907266119085 0.023988432533699224 -0.0082796649249241069 -0.031494926782644359 -0.0081478219143236632 0.040366938633312269 -0.0054309095185238881 0.0062412803246118123 0.0040257233181257238 -0.0021873306095091796 0.051270756480202379 0.012927489294883427 0.038445560494933299 0.0046922442949301419 -0.05227043120926797 0.037502202960617126 -0.012606927991813602 -0.012050785825419862 0.044023940628627682 -0.016233721472016811 0.011806372354735022 0.0073570478466627384 0.00041159462306154842 0.027126326977903178 -0.052968099787952132 0.060613611068370425 -0.0044154471687881175 0.041166771394724494 0.015467749957761224 0.014987829229795538 0.012293146050911726 -0.014280239249121167 -0.023479097377604414 -0.0071367355993615898 0.094592495389794695 0.0097051548686945977 -0.0031540313433868722 0.041736154034819117 0.00082419786958900338 0.029368143181103781 -0.01630175416889406 -0.01900340288914823 -0.0014513345342984365 0.04032098107970334 0.036218074678870324 0.037871983319360709 6.436723390713871e-05 -0.039504475518081519 0.0029559723768863588 0.034199676546202575 -0.019614181024683451 0.048310521833173213 -0.026977535113359926 0.065478977315666834 -0.0020524127100199755 0.0088370501911838283 -0.024282332323872349 0.019389237766490409 -0.011576969688932065 0.017143771638186041 -0.00061693368465523177
leaf_weight=800.56683826074004 1641.4181723445654 82.508445546030998 325.64480841159821 1980.1542284972966 198.48724427819252 650.71262462064624 33.899265542626381 661.10101052373648 61.121629737317562 186.12292335927486 85.248693063855171 74.169611632823944 955.53629559278488 48.965309023857117 1177.4077832847834 53.48351976275444 62.210749879479408 74.3065045773983 846.2887581884861 71.604826778173447 60.272951617836952 545.34001693874598 598.24720169603825 123.35576443374157 97.204550430178642 49.724764496088028 27.432410769164562 129.67616304755211 48.779890961945057 149.41434210911393 231.03965945541859 789.55980395525694 270.26004318892956 156.6939350515604 3001.9343858361244 51.126740485429764 1293.9425210952759 39.523535005748272 102.31839389353991 12267.669120796025 74.94735649228096 41.889871016144753 131.8999740332365 153.72809553146362 166.97950737923384 63.244756326079369 64.515607781708241 444.07925107330084 69.67328255623579 556.55949033051729 38.56989262253046 172.88250842690468 49.84697899967432 60.333096951246262 63.549189053475857 950.76045879721642 43.026730164885521 484.09023270010948 95.809947028756142 679.14078161120415 320.41267047077417 1458.4915298968554
leaf_count=7770 10042 364 1668 18896 1658 4598 175 5558 455 1287 361 318 4091 210 4927 228 259 313 3553 303 259 3803 2558 522 406 216 190 550 270 813 1088 4267 1766 981 17639 274 7295 221 572 63949 389 239 711 736 926 318 358 2448 400 3260 209 900 275 451 366 4958 224 3088 617 3371 2020 8506
internal_value=3.01611e-05 0.000908864 0.0056611 -0.00505823 -0.00362989 -0.0115192 -0.00569019 -0.00172343 -0.00498548 -0.00613735 0.00390448 0.0228487 0.00311072 4.36441e-05 -0.00184961 -0.00894474 -0.0112189 0.0103344 -0.0144969 0.0199411 0.00764142 0.00381843 0.0132387 0.00871136 -0.0013684 -0.0151402 0.0235736 0.00915802 0.0118802 -0.00156404 1.12009e-05 -0.000123497 0.000378997 -3.49975e-05 0.000831375 0.00769152 0.0138125 0.0513044 -0.000232137 0.00116595 -0.000885267 -0.00517733 0.00670802 0.0160874 0.0289414 0.00321749 -0.00535946 0.0049252 -0.00835013 0.000581086 -0.00703535 -0.00241283 0.0257676 -0.00362156 -0.000889364 -0.00848626 0.0429063 -0.0180226 0.00141562 -0.00261525 0.000359073 0.00258992
internal_weight=36288.9 30945.8 4915.86 5343.13 4542.57 883.099 684.612 3659.47 2303.61 2215.06 3991.96 159.418 3832.55 2477.05 2262.66 1085.25 1036.29 136.517 899.772 214.386 142.781 1355.86 923.892 1355.5 399.961 173.081 88.554 226.881 234.903 810.515 26029.9 25798.9 23540.6 22751.1 18325.2 2458.77 1434.44 140.497 15866.4 12370 1024.33 3496.43 494.497 362.597 208.869 867.634 2258.26 508.595 1749.66 804.389 1679.99 729.442 89.3705 4425.87 2834.88 1590.99 106.576 640.233 156.143 2728.31 2049.16 1778.9
internal_count=209443 163970 21106 45473 37703 6431 4773 31272 21098 20453 16880 679 16201 10416 9490 4563 4353 572 3781 926 623 10174 4226 5785 1694 738 645 956 1557 6371 142864 141776 128319 124052 98685 13913 8065 770 84772 64521 5848 20251 2612 1901 1165 4867 13457 2806 10651 4549 10251 4160 496 25367 16253 9114 590 4156 1068 15663 12292 10526
cat_boundaries=0 1
cat_threshold=4
is_linear=0
shrinkage=0.05


Tree=54
num_leaves=63
num_cat=0
split_feature=0 4 13 0 7 19 19 0 8 13 19 18 3 0 15 1 15 1 6 0 1 18 10 13 3 0 1 1 16 4 9 4 17 5 17 4 16 19 13 8 19 17 17 5 19 17 0 17 17 4 16 0 8 17 19 9 13 9 8 16 13 16
split_gain=58.8044 47.7882 34.0071 32.5916 27.4558 26.446 54.8495 25.9263 24.332 33.1011 30.7992 30.9818 29.4917 24.0601 25.9784 33.4206 24.0501 25.6895 29.1609 36.6685 48.4685 36.8229 31.7381 34.8985 23.53 33.4912 24.7998 27.4006 32.3141 23.4814 23.3308 22.6594 21.7708 21.7209 21.1827 24.2789 32.3773 25.008 29.1612 28.8676 24.2598 20.9299 21.3235 32.6095 21.0619 20.79 20.6593 19.3779 27.9873 26.5926 19.326 19.8207 19.1938 27.3644 27.5369 39.026 31.5312 26.3311 22.352 26.1679 25.4596 22.5709
threshold=0.036322854143790016 0.087683370922800444 0.32674928600571201 0.025327932820979542 -0.060053407296876575 0.14005418921495302 0.11675953519173859 0.032335467995296137 -0.10173599423879263 0.46573542262869655 0.1644465568229827 0.95671528658056126 -0.33943398062979285 0.038929454434605999 0.93051995547781852 2.5808727415245669 0.58736454296881557 1.9840484890861563 -0.0083141978639238983 0.046262022890974176 2.2122420460323284 0.91897103154179849 1.5000000000000002 0.21183667035368678 1.4204383518010235 0.034320767488426066 2.1377844081739918 1.4855066200391869 0.84462214859181872 0.099678450351781481 5.5000000000000009 0.099521530213463008 0.34696076706544693 0.11311647391192849 0.80031697711334837 0.099216709422268803 0.91204457715044052 0.46966385132817828 0.30278653367966651 -0.10490681779858561 0.24759493026570298 0.99345977483489045 0.68994755723518464 0.047211707401999765 0.92862341443127483 0.32333859095688749 0.051433545374832336 0.48522687119369795 0.73737725427249567 0.055430343327967042 0.0096386101820884456 0.054001604880057549 -0.043810185269684769 0.94610982673125787 0.7623740425013027 5.5000000000000009 0.87585035762583752 4.5000000000000009 -0.039136857401627527 0.80904284011223393 0.58407757255335402 0.79744331003999824
decision_type=8 2 8 10 10 8 10 10 10 10 8 10 10 8 10 10 10 10 2 10 10 10 2 10 10 10 10 10 2 2 2 2 10 10 10 2 2 8 8 8 10 10 10 10 10 10 10 10 10 2 2 10 10 8 8 2 10 2 10 2 10 2
left_child=2 50 -1 -4 -5 6 -6 30 10 16 11 46 -11 -12 34 31 -10 -18 -19 20 -20 -21 -22 -24 32 26 27 -26 -29 -27 -7 33 45 -16 -15 36 -36 40 -39 -40 -37 42 43 -14 -45 -9 -3 -32 49 -49 -2 52 53 54 56 -56 -52 -55 60 -60 61 -54
right_child=1 8 3 4 5 7 -8 24 9 12 13 -13 41 14 15 -17 17 18 19 21 22 -23 23 -25 25 29 -28 28 -30 -31 47 -33 -34 -35 35 37 -38 38 39 -41 -42 -43 -44 44 -46 -47 -48 48 -50 -51 51 -53 58 57 55 -57 -58 -59 59 -61 -62 -63
leaf_value=-3.6908618600192358e-05 -0.0122769796853174 0.021972754776021248 -0.030521839607085922 -0.018315523870260666 0.00037628803220979788 -0.0090206133089542201 0.07586270281960468 0.00029300046045481855 0.026434217321642885 0.029189824784314495 0.031857798924070431 0.041798617424671142 -0.010910438832177594 -0.0069636587930494197 -0.031931901395991114 0.018008589460486956 0.023015486524140233 -0.025122075823537007 -0.038080677204396958 0.033730002973861542 -0.012998863795918542 0.005607566138747115 0.057967903389111355 -0.0019933547882328749 0.05807534925162916 -0.0097083700945251698 0.062596655033149595 0.019134749556715912 -0.02855040722654606 0.035665536109888811 -0.054936090503919038 -0.039232469834509821 -0.012475593472616045 0.013092333520374134 0.014114151025322198 -0.0018342363812309662 -0.036220141109322306 0.029427592389215346 -0.040999073558252913 0.0047704672428233877 0.037315424100580648 0.02876943783107775 -0.0034775735135832877 0.039669695825811119 -0.0005081018859758586 0.048154709080356579 0.00029679137259758687 -0.018670277244906979 -0.052071589743782266 0.047002972999484277 -0.00062266637150115147 0.0019570754636135806 0.01596405248743557 0.003729448583372018 -0.0065138121518996898 -0.03686630348597237 -0.010280453868807724 0.036583073737888168 0.0028257775774923645 -0.007384479697158052 -0.0019278767952382908 0.056313991979265988
leaf_weight=2184.5575151070952 315.15819359570742 153.95923927426338 154.01066818833351 453.38287792354822 122.08200265094638 833.44824789464474 28.97558881342411 244.59657580405474 297.00466588139534 99.165259584784508 47.724289044737816 69.917831555008888 88.835521876811981 586.98380176723003 49.335557013750076 54.058013290166855 296.62761768698692 68.599790558218956 81.273005068302155 194.01216825842857 92.09225045144558 289.98653431236744 47.349967017769814 48.587990671396255 29.305325075984001 265.95328870415688 29.251494608819485 134.56619597971439 47.180605411529541 30.937750935554504 51.231722600758076 129.89340251684189 577.83501131087542 56.402101904153824 60.275915116071701 55.737284451723099 66.011005282402039 62.864853203296661 51.164710134267807 100.93160735070705 134.66462986171246 63.836141154170036 1031.6730926334858 103.50114944577217 47.383685514330864 24.010476738214493 378.34393286705017 51.231020513921976 37.493990890681744 20.868179596960545 9361.935018889606 9613.6720308512449 231.80656477063894 220.77111718058586 1115.8743254616857 116.11275098472834 928.01730988174677 83.410556063055992 3023.9268366843462 790.799391284585 184.60945503413677 40.13328392803669
leaf_count=15785 1656 647 2111 4735 995 9226 232 2199 1445 521 208 299 375 2460 208 222 1284 291 350 824 384 1246 200 203 196 1798 199 1077 288 128 595 536 4694 237 259 234 282 275 219 430 575 281 4385 440 207 207 1579 560 295 153 56703 46528 1217 1078 6850 676 6240 389 16296 4020 1018 193
internal_value=2.80237e-05 0.000863208 -0.00482677 -0.00816196 -0.00699743 -0.00496194 0.0152596 -0.00625239 0.00538804 0.00837905 0.00124457 0.0107452 0.00302266 -0.00268958 -0.00388207 -0.0171989 0.0138008 0.0104257 0.0058595 0.00871041 -0.00606432 0.0169268 0.00790247 0.0278931 -0.00182394 0.00635361 0.0201907 0.0140458 0.00666742 -0.00487629 -0.012407 -0.0253181 -0.0070152 -0.00801763 -0.000421165 0.00680178 -0.0122738 0.0127602 0.00105086 -0.0107935 0.0259052 0.00105888 -0.000353976 0.0130475 0.027132 0.00473405 0.00659562 -0.0297924 -0.0176479 0.000720963 9.71105e-06 0.000160789 -0.000912042 -0.00194961 -0.00234084 -0.00940206 -0.00149459 0.0128287 0.00196051 0.000707793 0.0124032 0.0221035
internal_weight=36255.3 30934.4 5320.92 3136.36 2982.35 2528.97 151.058 2377.91 4908.2 2849.93 2058.27 602.221 1434.39 1456.05 1408.32 289.689 1415.53 1118.53 821.902 753.302 269.303 483.999 188.03 95.938 1383.64 537.195 240.304 211.052 181.747 296.891 994.273 235.631 846.442 105.738 1118.63 531.65 126.287 405.363 214.961 152.096 190.402 1335.23 1271.39 239.72 150.885 268.607 532.303 160.825 109.593 72.0992 26026.2 25711.1 16097.4 11826.1 11521.9 1231.99 10290 304.182 4271.28 3814.73 456.549 271.94
internal_count=209443 163970 45473 29688 27577 22842 1227 21615 21106 12436 8670 2525 6209 6145 5937 1203 6227 4782 3498 3207 1137 2070 787 403 10786 3686 1760 1561 1365 1926 10829 981 7100 445 4734 2274 541 1733 924 649 809 5688 5407 1022 647 2406 2226 1603 1008 713 142864 141208 94680 71936 70469 7526 62943 1467 22744 20316 2428 1410
is_linear=0
shrinkage=0.05


Tree=55
num_leaves=63
num_cat=0
split_feature=2 2 2 14 13 5 8 2 19 12 7 2 2 3 14 2 18 15 7 14 1 19 17 19 13 15 5 18 1 5 13 0 5 7 13 14 8 15 13 19 19 13 2 18 16 19 5 1 13 14 14 3 1 19 14 14 7 11 14 17 12 13
split_gain=50.9488 68.6662 57.1099 47.9383 56.6948 47.4173 43.9113 50.8327 46.1584 40.5877 39.6148 40.1921 36.4419 34.7404 33.4458 30.5456 30.212 29.4159 29.3196 27.0254 26.9053 26.478 26.3455 27.9144 33.9859 25.7388 28.7056 41.7389 33.8016 46.6928 44.5732 30.4609 25.5314 25.0754 24.8826 24.2328 24.1819 33.1589 23.9281 26.2816 31.644 23.7552 23.4806 23.2651 26.2024 28.7973 25.4007 25.3856 21.7226 23.3371 37.7702 21.7201 21.6965 41.5163 41.2757 32.3083 34.2346 29.6712 21.8021 33.1963 33.4794 26.5896
threshold=0.01629649707805603 0.016604452504719428 0.013150474867107456 0.86022280065693668 0.89146292983502307 0.099284791717878199 -0.091891891827715719 0.02282007547942105 0.23192132437639532 2.5000000000000004 -0.066064120588380612 0.019202747510535755 0.019967724481238094 -0.59176223464221966 0.46072347194694074 0.020653422080993595 0.16862362132352945 0.96596301659797268 -1.0000000180025095e-35 0.3853448472672481 1.3395501963699274 0.5486184519614753 0.95845925587765357 0.30690356041491457 0.24734324885937573 0.63877101501393518 0.10809843492947636 0.69437639631761483 1.6977043045933693 0.066466161332923171 0.91882135880182336 0.0377686480690669 0.088412615982622636 -0.067399642840454507 0.021075876539867335 0.7585252774604212 -0.036144578305004053 0.43369743391052967 0.95021195954805926 0.50505903630903648 0.29895333126403628 0.21975557546794108 0.014022056055989735 0.10073152677508396 0.21443969021635614 0.43391061420301225 -0.13330503678551206 2.3128670491750678 0.036982292917166877 0.3853448472672481 0.25845540908276171 -0.49544630198443823 2.5353862714615771 0.092563075650428248 0.77004415957070205 0.80924612619614333 -0.011804571923197947 5.5000000000000009 0.25433654280126378 0.46944073700315775 1.5000000000000002 0.65119275487901096
decision_type=10 10 8 8 10 10 10 10 8 2 10 10 10 10 10 10 10 10 10 10 10 10 10 10 10 10 10 10 10 10 10 10 8 8 8 10 10 8 10 10 10 8 10 10 2 10 10 10 10 10 10 8 10 10 10 10 10 2 10 10 2 10
left_child=2 41 9 4 6 14 8 -8 10 38 11 -3 13 -13 34 -14 -12 36 21 20 -17 -9 43 -24 -25 -6 27 32 29 -29 -30 -32 -27 -5 -4 -28 37 -7 39 40 -1 -2 -16 44 51 47 -45 -46 -20 50 -50 -10 54 -54 57 56 -55 58 -18 60 -60 -62
right_child=1 3 5 33 25 17 7 18 22 -11 16 12 15 -15 42 19 52 -19 48 -21 -22 -23 23 24 -26 26 35 28 30 -31 31 -33 -34 -35 -36 -37 -38 -39 -40 -41 -42 -43 -44 46 45 -47 -48 -49 49 -51 -52 -53 53 55 -56 -57 -58 -59 59 -61 61 -63
leaf_value=0.0038262312434681565 0.028583148314296286 -0.014835786066126504 0.021159657891232368 0.0019710936494265643 -0.011787701341076415 -0.014389928475361214 -0.00021989853870037061 0.012081728479447164 -0.011166777695032448 0.046391635603400254 0.049617158122601479 0.050726019139278912 -0.019936236935699462 0.0079020893931963272 -0.022467664517092891 0.031369726186410138 -0.0018848106983893999 -0.030582444284988144 0.040659847187156838 0.004673784437589072 -0.015560737072029832 0.0023601065963137868 -0.011522718233221287 -0.0091969965495453561 0.040065672414357559 -0.011546951785581679 -0.022482309760298008 0.028512145202612828 -0.0028657408037830764 -0.038038663249656664 0.10161964258045958 0.035833944297441016 0.028929566491559883 0.008980833769474313 -0.020732903573980749 0.019911780696310812 -0.0046502814291543345 0.021999527758209427 0.044680314943742666 0.011146015527515006 -0.02491501152465498 0.0096999116572502979 -0.0045576873633064894 0.030087451460392128 0.0002710359163948794 0.031872337838074631 -0.0054529874571180191 -0.030148198565135471 0.015694879872966635 0.021729235886186166 -0.023934484281801515 0.028482245072989295 -0.025905332642633439 -0.013283448867250311 0.038609094873324173 0.044582355993557074 0.038966444017190412 -0.030561851221812566 0.0066552549025671887 0.0047077608327310838 0.02670767080804853 0.068678356293911474
leaf_weight=246.18870612978935 218.0355281457305 480.76986214518547 36.133110515773296 3365.2514742910862 1528.6914114616811 78.637728482484818 6523.3175790980458 960.0442907884717 43.751797445118427 57.659924954175949 40.960690952837467 64.027761831879616 193.4239706620574 176.12355414777994 211.72492006421089 32.841524124145508 379.1907784640789 59.431334108114243 80.101504549384117 1195.0124077871442 317.99478999525309 2585.145181030035 80.894403070211411 50.949961334466934 108.69741939008236 274.04176098108292 193.8936623185873 66.286315880715847 37.6012252420187 42.331586442887783 30.430873528122902 44.093101359903812 44.416281431913376 2054.5657411664724 893.33679720014334 39.944123178720474 303.58424653857946 295.06053370982409 32.478056244552135 367.36943804100156 155.51066669076681 703.99638437852263 1316.7879565134645 49.635573223233223 280.57916194200516 53.137521430850029 7479.8118876516819 89.766766004264355 170.76496765017509 335.74053230881691 91.511134847998619 155.25190895795822 137.01502059400082 134.12226249277592 110.31288829445839 48.574901342391968 39.821460694074631 49.771257027983665 179.17050836235285 611.07366041094065 189.56141383200884 47.156051568686962
leaf_count=1569 1154 3189 274 16252 11511 413 38062 4572 276 321 220 417 1285 1123 1382 221 2674 285 360 6419 2050 12310 363 235 482 1856 1068 630 233 354 243 249 269 9208 9148 175 1567 1447 281 2392 1042 4158 7910 240 1565 318 45545 528 764 1531 407 910 663 708 511 228 173 260 1113 3213 1137 275
internal_value=8.58414e-05 0.000750777 -0.00519617 0.000354246 -0.000541659 -0.00827341 0.000190031 0.00254719 -0.00178604 0.0062419 0.00234461 -0.00188427 0.00126734 0.0194826 -0.0116072 -0.00125749 0.00763282 0.00285025 0.00682028 0.00109106 -0.0110909 0.00499541 -0.00396493 0.0123112 0.0243846 -0.00802982 -0.000592957 0.00575233 0.0224108 0.00246494 0.0415401 0.0636865 -0.00582869 0.00462954 -0.0190833 -0.0151866 0.00582472 0.0143241 0.00329949 0.00149621 -0.00733466 0.0141914 -0.00705159 -0.00444665 0.00483735 -0.00220185 -0.00521473 -0.0071635 0.0163393 0.0130192 0.00182935 0.019753 0.00671453 -0.00435294 0.00925626 0.00897439 -0.00116736 0.00700727 0.00835781 0.0121379 0.0230177 0.0353223
internal_weight=36263.5 32209.6 4053.9 31287.6 25867.8 3194.7 23566 10746.6 12819.4 859.207 4426.92 2460.19 1979.42 240.151 2457.98 1739.27 1966.73 736.714 4223.31 1545.85 350.836 3545.19 8392.48 240.542 159.647 2301.73 773.039 539.201 220.743 108.618 112.125 74.524 318.458 5419.82 929.47 233.838 677.283 373.698 801.547 769.069 401.699 922.032 1528.51 8151.93 622.487 423.483 7529.45 370.346 678.118 598.017 262.276 199.004 1925.77 359.534 1566.24 222.519 173.944 1455.92 1406.15 1026.96 415.888 236.717
internal_count=209738 181707 28031 176395 150935 22426 134347 58006 76341 5605 25879 14704 11515 1540 18714 9975 11175 3712 19944 8690 2271 16882 50462 1080 717 16588 5077 3834 1709 984 725 492 2125 25460 9422 1243 3427 1860 5284 5003 2611 5312 9292 49382 3597 2411 45785 2093 3062 2702 1171 1186 10955 1772 9183 1109 881 8672 8412 5738 2525 1412
is_linear=0
shrinkage=0.05


Tree=56
num_leaves=63
num_cat=1
split_feature=4 2 2 3 2 12 0 14 4 6 16 8 2 2 13 19 10 13 3 19 2 7 7 3 0 13 19 0 14 10 7 5 6 8 13 15 7 4 2 2 13 17 14 0 11 15 4 19 11 16 5 13 14 3 3 5 19 8 17 22 5 14
split_gain=47.5991 53.4962 66.4848 37.751 33.59 37.0036 29.9844 29.2275 31.4142 41.3419 30.5631 29.5023 30.855 56.0434 34.088 41.998 33.686 32.1278 28.1362 27.722 32.9907 28.237 27.4483 47.0681 28.1838 27.2524 64.1371 27.194 27.0712 27.0546 26.3765 26.1321 32.2397 26.0568 25.7428 25.6315 25.3 24.5785 23.9947 33.2966 23.8468 23.5452 34.3338 23.3478 23.126 22.187 38.3274 34.6468 24.5025 22.1509 22.008 21.6557 21.5551 21.3624 21.1114 20.8755 31.8861 27.0406 26.7922 24.9379 25.0895 21.2663
threshold=0.049413878842248245 0.016396713910233628 0.016604452504719428 3.8641718678755885 0.013150474867107456 2.5000000000000004 0.028268404711035443 0.76599663299663312 -0.055704719755506886 -0.0087719298245613735 0.23007841635253093 -0.098399999999999974 0.019501149477488457 0.019644902823555969 0.16018690773792224 0.52485159937997616 2.5000000000000004 0.45025526816180877 2.8359727732961395 0.65174924101537057 0.029362810397847255 -0.10441878009274662 -0.063417344814301987 -0.5426400416462992 0.068968256882130069 0.1403405329361139 0.5603116116776915 0.057360547498022565 0.86835427587624636 2.5000000000000004 -0.067399642840454507 0.031471282454759948 0.0091228074208684635 -0.015864322278033912 0.21975557546794108 0.17640021673415848 -0.1591207909516785 0.031746032481101978 0.03098648343492957 0.025491728316902374 0.021075876539867335 0.7925957799451776 0.31398613205176534 0.051433545374832336 3.5000000000000004 0.4575989906832299 -0.0039988577955453733 0.38996989119362491 2.5000000000000004 0.44783594597259196 0.18395094845223262 0.87199397590361449 0.54835377388568884 3.7381486475242576 -0.11079702255152547 0.015569128646621412 0.064861677715451316 -0.2604422347877296 0.29543969102792639 0 0.022471910642596241 0.2305112853810046
decision_type=2 10 10 10 8 2 10 8 2 2 2 10 10 10 10 10 2 10 8 8 8 10 8 8 10 8 10 10 10 2 8 10 2 10 10 10 10 2 10 10 8 10 10 10 2 10 2 10 2 2 10 10 10 10 10 10 10 10 10 9 10 10
left_child=1 4 18 7 5 -1 40 8 9 54 -10 19 14 17 15 -13 -16 -14 34 20 51 -21 24 -24 35 26 -9 28 -25 45 -27 32 36 37 -3 -2 -22 -31 39 -11 -6 42 -5 -44 -26 47 -47 -15 -49 -33 -30 55 -18 -8 -4 -12 57 58 -57 -58 -61 -62
right_child=22 2 3 41 6 -7 53 25 10 38 11 12 13 29 16 -17 52 -19 -20 21 31 -23 23 27 44 30 -28 -29 50 33 -32 49 -34 -35 -36 -37 -38 -39 -40 -41 -42 -43 43 -45 -46 46 -48 48 -50 -51 -52 -53 -54 -55 -56 56 59 -59 -60 60 61 -63
leaf_value=-0.00039363959686351086 -0.029328075010598836 0.040570554159358445 0.018120973268845077 0.04163333450428737 0.028486401668464313 0.046623558710996882 -0.0077623731091847302 0.00097049458972901326 -0.0064479090081301484 0.021898636115933231 -0.0077031353452289746 0.059533653668241343 0.0042868964998870112 0.024903995578218797 -0.0093340732128454115 0.0035672970247260221 0.02633697257983891 0.068919256028202369 -0.026680765338645204 0.00029755715185364375 0.0089908336873507806 -0.018487909298742205 0.02903632535048517 0.0026652901099459923 0.0034139836791900282 0.00082905323470539971 -0.035391071168252665 0.0088701002211028519 -0.021279714427982238 -0.0070071892514552182 0.008517662652063945 -0.014509823646108772 -0.016160181800198813 0.019062262285264364 0.013764416206544661 -0.0042584378409777756 0.042256189624972837 -0.041773779830947787 0.041866838503814334 -0.018041399922242914 -0.034430081734078036 0.03993352189641669 -0.022988812860310424 0.01710570116928169 0.036414821813489713 0.032069827721627003 0.0058848702809210229 0.001027845033425931 -0.015380595200235254 0.011420309573752915 0.013753649098025379 -0.014532340318277333 -0.022091046088024518 -0.045998715421108546 -0.018979303906612729 0.044468068864209044 0.021586989164324503 0.057320783830493639 0.0011879026750725903 0.011914360666690514 -0.013398858425066041 -0.0017901079592934693
leaf_weight=561.6897077485919 109.25986965745687 115.87129455804825 51.403144337236881 54.251415848731995 15.73328400403261 44.214984633028507 2160.4334151037037 542.85769806802273 3713.546962633729 210.4324399009347 1336.5244663208723 40.76120450347662 30.834838055074215 124.37554270774126 1314.9381797499955 170.630635894835 110.96804963797331 50.699609369039536 33.708577230572701 309.40431078523397 102.86432340741158 564.76657849550247 182.84455233812332 6759.1263351626694 578.98126880824566 3353.5145066678524 155.13976240158081 1847.6251505762339 205.26979053020477 142.53743816912174 1670.6383079737425 156.23881970345974 50.550466515123844 53.781360559165478 392.62025176733732 1363.6199935525656 129.55557268112898 78.465582609176636 88.774419099092484 68.44143770635128 174.04352721199393 81.599667578935623 78.438244588673115 65.922684073448181 57.48234423995018 151.62913392484188 1668.3541928343475 1028.9257535114884 291.07116192951798 171.95950888842344 56.525374665856361 417.26127417758107 28.091762915253639 36.207033790647984 142.76426336169243 44.140797682106495 98.284524030983448 34.537100948393345 172.30838913470507 255.52525535970926 521.8167398199439 1609.2366783693433
leaf_count=4115 575 645 291 360 133 258 15903 2729 24435 1249 9478 277 202 640 9629 1088 849 339 199 1846 506 3779 986 32847 2511 16924 729 7995 899 848 7796 828 253 373 2480 6743 649 416 398 356 2330 377 438 332 244 875 9326 6242 1802 882 250 3547 147 261 903 271 649 195 1019 1861 4236 9995
internal_value=8.09459e-05 -0.00112812 -0.000277787 -0.000713449 -0.00740075 0.00310854 -0.0100692 -0.000954154 -0.00207926 0.00951801 -0.00251497 -0.00121755 0.0015032 0.00409366 -0.00412771 0.0145884 -0.00685694 0.0448246 0.0169982 -0.00362445 -0.00221336 -0.0118462 0.00279706 0.00399399 -0.00233857 0.00210048 -0.00715044 0.00347447 0.0020535 0.00314291 0.00338687 0.00867618 0.0197821 -0.0118974 0.0199404 -0.00613677 0.0276352 -0.0194834 0.0193567 0.0120671 -0.0290921 0.0174863 0.00811007 -0.00468786 0.00644691 0.00441221 0.00808284 -0.000215358 -0.00259927 -0.00093031 -0.013692 -0.00369734 0.0164661 -0.00841326 -0.00911499 -0.00258388 -8.11059e-05 0.0168668 0.010178 -0.00179905 -0.00284925 -0.00463762
internal_weight=36234 25073.3 22081 21538.8 2992.32 605.905 2386.42 21258.6 15536.4 561.816 14974.6 11261 5286.06 3620.67 1665.39 211.392 1454 81.5344 542.2 5974.97 5100.8 874.171 11160.7 9051.39 2109.34 5722.15 697.997 8868.55 7020.92 3539.14 5024.15 611.169 282.97 274.784 508.492 1472.88 232.42 221.003 367.648 278.874 189.777 280.212 198.612 144.361 636.464 3264.36 1819.98 1444.37 1320 328.198 261.795 4489.64 139.06 2196.64 194.167 4072.37 2735.85 250.986 216.449 2484.86 2386.58 2131.05
internal_count=209738 156688 133688 130364 23000 4373 18627 128857 100679 3197 97482 73047 33053 21063 11990 1365 10625 541 3324 39994 34369 5625 53050 42977 10073 28178 3458 41991 33996 20522 24720 3118 1408 1637 3125 7318 1155 1264 2003 1605 2463 1507 1130 770 2755 18885 10201 8684 8044 1710 1149 31251 996 16164 1194 27704 18226 1485 1290 16741 16092 14231
cat_boundaries=0 1
cat_threshold=360
is_linear=0
shrinkage=0.05


Tree=57
num_leaves=63
num_cat=0
split_feature=4 2 2 12 13 0 3 14 2 18 3 2 13 3 19 8 2 18 8 8 18 2 13 17 19 8 13 8 6 8 4 13 13 14 8 2 15 2 17 13 19 14 15 11 19 13 2 3 0 4 4 2 2 2 4 16 5 18 17 2 5 13
split_gain=42.9973 49.1576 40.7265 32.7652 27.4196 31.5542 27.1368 26.2561 31.4071 26.2654 33.2014 26.8966 27.4548 49.1812 44.4402 56.7693 52.4061 39.4953 39.1441 35.7403 33.5789 32.243 29.1052 31.1314 26.3077 26.5407 30.1362 26.6517 43.3191 37.4145 35.8772 29.243 28.4071 25.9382 41.6709 32.8819 29.9901 39.8633 25.7993 26.5129 28.8903 25.6748 32.6776 29.898 33.9966 27.8448 32.4039 27.1894 24.3783 24.0619 25.6997 23.4414 31.1755 23.7843 31.4556 42.4768 27.4486 23.1325 22.8945 22.8274 29.1705 28.7761
threshold=0.049413878842248245 0.015855146407099511 0.013150474867107456 2.5000000000000004 0.036982292917166877 0.028268404711035443 3.8641718678755885 0.96251338329764469 0.019132334279948298 0.64309907708544856 -0.5426400416462992 0.012902236617005786 0.41838056466109769 2.1288630539721218 0.056783340116673457 -0.22159090909090909 0.019718370955281669 0.96307071775713304 -0.010671210172553734 -0.033911374771489471 0.9151053093462046 0.015381346692968216 0.44598982755329969 0.86350749859651943 0.98398717948717962 -0.15426008966681917 0.21975557546794108 -0.046067536905320942 0.003179650238473886 -0.01460351325256176 0.099216709422268803 0.12024108609527492 0.30278653367966651 0.25065104608185551 -0.12638743953076317 0.016396713910233628 0.57184861469598847 0.016619630248149515 0.52851836411104591 0.021075876539867335 0.44548057882109277 0.48854415013451741 0.71377882040908835 3.5000000000000004 0.45751447876447882 0.25544016358157562 0.020502836820428114 3.7996321549297853 0.03367790152461593 0.04229465141987488 -0.045454545454545463 0.020217215408749312 0.02493986271024955 0.019501149477488457 0.01293780028274494 0.20665994623655917 0.032009863784745581 0.7931390992685815 0.22008645692856224 0.01629649707805603 0.27903114050030592 0.8602023136115784
decision_type=2 10 8 2 8 10 10 10 10 8 8 8 8 10 10 10 10 10 10 10 10 8 8 10 10 10 10 10 2 10 2 10 10 8 10 10 10 10 10 10 8 10 10 2 10 10 10 10 10 2 2 10 10 10 2 2 10 10 10 8 10 10
left_child=1 2 3 -1 -4 -6 33 9 -9 41 -11 -12 13 17 -15 -16 19 38 21 -17 -20 -14 23 -23 25 26 -18 28 30 -29 -27 -31 -33 34 51 -36 37 48 57 -40 -41 43 -43 -2 -45 -46 -47 -44 -37 50 -8 53 -53 -3 55 -55 -57 -13 -39 -22 61 -61
right_child=7 6 4 -5 5 -7 49 8 -10 10 11 12 18 14 15 16 24 -19 20 -21 59 22 -24 -25 -26 27 -28 29 -30 31 -32 32 -34 -35 35 36 -38 58 39 40 -42 42 47 44 45 46 -48 -49 -50 -51 -52 52 -54 54 -56 56 -58 -59 -60 60 -62 -63
leaf_value=-0.00037408477886667011 -0.0033076001797080045 -0.0077993162770745323 0.023176443855189285 0.043477448955387424 -0.037292625820352199 -0.011291203621146693 -0.011526784614551861 -0.0035481251350101997 0.021985832545049867 0.028161321858866124 0.027463893646962556 0.014992718181328583 0.031331410915584328 -0.030821242235447317 0.037962813307341962 -0.021181206468616483 0.0089478529698932743 -0.0068941524347985953 -0.019119912471984482 0.0015803447474440784 -0.026093973707541126 -0.042139300767905459 0.0038455217010967186 0.011224064621616573 0.044823520748034557 -0.044266601014352619 0.057494465677009943 0.030018786289507812 0.010270532585647814 0.022299620098171782 0.0027531987959673993 -0.027878000998973165 0.015541913491295285 0.00031519254313089437 -0.02808204827958698 0.011100616424428352 0.0071786158902512488 0.0050981634367870529 0.044499281444511929 -0.0080023970349716832 0.01622422547159881 -0.0031986137020684892 0.010322216016331633 -0.050098387295413882 0.027642759420628632 -0.05226274186982989 0.0020223651936510357 -0.018881307424563471 0.069308832570084952 -0.02222703873763985 0.027927304800717145 -0.02135332018922188 -0.005530284536085216 -0.019047796081275763 -0.012061562083431381 0.072509889110612777 0.0064084195611896618 0.058309425896628575 -0.0082707005992493556 0.0023350345311274365 0.026335863103570775 -0.025919682012985387
leaf_weight=561.55472808331251 658.75887075066566 437.44782638922334 52.148108080029488 45.092513188719749 126.06469389423728 1467.5551302097738 50.912566937506199 180.93391673266888 357.65586450695992 137.4329938441515 113.42127848416567 57.478052131831646 100.51557460427284 101.86301617324352 107.83970136940479 343.75135540217161 89.452188521623611 196.23427156358957 400.84462684392929 344.83911937475204 83.033266358077526 70.947911821305752 2125.0350758694112 43.509742498397827 46.039148256182671 101.12238435447216 49.149726003408432 160.10158890485764 166.57934430986643 88.442689403891563 67.123506918549538 109.59214004874229 56.337391510605812 17642.312939669937 100.92954476177692 53.323421940207481 1128.3615716062486 428.17219956964254 68.474995449185371 145.34589266777039 782.78020730614662 1725.1178233250976 976.07247053086758 80.996272042393684 36.34829318523407 48.778216250240803 61.236589066684246 85.86869378387928 26.52568331360817 37.708073057234287 206.73965719342232 636.89180890843272 609.84175557643175 28.961291670799255 67.804899804294109 49.594466716051102 23.075694970786572 67.817488446831703 1262.8333430476487 515.18241429328918 100.20389533042908 108.18489358574152
leaf_count=4115 3712 4026 409 258 1787 11202 269 777 1551 763 541 281 534 464 475 1600 404 897 2113 1560 367 351 10198 194 202 503 222 715 741 383 280 487 256 98698 1176 471 8242 3572 323 690 3649 8083 4482 464 194 299 319 400 177 210 1118 5648 3858 262 561 434 199 328 9996 2277 449 522
internal_value=7.63275e-05 -0.00107394 -0.00811879 0.00295162 -0.0121988 -0.0133702 -0.000377396 0.00265738 0.0134173 0.00211058 0.00391811 0.00342489 0.00301377 0.00640994 0.00110933 0.00300573 0.000660396 0.0137715 -3.1992e-06 -0.00979669 -0.00731139 0.00376935 0.00251885 -0.0219323 0.0083726 0.00643426 0.0264515 0.00270123 -0.00777763 0.0111647 -0.0256021 -0.000773056 -0.013131 -0.000575392 -0.00381186 -0.000169648 0.000811406 -0.00324745 0.0173891 0.0146719 0.0124258 -0.00130892 0.00104882 -0.00871741 -0.0243088 -0.00979398 -0.0223005 0.00794527 0.0310553 0.014654 0.0201167 -0.00970364 -0.0136241 -0.00164061 0.0142123 0.031688 0.0518919 0.0387144 -0.00488462 -0.00142669 0.0014361 -0.00260221
internal_weight=36204.3 25043.9 2252.42 606.647 1645.77 1593.62 22791.4 11160.4 538.59 10621.9 6948.68 6811.24 6697.82 3150.36 1832.23 1730.37 1622.53 1318.13 3547.46 688.59 1207.45 2340.01 2239.49 114.458 933.94 887.901 138.602 749.299 334.825 414.474 168.246 254.372 165.93 22496.1 4853.76 3000.15 2899.22 1770.85 1121.9 996.601 928.126 3673.18 2787.06 886.118 227.359 146.363 110.015 1061.94 79.8491 295.36 257.652 1853.62 1246.73 606.884 169.436 101.631 72.6702 125.296 1691.01 806.604 723.571 623.367
internal_count=209738 156688 17771 4373 13398 12989 138917 53050 2328 50722 32769 32006 31465 14460 8292 7828 7353 6168 17005 3160 5728 11277 10743 545 4193 3991 626 3365 1524 1841 783 1126 743 137320 38622 23634 22458 14216 5271 4662 4339 17953 12965 4988 1276 812 618 4882 648 1597 1387 14988 9506 5482 1456 895 633 609 13568 3615 3248 2799
is_linear=0
shrinkage=0.05


Tree=58
num_leaves=63
num_cat=0
split_feature=4 0 9 0 19 5 17 7 3 0 0 14 18 19 18 15 12 11 14 19 16 1 9 19 5 19 17 1 14 14 6 14 9 1 14 18 18 15 14 11 5 16 0 16 11 18 0 17 0 19 15 17 19 19 4 0 11 4 3 10 0 4
split_gain=38.8407 37.9423 25.1355 34.2516 25.7359 30.0181 26.4015 24.1707 39.9367 23.8718 23.7142 24.5082 25.6848 28.5537 25.9346 23.2537 21.3721 20.8214 20.2749 19.4554 24.778 27.5899 26.9509 26.1325 22.2287 21.2119 23.0572 27.2548 23.3803 22.9493 20.1901 19.3936 56.9386 38.5315 33.9553 30.3265 49.7883 30.2826 34.5507 40.7207 55.1668 35.1469 31.4036 26.3724 24.5897 24.3999 30.5762 23.9545 22.8136 22.5412 30.0264 22.0516 21.2008 37.1045 23.1068 20.1833 19.3052 48.5505 24.2726 19.1335 25.1536 22.5747
threshold=0.049413878842248245 0.031983724000842768 5.5000000000000009 0.031607113072720308 0.16029621242558167 0.013322737309493295 0.37857931251970994 -0.063417344814301987 -0.5426400416462992 0.068968256882130069 0.057360547498022565 0.86835427587624636 0.94518279759802193 0.40211419738716681 0.5719922178988327 0.17640021673415848 1.5000000000000002 3.5000000000000004 0.34948901189073062 0.48120844017558351 0.95092741241901269 2.7905414781276354 6.5000000000000009 0.38204676778620444 0.15853308303330019 0.90442407974388017 0.81984118274175344 2.6824715344685504 0.85651375731660429 0.89972621171461564 1.0000000180025095e-35 0.59937367678193376 8.5000000000000018 2.2384136531950767 0.71017839853757947 0.46604355928255309 0.49748949579831941 0.95432677017376477 0.64315796006667392 2.5000000000000004 0.13333333333333344 0.85656968087246976 0.044450011624512634 0.69175367889246797 3.5000000000000004 0.62731773280465741 0.050164957976460249 0.84790561096610262 0.050007498744129436 0.62399677938808384 0.82038325038753379 0.96196260091430807 0.51308373803027607 0.61607958997127199 0.053370787507652125 0.049569877231926067 5.5000000000000009 0.030966259412279821 2.0183535349041386 1.5000000000000002 0.052777623591325908 0.076585212744782818
decision_type=2 8 2 10 8 10 10 8 8 10 10 10 8 8 10 10 2 2 10 10 2 10 2 10 10 10 10 10 10 10 2 8 2 10 10 8 8 10 8 2 10 2 10 2 2 8 10 10 10 10 10 10 10 10 2 10 2 2 10 2 10 2
left_child=1 2 4 -4 5 -1 16 9 -9 15 11 31 13 -13 -15 -2 -7 -11 -17 20 22 -22 23 24 30 -21 -27 -28 -29 -30 -12 35 37 -34 -35 44 -37 38 39 -33 41 -41 -39 -38 -10 47 55 49 -44 50 -45 59 54 -54 -40 -47 -3 -58 -59 60 61 -48
right_child=7 56 3 -5 -6 6 -8 8 10 17 19 12 -14 14 -16 18 -18 -19 -20 25 21 -23 -24 -25 -26 26 27 28 29 -31 -32 32 33 34 -36 36 43 42 52 40 -42 -43 48 45 -46 46 51 -49 -50 -51 -52 -53 53 -55 -56 -57 57 58 -60 -61 -62 -63
leaf_value=-0.015077948362261704 -0.027989360345647203 -0.00033234579642730931 -0.031534724654693029 0.035766100320279902 -0.007706279315318843 0.023065932616624527 0.0048494875745108204 0.026837031195472746 -0.0071539608664261236 0.0029035063076763073 -0.0070077336344384683 0.011023639415571352 0.017349174413056192 -0.0033497440962346071 -0.04633404198886474 -0.019853352705492756 0.092150134904635306 0.034187892078525281 -0.0016645722118680227 0.016821122617441047 -0.0069524002242091314 0.036478562568860451 -0.039706423113191454 -0.032080698003012297 -0.016985783553197371 -0.016235695980117482 0.027217320902579487 -0.021815134045005524 0.036617786731182836 -0.0030162792004657202 0.023414589784392224 -0.0057261892110998611 0.070164305474640629 -0.0049602113698910058 0.042168174339148358 0.042884771981520249 -0.01411176621313898 -0.049253011456676647 0.044424521016189017 0.074641764999652874 0.00056572099727557129 0.022981862725612395 0.022601863380381424 0.018717504724374077 -0.044673334926649544 0.0040623888446331751 0.037550391049761662 0.017539555071397893 -0.019589380254768061 -0.034427832602390247 -0.024750556573684301 0.019455939870657468 -0.02679751075575177 0.0018817657884960084 0.0073246369976227819 0.030304691262704877 0.01855035419457067 -0.015229477277408072 -0.06087856988946222 -0.030091734025297426 -0.021422852799155668 -0.006868114419994846
leaf_weight=54.912078987807035 108.33078606426716 22925.811652738601 179.14319664239883 20.287093356251717 1566.7028284221888 23.359244126826525 47.321510925889015 180.96386862546206 156.00799559801817 579.29022248089314 84.372217446565628 51.390362158417702 53.935849517583847 53.331154748797417 102.54069136083126 174.97873221337795 22.208459757268429 57.593671843409538 1186.1673983186483 775.78576172888279 62.918433502316475 85.407425314188004 49.810695692896843 56.155630946159363 86.292314186692238 112.53027905523777 136.75589764118195 83.987285032868385 54.551165297627449 106.23510156571865 151.30073112249374 100.72335863113403 48.129415959119797 74.920807555317879 76.620223209261894 70.256606675684452 278.15801890194416 49.5425885617733 44.768526941537857 75.742237314581871 83.426952302455902 59.84362381696701 52.109206080436707 71.242629624903202 59.923148140311241 3082.4215254597366 46.028895512223244 58.770337499678135 79.791051357984543 112.85963451862335 87.343385830521584 55.68980547785759 128.0005050599575 896.12338383495808 516.17525810003281 74.087181955575943 63.326120510697365 67.405008584260941 51.536420486867428 122.78496645390987 125.72024837136269 72.381003677845001
leaf_count=589 575 135251 1999 176 16786 228 419 986 858 2511 367 221 235 237 456 1036 199 244 5707 3321 267 370 213 241 371 499 626 361 238 471 650 476 219 342 331 376 1553 227 223 379 376 287 223 390 333 15308 218 296 341 642 493 247 593 4041 2325 327 385 365 291 547 561 315
internal_value=7.17873e-05 -0.00102207 -0.00778551 -0.0245442 -0.00582297 0.0140579 0.0312588 0.00252548 0.00364844 -0.00229762 0.00317221 0.00184569 -0.0131535 -0.0211364 -0.0317422 -0.00580083 0.0579915 0.00578173 -0.00401564 0.0082133 0.000591753 0.0181324 -0.00551612 -0.000919304 0.00459822 0.0116688 0.00356079 0.00942685 -0.000583054 0.0105739 0.0125396 0.00242713 0.00617268 0.0316123 0.0189885 0.000512318 0.00144111 0.00372392 0.00558525 0.0205519 0.0326083 0.0521758 -0.01574 0.000735707 -0.0177239 0.00179548 0.00299623 -0.0111889 -0.00287644 -0.0174504 -0.00522819 -0.00961909 0.00255516 -0.00172537 0.0103593 0.00468773 -0.000461571 -0.0166251 -0.0353515 -0.0140729 -0.00592642 0.0105683
internal_weight=36176.2 25022 1913.93 199.43 1714.5 147.801 92.8892 11154.2 9047.86 2106.36 8866.89 7020.79 261.198 207.262 155.872 1469.48 45.5677 636.884 1361.15 1846.1 576.257 148.326 427.932 378.121 321.965 1269.85 494.06 381.529 244.774 160.786 235.673 6759.59 2285.92 199.67 151.541 4473.68 4257.74 2086.25 1904.8 319.736 219.013 135.586 181.443 4187.49 215.931 3909.33 3579.11 330.216 131.9 271.446 158.586 422.605 1585.07 1024.12 560.944 3156.51 23108.1 182.268 118.941 366.915 244.13 118.41
internal_count=209738 156688 20396 2175 18221 1435 846 53050 42977 10073 41991 33996 1149 914 693 7318 427 2755 6743 7995 2479 637 1842 1629 1388 5516 2195 1696 1070 709 1017 32847 10383 892 673 22464 21273 9491 8700 1518 1042 666 791 20897 1191 19344 17523 1821 564 1525 883 1888 7182 4634 2548 15635 136292 1041 656 1641 1094 533
is_linear=0
shrinkage=0.05


Tree=59
num_leaves=63
num_cat=0
split_feature=2 2 2 13 5 2 2 2 2 5 10 17 5 8 9 17 3 19 8 8 8 2 6 14 2 12 13 6 16 19 17 17 0 14 0 7 8 14 12 6 17 19 3 14 15 15 13 13 9 2 2 8 2 5 15 13 19 19 13 14 6 3
split_gain=37.882 56.131 44.475 42.5014 41.5148 34.8904 41.755 38.1121 98.2847 95.5078 65.9094 61.1291 51.9519 48.8365 43.2005 41.8369 41.0293 36.7753 35.8562 36.9343 35.8109 35.1854 34.3237 34.1427 33.8727 32.7688 32.8511 32.9218 42.143 32.7034 31.4816 30.7217 29.5812 34.6449 29.3516 29.0789 28.4132 28.0078 27.7125 27.4735 36.8837 27.268 26.9118 26.358 26.2906 25.8666 27.3843 27.179 25.8353 25.699 35.3052 33.1868 37.8555 32.9573 28.8942 25.9783 25.4727 28.3726 25.1942 28.6276 24.9945 24.6466
threshold=0.01629649707805603 0.016604452504719428 0.013016022587590435 0.94648573737125796 0.099284791717878199 0.023336571749899858 0.023495922710901292 0.019993522459839312 0.019601302197532009 -0.050528111879601649 3.5000000000000004 0.1604378355713835 0.0060606060606062115 -0.052727250909003646 9.5000000000000018 0.072587963234002711 3.2946267105328633 0.80896831156265125 -0.0013860020516288094 -0.019799331458025423 -0.051935160687884223 0.019684113757497717 0.00050477176176344518 0.29006148435453905 0.019780706631191202 2.5000000000000004 0.18395314319173708 0.0061977639215899947 0.82465993721917907 0.29895333126403628 0.021208739177489184 0.17622690485003864 0.046132700811349563 0.29792062015929505 0.028268404711035443 -0.084398387788260074 -0.12749913852515501 0.19873210997554588 2.5000000000000004 -0.0018083181315908246 0.64709400506614145 0.32668427028846253 3.6245493502670443 0.97020604779961606 0.96596301659797268 0.75750288683602773 0.33085315263445386 0.47354585176346042 3.5000000000000004 0.031827200496059742 0.034396249380162246 -0.21760083867178423 0.027107963120998457 -0.079591836734693874 0.70242689855875839 0.060727148494872228 0.98791905658449741 0.97494109628007586 0.47354585176346042 0.052877353009528241 -0.059018094193767349 0.67953560065068375
decision_type=10 10 8 10 10 10 10 10 10 10 2 10 10 10 2 10 8 10 10 8 10 10 2 10 10 2 10 2 2 8 10 10 8 10 10 10 10 10 2 2 10 10 8 10 10 10 8 10 2 10 10 10 10 10 10 10 10 10 10 10 2 10
left_child=2 -2 38 5 34 7 45 8 10 11 12 -10 15 41 21 -3 23 25 19 -18 29 39 -15 36 -23 31 -27 28 61 30 -8 35 33 -31 -4 -14 -9 -37 -1 -11 -41 -12 -36 49 -6 46 -7 -48 -17 51 -51 53 55 -32 -52 -53 57 -25 -22 -60 -34 -28
right_child=1 3 4 -5 44 6 20 16 9 14 13 -13 17 22 -16 48 18 -19 -20 -21 58 24 -24 56 -26 26 27 -29 -30 32 43 -33 60 -35 42 37 -38 -39 -40 40 -42 -43 -44 -45 -46 -47 47 -49 -50 50 54 52 -54 -55 -56 -57 -58 -59 59 -61 -62 -63
leaf_value=0.0037507369411900813 0.012724650830570212 0.0009122572133361353 -0.028631847650759885 -0.0086122067970916677 0.0059894337565912911 0.005408497506360993 -0.019284802466389674 -0.018811829364251506 0.030428525146753396 0.0498597285876205 0.027503707619087776 0.10382939895860908 -0.0086914186652638139 0.084391702432907528 -0.04260593492957028 -0.012950250626734508 0.0082872221211949728 -0.0065832145213333181 0.045567545873833493 -0.032004093399535215 0.011917009346968738 -0.0035792860985105535 0.025876565192260743 -0.0024418456550554437 0.012272484278477845 -0.020728429941316903 0.025835848467001751 0.061585724350011889 0.048979548865264066 -0.0041583407558997455 0.027174660892756483 0.00036412598185107156 -0.036795559231182572 -0.025418852031819886 -0.0074127039174149536 -0.007137839483052473 -0.0050726118184920644 0.036342177608523478 0.038941752269018894 0.00025433577666155474 0.035449180718653446 -0.02804056102548862 -0.035293908312474913 0.025447762552770727 -0.028217922856253214 -0.0023972405749464417 0.073577082229703078 0.027525185021349083 -0.035642596435495826 0.035449551316719591 -0.012208136637910842 0.035642006619115908 0.018334849751648258 -0.0061655299248207767 0.036388588481332799 -0.0030313548654084879 0.028469010498366309 -0.028747432328852324 0.041459782096137057 0.0013730996208743864 0.00052086806932164767 -0.028081552829660118
leaf_weight=657.69003989547491 931.86371077597141 534.15063095837831 195.45017641410232 1287.9090190976858 700.85852329432964 95.616087146103382 127.07688200473785 649.7443799674511 107.36887178570032 75.551822848618031 43.941950716078281 38.282714851200581 79.293570145964622 43.535922653973103 39.719114080071449 769.47027207165956 652.85712993517518 1532.4888082519174 57.341873168945312 61.314537987112999 1387.062629237771 566.7489257901907 60.396506078541279 6065.0279624909163 829.01910112053156 39.675515994429588 34.753737211227417 54.16252126544714 56.670466288924217 783.3717127814889 79.376190215349197 4614.5659922920167 44.383460029959679 252.89782308787107 2241.6076419353485 47.28259439766407 894.78979722037911 165.1694367825985 60.180072784423828 164.55943659693003 134.95654632896185 42.46678626537323 89.123292412608862 164.12043619155884 60.066662766039371 101.18721796572208 41.771703839302063 138.51114771515131 149.58821061253548 151.07329349219799 109.23199236392975 46.178508214652538 542.08542566001415 953.71287870407104 41.334924802184105 544.60142416507006 64.464502587914467 103.27895604074001 44.932910926640034 1469.4249612763524 3988.2241263017058 51.132397159934044
leaf_count=4326 5312 3330 2580 9577 3544 504 616 5523 557 412 226 222 528 202 206 5399 3292 8718 241 319 6321 3330 291 33261 4752 213 205 267 260 4875 370 27387 217 1437 16378 454 6902 1073 321 1043 643 236 590 737 292 481 216 732 1048 663 547 241 2655 4941 191 2759 296 489 260 6849 19572 309
internal_value=6.77555e-05 0.000639036 -0.00451718 0.000277881 -0.00697932 0.000660703 0.00288307 -0.000650593 0.00140152 0.0114827 -0.000970242 0.0502975 -0.00165284 0.0280359 0.00833422 -0.0102165 -0.00311693 0.000212748 0.00787408 0.00478814 0.00230735 0.00950019 0.0509584 -0.00420812 0.00583795 0.00223878 0.0203818 0.0287361 0.0159132 0.000548381 0.00492813 0.00136064 -0.00183585 -0.00936639 -0.0100623 0.0170676 -0.0108608 0.0266773 0.00675092 0.023077 0.0161777 0.000197202 -0.00849351 0.00610418 0.00325565 0.0192143 0.0271205 0.0385425 -0.0166784 0.00480784 0.0184566 0.00289941 0.00880617 -0.00358007 0.00128512 4.66815e-05 -0.00255806 -0.00288688 0.007051 0.0025891 0.000101138 -0.00621768
internal_weight=36154.7 32149.7 4004.98 31217.9 3287.11 29929.9 11106.2 18823.8 10275 1956.21 8318.75 145.652 8128.4 190.341 1810.55 1453.21 8548.82 6675.2 771.514 714.172 10729.1 1770.84 103.932 7777.31 1395.77 5142.71 236.395 196.719 142.557 7827.67 2758.79 4906.31 5068.88 1036.27 2526.18 291.746 1544.53 212.452 717.87 375.068 299.516 86.4087 2330.73 2631.72 760.925 377.086 275.899 180.283 919.058 2467.59 301.64 2165.95 1132.87 1033.09 150.567 590.78 6232.77 6168.31 2901.42 1514.36 4032.61 85.8861
internal_count=209738 181707 28031 176395 23384 166818 55184 111634 61311 11165 50146 779 49191 955 10386 9777 50323 39414 3852 3611 53251 10180 493 46471 8082 30696 1254 1041 774 39821 13720 29442 26101 6312 19548 2055 12425 1527 4647 2098 1686 462 16968 13104 3836 1933 1452 948 6447 12367 1401 10966 5655 5311 738 3000 34046 33750 13430 7109 19789 514
is_linear=0
shrinkage=0.05


Tree=60
num_leaves=63
num_cat=1
split_feature=16 9 14 17 8 7 15 14 0 1 8 13 4 13 15 0 8 22 5 17 7 19 8 3 0 8 0 4 13 3 3 5 4 3 8 3 19 13 5 16 7 4 13 8 5 8 14 17 7 17 15 3 7 17 8 3 10 7 9 4 8 3
split_gain=44.3861 26.7852 60.6608 33.8948 37.8781 54.7582 48.5327 35.7121 34.7986 43.357 29.6385 34.5274 25.1122 24.7214 24.6364 31.2422 23.4557 22.9899 25.6857 32.7985 30.3129 27.4271 35.0017 25.9763 24.4816 23.6147 22.8316 22.2968 36.0278 36.1689 21.0721 21.0602 20.5742 34.7502 20.1917 24.9404 23.0055 36.7338 35.3186 27.5689 25.2394 23.9307 24.2801 30.8032 30.2753 29.7209 22.9873 22.6079 21.8504 29.2944 21.6637 22.0081 21.6192 21.8646 19.9834 20.8604 19.9785 21.9296 31.1617 34.6844 32.3918 37.7734
threshold=0.59714029144642711 5.5000000000000009 0.86835427587624636 0.66696208215324149 -0.025000000776350669 -0.017071274303152858 0.56405474347162454 0.35359738191229911 0.040341420336382071 2.0945769898403435 -0.19436406479545063 0.75413793890689929 1.0000000180025095e-35 0.98190845330380228 0.013251304435079271 0.062017081756644103 -0.077773701801581427 0 -0.099162076042341771 0.10484399441931257 -0.067399642840454507 0.2200230414746544 -0.22159090909090909 2.0997852883107258 0.031228426945411222 -0.19913523776287687 0.05208854201587209 0.024242424242424291 0.31889774740572013 1.4421583157598976 -0.44911251862479623 0.025641025792464637 -0.066004067789741314 1.1099896359116674 -0.080539304558305089 -0.71490781660216263 0.74219856586402277 0.24344001815911934 0.050030670816988983 0.97827435537814234 -0.03330890467511937 0.087683370922800444 0.1798305368325446 -0.0033679486234230445 0.030414209676559504 -0.021225452465203128 0.95860399881891434 0.99345977483489045 -0.0058912802951582291 0.84790561096610262 0.92280645479668388 3.0307035592163474 -0.044060353997202088 0.49728014282332522 -0.43870663043165931 0.80205244084977967 3.5000000000000004 -0.024747937671860617 4.5000000000000009 0.039564887438523606 -0.047002876488473892 2.1588079407013683
decision_type=2 2 10 10 10 10 10 10 10 10 8 10 2 10 8 10 10 9 10 8 8 8 10 10 10 10 10 2 8 10 8 10 2 10 10 10 10 10 10 2 10 2 10 10 10 10 8 10 10 10 10 10 10 10 8 10 2 10 2 2 10 8
left_child=1 14 3 4 7 -6 -7 -3 9 -9 -10 16 31 34 15 -1 -12 18 19 26 24 22 -22 -24 -20 32 -16 28 -5 -30 -19 -2 33 -26 54 -36 56 39 40 41 52 42 43 44 -38 -44 47 -40 49 -46 51 -43 -39 -54 55 -14 57 -37 -59 -60 61 -61
right_child=12 2 -4 27 5 6 -8 8 10 -11 11 -13 13 -15 17 -17 -18 30 20 -21 21 -23 23 -25 25 -27 -28 -29 29 -31 -32 -33 -34 -35 35 36 37 38 46 -41 -42 50 45 -45 48 -47 -48 -49 -50 -51 -52 -53 53 -55 -56 -57 -58 58 59 60 -62 -63
leaf_value=-0.023011718830188117 0.0057705984636840513 -0.027121603468185429 0.027942315017160116 -0.047195543286787878 0.076748642543648313 -0.04629837152320148 0.036321880063479445 0.066551244243747545 0.017716933511272587 -0.013690915454564989 -0.041884154531017362 0.02500764685842502 -0.0010588186240354425 -0.020157684084218454 -0.023728640130058307 0.01483366931449321 -0.0030759263562740932 -0.0069092270174395832 -0.027196037607918055 0.032120829237842173 -7.4005465950426782e-05 -0.0011403161180234382 0.014626250495516899 0.055724329259305927 0.022470679695551044 -0.0015767595917848889 0.0064408858508697361 -0.048094282120873834 -0.02586850730490374 0.038138417783441902 0.0044981237605234816 0.033423123595601109 -0.0087596771334772349 -0.015371698593007396 0.024842019629074615 0.0042399179914704797 0.033836303141931631 -0.012176074647917 -0.00025517933974057683 -0.011445548244942748 -0.017441177822423295 0.020461519499014272 0.03901506065767954 0.024628566518205792 -0.01768800747315695 -0.0011557057874653849 0.02513329403264844 0.022351570322297436 -0.035089306897412409 0.011372633762441861 0.0027349126606241946 0.056984170100874004 -0.0011157615797847112 0.051749657062647447 -0.00034831393449138645 0.034986198826114742 -0.017833202998212391 0.00380475131062823 0.064473724853902056 0.032723914908042252 0.035464591507160921 -0.0046675447146691338
leaf_weight=251.13731754943728 177.67481467872858 243.3990026935935 97.380864471197128 57.600416921079159 29.432017371058464 33.422383233904839 35.760999459773302 35.954291209578514 71.473308503627777 30.391477443277836 113.21350426226854 35.457465827465057 77.963930785655975 127.23040166497231 70.170724958181381 68.83185088634491 59.327873066067696 470.64845906198025 116.24562006816268 113.14011355489492 582.97742120549083 6340.4884938634932 366.59416749328375 42.205180034041405 140.98794758319855 3870.8581269010901 527.16649441421032 95.855450347065926 47.18140697479248 39.737428564578295 2859.9883637055755 111.97141547873616 2718.7063317261636 105.00525262206793 134.74601150304079 1405.4208864420652 42.884841747581959 83.032449223101139 3521.5040884837508 155.22457522153854 474.38690119609237 350.61454726755619 99.684369467198849 101.22389154881239 192.20763248950243 84.744209945201874 95.876056298613548 113.17694309353828 70.086461402475834 156.42290655523539 153.68782144784927 46.323050633072853 40.529315248131752 36.72590547055006 7478.10716368258 81.611262410879135 75.35769996419549 405.96437387540936 43.774930186569691 102.10789427906275 172.5117728933692 195.22618804126978
leaf_count=1817 1112 2098 442 333 188 273 259 236 383 229 667 188 360 987 489 341 311 3014 1420 555 3639 42275 2445 260 723 23490 2562 546 293 217 17885 618 16554 563 783 7102 235 442 17564 686 3087 1602 499 481 1002 449 420 515 371 718 652 197 222 206 39009 363 378 2135 299 502 817 938
internal_value=5.19349e-05 -0.00154975 -0.00941269 -0.0133576 -0.00768743 0.0208516 -0.0036828 -0.0124912 -0.00214523 0.0301367 -0.00988897 -0.0194144 0.00197209 0.00170932 -0.00111676 -0.0148496 -0.0286347 -0.000876177 -0.00171052 0.00756082 -0.00217337 6.94895e-05 0.00779721 0.0189949 -0.00453864 -0.00414941 0.00286306 -0.0294836 -0.016894 0.00349504 0.00287594 0.0165387 -0.00750672 0.00632036 0.00188455 0.00358328 0.00323176 0.0015321 -0.000760507 0.00841503 -0.0116546 0.0107973 0.00495837 -0.000211042 -0.00569954 0.0206501 0.00109552 0.000454705 -0.00981976 -0.0046539 0.018698 0.0248562 0.00547333 0.0243558 2.63878e-05 0.0174787 0.0073493 0.00817282 0.0141724 0.0223437 0.0182899 0.00823975
internal_weight=36078.7 19670.7 1025.59 928.207 687.832 98.6154 69.1834 589.217 345.818 66.3458 279.472 207.999 16408 16118.4 18645.2 319.969 172.541 18325.2 14994.5 710.477 14284.1 7332.27 991.777 408.799 6951.8 6835.56 597.337 240.375 144.519 86.9188 3330.64 289.646 2964.7 245.993 15991.1 8353.45 8218.7 5818.34 4365.23 1453.1 634.675 1297.88 747.254 562.826 461.602 184.429 3730.56 3634.68 418.717 348.631 550.625 396.938 160.288 77.2552 7637.68 159.575 2400.36 2325.01 919.585 513.621 469.846 297.334
internal_count=209446 124695 6663 6221 4832 720 532 4112 2014 465 1549 1166 84751 83021 118032 2158 978 115874 94975 3606 91369 48619 6344 2705 42750 41330 3051 1389 843 510 20899 1730 17840 1286 82034 42302 41519 29348 22456 6892 3957 6206 3755 2807 2326 948 18499 18079 2091 1720 2451 1799 870 428 39732 723 12171 11793 4691 2556 2257 1440
cat_boundaries=0 1
cat_threshold=14812675
is_linear=0
shrinkage=0.05


end of trees

feature_importances:
xu100_atr_pct=516
liquidity_proxy_rank_pct_by_date=315
atr_pct=286
price_vs_60d_high_rank_pct_by_date=265
price_vs_60d_high=264
ret_1d=213
atr_pct_rank_pct_by_date=208
ret_5d=203
price_vs_20d_high=194
vol_z_20_rank_pct_by_date=168
vol_z_20=159
ret_5d_rank_pct_by_date=154
atr_ratio_daily=138
gap_pct=136
ret_1d_rank_pct_by_date=130
event_multiplicity=128
price_vs_20d_high_rank_pct_by_date=116
n_concurrent_families=80
n_concurrent_timeframes=43
n_concurrent_sources=33
setup_label=24
family=8
timeframe=1

parameters:
[boosting: gbdt]
[objective: binary]
[metric: binary_logloss]
[tree_learner: serial]
[device_type: cpu]
[data_sample_strategy: bagging]
[data: ]
[valid: ]
[num_iterations: 500]
[learning_rate: 0.05]
[num_leaves: 63]
[num_threads: 0]
[seed: 42]
[deterministic: 1]
[force_col_wise: 0]
[force_row_wise: 1]
[histogram_pool_size: -1]
[max_depth: -1]
[min_data_in_leaf: 200]
[min_sum_hessian_in_leaf: 0.001]
[bagging_fraction: 0.85]
[pos_bagging_fraction: 1]
[neg_bagging_fraction: 1]
[bagging_freq: 5]
[bagging_seed: 400]
[bagging_by_query: 0]
[feature_fraction: 0.85]
[feature_fraction_bynode: 1]
[feature_fraction_seed: 30056]
[extra_trees: 0]
[extra_seed: 12879]
[early_stopping_round: 0]
[early_stopping_min_delta: 0]
[first_metric_only: 0]
[max_delta_step: 0]
[lambda_l1: 0]
[lambda_l2: 1]
[linear_lambda: 0]
[min_gain_to_split: 0]
[drop_rate: 0.1]
[max_drop: 50]
[skip_drop: 0.5]
[xgboost_dart_mode: 0]
[uniform_drop: 0]
[drop_seed: 17869]
[top_rate: 0.2]
[other_rate: 0.1]
[min_data_per_group: 100]
[max_cat_threshold: 32]
[cat_l2: 10]
[cat_smooth: 10]
[max_cat_to_onehot: 4]
[top_k: 20]
[monotone_constraints: ]
[monotone_constraints_method: basic]
[monotone_penalty: 0]
[feature_contri: ]
[forcedsplits_filename: ]
[refit_decay_rate: 0.9]
[cegb_tradeoff: 1]
[cegb_penalty_split: 0]
[cegb_penalty_feature_lazy: ]
[cegb_penalty_feature_coupled: ]
[path_smooth: 0]
[interaction_constraints: ]
[verbosity: -1]
[saved_feature_importance_type: 0]
[use_quantized_grad: 0]
[num_grad_quant_bins: 4]
[quant_train_renew_leaf: 0]
[stochastic_rounding: 1]
[linear_tree: 0]
[max_bin: 255]
[max_bin_by_feature: ]
[min_data_in_bin: 3]
[bin_construct_sample_cnt: 200000]
[data_random_seed: 175]
[is_enable_sparse: 1]
[enable_bundle: 1]
[use_missing: 1]
[zero_as_missing: 0]
[feature_pre_filter: 1]
[pre_partition: 0]
[two_round: 0]
[header: 0]
[label_column: ]
[weight_column: ]
[group_column: ]
[ignore_column: ]
[categorical_feature: 20,21,22,23,24]
[forcedbins_filename: ]
[precise_float_parser: 0]
[parser_config_file: ]
[objective_seed: 16083]
[num_class: 1]
[is_unbalance: 0]
[scale_pos_weight: 1]
[sigmoid: 1]
[boost_from_average: 1]
[reg_sqrt: 0]
[alpha: 0.9]
[fair_c: 1]
[poisson_max_delta_step: 0.7]
[tweedie_variance_power: 1.5]
[lambdarank_truncation_level: 30]
[lambdarank_norm: 1]
[label_gain: ]
[lambdarank_position_bias_regularization: 0]
[eval_at: ]
[multi_error_top_k: 1]
[auc_mu_weights: ]
[num_machines: 1]
[local_listen_port: 12400]
[time_out: 120]
[machine_list_filename: ]
[machines: ]
[gpu_platform_id: -1]
[gpu_device_id: -1]
[gpu_use_dp: 0]
[num_gpu: 1]

end of parameters

pandas_categorical:[["horizontal_base", "mb_scanner", "paper_execution_v0", "triangle_break"], ["bb_1M", "bb_1d", "bb_1w", "bb_5h", "hb", "line_e", "line_tr", "mb_1M", "mb_1d", "mb_1w", "mb_5h", "tr_1M", "tr_1d", "tr_1w", "tr_5h"], ["bb__above_mb_birth", "bb__mit_touch_first", "bb__retest_bounce_first", "hb__extended", "hb__retest_bounce", "hb__trigger", "line_e__extended", "line_tr__retest_bounce", "line_tr__trigger", "mb__above_mb_birth", "mb__mit_touch_first", "mb__retest_bounce_first", "tr_1M__asc_up_break", "tr_1M__desc_up_break", "tr_1M__sym_up_break", "tr_1d__asc_up_break", "tr_1d__desc_up_break", "tr_1d__sym_up_break", "tr_1w__asc_up_break", "tr_1w__desc_up_break", "tr_1w__sym_up_break", "tr_5h__asc_up_break", "tr_5h__desc_up_break", "tr_5h__sym_up_break"], ["extended", "retest_bounce", "trigger", "untagged"], ["1M", "1d", "1w", "5h"]]
