tree
version=v4
num_class=1
num_tree_per_iteration=1
label_index=0
max_feature_idx=24
objective=binary sigmoid:1
feature_names=atr_pct atr_ratio_daily xu100_atr_pct vol_z_20 ret_1d ret_5d gap_pct price_vs_20d_high price_vs_60d_high event_multiplicity n_concurrent_sources n_concurrent_families n_concurrent_timeframes liquidity_proxy_rank_pct_by_date atr_pct_rank_pct_by_date vol_z_20_rank_pct_by_date ret_1d_rank_pct_by_date ret_5d_rank_pct_by_date price_vs_20d_high_rank_pct_by_date price_vs_60d_high_rank_pct_by_date source family setup_label signal_state timeframe
feature_infos=[0.022676140982117236:0.0878944808757324] [1.1738887895534555:4.8038656930528196] [0.012081538495147951:0.05591339996740681] [-1.3233376039959219:4.1225284715116031] [-0.091920821008376827:0.10000000000000009] [-0.1333333333333333:0.30152671191946268] [-0.059039138588107283:0.091787439613526756] [-0.281668380297806:0] [-0.43877096321318815:0] [1:10] [1:4] [1:6] [1:3] [0.001152073732718894:1] [0.0012180267965895249:1] [0.0010940919037199124:1] [0.0010940919037199124:1] [0.0010940919037199124:1] [0.00094339622641509435:1] [0.0012224938875305623:1] -1:1:3:0:2 -1:10:3:8:1:4:5:9:14:2:12:6:7:13:0 -1:9:0:10:1:2:11:3:6:23:17:8:5:21:20:22:4:7:15:16:14:19:18 -1:3:0:2 -1:3:1:2
tree_sizes=6857 7045 7005 7021 7041 7026 7015 7036 7032 7017 7049 7030 7062 7037 7047 7072 7027 7060 7041 7023 7063 7044 7059 7024 7049 7057 7066 7099 7085 7046 7048 7055 7088 7027 7069 7046 7070 7036 7077 7076 7076 7069 7029 7049 7052

Tree=0
num_leaves=63
num_cat=0
split_feature=0 16 7 0 2 2 16 0 8 7 19 8 2 2 7 15 7 8 2 2 8 13 17 2 19 6 13 0 13 0 16 0 5 0 19 8 13 18 0 6 17 0 8 7 15 7 5 13 8 9 19 5 3 3 19 16 3 0 2 5 3 11
split_gain=4582.87 2465.56 1319.47 873.279 520.587 412.84 371.701 358.268 233.618 232.601 229.823 213.445 192.249 172.189 170.738 150.624 133.221 132.81 132.463 223.728 186.393 130.479 120.98 115.775 121.432 115.691 111.719 109.349 108.037 99.4657 95.8245 88.7648 85.718 81.9425 81.0395 77.2832 72.0703 71.6564 70.192 68.2899 67.2001 65.8948 68.2825 64.8076 77.2929 88.1906 62.7304 62.3771 66.9736 93.1023 89.2453 60.5915 57.2747 54.6932 54.5362 54.352 54.34 51.1456 49.8926 48.6668 48.3445 47.8889
threshold=0.044328229416643578 0.88022392714570874 -1.0000000180025095e-35 0.036583475111009553 0.02493986271024955 0.024688065147332416 0.83277451448806961 0.053655297986531007 -0.094177648690827162 -0.079090417456506787 0.0093203897551723657 -0.084758462058680803 0.023413789601894098 0.024430463225263918 -0.065321805991548784 0.16824047984211341 -0.14767243639281544 -0.0013860020516288094 0.030338905914821291 0.033449360586656769 -0.087855297157622789 0.32674928600571201 0.76067363389638276 0.031827200496059742 0.6437240148799005 0.091745248578291264 0.17607626739522922 0.067845098325854877 0.86793072670022087 0.032335467995296137 0.79744331003999824 0.036855751179306916 0.026745922495613365 0.053308343567844148 0.021319895538916715 -0.053550552687902757 0.56055025410899673 0.95671528658056126 0.068968256882130069 0.023828761593600926 0.89892656886089572 0.077903398691829648 -0.11505477534210749 -0.10926657333038585 0.91114100953577359 -0.003591585362135163 0.090207179136627805 0.8170434615965344 -0.08577502884719744 8.5000000000000018 0.23192132437639532 0.15853308303330019 2.8359727732961395 1.7097735498976945 0.9560554508253255 0.93927146153944252 3.2489031713514858 0.041713682353576843 0.020217215408749312 0.11584273808231095 1.8332576217796346 3.5000000000000004
decision_type=8 2 10 10 10 10 2 8 10 8 10 10 10 10 10 10 10 8 10 10 10 8 10 10 10 2 10 10 10 10 2 10 10 10 8 10 10 10 8 2 10 8 10 8 10 8 10 10 10 2 8 10 8 10 8 2 10 10 10 10 10 2
left_child=2 4 3 13 7 14 26 8 32 41 16 38 15 21 -5 -13 -6 28 20 23 -12 -1 27 -20 -25 31 -4 -21 35 -23 -22 -8 -2 39 -16 46 -14 54 43 61 -11 42 -9 -3 45 -45 -7 48 50 -50 -36 -10 -42 -31 -33 -39 -57 -49 -34 -18 -38 -17
right_child=1 11 6 5 10 17 25 9 51 40 18 12 36 -15 34 33 59 -19 19 22 30 29 -24 24 -26 -27 -28 -29 -30 53 -32 37 58 -35 47 -37 60 55 -40 -41 52 -43 -44 44 -46 -47 -48 57 49 -51 -52 -53 -54 -55 -56 56 -58 -59 -60 -61 -62 -63
leaf_value=-1.0698808083262792 -1.0656233838417217 -1.033216287935697 -1.0182317274472708 -1.0716455401829024 -1.0251753819798659 -1.0365151011901321 -1.02452236339868 -1.0468022127432663 -1.0409289285303205 -1.024733429893627 -1.0338082945008296 -0.91441161368808643 -0.93493530885642406 -1.0477089110576083 -0.98540730923606268 -1.034479472346604 -1.0646450578096189 -1.077775504753071 -1.0009657101820615 -1.0586109848299536 -1.0155959543231261 -1.0902324875627722 -0.98151371716640812 -0.93538696885868688 -1.0120425635054797 -0.94718451831967543 -1.0716192238534938 -1.0055598112253585 -1.0551443473916751 -1.0807174337618055 -0.97980322158627831 -0.95795992254332807 -1.0427092276227097 -0.97960838062589983 -1.0438495463434943 -0.99791336769532524 -0.95598977586971967 -1.0462076811937187 -0.9829706215300138 -0.96904841511961104 -0.99793881013599905 -1.024862662700589 -1.0268487895812872 -1.0077503889413955 -1.0255223254896628 -0.97261779328027131 -0.99815459044375099 -1.0742526591768329 -1.0495193998719854 -0.99708231394163105 -1.0671898289659512 -1.0162176730638752 -1.0521616183486167 -1.0637549952795462 -1.003473608817262 -0.96867691548200119 -1.0254169329498768 -1.0472288351006795 -1.0586154603855307 -1.0219239213772948 -1.0059793071145207 -0.99933565318935624
leaf_weight=2501.4081911146641 1774.9196140170097 203.7171785235405 145.37473514676094 2120.9307385981083 533.36161106824875 454.60893997550011 342.35268753767014 2547.4274781346321 2458.4696931838989 1875.6229073703289 1939.3567316532135 65.659317463636398 305.57576778531075 454.60893997550011 40.627906113862991 195.43755784630775 535.28710424900055 125.34960606694221 536.63494947552681 295.56320324540138 1215.5638450086117 2820.4624111652374 104.16918107867241 166.74770945310593 76.249529957771301 97.429954946041107 295.75575256347656 143.44924196600914 222.0093637406826 2004.053302526474 221.23916646838188 179.64851376414299 1009.536074668169 583.61698308587074 589.58601194620132 352.55780139565468 141.13865014910698 78.367572456598282 391.06766501069069 91.846024721860886 437.2795013487339 564.16950196027756 514.4917778968811 468.47249087691307 267.06590417027473 292.67496347427368 138.44295969605446 682.58733257651329 2477.3395263552666 86.647193133831024 1339.950704485178 274.96042621135712 54.491457015275955 628.09587556123734 108.40526607632637 87.417390406131744 82.411108136177063 235.68036532402039 962.16894242167473 75.286783367395401 77.019727230072021 192.74186739325523
leaf_count=12991 9218 1058 755 11015 2770 2361 1778 13230 12768 9741 10072 341 1587 2361 211 1015 2780 651 2787 1535 6313 14648 541 866 396 506 1536 745 1153 10408 1149 933 5243 3031 3062 1831 733 407 2031 477 2271 2930 2672 2433 1387 1520 719 3545 12866 450 6959 1428 283 3262 563 454 428 1224 4997 391 400 1001
internal_value=-1.04417 -1.02848 -1.0623 -1.0661 -1.03563 -1.05515 -1.01593 -1.0414 -1.04955 -1.03259 -1.02331 -0.988538 -0.975876 -1.07765 -1.05961 -0.987584 -1.04341 -1.02905 -1.01842 -1.00501 -1.02369 -1.07936 -1.02968 -0.987859 -0.95921 -0.998729 -1.05401 -1.04123 -1.02379 -1.0837 -1.01004 -1.00455 -1.05765 -0.992219 -1.05492 -1.01643 -0.950785 -0.991859 -1.00147 -1.00765 -1.0204 -1.04055 -1.04344 -1.00739 -1.00228 -0.994165 -1.0275 -1.05546 -1.05303 -1.04773 -1.06006 -1.03843 -1.00395 -1.07668 -0.974888 -1.01175 -0.995939 -1.06733 -1.05047 -1.05935 -0.973383 -1.01696
internal_weight=40284.6 21592.5 18692.1 17274.9 18316.4 8866.32 1417.16 12473.5 6480.05 5993.48 5842.91 3276.03 1653.04 8408.63 7573.35 1129.3 1143.94 1292.97 4698.97 1322.81 3376.16 7954.02 543.182 779.632 242.997 976.032 441.13 439.012 1167.62 5452.61 1436.8 878.603 3746.62 1063.64 5452.42 945.61 523.734 536.25 1623 480.025 2367.39 3626.09 3061.92 1231.93 1028.21 761.147 593.052 5411.79 4493.52 2563.99 1929.54 2733.43 491.771 2632.15 288.054 248.196 169.828 918.268 1971.71 610.574 218.158 388.179
internal_count=209217 112140 97077 89717 95126 46047 7360 64781 33654 31127 30345 17014 8585 43670 39332 5865 5941 6715 24404 6870 17534 41309 2821 4049 1262 5069 2291 2280 6064 28318 7462 4563 19458 5524 28317 4911 2720 2785 8429 2493 12295 18832 15902 6398 5340 3953 3080 28106 23337 13316 10021 14196 2554 13670 1496 1289 882 4769 10240 3171 1133 2016
is_linear=0
shrinkage=1


Tree=1
num_leaves=63
num_cat=1
split_feature=0 7 7 0 0 7 2 8 5 2 2 7 0 2 19 8 13 14 8 3 15 3 13 13 0 2 2 2 8 1 6 14 17 17 19 0 0 8 22 13 13 14 9 0 13 8 19 9 15 13 8 1 13 5 14 13 3 3 6 19 15 8
split_gain=4140.9 1485.28 1197.33 814.452 611.622 506.601 374.449 360.888 241.497 179.673 161.08 158.224 145.876 139.952 140.964 128.573 123.864 121.748 119.846 115.226 111.891 99.0227 98.2318 95.768 95.2615 94.6085 292.381 92.2881 89.5607 81.3481 98.6446 77.8921 74.2702 72.1965 71.9921 71.2657 70.5673 66.7337 65.9849 65.0765 62.5705 81.8321 60.1997 60.1643 57.5323 63.4961 98.2641 69.4015 57.0369 77.9255 57.0203 63.9268 83.7751 54.7396 54.1963 53.9219 52.1068 51.9544 49.2318 48.7505 50.6357 47.7352
threshold=0.044328229416643578 -1.0000000180025095e-35 -1.0000000180025095e-35 0.036583475111009553 0.054528070122068291 -0.062770240470332403 0.024688065147332416 -0.091891891827715719 0.10472318135715099 0.024688065147332416 0.024430463225263918 -0.065321805991548784 0.068373690988599314 0.026233439684093925 0.86812809296571236 -0.12180507263890654 0.32674928600571201 0.71017839853757947 -0.0013860020516288094 3.7996321549297853 0.29509737458400104 0.21513747402997252 0.43030638240815239 0.86793072670022087 0.032335467995296137 0.034396249380162246 0.031827200496059742 0.030697417867432627 -0.20453972979161897 2.4189880843140554 0.012302817232486831 0.29792062015929505 0.87551443814040153 0.9030536130536132 0.021319895538916715 0.051433545374832336 0.035770416355061348 -0.053550552687902757 0 0.84050179896444888 0.57222668093454621 0.65863198988848803 2.5000000000000004 0.056503624485629234 0.8170434615965344 -0.11956168601858912 0.2200230414746544 9.5000000000000018 0.85568315281221463 0.67892396754785966 -0.021225452465203128 2.1075818619804614 0.18782726101378952 0.090207179136627805 0.54404715710666285 0.41010458918053683 1.6861658826856334 1.9900858835991906 0.047261628752820702 0.44548057882109277 0.73377163601789241 -0.096194137414255074
decision_type=8 10 10 10 8 8 10 10 10 10 10 10 10 10 8 10 8 10 8 10 10 8 10 10 10 10 8 10 10 10 2 10 10 8 8 10 10 10 9 8 10 10 2 8 10 10 8 2 10 10 10 10 10 10 10 10 10 10 2 10 10 10
left_child=2 4 3 10 7 12 11 13 29 32 16 -5 15 17 25 -6 -1 39 23 22 -3 -19 36 37 -18 26 54 38 -28 30 55 -24 -9 42 -13 50 -10 53 -14 -2 61 -42 -7 -44 45 46 -36 59 49 -11 -22 56 -53 -8 -15 -4 -52 -26 -38 -47 -61 -37
right_child=1 20 8 6 5 33 18 9 19 48 -12 34 27 14 -16 -17 24 21 -20 -21 35 -23 31 -25 57 -27 28 -29 -30 -31 -32 -33 -34 -35 44 40 58 -39 -40 -41 41 -43 43 -45 -46 47 -48 -49 -50 -51 51 52 -54 -55 -56 -57 -58 -59 -60 60 -62 -63
leaf_value=-0.024563038032422376 -0.012808294467051985 0.10015078852032751 0.0030375750251274095 -0.026284309842322873 0.00092158614305006621 0.022294763406460895 0.0074167771755738968 0.0037665644908922618 0.041581412255274487 0.038444040208491195 -0.0031953425867384784 0.054538707998791638 0.0094037263098005735 0.0020348627955730217 -0.02251084014877942 0.020445393187816813 -0.044600719498332053 -0.012697618914311605 -0.032295550987788378 0.0056504200790373146 0.027336532943522653 0.013587602993801183 -0.0034968215002543507 -0.01031038089812682 -0.034730046661238696 -0.03420492518981804 0.12541243079446016 0.043056003365423853 0.036736946802420803 0.053327263144121166 0.040122114552607356 0.050680501409283533 0.023505816814527625 0.048847314300103112 0.00015159482853733516 0.053184378606569917 0.070526871521364817 0.043146861467818189 0.027799358889092365 -0.036542851866623836 -0.002638488979152618 0.061249743585403277 0.018650470293178862 0.042586751061094968 -0.022081048026510577 0.013895636347238739 -0.026590383156641924 0.049550321898071681 0.058175010146610896 0.0082966489023929956 0.1140747254790808 0.09539539760038096 0.018706966854667127 0.042941563393210175 0.0293870250093244 -0.032871456758842392 0.054039804863837616 -0.016907334087020564 0.12192180340645409 -0.011878761589926637 0.0032241615227681952 0.08710536589453155
leaf_weight=2470.6729509532452 2767.596212297678 165.16678254306316 201.35547396540642 2093.0617095530033 3092.8693520128727 1073.7601847648621 456.31447559595108 2446.5771854370832 162.29242162406445 536.89183227717876 453.87681001424789 41.764068067073822 1213.0692371428013 550.27745296061039 279.58429256081581 1158.4034309983253 2757.9953058958054 629.85459089279175 123.33076375722885 162.95362441241741 290.09136299788952 828.38004986941814 110.0938358604908 220.85871520638466 2078.4127383232117 80.627546802163124 78.209281533956528 413.4194763302803 46.175841689109802 66.583619654178619 97.111405849456787 165.48276041448116 590.97264444828033 778.24233128130436 543.1196790933609 154.9309379607439 188.48586428165436 360.34343467652798 850.3972814232111 321.9551133364439 63.05374675989151 241.86064495146275 333.59531565010548 1272.8616811335087 908.11273115873337 300.00407496094704 933.65705871582031 58.108034253120422 168.2765306532383 357.47972749173641 68.720339968800545 46.742583632469177 143.01849596202374 141.48449581861496 269.06723792850971 216.08839248120785 82.483646407723427 512.74353790283203 65.583550497889519 1847.2417590916157 792.61667013168335 359.61775305867195
leaf_count=12991 14435 827 1036 11015 16026 5515 2361 12665 831 2744 2361 211 6267 2833 1457 5956 14648 3288 651 832 1476 4305 566 1153 10982 420 390 2106 234 340 498 843 3037 3952 2820 787 960 1831 4367 1681 320 1220 1711 6516 4769 1567 4901 296 857 1828 344 238 731 719 1387 1126 414 2688 328 9624 4129 1806
internal_value=0.000160026 0.0149547 -0.017209 -0.0208931 0.0112524 0.0198645 -0.0103207 0.00243622 0.0266287 0.0138092 -0.032161 -0.0146086 0.0118672 -0.00553363 0.00890225 0.00624507 -0.0338416 -0.00967374 0.0144233 0.0435185 0.0610653 0.00223332 0.0524155 0.0193336 -0.0381218 0.0174896 0.0219377 0.0215104 0.0930487 0.00175069 -0.00501383 0.0291021 0.00761342 0.0354146 -0.0100996 0.0565488 0.0677392 0.0261704 0.0171749 -0.0152926 0.0663174 0.0480728 0.0314975 0.0376309 -0.0106112 -0.00827907 -0.0167619 -0.00409628 0.0314959 0.0264169 0.043779 0.0576472 0.0379982 0.0158823 0.011042 -0.0155847 0.0818952 -0.0312111 0.0842196 -0.00517312 -0.00734461 0.0770147
internal_weight=40284 21754.2 18529.7 17093.7 20138.5 10186.6 8820.02 9951.93 1436.03 4100.2 8273.7 7517.69 6728.16 5851.73 1303.94 4251.27 7819.82 4547.79 1302.33 854.892 1615.69 1458.23 691.938 1179 5349.15 1024.36 943.73 2476.89 124.385 581.139 514.555 275.577 3037.55 3458.46 5424.62 1450.52 416.362 958.142 2063.47 3089.55 819.463 304.914 2680.22 1606.46 5382.86 4474.75 1476.78 2997.97 1062.65 894.372 631.056 340.965 189.761 597.799 819.345 417.444 151.204 2591.16 254.069 2939.86 2639.86 514.549
internal_count=209217 112140 97077 89717 103977 52416 46047 51561 7360 21131 43670 39332 34722 30430 6721 21982 41309 23709 6715 4360 8163 7593 3528 6064 28318 5264 4844 12740 624 3000 2660 1409 15702 17694 28317 7336 2119 4911 10634 16116 4133 1540 13742 8227 28106 23337 7721 15616 5429 4572 3203 1727 969 3080 4220 2162 758 13670 1288 15320 13753 2593
cat_boundaries=0 1
cat_threshold=4326474
is_linear=0
shrinkage=0.05


Tree=2
num_leaves=63
num_cat=0
split_feature=4 0 0 2 2 3 8 7 0 2 7 15 19 0 2 14 7 19 2 4 14 2 1 17 6 0 3 8 2 0 2 4 8 14 8 0 4 2 18 11 7 3 0 17 2 2 4 11 0 2 14 2 2 17 17 2 14 8 18 17 3 6
split_gain=5008.41 2809.2 785.736 421.25 295.035 275.999 245.333 241.223 166.25 163.761 144.527 164.521 141.219 116.359 110.933 108.303 110.173 107.374 191.58 106.483 99.4753 93.0969 127.302 89.6812 82.9626 80.6882 76.9969 76.8498 76.0233 75.0901 71.5533 70.3974 66.0987 61.872 65.1521 55.2239 54.182 53.0687 52.8156 49.4627 49.4541 47.6423 47.3058 47.1905 46.9387 46.2707 45.6533 45.6149 68.753 45.5927 61.9381 44.9685 44.3045 43.3747 43.3652 42.8871 42.7487 42.5324 40.1035 44.515 47.6367 39.4559
threshold=0.095702299823622008 0.038544270248551664 0.049569877231926067 0.02493986271024955 0.024430463225263918 3.5265486935564452 -0.087855297157622789 -0.063417344814301987 0.03367790152461593 0.030697417867432627 -0.062770240470332403 0.16407459365325081 0.98791905658449741 0.057135182483006274 0.025207215975624069 0.5955140030186149 -0.07493248777974125 0.75827642631595094 0.033449360586656769 0.010608805683515412 0.83300390625000009 0.033449360586656769 1.3395501963699274 0.78481409716817818 0.0072029416689866075 0.077903398691829648 1.9900858835991906 -0.11505477534210749 0.027862282336196666 0.068373690988599314 0.031622433230216032 0.054700855119522392 -0.062312597089810011 0.56384920018636442 -0.10948099092042328 0.064815915274965996 -0.091899947954441827 0.020618315082007694 0.31509531708497623 3.5000000000000004 -0.060053407296876575 1.1479654852245618 0.046663929748886265 0.81254685157421302 0.014022056055989735 0.024085377699227042 0.010608805683515412 3.5000000000000004 0.051931164554426056 0.017124567590068959 0.19496438283035553 0.031827200496059742 0.034598278818654737 0.85941705524989354 0.81620130291857762 0.0147706727686633 0.39326952968867973 -0.13333333278730422 0.9416359813681191 0.84367233415354648 3.7996321549297853 0.077927404834705852
decision_type=2 8 8 10 10 10 10 8 10 10 8 8 8 8 8 10 8 8 10 2 10 10 10 8 2 10 10 10 10 10 10 2 10 10 10 10 2 10 8 2 10 8 10 10 10 10 2 2 10 10 10 10 10 10 10 10 8 10 10 10 10 2
left_child=1 4 3 6 8 10 15 9 31 23 42 -12 19 24 20 -3 -17 18 30 -5 43 22 -21 25 38 27 40 36 -24 -20 57 49 -6 34 -7 41 -4 -35 45 -37 -10 -22 -2 -13 -33 -9 -29 -26 -49 53 -51 -30 -19 -1 -8 -18 -38 -11 -36 -60 -61 -16
right_child=5 2 7 12 32 33 54 13 26 17 11 14 -14 -15 61 16 55 52 29 21 35 -23 28 -25 47 -27 -28 46 51 -31 -32 44 -34 37 58 39 56 -39 -40 -41 -42 -43 -44 -45 -46 -47 -48 48 -50 50 -52 -53 -54 -55 -56 -57 -58 -59 59 60 -62 -63
leaf_value=-0.043520608005472292 -0.014053254769694169 -0.022698743925293433 -0.032313434191526456 0.0013297958712988273 -0.011529924319921189 -0.013839977394383014 -0.0045817423122202676 0.018169022177067461 -0.035567698622836534 0.022613058666869506 0.11108567954502756 0.032827088195458029 -0.025174935897301787 0.028597822999354591 0.072904421854400617 -0.021059618544068067 -0.036867871130413225 -0.016966010673524465 -0.0095368893287121267 0.084597225462799491 0.036359670894614442 -0.049099428647297411 0.036600060785861699 0.019026052070030067 0.021564726331448465 0.017586605179002311 -0.0097835264473998835 0.0028189763614000717 0.0080686591359433214 0.037430583686780233 0.079511690937826118 0.034602274966448819 0.018322688474771195 0.024361695827771111 -0.0053745028579093145 0.074940515935539048 -0.028513729531915034 0.07718618222369926 0.0061008724568443681 0.13061168725245187 -0.02241889454307382 0.074894169563444524 0.040077409021453125 0.052534349721953026 -0.020550725116876927 0.071519368471033393 0.022244819828959844 0.091774776318494511 0.023347370766138444 -0.036275188917115377 -0.016380951338097759 0.053198093780379853 0.026540819386221715 0.00176979845896229 0.007115393778576045 0.0064287866892436931 -0.0016031751602644123 0.074622797931545415 0.075597796685556953 0.065582435250434334 0.0034002012900988541 0.11622562607907522
leaf_weight=2224.2922972291708 42.611387267708778 3624.9589485824108 158.04372863471508 721.27177639305592 381.11775557696819 163.51925338804722 3321.6007021814585 153.20087592303753 986.9044988155365 146.39668664336205 164.09018063545227 441.10816870629787 218.79331927001476 2220.0712026506662 623.92495222389698 830.82850071787834 60.022778376936913 176.96972990036011 227.26722334325314 89.370351761579514 137.2089270055294 40.291234016418457 572.2581387758255 820.29487542808056 596.28824090957642 690.49934290349483 918.34278436005116 789.64284332096577 637.46980066597462 134.7572820186615 198.50481981039047 44.123376682400703 359.26500491797924 127.48968859016895 73.909286364912987 129.68484444916248 152.15481740236282 76.260840937495232 2010.0841902792454 62.448940441012383 2640.6810153573751 204.24860370159149 636.67599476873875 1029.3813812583685 267.43760991096497 54.870746299624443 489.55762524902821 63.132351115345955 88.093610301613808 2251.3457416296005 476.47382239997387 59.506943866610527 86.188743621110916 54.072462201118469 1039.5307549536228 912.67234447598457 4057.7915747016668 53.53728623688221 54.937760576605797 43.704367995262146 99.407541498541832 60.155328288674355
leaf_count=11979 224 19160 820 3696 1981 840 17321 790 5273 738 793 2233 1160 11191 3071 4381 313 912 1186 456 676 209 2897 4210 3044 3530 4842 4048 3245 673 981 236 1852 643 377 638 793 380 10297 307 14031 1009 3222 5122 1422 279 2503 322 449 12115 2557 291 440 289 5371 4766 21069 270 278 219 505 292
internal_value=0.000143709 -0.00585027 0.00314506 -0.00606959 -0.0274765 0.0520134 -0.0106243 0.0115056 -0.0297613 0.00615696 0.0574861 0.0624299 0.0129902 0.0199414 0.0594197 -0.0177178 -0.00769952 0.024853 0.0343684 0.0169387 0.053425 0.02498 0.0272114 0.00348025 0.0134538 0.00146546 -0.0227308 -0.00050849 0.0231073 0.00800088 0.0582462 -0.0357659 0.002961 0.0217362 0.0110486 0.0719763 -0.0036652 0.0444135 0.00859196 0.0936178 -0.0260049 0.0595611 0.0366662 0.046649 -0.0126542 0.0325129 0.0102649 0.0278501 0.052329 -0.0372014 -0.0328075 0.0119924 -0.00267027 -0.0424454 -0.00179259 0.00372193 -0.00258231 0.036842 0.026009 0.0376891 0.0227131 0.076878
internal_weight=40270.7 36100 25495.9 12128.6 10604.1 4170.77 9789.61 13367.3 9863.67 8181.61 3531.54 2852.25 2338.96 5185.74 2688.16 5428.48 1803.52 1023.62 760.463 2120.17 2004.08 1398.9 1358.61 7157.98 2965.67 6337.69 4545.93 5647.19 1269.23 362.025 398.439 5317.75 740.383 639.229 435.478 533.591 4367.99 203.751 2218.16 192.134 3627.59 341.458 679.287 1470.49 311.561 208.072 1279.2 747.514 151.226 5006.18 2727.82 696.977 263.158 2278.36 4361.13 972.695 4209.95 199.934 271.959 198.05 143.112 684.08
internal_count=209217 188388 131811 63266 56577 20829 51312 68545 52744 42173 17587 14141 11954 26372 13348 28620 9460 5200 3848 10794 9985 7098 6889 36973 15181 32763 24146 29233 6433 1859 1989 28598 3833 3242 2219 2630 22682 1023 11366 945 19304 1685 3446 7355 1658 1069 6551 3815 771 26940 14672 3536 1352 12268 22692 5079 21862 1008 1379 1002 724 3363
is_linear=0
shrinkage=0.05


Tree=3
num_leaves=63
num_cat=0
split_feature=4 0 0 2 2 3 8 7 13 2 13 8 7 15 0 19 0 19 2 2 5 5 19 13 6 0 0 13 19 0 8 8 13 0 9 13 2 5 3 17 4 9 1 18 8 7 8 0 5 19 0 3 1 15 19 2 1 3 15 18 8 5
split_gain=4429.58 2576.1 706.519 380.856 273.897 235.217 225.531 213.957 176.417 145.537 127.318 132.78 122.376 135.817 102.609 97.5264 97.2054 94.5411 165.486 92.6451 91.3399 89.7678 88.2382 79.2343 77.4884 76.4262 75.8846 73.2874 72.9658 72.7521 81.6769 70.4675 69.8594 67.3255 65.5986 65.2738 63.087 62.7332 62.6452 61.8516 61.4778 61.4371 73.937 60.5224 59.6388 55.7963 55.2786 62.2416 53.7106 53.5579 52.9639 52.6208 52.0371 51.3015 47.7654 47.687 47.2637 46.0425 80.9551 45.7382 47.5786 44.9338
threshold=0.095702299823622008 0.038544270248551664 0.049569877231926067 0.02493986271024955 0.024430463225263918 3.5265486935564452 -0.07488820169680159 -0.063417344814301987 0.61151747746783991 0.030697417867432627 0.73377053410166004 -0.098399999999999974 -0.062770240470332403 0.16407459365325081 0.056503624485629234 0.15229155726705179 0.035903541678320765 0.75827642631595094 0.033449360586656769 0.025207215975624069 0.014989962108799661 0.15273251244432798 0.12443350242686878 0.73768604761553158 0.0072029416689866075 0.032516026175530559 0.06369536830473374 0.24344001815911934 0.27515561840558939 0.077903398691829648 -0.12411556205316192 -0.059570627544358205 0.20381065531390605 0.07917374375680121 3.5000000000000004 0.21587229799874602 0.031827200496059742 0.18812654099133566 0.21513747402997252 0.84367233415354648 -0.055704719755506886 6.5000000000000009 2.4926916439765465 0.90134234234234245 -0.068576506059874462 -0.093374444141409538 -0.10173599423879263 0.036981362261173302 -0.016276231384941383 0.73465129407677621 0.041190336073233892 2.1905723369047894 3.3895191415076869 0.80063628512050966 0.91698896873236935 0.028521094297324818 1.9840484890861563 1.5715371545809869 0.8361840776266205 0.24804941152597407 -0.069452453015674306 0.094192475067027007
decision_type=2 8 8 10 10 10 10 8 8 10 8 10 8 8 8 8 10 8 10 8 10 10 8 10 2 10 10 8 8 10 10 10 10 10 2 10 10 10 10 10 2 2 8 10 10 10 10 10 10 10 10 10 10 10 10 10 10 10 10 8 10 10
left_child=1 4 3 6 8 12 20 9 16 21 11 15 -2 -14 24 45 35 18 36 26 -3 29 -22 -21 52 -10 27 61 -29 30 -4 -12 54 -20 -26 43 40 56 -18 -28 -11 -30 57 -1 -6 -5 -7 -48 -17 -13 -34 -27 59 -41 -8 -25 -24 -43 -59 -9 -61 -15
right_child=5 2 7 10 44 46 32 14 25 17 31 49 13 19 -16 48 38 -19 33 23 22 -23 37 55 34 51 39 28 41 -31 -32 -33 50 -35 -36 -37 -38 -39 -40 53 -42 42 -44 -45 -46 -47 47 -49 -50 -51 -52 -53 -54 -55 -56 -57 -58 58 -60 60 -62 -63
leaf_value=-0.022410549143072805 0.034249815491900398 -0.024884057487616407 -0.0033446335418649792 0.0070549855816720332 -0.011916238297655599 0.0035909143598798448 0.0094744441475239916 0.042139900205343056 -0.044043853879302673 0.082282455882314226 -0.017192803453501802 0.047314447109059479 0.10099248737291727 0.035601874919649466 0.026262943949045242 0.035615798691797949 -0.025239782418748937 -0.0025434134430582598 -0.0019346401138846615 0.078857941266894646 0.0049714979287150884 0.028757388194320794 -0.027374852679258623 0.067594854198964396 0.013604882715004929 -0.0336258379200833 0.10942913424685846 0.068619453389417717 0.040957263098332537 0.016835813016389176 0.009533073281112206 0.01356336402972856 -0.013739591723163802 0.056146317568645999 0.044375028730169963 -0.03191745250896303 0.082851007589143516 0.034445775180501563 -0.0042920432439840393 0.073002866417766724 0.027077681989992254 -0.054681921052968152 0.043573132447280859 0.0084681974651175263 0.016430025570280705 0.065953753381836636 0.0031201852986400447 0.047217981940684953 -0.0073204112392252028 0.020413977746226726 0.00038204300615958103 -0.012673793005666982 -0.026753218844803195 0.011027230274053937 0.051356036656637127 0.0080807507777364233 -0.012804009090766705 0.05702472773055825 -0.028039744042518352 -0.00069400134329831835 0.015232966642697 0.069065356459277791
leaf_weight=1350.2701836377382 690.56334307789803 2033.7144208103418 4386.9700225740671 70.251948371529579 356.3604551255703 277.5845382809639 511.68625132739544 98.882584199309349 1866.3705453127623 65.857867181301117 449.20086321234703 422.45089024305344 171.36229391396046 136.41986751556396 2439.1553743034601 82.186874225735664 569.16537643969059 262.79272867739201 304.55077782273293 571.28794318437576 652.48539671301842 329.31887868046761 725.05101276934147 62.257152274250984 417.98745039105415 1928.3108728080988 86.732354164123535 177.63659083843231 786.3235936164856 742.49223648011684 1710.5756820738316 316.69448341429234 925.14615905284882 58.65611506998539 296.42662377655506 2509.6634625792503 129.20319519937038 61.489531278610229 955.61166201531887 130.11549966037273 213.38220523297787 40.258670374751091 113.5620164424181 179.27516062557697 385.01129885017872 93.864771068096161 117.69606821238995 249.94465439021587 584.56913155317307 333.15350589156151 2345.3511267602444 356.72286964952946 105.31701597571373 45.334987714886665 77.673958703875542 72.601386591792107 2405.6307764202356 46.45727464556694 67.152655377984047 922.19332936406136 952.79025779664516 420.40617728233337
leaf_count=7307 3446 10866 22806 359 1863 1413 2658 500 10324 324 2320 2111 793 680 12146 423 3054 1352 1571 2715 3436 1672 3878 299 2114 10450 413 871 3843 3764 8731 1603 4859 288 1488 13698 609 321 5077 617 1056 199 551 939 1970 475 596 1233 3008 1655 12176 1895 537 216 396 349 12722 229 334 4745 4842 2032
internal_value=0.000128109 -0.00558213 0.00298043 -0.00578834 -0.0264834 0.0483103 -0.0101498 0.0108707 -0.0287186 0.00583048 0.0122637 0.0203419 0.0532699 0.0577427 0.01877 0.00653409 -0.0228908 0.0233534 0.0321646 0.0550184 -0.0163148 0.00329925 -0.0117766 0.0707068 0.0122206 -0.0365221 0.0495836 0.0458483 0.0389775 0.00206953 0.000268986 -0.00447416 -0.000759071 0.00757355 0.0264163 -0.0269516 0.0539603 -0.0152004 -0.0121228 0.0747892 0.0403447 0.0339203 0.0131542 -0.0187881 0.00280693 0.0409369 0.020457 0.0331473 -0.00198252 0.0354964 -0.00361561 -0.0303619 0.00733256 0.0571421 0.0150718 0.0358506 -0.0161862 -0.00943282 0.0069388 0.00916386 0.00740324 0.0609455
internal_weight=40247.6 35983.9 25527.2 12090.6 10456.8 4263.7 9738.23 13436.6 9715.39 8203.8 2352.37 1586.48 3618.47 2927.91 5232.75 830.873 5563.99 1034.44 771.65 2756.55 5878.37 7169.36 3844.66 706.146 2793.6 4151.4 2050.4 1788.22 1231.39 6840.04 6097.55 765.895 3859.86 363.207 714.414 4039.21 408.443 3192.17 1524.78 262.183 279.24 1053.75 267.431 1529.55 741.372 164.117 645.225 367.641 666.756 755.604 3270.5 2285.03 2079.18 175.45 589.36 134.859 3130.68 153.869 113.61 1973.87 1874.98 556.826
internal_count=209217 188388 131811 63266 56577 20829 51312 68545 52744 42173 11954 8031 17587 14141 26372 4265 30075 5200 3848 13348 31223 36973 20357 3363 14226 22669 9985 8739 6027 35301 31537 3923 20089 1859 3602 21944 1989 16921 8131 1246 1380 5156 1313 8246 3833 834 3242 1829 3431 3766 17035 12345 10624 833 3054 648 16600 762 563 10087 9587 2712
is_linear=0
shrinkage=0.05


Tree=4
num_leaves=63
num_cat=1
split_feature=4 0 0 8 3 0 7 13 1 0 0 13 6 1 10 1 7 5 19 0 3 5 1 18 19 5 8 13 19 19 13 1 19 4 5 13 1 18 5 15 11 3 0 4 4 1 6 0 19 13 0 13 8 0 5 21 0 5 18 13 8 8
split_gain=3927.98 2362.01 635.547 310.004 202.226 200.23 192.378 177.804 144.897 121.502 114.355 112.459 106.021 100.262 88.4241 88.2372 87.1585 86.296 122.362 79.6677 74.3749 71.1794 69.6971 69.2806 67.8494 65.2982 64.5582 62.512 60.2619 57.7067 54.5021 53.0691 60.4886 52.5616 51.9375 57.69 51.8176 50.3673 50.1098 49.5089 47.8785 52.7756 47.038 46.9797 46.1527 45.5807 45.3369 45.32 45.2503 45.2363 43.9308 42.0508 39.3741 44.2076 39.3353 38.7159 38.3072 38.1463 37.4977 37.4701 37.009 36.4055
threshold=0.095702299823622008 0.038544270248551664 0.049569877231926067 -0.087855297157622789 3.5265486935564452 0.03367790152461593 -0.078335610101935835 0.24734324885937573 1.9677208665977994 0.068373690988599314 0.055495207179306665 0.20763587337162071 0.077927404834705852 1.6786288244717242 1.5000000000000002 1.4394118184161859 -0.068852458643510459 0.018789996861653505 0.12443350242686878 0.054001604880057549 0.2274886780362734 0.072250974143356364 2.0883515847216536 0.90134234234234245 0.013262287049600485 0.11584273808231095 -0.051063829526761133 0.61540565561353322 0.38204676778620444 0.64762624136308489 0.89146292983502307 3.2026806698561394 0.52886627276114673 -0.045454545454545463 0.20371824858841228 0.084622027368141381 2.0472301142006191 0.20410497594975013 0.15020744721399995 0.3509302252408158 5.5000000000000009 -0.50664115323291925 0.029896212027872158 -0.029065278508234534 0.066926635533311699 2.3461753483866659 0.00059312001885603049 0.041828989179322172 0.89205124051101659 0.76225267784064632 0.082652983620270709 0.73377053410166004 -0.10173599423879263 0.037619686944548196 0.12171605319848579 0 0.0448360007496253 0.035714285799319796 0.82854191263282184 0.52124099007951707 -0.10386011385489234 -0.19599999999999998
decision_type=2 8 8 10 10 10 8 8 10 10 8 10 2 10 2 10 8 10 8 10 10 10 10 10 10 10 10 10 10 8 8 10 10 2 10 10 10 8 10 10 2 8 10 2 2 10 2 10 8 10 10 10 10 10 10 9 10 10 8 8 10 10
left_child=1 5 3 13 12 7 9 23 11 22 26 -5 16 14 29 21 50 -15 -19 -18 -17 -7 24 -1 -4 49 37 39 -13 -3 42 32 -28 -26 35 54 60 -8 47 -22 41 -21 -9 -12 -40 52 -39 -30 -45 -10 -2 -49 -37 -54 -6 -38 -27 -41 -50 -43 -20 -24
right_child=4 2 6 8 34 15 10 30 25 -11 43 28 -14 17 -16 20 19 18 36 40 27 -23 61 -25 33 56 31 -29 38 -31 -32 -33 -34 -35 -36 45 55 46 44 57 -42 59 -44 48 -46 -47 -48 51 58 -51 -52 -53 53 -55 -56 -57 -58 -59 -60 -61 -62 -63
leaf_value=-0.021571470053570498 0.023923352589511334 0.0040833161571692525 -0.015930563549402487 0.043212202612130129 0.07210262526553865 -0.012185440157338969 0.03016365870411818 -0.041806479163025441 -0.0030482458397327254 0.014761323147109262 0.0006651399785157254 0.041658346193514988 0.076235400215791629 -0.023508033530671209 0.040145052594297931 -0.028307183071014038 0.043192096959062072 0.0089171133109859201 -0.028610940632410584 0.098656233813412597 0.028368354272980918 0.028920062041158896 -0.0082245442507666838 0.010648460586179173 0.044297248147860721 -0.00010814561740958253 0.065869410865738373 -0.024518111046291518 -0.0075713302504069116 -0.023095655613056418 -0.04757133188635497 -0.015052507890109543 0.019363709633821446 0.011697050605318055 0.052727309029278094 -0.025609058464870185 -0.012661677889263714 -0.0070273992239169875 0.011991076890735234 -0.021780590298466448 0.10411369864876539 0.06479942468422098 -0.028690232139784073 0.028003837637722913 0.065364096532173913 0.028392917672099057 0.0090432081855517012 0.020156944236481608 0.0011499023038971142 -0.018725027304897217 0.061097733998627279 -0.0026181462894779074 -0.01491742818308784 0.036313835651928687 0.010917743466758282 0.012030240914320587 0.023266949864638009 -0.0053263058190892512 0.02270402730412286 0.045504068984309608 0.0030740843079379992 0.0015147984276284623
leaf_weight=1269.1723402291536 520.0361433327198 646.95935866236687 190.41917879879475 281.99786089360714 60.936200216412544 289.34710799157619 166.75549077987671 1185.3761810660362 2220.3168892413378 2092.4270049333572 223.38414967060089 130.77082979679108 339.10482287406921 2107.5439275503159 127.50334437191486 1792.0084953010082 1569.8954810500145 647.64994162321091 805.27043950557709 75.296578139066696 83.107114300131798 164.27055294811726 1708.6452521532774 191.45372344553471 145.23044075071812 378.08752396702766 75.425468310713768 1078.8482227325439 568.94294638931751 278.60742601752281 1053.1113409399986 99.776853740215302 856.06233087182045 810.54791463911533 97.536275014281273 135.72465172410011 1673.7609391063452 827.21450698375702 110.85926762223244 538.36034214496613 60.374415904283524 508.91660785675049 1650.0979267656803 2329.0920802205801 63.358818620443344 143.75687344372272 932.56399719417095 487.96714340150356 325.07805025577545 579.65557846426964 93.664872661232948 345.79193395376205 83.991603836417198 82.62101511657238 46.331815779209137 168.76617653667927 325.72716166079044 1018.0175404250622 531.49700413644314 528.36354780197144 103.8457243591547 2186.2350147515535
leaf_count=6935 2564 3306 1000 1410 303 1508 845 6671 11581 10580 1122 665 1575 11384 642 9820 7527 3391 4342 338 448 839 8917 995 731 1961 377 5876 2949 1484 5937 509 4297 4113 477 696 8909 4252 556 2905 280 2370 9192 11539 316 709 4742 2449 1620 3050 453 1767 425 403 229 895 1655 5451 2616 2480 554 11285
internal_value=0.00011408 -0.00532628 0.00282532 -0.00551961 0.0449978 -0.0255224 0.0102757 -0.032235 0.00324259 0.0046359 0.0165929 0.0140149 0.0495244 -0.0128567 0.00127779 -0.0182838 0.046804 -0.0155594 -0.0106259 0.0506216 -0.0203975 0.00273115 0.000430988 -0.0173438 0.011263 -0.00287691 0.00939415 -0.0151747 0.00917096 -0.004114 -0.0378226 0.0194844 0.023196 0.0166918 0.0192599 0.0132764 -0.0152272 0.00398558 0.00645215 -0.00901514 0.06052 0.058063 -0.0341863 0.0228341 0.0316638 0.0053175 0.00148924 0.00330049 0.024388 -0.00629921 0.0296872 0.0107194 -0.00571195 0.0105526 0.0460202 -0.0103981 0.0107276 -0.0110283 0.0145349 0.0550242 -0.0249923 -0.00275877
internal_weight=40213.5 35866.9 25553.7 12053.4 4346.55 10313.2 13500.4 5349.21 5493.48 7133.5 6366.85 1989.69 3695.65 6559.91 1053.07 4963.96 3356.55 5506.84 3399.29 2742.85 4510.34 453.618 5041.08 1460.63 1146.2 3503.79 2957.8 2718.33 1707.69 925.567 3888.59 1031.26 931.488 955.778 650.898 553.362 2751.64 1926.53 1576.92 1639.48 1172.95 1112.58 2835.47 3409.05 174.218 446.094 1759.78 1402.7 3185.67 2799.97 613.701 833.759 302.337 166.613 107.268 1842.53 703.815 1556.38 856.575 1037.28 909.116 3894.88
internal_count=209217 188388 131811 63266 20829 56577 68545 29730 28359 36626 31919 10112 17587 34907 5432 26847 16012 29475 18091 12995 24500 2347 26046 7930 5844 18247 15022 14680 8702 4790 21800 5183 4674 4844 3242 2765 14700 9839 8037 8804 5468 5188 15863 16897 872 2233 8994 7165 15775 14631 3017 4216 1524 828 532 9804 3616 8356 4236 4850 4896 20202
cat_boundaries=0 1
cat_threshold=29962
is_linear=0
shrinkage=0.05


Tree=5
num_leaves=63
num_cat=0
split_feature=4 0 0 2 13 3 8 7 2 19 19 0 2 14 2 13 7 3 2 2 5 5 13 4 4 2 2 14 5 8 11 13 5 2 8 19 5 19 13 19 14 13 2 8 2 1 7 17 8 2 5 1 8 19 18 14 2 19 17 13 5 8
split_gain=3556.47 2122.01 670.074 355.722 205.382 198.769 186.985 181.689 155.772 173.308 147.1 138.936 133.04 114.807 104.098 96.698 90.0657 85.7116 83.3505 82.7971 81.0549 80.899 83.0095 79.7992 79.4856 75.4148 71.8074 107.785 69.5629 69.2906 62.2662 61.8539 60.8303 59.2373 92.6761 68.5763 60.8794 53.3626 52.9694 74.8962 52.8102 75.9766 58.1978 52.9148 51.2746 50.8636 49.1404 48.5043 48.2075 47.9777 47.4318 47.1123 45.8485 97.754 45.5977 45.2519 44.9045 43.3737 42.6043 42.0339 48.3602 41.8632
threshold=0.095702299823622008 0.037619686944548196 0.049569877231926067 0.024688065147332416 0.30680875923413242 3.5265486935564452 -0.095238095238095163 -0.065321805991548784 0.030338905914821291 0.77363575838276255 0.0093203897551723657 0.032516026175530559 0.034396249380162246 0.67042027082106792 0.036507754008018992 0.69465096496945467 -0.083457184352886668 -0.50664115323291925 0.034396249380162246 0.0286543737976452 0.15555555555555559 0.15273251244432798 0.71819178628389169 0.017073170878450287 0.022146507666098828 0.034598278818654737 0.02493986271024955 0.84878809727266258 0.073664915822057489 -0.38069632390753744 1.5000000000000002 0.73768604761553158 -0.11903185679703597 0.031350960148819197 -0.10061692260013665 0.18406952055777123 -0.013449146474733329 0.7382325246482776 0.196046666788528 0.16029621242558167 0.56384920018636442 0.08071072483864046 0.020618315082007694 -0.10948099092042328 0.026457922037817629 3.1590919004902944 -0.052763819059292776 0.38673749400191942 -0.015864322278033912 0.031622433230216032 0.17197814952918469 1.8440817451228639 -0.11956168601858912 0.23192132437639532 0.56413457114076448 0.9547462552660323 0.02757200783059342 0.91253415300546459 0.98160202466255631 0.08071072483864046 0.088412615982622636 -0.29669090090284606
decision_type=2 8 8 10 10 10 10 10 10 8 10 10 10 8 10 10 8 8 10 10 10 10 10 2 2 10 8 10 10 8 2 10 10 10 10 10 10 10 8 8 10 10 10 10 10 10 10 10 10 10 10 10 10 8 10 8 10 8 10 10 10 10
left_child=1 4 3 7 28 16 8 20 13 12 -5 -6 49 -4 51 18 -2 -18 33 46 -3 22 29 32 50 -14 27 38 -1 -9 -25 -28 -15 34 35 56 -37 54 59 -40 41 -7 -42 -43 -34 -24 -13 -27 -39 -10 -8 -11 53 -31 -36 -32 -12 -48 -41 -19 -61 -51
right_child=5 2 6 10 11 40 24 21 9 14 15 19 25 23 -16 -17 17 26 -20 -21 -22 -23 45 30 -26 47 31 -29 -30 52 55 -33 44 -35 37 36 -38 48 39 58 42 43 -44 -45 -46 -47 57 -49 -50 61 -52 -53 -54 -55 -56 -57 -58 -59 -60 60 -62 -63
leaf_value=-0.018623710680174908 0.028215035815316682 -0.020872947760090951 -0.0079004277591775626 -0.026522912708030227 -0.039219410815215794 0.049109099427519343 0.0074693285151670105 0.058006792949921337 0.030397201442145923 -0.034056704853754324 0.05597422623948467 -0.035598217331346209 -0.041605765585341861 0.02124202230311889 0.020940986166611126 0.00084968135622106938 0.084859617547438926 0.038079636778727506 -0.047575705699519091 0.021068379432709183 0.044824058850222788 0.012683343328223951 -0.018617488710002444 0.0014968559471812914 0.024294527107910278 -0.0030144273615504476 0.067343687289842746 0.062471009324232163 0.0011393553512638514 0.0031338266448030097 0.015825895427845002 0.032382457342793165 -0.0027997678524767991 0.053531896785702276 0.030418675608088048 0.03984702468053325 -0.017662583107641631 -0.0021892329165532761 0.07265174766307865 0.023987070434594245 0.017046627110671241 -0.027380984872299771 0.070146278299096407 0.012016765051939916 0.016176296801454808 0.035762317251862859 -0.019242958181719602 0.039478035396024097 0.037853863222847894 0.086594367316453258 0.036607174833207495 0.00015597161606961514 -0.0011747607073411392 -0.021167400375190451 0.063598811140089792 0.039998221573807662 0.0074188939971591497 -0.038630180688556615 0.055992087309318907 0.023001356006467771 0.081931053369359574 0.048381811377146824
leaf_weight=2357.9682661294937 566.08647604286671 3240.5085683465004 1881.3489422798157 240.54297322034836 2819.7818996310234 85.458646029233932 1513.9177553206682 43.525765657424927 244.10170483589172 184.90704487264156 83.350059539079666 896.21417178213596 60.6902095079422 358.47551773488522 376.94835771620274 832.42413154244423 167.24169678986073 273.22540165483952 40.77439446747303 97.26010175049305 46.733870401978493 549.66550503671169 1567.8960176259279 704.45395085215569 2477.2841928303242 125.51184225082397 666.18602746725082 550.62983778119087 548.71363873779774 697.77570168673992 1281.7583796977997 159.71489709615707 2851.1093181073666 152.70674513280392 279.8834026157856 53.670879110693932 290.65497830510139 168.09539569914341 99.43114747107029 980.97714576125145 139.33701464533806 137.25736010074615 81.819419637322426 221.23634234070778 405.75229784846306 43.316946461796761 2125.9238557964563 143.12035292387009 134.80166436731815 101.89184479415417 152.99919725954533 219.3275600373745 3268.9043183475733 1015.1130067706108 167.23468661308289 227.93691584467888 110.16536717116833 334.47200140357018 116.214927688241 46.147895291447639 154.16592489182949 263.43897721171379
leaf_count=12953 2745 17627 9768 1314 16244 418 7580 223 1191 958 416 5006 314 1832 1865 4237 735 1278 215 505 243 2819 8368 3593 12212 635 3023 2526 2930 3687 6485 743 14657 748 1367 273 1490 824 466 4665 679 713 387 1090 2063 227 11735 716 654 479 750 1116 17103 5512 811 1142 556 1845 543 223 710 1254
internal_value=7.72616e-05 -0.00516297 0.00198997 -0.00611013 -0.0258887 0.0422525 0.00976343 -0.0101902 0.00587232 0.0194739 0.010617 -0.0309796 0.0339406 0.00283628 0.00206805 0.014488 0.0466878 0.0499317 0.0221461 -0.0242431 -0.0199256 -0.00573477 -0.00726192 0.0063021 0.0186147 0.00829965 0.0479872 0.0432601 -0.0148938 -0.00409389 0.0137751 0.0606301 0.00172287 0.0241512 0.0206286 0.00477552 -0.00860899 0.0319755 0.036893 0.0312405 0.0170131 0.00703636 0.0369188 -0.00310175 -0.000431417 -0.0171342 -0.0255619 0.0196869 0.0156975 0.0477601 0.0101641 -0.0155392 -0.00464799 -0.0112718 0.0429432 0.0194995 0.0285127 -0.0218931 0.027425 0.0510807 0.0685366 0.0592467
internal_weight=40228.2 35783.1 26602.7 13027.7 9180.33 4445.13 13575 10473.4 9430.77 1719.94 2554.3 6273.65 938.755 7710.84 781.183 2313.76 3780.02 3213.93 1481.34 3453.87 3287.24 7186.2 6636.53 5829.49 4144.2 329.322 3046.69 2220.79 2906.68 5025.32 2214.15 825.901 3615.34 1440.56 1287.86 537.841 344.326 750.015 1670.16 1196.62 665.109 443.952 221.156 358.494 3256.86 1611.21 3356.61 268.632 302.897 609.433 1666.92 404.235 4981.79 1712.89 447.118 1509.7 193.515 2460.4 1097.19 473.539 200.314 365.331
internal_count=209486 188542 137324 68714 51218 20944 68610 55809 48068 8528 12905 35335 4589 39540 3939 11591 17657 14912 7354 19091 17870 37939 35120 29772 20542 1665 14177 10411 15883 26525 11220 3766 18552 7139 6391 2735 1763 3656 7885 5674 3287 2221 1066 1803 16720 8595 18586 1351 1478 2924 8330 2074 26302 9199 2178 7627 972 13580 5208 2211 933 1733
is_linear=0
shrinkage=0.05


Tree=6
num_leaves=63
num_cat=0
split_feature=4 0 0 2 13 3 7 8 2 19 19 0 2 2 0 7 13 2 2 6 13 5 5 13 2 2 7 2 4 15 5 3 5 4 3 7 3 4 18 8 13 9 16 3 9 13 18 8 19 16 8 5 19 0 0 2 0 6 18 13 2 13
split_gain=3167.54 1946.68 603.503 321.999 193.218 172.935 167.143 166.216 138.94 153.023 133.067 132.68 121.28 95.1565 93.9469 88.1597 87.4904 78.0599 75.9303 75.2743 73.6216 73.1511 73.0479 76.7272 72.3133 105.529 67.8672 67.3291 66.486 66.2661 63.8869 63.703 62.3108 59.4784 59.1909 57.9205 54.2247 53.8979 50.8514 50.407 49.2877 47.3479 47.4959 47.0018 44.3318 57.4507 48.7184 45.602 79.6179 44.9056 43.5265 43.3999 42.0625 44.4836 41.9802 41.7468 41.6433 40.7781 39.9056 48.5156 39.8909 38.6597
threshold=0.095702299823622008 0.037619686944548196 0.049569877231926067 0.024688065147332416 0.30680875923413242 2.8359727732961395 -0.065321805991548784 -0.095238095238095163 0.030338905914821291 0.77781000257798416 0.0093203897551723657 0.032516026175530559 0.033449360586656769 0.036099691589757031 0.058820115840825908 -0.073378088575008424 0.88350149951710477 0.034396249380162246 0.0286543737976452 0.0092768908784142141 0.5759581089586685 0.15555555555555559 0.15273251244432798 0.77793305903203402 0.030338905914821291 0.027862282336196666 -0.074074074074074112 0.031827200496059742 0.022146507666098828 0.4849834967142107 0.073664915822057489 1.463153261117742 -0.11903185679703597 0.099311701051647341 3.9295565947683984 -0.08725756409846662 -0.37243366990971233 0.011007731810051215 0.57609657560600247 -0.10608968769027886 0.54862462170341564 3.5000000000000004 0.66052869524117785 1.9900858835991906 7.5000000000000009 0.30680875923413242 0.68639899244332503 -0.096194137414255074 0.23192132437639532 0.75069254203212177 -0.11956168601858912 0.13150709537317842 0.88793769653040566 0.039297248770967894 0.061715863695258617 0.027257198970671494 0.041713682353576843 0.0085470087027613734 0.28386985441767071 0.72208653591109184 0.020378702543287813 0.80125019534302255
decision_type=2 8 8 10 10 10 10 10 10 8 10 10 10 10 8 8 10 10 10 2 8 10 10 10 10 10 8 10 2 10 10 10 10 2 10 10 8 2 10 10 8 2 2 10 2 10 10 10 8 2 10 10 10 10 10 10 10 2 10 10 8 10
left_child=1 4 3 6 30 15 21 8 14 12 -5 61 27 -11 -4 -2 17 24 43 -9 29 -3 23 44 25 35 32 57 -21 -17 -1 37 -16 39 -7 -12 -22 -14 -26 -31 -28 54 -43 -13 47 49 -47 48 58 -46 -34 -18 -36 -54 -30 -35 -25 -10 -8 -60 -42 -6
right_child=5 2 7 10 11 34 22 19 9 13 16 18 31 -15 26 20 51 -19 -20 28 36 -23 -24 56 38 -27 40 -29 41 33 -32 -33 50 55 52 -37 -38 -39 -40 -41 60 42 -44 -45 45 46 -48 -49 -50 -51 -52 -53 53 -55 -56 -57 -58 -59 59 -61 -62 -63
leaf_value=-0.017870930999235021 0.028453198089953158 -0.020050698167583324 -0.0030066806617939533 -0.025561291043788622 -0.033096468982747033 0.030300744508431766 0.028317139593329807 0.013907385955522215 0.044209662650489596 -0.015548624232276735 -0.0037380725684611951 -0.027524404611912131 0.019685627968303174 0.01933794299587667 0.024652494064633206 0.076331657239732578 -0.014236857309201836 -0.046457512433967327 0.019823369805314205 0.012952433778590367 0.073051523160071588 0.041735579556865118 0.01197771654539021 -0.028411509709077572 0.066169111499342154 0.0024579867957673302 0.010389162885942542 0.071795216524704872 0.017823497184791221 -0.0064495187514052562 0.0010818619353326427 0.049257549364066837 0.00068438049581214964 0.052036218306054906 -0.0060855600336935023 0.033365056502379059 0.036036781969495231 -0.020896899945048283 0.022791466461419704 0.042899696732869329 0.061652942303862562 0.094046361732186057 0.043373926982003604 -0.012348678475492933 0.022359618422213085 -0.0010056109234936811 0.049824460233070626 -0.0015795219009598618 -0.018750622093170254 -0.0356985059103931 0.019299109278450799 0.039998641503232707 0.0027693872201521581 0.070840112210900905 0.056598321348289626 0.079783219922382742 -0.0097478346069181862 0.0048675293798688523 0.00040214984669348472 -0.052435759030913326 0.022814921937007789 -0.045205089303874887
leaf_weight=2335.0670015662909 599.43775922060013 3205.6742165386677 3735.194901779294 237.23598849773407 1620.4288792908192 991.35755430161953 116.31780669093132 3234.4715722501278 264.23699662089348 389.35925038158894 123.17338667809963 2678.0718925148249 179.67143829166889 390.50187811255455 368.13455574214458 345.89503760635853 337.05424211919308 45.033884331583977 98.23693186044693 358.18707282841206 110.46086783707142 47.729806125164032 552.91759091615677 553.12345872819424 127.89440450072289 796.69457505643368 331.04146532714367 185.67826877534389 254.49839186668396 67.990032583475113 549.02547340095043 86.835967943072319 2656.1783667951822 705.75885799527168 227.43891154229641 711.69977760314941 981.19806499779224 148.5302217155695 145.440155133605 212.43436753749847 113.65830804407597 64.933864623308182 169.37539298832417 633.26645988225937 55.822625517845154 76.415256947278976 121.88455748558044 2986.2065407782793 1307.0541470050812 79.712678611278534 355.15581306815147 40.433333963155746 53.856816217303276 42.417250171303749 96.07378177344799 173.36975832283497 652.39692789316177 87.979657158255577 617.33369979262352 45.731606274843216 160.90293544530869 1138.170192733407
leaf_count=12953 2868 17627 19306 1314 9498 4670 610 15939 1261 2014 629 15115 899 1916 1859 1537 1742 243 505 1776 476 243 2819 3034 623 3985 1621 837 1240 314 2930 428 13619 3218 1142 3459 4514 752 707 973 555 313 811 3471 290 403 636 15626 7139 416 1790 203 267 199 463 766 3471 421 3251 244 790 6746
internal_value=6.71578e-05 -0.00492641 0.00188648 -0.00582816 -0.0249543 0.0395354 -0.00973491 0.00923447 0.00556296 0.0183537 0.0100397 -0.0299497 0.0317845 0.00192261 0.0026901 0.0458168 0.0136779 0.017942 -0.0233406 0.0175392 0.049812 -0.0191317 -0.00546599 -0.00692628 0.019488 0.0154823 0.0080291 0.0474337 0.0299672 0.0570078 -0.0142639 0.0114377 0.0052632 0.0511826 0.0242438 0.0278931 0.0398456 0.001312 0.0432553 0.0309544 0.0234296 0.0403474 0.0577567 -0.0246268 -0.00438112 0.0132424 0.0303302 -0.00554332 -0.011213 -0.0117976 0.00288547 -0.00833727 0.00565861 0.0331805 0.0285804 0.0575925 -0.0183277 0.0344241 0.00143565 -0.00331555 0.0390578 -0.0381069
internal_weight=40177.5 35665.8 26613.6 12983 9052.27 4511.62 10418.3 13630.6 9453.06 1732.79 2564.66 6168.17 952.933 779.861 7720.27 3196.54 2327.42 1949.94 3409.58 4177.54 2597.11 3253.4 7164.92 6612 1904.9 1631.57 3985.07 537.895 943.069 1505.45 2884.09 415.038 3379.47 1159.55 1315.07 834.873 1091.66 328.202 273.335 280.424 605.603 584.881 234.309 3311.34 5406.48 333.835 198.3 5072.64 2086.44 135.535 3011.33 377.488 323.713 96.2741 350.572 879.129 1205.52 352.217 779.383 663.065 274.561 2758.6
internal_count=209486 188542 137324 68714 51218 20944 55809 68610 48068 8528 12905 35335 4598 3930 39540 14666 11591 9646 19091 20542 11798 17870 37939 35120 9403 8073 20234 2519 4603 6808 15883 2079 17268 5271 6278 4088 4990 1651 1330 1287 2966 2827 1124 18586 28615 1745 1039 26870 11244 706 15409 1945 1608 466 1703 3984 6505 1682 4105 3495 1345 16244
is_linear=0
shrinkage=0.05


Tree=7
num_leaves=63
num_cat=0
split_feature=4 0 2 0 19 2 8 13 3 17 14 2 2 14 8 0 0 13 14 15 13 2 2 2 8 5 3 8 8 19 4 13 2 13 2 4 5 5 2 2 3 4 4 8 1 13 14 19 8 18 14 5 0 3 19 9 13 4 17 19 1 2
split_gain=2825.33 1785.34 552.483 422.408 185.109 183.345 167.35 156.6 153.057 136.715 136.44 117.96 183.109 117.837 103.632 100.261 99.6683 96.3477 90.2987 89.5865 88.7685 81.2022 80.0666 100.168 84.9883 77.96 72.2696 66.7378 62.6346 62.231 67.1358 61.829 62.1284 58.266 57.2172 57.1346 56.4592 56.4575 56.0372 52.0694 49.146 47.8143 47.4304 46.7178 46.1169 46.0335 66.4109 59.4852 45.7761 45.3758 44.516 44.386 44.14 47.0759 43.5648 43.7151 43.4528 43.3816 42.8195 42.7019 41.7321 41.6185
threshold=0.095702299823622008 0.037619686944548196 0.024430463225263918 0.053477770438522448 0.0093203897551723657 0.024430463225263918 -0.089721994734924912 0.30680875923413242 3.5265486935564452 0.84367233415354648 0.71017839853757947 0.030338905914821291 0.033449360586656769 0.52843205630141554 -0.098399999999999974 0.033021831628799514 0.066919746612779205 0.96221975907645996 0.46834853735002241 0.32693907589914251 0.72208653591109184 0.016396713910233628 0.031827200496059742 0.030519706672412588 -0.1722386531063618 0.15273251244432798 0.011096695171804869 -0.12411556205316192 -0.09735116661487124 0.4655568751649512 0.018549399493124733 0.5644592669025158 0.026457922037817629 0.77793305903203402 0.025265646839615716 -0.032465463993650405 -0.11903185679703597 0.13916103707531971 0.021890372676806141 0.036712426408057663 1.9900858835991906 0.01178252343848374 0.055430343327967042 -0.0065374743679308392 2.4926916439765465 0.084622027368141381 0.33378562486191915 0.7501931993817621 -0.017779659271921485 0.63516164107765849 0.54404715710666285 0.073664915822057489 0.036179701978480867 2.1588079407013683 0.2200230414746544 4.5000000000000009 0.35489008118318471 0.0072387273550972306 0.44183932346723048 0.64004590187634902 3.2763223609185963 0.034396249380162246
decision_type=2 8 10 8 10 10 10 8 10 10 10 10 10 8 10 10 10 10 10 8 8 10 10 10 10 10 10 10 10 10 2 10 10 10 10 2 10 10 10 10 10 2 2 10 10 10 10 10 10 10 10 10 10 10 10 2 10 2 10 10 10 10
left_child=1 5 3 6 13 7 10 51 19 27 20 14 22 39 18 42 37 29 -6 -2 -3 -12 23 -13 -24 33 -23 36 59 -16 34 32 52 38 -31 -25 -5 -14 44 -4 -17 -28 -9 -40 -8 -10 -47 -48 -7 -18 -46 -1 53 -30 -20 -56 58 -29 -32 -21 -35 -15
right_child=8 2 4 9 11 48 25 15 45 -11 21 12 16 61 17 40 49 -19 54 28 -22 26 24 35 -26 -27 41 57 31 30 56 -33 -34 60 -36 -37 -38 -39 43 -41 -42 -43 -44 -45 50 46 47 -49 -50 -51 -52 -53 -54 -55 55 -57 -58 -59 -60 -61 -62 -63
leaf_value=-0.018744050556214784 0.060033573550731516 -0.013556324879198176 -0.030176769830346339 0.020099655434580799 -0.0080695143270972016 -0.0042752148062957761 -0.0094793137477110993 -0.038453229845565803 0.04134296643362069 0.023164288400261517 -0.018574479035734649 0.10405929880507865 -0.016721160848019903 -0.00035116469529144676 0.037653758511631746 -0.027066074881619235 0.021188014861970125 -0.025593961322870774 0.020678522596750695 0.031472140943516677 -0.028910337531806204 -0.010735649403271081 0.08000917772827211 0.053521221804825228 0.027465942260279853 0.015353526179941054 -0.00039245960807756156 0.0028702894050809087 0.057411942035324792 0.04266719480255133 0.068266890992576906 0.032171022406758655 0.072932448246240927 -0.016415858752524271 -0.0023579705948686292 0.01800873649277188 -0.0018433130629466955 0.041119006418035633 0.0074244126210495469 0.0049274938366401103 -0.010401332963466105 0.027369047496535671 -0.008158490056335347 0.056253813624535326 0.018407031761562682 -0.016490709106540786 0.0048144934912658904 0.046344247590318917 0.030283058602733372 0.077916779806450787 -0.002241871899613591 -0.0015373004657800674 0.048680955627642089 -0.0056987572377401518 0.008632994349412183 -0.026253656055958231 0.017992055044316342 0.018931373270603097 0.028862930896271656 -0.009452030666897749 0.036450446356729456 0.024115877588213479
leaf_weight=2102.7997591197491 528.65240047872066 4230.8492064476013 420.57399289309978 322.37486211955547 835.80224233865738 487.39656412601471 1778.3567958176136 2791.4104381948709 132.42251825332642 1165.7697693407536 401.62228620052338 43.223177254199982 329.96251916885376 453.7280574887991 497.56844978034496 2285.0967828035355 161.27037011086941 110.75864067673683 774.00481748580933 1282.9699164479971 1211.6899992823601 342.32292483747005 213.65863759815693 146.31069864332676 122.27360039949417 593.06369569897652 241.36285619437695 721.51617984473705 45.07733242213726 80.823156148195267 90.130670428276062 768.23539021611214 245.48128813505173 987.96722160279751 511.95617312192917 499.26740305125713 3134.9287791252136 47.387456238269806 773.4475824534893 140.61251881718636 550.72743757069111 432.82766382396221 136.11225874722004 51.345115467905998 336.90833425521851 177.46736165881157 225.45435975492001 138.89108380675316 118.22221024334431 44.610308155417442 1146.2653193026781 456.26130516827106 878.77477051317692 81.931004270911217 630.2515212893486 103.70183861255646 865.05019515752792 1007.9052632451057 298.66715551912785 66.64503875374794 37.87425996363163 280.69366097450256
leaf_count=11834 2337 23102 2303 1617 4311 2576 9357 16782 627 5668 2148 210 1711 2324 2430 13125 775 567 3921 5912 6710 1835 953 686 580 2961 1274 3614 205 403 431 3511 1062 5309 2517 2395 16071 229 4001 696 3038 2251 796 263 1759 896 1115 649 609 212 5917 2458 3947 378 3198 522 4189 4920 1424 305 194 1366
internal_value=5.81381e-05 -0.00470061 0.00178874 -0.00280742 0.0130767 -0.0240479 -0.00811935 -0.0259806 0.0370518 0.00769976 -0.0133806 0.016562 0.0282811 -0.00415726 0.0126301 -0.0305516 0.00590103 0.0198077 0.00510677 0.0408569 -0.0169793 0.000432685 0.0410007 0.0311615 0.0610226 -0.0017913 0.00795325 0.00422016 0.0378309 0.0219628 0.0177168 0.0434173 0.0502909 -0.00378289 0.00384255 0.0261274 0.00020797 -0.00936813 -0.00110703 -0.0213878 -0.0238345 0.0174445 -0.037048 0.0105286 -0.00405183 0.0150265 0.0085303 0.0207294 0.00250967 0.0337972 0.00245784 -0.015678 0.0446979 0.0169738 0.0124104 0.00367477 0.0242679 0.0122362 0.0381492 0.0294458 -0.0144304 0.00902014
internal_weight=40120.7 35548.7 26620.7 18918.4 7702.29 8928.03 12565.9 8322.41 4572 6352.49 6860.67 6406.68 1607.96 1295.61 4798.71 5763.35 583.231 2454.95 2343.76 3897.77 5442.54 1418.14 1024.73 688.801 335.932 5705.23 1016.51 5186.73 3369.11 2344.2 1846.63 2019.5 1251.26 5112.16 592.779 645.578 3457.3 377.35 4086.32 561.187 2835.82 674.191 2927.52 824.793 3261.53 674.235 541.813 364.345 605.619 205.881 1483.17 2559.06 1005.78 127.008 1507.96 733.953 1253.85 1729.42 388.798 1349.61 1025.84 734.422
internal_count=209486 188542 137324 98971 38353 51218 67081 48033 20944 31890 37320 31664 7751 6689 23913 33741 2927 11961 11952 17657 29812 7508 4824 3291 1533 29761 5360 26222 15320 11394 8964 9103 5592 26800 2920 3081 17688 1940 21297 2999 16163 3525 17578 4264 17033 3287 2660 1764 3185 987 7676 14292 4530 583 7641 3720 6044 8534 1855 6217 5503 3690
is_linear=0
shrinkage=0.05


Tree=8
num_leaves=63
num_cat=0
split_feature=4 0 2 0 13 19 7 7 15 0 14 2 2 8 13 0 14 7 2 2 8 0 2 19 4 6 0 17 18 14 8 1 6 11 7 7 4 14 1 7 0 8 17 8 2 17 7 17 2 9 19 0 6 19 13 13 13 17 14 15 19 7
split_gain=2523.68 1636.97 496.921 385.539 171.026 169.2 167.831 131.618 131.598 121.355 106.326 101.807 160.795 99.9981 93.2243 88.9532 81.9587 71.9191 69.6536 84.8889 73.1449 67.1677 66.4807 66.3687 66.8849 66.2922 72.2503 63.936 58.991 57.842 57.1836 55.7964 51.3389 71.3493 57.2949 51.3145 49.7654 49.481 48.8524 48.7316 48.4499 55.9125 69.3869 48.4494 48.1885 47.4352 46.9873 45.2884 45.2191 44.9478 70.6553 44.8017 45.7035 42.1968 42.0265 41.9747 41.922 41.201 40.2621 39.0938 38.5885 50.5591
threshold=0.095702299823622008 0.037619686944548196 0.02447974623388955 0.053308343567844148 0.30680875923413242 0.0093203897551723657 -0.074074074074074112 -0.085347838962991293 0.91114100953577359 0.032516026175530559 0.52843205630141554 0.030338905914821291 0.033449360586656769 -0.098399999999999974 0.96221975907645996 0.066919746612779205 0.46834853735002241 -0.06074208387898327 0.031827200496059742 0.030519706672412588 -0.1722386531063618 0.043592571301081663 0.0286543737976452 0.4655568751649512 0.018549399493124733 0.047261628752820702 0.041713682353576843 0.91851627704043592 0.8009368966122522 0.75434512892437167 -0.088855421686747024 3.3616731998860412 0.016706443914081052 3.5000000000000004 -0.022406639004149461 -1.0000000180025095e-35 -0.032465463993650405 0.53620299578717445 2.5186335658272565 -0.043108187124793577 0.036855751179306916 -0.0042483229295779959 0.87139000297357871 -0.05434461596921996 0.036712426408057663 0.89506833743093572 -0.052763819059292776 0.90691806733357039 0.025265646839615716 4.5000000000000009 0.37408644601908564 0.067845098325854877 -0.0010741138320472519 0.86812809296571236 0.21183667035368678 0.064666948368436797 0.88764526760074791 0.38673749400191942 0.63489887335414708 0.55600829875518687 0.2200230414746544 -0.06403679124680399
decision_type=2 8 10 8 10 10 10 8 10 10 8 10 10 10 10 10 10 8 10 10 10 10 10 10 2 2 8 10 10 8 10 10 2 2 10 8 2 10 10 10 10 10 10 10 10 10 10 10 10 2 10 10 2 8 10 8 10 10 10 10 10 10
left_child=1 4 3 6 35 10 27 31 17 -6 44 13 18 16 23 39 -7 -2 19 -13 -20 28 46 -15 48 26 45 -3 -8 47 37 -5 38 -34 -35 -1 -21 -10 -23 -14 -32 42 43 -42 -4 -19 -11 -9 -25 55 59 52 -52 56 -30 -31 -48 -17 -39 -51 61 -18
right_child=8 2 5 7 9 11 21 29 30 22 -12 12 15 14 -16 57 60 25 20 36 -22 32 -24 24 -26 -27 -28 -29 54 49 40 -33 33 34 -36 -37 -38 58 -40 -41 41 -43 -44 -45 -46 -47 53 -49 -50 50 51 -53 -54 -55 -56 -57 -58 -59 -60 -61 -62 -63
leaf_value=-0.014791682666496431 0.025426694758736591 -0.01789797271733853 -0.029138531887175873 -0.005125679555951777 -0.0359810437603146 -0.0078990985082661915 -0.011673530996378925 -0.0012972998219202565 -0.0088985364105439967 -0.032908847859980758 0.0084114161796919034 0.094952663343413832 -0.018087761414028094 0.037966697436078674 -0.026124706552187866 0.0038249118682052241 0.013050395833345569 0.0041194306217976961 0.074203860115053699 0.049851975570938005 0.025825196458738677 -0.0062402279931720031 0.018558102816730482 0.039221913207198943 0.023597215809546528 0.059972301823254394 0.043417883358657566 0.033890151504276288 0.02429379020108545 -0.019929997900873631 0.0047344347400983498 0.0075584921868918371 0.0053649927262652587 0.089034159896358545 0.012985551357099324 0.013047005256942523 0.016983768973545865 0.057927569819896566 0.004656767645021845 0.026307757145637808 0.041078562037777766 0.022221344503744907 0.021705951783366501 0.10474429548778948 0.0046726575428422037 0.041627629215045231 -0.011591948059784349 0.03153059868757313 -0.0022426334113055087 0.022175580016348291 -0.024818301472328785 0.065742994419768316 0.023411723920138777 -0.031309034175721555 -0.0026800108624130065 0.017237665334164858 -0.030246566583513265 0.04936071945157168 0.011028619148572321 0.078867535617680978 0.0034820350236234041 0.045103996292586247
leaf_weight=2665.2124257087708 719.80408644676208 3468.2750227153301 413.98754957318306 1899.080716714263 2641.9131755232811 829.49713119864464 3391.1959894299507 697.79327775537968 244.38637606799603 854.73591886460781 735.15603910386562 45.045562729239464 298.56696464121342 476.98668064177036 107.36010217666626 81.387227922677994 613.15453442931175 216.33081576228142 218.79302689433098 149.2205469161272 123.56886233389378 2464.1404937207699 99.22297491133213 74.437814369797707 1236.0701903998852 490.21611358225346 1932.9941090792418 59.750432536005974 179.5818193256855 78.851289168000221 149.68507868051529 1593.6480109393597 346.43942978978157 51.942500159144402 47.284339264035225 175.74000762403011 502.89227184653282 60.484520971775055 1763.9370691478252 76.946192070841789 51.830296039581299 276.67964075505733 88.043446466326714 76.605179339647293 140.91373094916344 137.36685445904732 1436.7275937050581 122.66822032630444 511.43658125400543 44.703099936246872 64.222357481718063 43.828001782298088 198.90013583004475 552.72145614027977 720.04484973847866 1635.4989039599895 381.08011588454247 127.21648955345154 181.66282358765602 101.28461207449436 735.21229672431946 153.41799740493298
leaf_count=14977 3343 19188 2303 9822 16244 4294 18350 3465 1215 5006 3680 210 1560 2288 556 391 3097 1005 953 686 580 12946 505 363 5892 2115 8538 305 935 385 729 8062 1778 262 237 906 2395 290 9112 380 242 1248 401 345 696 621 8200 586 2517 219 308 207 952 3183 3865 7941 2197 596 852 493 3720 749
internal_value=4.97834e-05 -0.00448529 0.00169617 -0.00264173 -0.0231697 0.0124519 -0.00777502 0.00725352 0.0347778 -0.0279779 -0.00405629 0.0157999 0.0266038 0.0120924 0.0192406 0.00559901 0.00470919 0.0395722 0.0383899 0.0292468 0.0568686 -0.00413847 -0.021609 0.0213696 0.017006 0.0432284 0.0396142 -0.0170115 -0.00865467 0.014956 0.019912 0.000662309 8.67704e-06 0.0161299 0.053286 -0.0130656 0.0245697 0.00695867 -0.00169402 -0.00894499 0.0296896 0.0372392 0.056243 0.0795678 -0.0205594 0.0187629 -0.0228501 0.00364325 0.00308347 0.0192349 0.0332399 0.019511 0.0115905 -0.0192109 0.00272545 0.0155175 -0.0155171 0.0316978 0.0229333 0.0617768 0.0116739 0.0195158
internal_weight=40057.8 35431.7 26624.3 18973.1 8807.35 7651.27 12492.6 6480.48 4626.09 5966.4 1290.06 6361.21 1623.64 4737.57 2406.29 584.117 2331.28 3496.71 1039.52 697.158 342.362 8964.57 3324.49 2298.93 1821.94 2776.91 2286.69 3528.03 4290.82 2987.75 1129.38 3492.73 4673.74 445.666 99.2268 2840.95 652.113 486.534 4228.08 375.513 642.844 493.159 216.479 128.435 554.901 353.698 3225.27 820.461 585.874 2167.29 452.938 306.95 263.122 2370.53 899.627 1714.35 1817.81 208.604 242.147 145.988 1501.78 766.573
internal_count=209486 188542 137324 99418 51218 37906 66978 32440 20944 35335 6679 31227 7751 23476 11616 2927 11860 15622 4824 3291 1533 47485 19091 11060 8772 12279 10164 19493 23150 14556 5322 17884 24335 2277 499 15883 3081 2357 22058 1940 2965 2236 988 587 2999 1626 18586 4051 2880 10505 2179 1467 1260 13580 4800 8326 10397 987 1142 712 7566 3846
is_linear=0
shrinkage=0.05


Tree=9
num_leaves=63
num_cat=0
split_feature=4 0 0 8 4 1 15 0 7 9 19 7 0 17 15 0 1 14 8 6 7 4 8 14 7 1 9 4 15 19 8 16 19 1 1 12 14 1 0 17 10 9 1 14 7 0 8 17 4 1 8 14 8 7 8 17 19 14 14 16 0 18
split_gain=2257.24 1504.64 501.87 214.633 137.663 127.347 115.599 89.6138 76.9453 78.3294 76.3362 99.3161 73.054 81.8682 67.4879 67.3796 68.1996 66.0203 66.8122 67.9134 65.8857 60.0506 50.678 50.3353 55.1979 53.7358 49.6597 48.9081 47.2789 46.9873 62.743 46.2089 46.5688 59.5454 45.8963 45.3498 45.1376 44.9787 44.6969 51.4087 48.6948 45.2231 44.3801 44.3278 43.1054 42.751 48.6474 59.5919 42.3923 42.0162 53.9188 44.5502 40.9287 39.7515 39.2961 37.9747 37.9564 40.1567 37.5404 37.1478 35.7764 35.3353
threshold=0.095702299823622008 0.036583475111009553 0.049569877231926067 -0.098399999999999974 0.020000000000000132 1.7092873346383586 0.91114100953577359 0.041445460843999006 -0.13102420212527835 9.5000000000000018 0.19190638083447906 -0.067399642840454507 0.07917374375680121 0.76067363389638276 0.32693907589914251 0.031801242083979699 1.2748038667173038 0.73797709223069308 -0.13333333278730422 0.0094458970057056408 -0.06074208387898327 0.054054054054054064 -0.088855421686747024 0.71017839853757947 -0.031249998870266856 1.4394118184161859 3.5000000000000004 0.028687157558590862 0.97795130448873768 0.72610607809676775 -0.013333333333333251 0.013346055979643768 0.02910722657558101 2.0883515847216536 1.9677208665977994 2.5000000000000004 0.46834853735002241 1.5323496107964794 0.041713682353576843 0.89506833743093572 2.5000000000000004 6.5000000000000009 1.8937312911376432 0.53620299578717445 -0.0315985130111524 0.036855751179306916 -0.0042483229295779959 0.87139000297357871 0.027183666288127076 1.804695001639401 -0.39466810338239561 0.67848369640293826 -0.05434461596921996 -0.039176785249587891 -0.21347032169216204 0.9541342838777539 0.71476891397193421 0.32201694915254242 0.23478600013565762 0.9470978382930938 0.055114234796473476 0.71391971365060491
decision_type=2 8 8 10 2 10 10 10 8 2 8 10 8 10 8 10 10 10 10 2 8 2 10 10 8 10 2 2 10 10 10 2 10 10 10 2 10 10 8 10 2 2 10 10 10 10 10 10 2 10 10 10 10 10 10 10 8 10 10 2 10 10
left_child=1 15 3 10 12 29 14 61 -6 17 11 37 13 31 -2 21 -17 18 -10 55 -16 -1 43 25 -25 27 -21 -12 -18 48 -31 -4 -33 36 58 42 -34 -3 39 56 -40 59 44 -8 -19 -24 47 52 -5 -13 -51 -52 -47 -37 -27 -20 -22 -58 -9 -42 -35 -7
right_child=6 2 4 5 8 7 22 34 9 -11 23 49 -14 -15 20 16 28 35 19 26 38 -23 45 24 -26 54 -28 -29 -30 30 -32 32 33 60 -36 53 -38 -39 40 -41 41 -43 -44 -45 -46 46 -48 -49 -50 50 51 -53 -54 -55 -56 -57 57 -59 -60 -61 -62 -63
leaf_value=-0.030655511507285585 0.0534041938939743 0.024475294343364179 -0.022961530450147989 0.012584746506378789 0.001444184597728039 -0.015418739709212731 -0.0084889561606585149 -0.0087806509155028238 0.00022746475617661227 -0.039749420376610105 -0.012756067802074562 0.029216141226367582 0.018515968448246066 0.014068019636497854 0.018605053989519608 0.0085094504614153035 -0.021957710900211119 0.087051756018682161 0.0085242378228046825 0.019934262110635745 0.027916643703909616 -0.00050770133455938166 0.0044902759553358566 -0.0091312469408765789 0.034018845155755678 -0.028799859767829384 0.05915726164436802 0.026075476553987894 0.015191799002201391 -0.0055274609331670962 0.02657466627496757 -0.011602728835426859 -0.00098044449082221687 -0.0075753309654698845 -0.0007860634901300361 0.011393959040660463 0.022953653498603607 -0.017072911939024975 0.037906484372302388 0.04240346910388712 0.0057209481123528024 0.082666696143472801 0.019062677893727977 0.021603232149592339 0.018837329454951406 0.038478966782222866 0.0209586586024092 0.020479739961713123 0.038714833247350006 0.057965877726765702 -0.0069442236559425071 0.019731383221682143 0.096392654153692692 0.069613261684843053 -0.016240713931036859 0.046348098912070312 -0.03212877549834476 0.025404103061293759 0.018286455170900669 0.060892150892086751 0.0027172041082317369 -0.0023092001777906108
leaf_weight=3287.8572348803282 543.13452446460724 68.57474459707737 224.23167081177235 343.08228386938572 1120.6853536367416 1392.6353748887777 243.44177441298962 159.90427696704865 960.74245923757553 61.58000560104847 214.27248881757259 174.32045319676399 711.64556880295277 1112.369831725955 556.16127341985703 203.59912374615669 3845.6892788559198 47.360697537660599 967.67045441269875 185.91896142065525 124.76915141940117 173.94554303586483 149.97960183024406 298.65642960369587 97.469940170645714 779.49210369586945 143.80130769312382 129.0932364910841 86.933466702699661 443.85474845767021 230.4394695609808 727.65623477101326 314.09298002719879 1255.598460689187 2824.0400244146585 44.466136068105698 527.00808703899384 1051.5812063068151 1731.1426181942225 198.58412618935108 49.239026740193367 126.57207432389259 2580.5722590237856 244.26921160519123 45.78847074508667 52.611880615353584 278.68799199163914 88.69187431037426 284.70935241878033 40.604994550347328 631.96713179349899 206.9338069409132 79.097825422883034 87.707159712910652 3137.6105939298868 70.33950075507164 80.276398107409477 47.473019808530807 632.79835999011993 80.188818499445915 2572.2049959003925 815.01666697859764
leaf_count=20024 2337 342 1153 1715 5674 7638 1215 806 4842 301 1135 873 3470 5488 2573 1069 22475 223 4728 894 578 996 729 1636 513 4397 670 653 488 2225 1130 3763 1578 6574 14804 212 2566 5895 7559 875 216 551 12471 1142 219 242 1248 401 1377 206 3402 1076 345 418 17503 334 368 217 3147 348 13032 4407
internal_value=4.27455e-05 -0.00427919 0.00112439 -0.00555602 0.00789968 0.000514468 0.0326908 -0.00264635 0.0133283 0.0158907 -0.0118886 -0.00415017 0.00329255 0.00168104 0.0371497 -0.0239897 -0.019672 0.0165656 0.0103348 0.0174291 0.0341846 -0.0291413 0.0187945 -0.0154997 0.00154509 -0.0170845 0.0371678 0.00187653 -0.0211328 0.0146444 0.00546652 -0.000772442 0.000153617 0.00198795 0.00219928 0.0217308 0.0140254 -0.0145098 0.0377292 0.0234332 0.0409611 0.0613897 0.0203023 0.00659603 0.0540765 0.0279362 0.0349588 0.0524867 0.0244777 0.00686484 0.0024066 -0.000348426 0.0737231 0.0502596 -0.0187467 0.0111295 0.00840631 -0.0107177 0.0128223 0.0401078 -0.000660056 -0.0105822
internal_weight=39990.8 35316.5 27718.5 13957.1 13761.4 7126.48 4674.32 5824.39 6316.63 5195.95 6830.58 2173.98 7444.81 6733.16 3537.54 7598.02 4136.22 5134.37 2328.47 1367.73 2994.41 3461.8 1136.78 4656.59 396.126 4260.47 329.72 343.366 3932.62 1302.09 674.294 5620.79 5396.56 4668.9 3616.74 2805.89 841.101 1120.16 2438.25 451.103 1987.14 256 2673.72 487.711 93.1492 649.069 499.09 220.402 627.792 1053.83 879.506 838.901 131.71 132.173 3917.1 1038.01 252.519 127.749 792.703 129.428 3827.8 2207.65
internal_count=209486 188542 143490 74880 68610 37249 20944 30802 30986 25312 37631 11794 37624 34154 15622 45052 24032 25011 11468 6626 13285 21020 5322 25837 2149 23688 1564 1788 22963 6447 3355 28666 27513 23750 18757 13543 4144 6237 10712 2038 8674 1115 12913 2357 442 2965 2236 988 3092 5557 4684 4478 587 630 21900 5062 1163 585 3953 564 19606 12045
is_linear=0
shrinkage=0.05


Tree=10
num_leaves=63
num_cat=2
split_feature=4 0 0 7 13 7 1 15 0 5 13 18 0 6 5 13 18 0 15 13 1 1 14 13 1 14 13 0 22 14 6 0 18 3 7 3 13 9 17 5 6 1 7 7 0 10 18 1 1 18 7 13 3 15 5 3 13 17 21 0 6 7
split_gain=1992.28 1407.37 464.553 218.346 143.97 110.941 110.603 101.355 91.2146 82.6277 80.9545 72.0036 68.5949 68.5886 64.1301 64.1244 58.8667 58.1132 55.6798 53.429 49.3719 48.7733 48.4756 49.9965 45.0656 78.9539 43.9805 43.1618 41.3152 39.3945 38.541 36.4281 35.3834 35.1148 39.3202 34.734 47.2589 53.2668 67.0239 41.8647 34.1797 33.9903 33.7863 33.7217 33.5808 33.2106 49.3745 47.1057 63.0119 35.9311 33.167 34.4347 32.3284 31.35 31.0925 30.7886 44.1222 30.7084 30.571 30.4555 30.3029 30.107
threshold=0.095702299823622008 0.036583475111009553 0.049569877231926067 -0.065321805991548784 0.32674928600571201 -0.063417344814301987 1.7092873346383586 0.91114100953577359 0.030132301001901601 0.15273251244432798 0.77793305903203402 0.26401320132013206 0.068373690988599314 0.047261628752820702 0.15273251244432798 0.95021195954805926 0.92879757932810325 0.055683478698486923 0.97795130448873768 0.68289666985772701 3.3895191415076869 1.2748038667173038 0.37770173471612328 0.84833496412263554 2.0883515847216536 0.51235658508921189 0.49748901344867374 0.041323797106736025 0 0.20313730314960635 -0.0046656298600311055 0.055114234796473476 0.25589342336915161 2.8359727732961395 -0.014898134029382335 1.1479654852245618 0.12024108609527492 5.5000000000000009 0.42250461254612554 0.027250271514089878 0.016706443914081052 1.740382264365713 -0.06074208387898327 -0.17657490391765832 0.046543045788106148 1.5000000000000002 0.57979838180440246 1.9840484890861563 2.5263680279121115 0.73368993135011451 -0.053915047084752525 0.91112108517853596 -0.32795095290706816 0.97795130448873768 0.10575899437680848 3.9295565947683984 0.30680875923413242 0.91851627704043592 1 0.045213123403931819 0.020769003907489373 -0.062770240470332403
decision_type=2 8 8 10 10 8 10 10 10 10 10 8 10 2 10 10 8 8 10 8 10 10 8 10 10 10 8 10 9 10 2 10 10 10 8 10 10 2 10 10 2 10 10 10 10 2 10 10 10 10 10 10 8 10 10 10 10 10 9 10 2 8
left_child=1 4 3 19 16 12 15 13 -6 10 32 -7 14 22 24 -5 58 20 21 28 -13 -10 23 33 25 -4 42 -12 53 -18 -27 -26 -8 34 -2 -34 -37 44 39 -39 45 -30 -24 -33 -38 46 -40 -47 54 -48 -23 57 -28 59 -49 56 -9 -52 -1 -3 -16 -15
right_child=7 2 5 6 8 11 9 55 18 -11 27 17 -14 61 60 -17 29 -19 -20 -21 -22 50 26 -25 31 30 52 -29 41 -31 -32 43 35 -35 -36 36 37 38 40 -41 -42 -43 -44 -45 -46 47 49 48 -50 -51 51 -53 -54 -55 -56 -57 -58 -59 -60 -61 -62 -63
leaf_value=-0.018153618596090364 -0.0058047847295743102 -0.019139138848241057 -0.0046250291766892259 0.012915272336499745 -0.038839920670748665 0.036596191729009887 0.012770929187097347 0.034677325915900302 0.0061960571607951789 0.013595353440755374 -0.026265291461395054 0.0077309945170713811 0.011421059638985414 0.020002617361525591 0.015585228211461506 -0.021457370331579087 0.023351303650308672 0.016884158235495449 0.02633438227873789 -0.022948985555167646 -0.027102569095757329 -0.035155748009481728 0.025630749343426042 -0.033246782609916974 -0.008481782802997424 -0.0094980129212057229 0.051961128419433192 -0.0082327899029867556 0.029282372814703778 -0.025273210151828252 0.024479100206674865 -0.0094263235418807108 -0.006975763672800216 -0.0079406641742317628 0.039007349282985007 -0.016830185678854335 -0.005656502918324465 0.018572242787818136 -0.044968196526828826 0.089313414683264841 0.049430705625138661 -0.0039952339925559931 0.045894849067711282 0.0037352002658818302 0.01344913795370925 0.052973528653072179 0.034593546392395307 -0.029393847905930977 0.047950592217973355 -0.013677063335042192 -0.02099787334605363 -0.034299673937412734 0.025685318561938952 0.028862937648796241 0.021923052661935803 0.0045471657997648114 0.011326942936420862 0.018936542846085321 -0.00070034306877476049 -0.0074090352899740296 0.055598267388231752 0.054900666580226687
leaf_weight=2081.3776401877403 61.536508530378342 1411.2464743852615 624.40306481719017 1640.9152261167765 1457.4536774158478 309.62189145386219 347.53423200547695 395.52471098303795 122.81104785203934 634.64314027130604 598.60783982276917 2342.5159896165133 2280.6281428486109 72.207713067531586 175.15458001196384 147.0119387358427 163.16490811109543 2676.1853882521391 53.555550128221512 1351.9085594415665 105.37480989098549 743.28960736095905 271.14519029855728 45.401420652866364 1519.0896361917257 96.253836467862129 129.30834075808525 746.1705539226532 91.866622179746628 54.910227730870247 604.85523445904255 611.5855425298214 3256.7920903563499 77.945550158619881 233.91309727728367 317.72635418176651 1078.7469623535872 39.226756557822227 65.251866742968559 45.458416059613228 47.646312087774277 440.82534259557724 915.65040323138237 2366.8824609518051 291.24827496707439 67.925149291753769 65.145465433597565 95.139474764466286 58.274594992399216 91.517045497894287 1919.2113234102726 538.89354546368122 1271.9199262857437 41.473519399762154 41.742323353886604 326.82230612635612 416.00382500886917 48.641353964805603 297.03990493714809 913.01288582384586 64.517461463809013 501.40533047914505
leaf_count=12030 286 7965 3177 8206 9382 1483 1839 1794 645 3210 3431 11598 11217 325 851 786 861 12669 307 7612 528 4578 1240 207 8003 476 550 4012 467 294 2963 3175 17483 359 1027 1693 5794 212 353 240 246 2465 3932 12042 1513 355 346 504 301 488 11567 3313 5607 230 219 1595 1910 286 1708 5009 313 2113
internal_value=3.87211e-05 -0.00405303 0.00114342 -0.00529607 -0.0232961 0.00765293 -0.00114645 0.0305423 -0.0283544 -0.00369146 -0.0052055 0.0132122 0.00403125 0.0346757 0.00125 0.0100786 -0.0137746 0.0117924 -0.0238842 -0.014741 0.00622105 -0.0246891 0.0316315 0.0157951 0.000204596 0.0083034 0.0341871 -0.0162732 -0.010906 0.0110484 0.0198076 -0.00218359 -0.00268452 0.0218311 0.0296857 -0.00365238 0.0010442 0.00390892 0.0160907 0.0571448 0.00946858 0.00175496 0.0412906 0.00103041 -0.00158797 0.00544904 -0.00877638 0.0174363 0.00486033 0.00648756 -0.0258578 -0.0230879 0.0281454 -0.0137059 -0.0136992 0.0175227 0.0227362 -0.0200017 -0.0160543 -0.0145365 0.0265426 0.0505501
internal_weight=39903.3 35184.5 27704.1 13927.1 7480.35 13777.1 9676.72 4718.78 4883.86 7888.8 7254.15 5433.7 8343.37 3580.43 6062.74 1787.93 2596.49 5124.08 3426.4 4250.33 2447.89 3372.85 3006.82 418.797 5823.07 1325.51 2588.02 1344.78 2898.42 218.075 701.109 4497.56 5909.38 373.395 295.45 5561.84 2305.05 1987.32 617.327 84.6852 532.642 532.692 1186.8 2978.47 1370 484.996 221.914 263.082 195.156 156.663 3250.04 2506.75 1401.23 2365.73 136.882 1138.35 811.529 1967.85 2378.42 2324.26 239.672 573.613
internal_count=209390 188445 143474 74979 44971 68495 51231 20945 30078 42239 39029 26278 42217 15646 31000 8992 14893 24795 20696 23748 12126 20389 13208 1879 29836 6616 11329 7443 16136 1155 3439 23220 31586 1672 1313 29747 12264 10571 3264 452 2812 2932 5172 15217 7307 2566 1187 1379 1024 834 19744 15166 6157 13204 723 5299 3704 11853 13738 12974 1164 2438
cat_boundaries=0 1 2
cat_threshold=1539 18186
is_linear=0
shrinkage=0.05


Tree=11
num_leaves=63
num_cat=0
split_feature=4 0 2 0 7 19 2 7 3 7 0 2 2 8 14 0 2 2 2 17 6 7 2 2 8 6 9 8 0 8 1 16 17 17 2 2 2 2 7 8 7 14 7 4 14 8 19 4 18 18 8 14 6 3 19 8 9 19 6 1 4 2
split_gain=1785.84 1291.1 450.801 317.4 167.35 162.518 126.756 88.4167 88.3445 81.8834 77.0591 73.4931 128.392 80.4471 86.4704 76.5559 67.2642 68.701 67.2079 66.7728 63.3736 62.0681 58.7118 56.7527 84.6685 55.595 60.1722 55.58 51.8622 51.2209 56.2123 52.5249 48.1576 48.1819 47.3395 86.8899 58.3469 89.1929 47.166 46.4607 45.5586 45.4883 44.35 42.9252 41.1583 47.3183 44.4254 40.9623 41.4104 39.4307 41.9393 66.8548 56.802 46.5548 70.5586 45.7407 43.9511 38.6962 38.2347 38.0189 37.7623 37.5913
threshold=0.095702299823622008 0.036583475111009553 0.02447974623388955 0.055114234796473476 -0.065321805991548784 0.0093203897551723657 0.024430463225263918 -0.14767243639281544 2.8359727732961395 -0.068109781608233597 0.042713554253717437 0.030338905914821291 0.033449360586656769 -0.083628017596026602 0.39326952968867973 0.060066748612948466 0.031827200496059742 0.030519706672412588 0.025994780398285667 0.7925957799451776 0.012560385583695323 -0.083457184352886668 0.027862282336196666 0.015855146407099511 -0.34879759036144575 0.016706443914081052 3.5000000000000004 -0.16210937500000003 0.030132301001901601 -0.12411556205316192 3.3616731998860412 0.69557358847924766 0.97787034476401191 0.68210369581509112 0.028521094297324818 0.02878252898519407 0.029488768802778721 0.029520151588016918 -0.022406639004149461 -0.10173599423879263 -0.044060353997202088 0.84878809727266258 -0.044060353997202088 -0.032465463993650405 0.42118435334390919 -0.14803137771711852 0.40211419738716681 -0.029884219697731303 0.25994671528720042 0.94518279759802193 -0.077773701801581427 0.66250864453665292 1.0000000180025095e-35 2.2831415425513124 0.3345971666175509 -0.227905821978753 4.5000000000000009 0.58055467627969526 0.091745248578291264 2.5435975336394856 0.054700855119522392 0.028117942464901815
decision_type=2 8 10 8 10 10 10 10 10 8 10 10 10 10 10 10 10 10 10 10 2 8 10 10 8 2 2 10 10 10 10 2 10 10 10 10 10 10 10 10 10 10 10 2 10 10 10 2 8 10 10 10 2 10 8 8 2 10 2 10 2 10
left_child=1 6 3 4 19 7 20 -4 18 29 23 13 16 14 -7 40 17 -13 21 -3 28 -2 -15 -6 -25 49 -27 -18 60 30 -5 -32 33 39 -24 -36 -37 -38 42 -10 -14 58 -28 -19 45 -26 -47 -11 -49 50 51 53 -53 56 -55 -54 -12 -57 -23 -34 -1 -20
right_child=8 2 5 9 10 11 -8 -9 32 47 25 12 15 22 -16 -17 27 43 61 -21 -22 41 34 24 44 26 38 -29 -30 -31 31 -33 59 -35 35 36 37 -39 -40 -41 -42 -43 -44 -45 -46 46 -48 48 -50 -51 -52 52 55 54 -56 57 -58 -59 -60 -61 -62 -63
leaf_value=-0.033244331950577931 0.010316511856659468 -0.01599413581793302 0.0098234456647616816 -0.007337139716875123 -0.022825537966997097 -0.0085637014997959667 0.0025095372477579756 -0.016341804919310584 0.014254221640515633 -0.019458502809299061 -0.011487386542999061 0.08242758376675044 -0.026842049563317746 0.024834771028677646 0.011281704913394169 0.020757708637888009 0.065866916440049564 0.044116905960168748 0.061137778337222927 0.0086298823926500949 -0.0073937097965152271 0.024762281637498332 -0.011109061339230609 0.067729745074687139 -0.023830148499282933 0.0009566399640438079 0.020328088469427474 0.023157411959269378 -0.02238259342344533 0.01382164473333799 0.0028233148421761573 0.030458179550508963 0.026079833306263778 0.010630402115492963 0.05727021928129479 -0.009145632189549625 0.07550266016172516 0.0067095670473939703 0.0082842694146360064 0.0640583098306646 0.022096124303865063 0.043415798924271914 0.078810194118364901 0.014049356409770626 -1.0709120383415034e-05 0.024281121514905947 -0.0088904353201708329 0.044132604252861474 0.015037393059912925 -0.027971679523027888 0.0043330038998558758 -0.0072544419060163309 -0.0085180471088659674 0.035575049151239047 -0.015413574891809069 0.036166443072085205 -0.036095100240262322 -0.015747155569713529 0.050933561180665769 0.082002533872524749 0.0044459350866875831 0.038172084206574725
leaf_weight=2022.5808330178261 380.17192304134369 4499.0450994670391 575.40107890963554 1428.6759974807501 564.58370403945446 775.18572041392326 475.61594216525555 733.20715673267841 98.895947992801666 78.904349014163017 749.98452451825142 47.856541335582733 200.38337197899818 1360.032148450613 1874.3113409727812 332.91714008152485 233.69920015335083 153.29513527452946 260.6341098845005 292.64353972673416 521.34908543527126 1357.9712964147329 232.79070776700974 37.747404634952545 534.82397621870041 272.99675819277763 56.518235951662064 115.03389605879784 4289.7252446860075 824.02323070168495 1238.0506311357021 198.72959922254086 85.749449700117111 1039.3188519328833 101.87183672189713 269.2048656642437 62.610279276967049 182.61795124411583 93.395214200019836 89.230519503355026 61.427185043692589 644.09111897647381 77.987953305244446 522.7693293094635 1431.399100586772 107.17817884683609 1515.4534406810999 131.26213990151882 1685.1529178768396 127.76240317523479 2584.4532555043697 409.64821718633175 110.01117876172066 114.64797531068325 163.23050168156624 260.30472469329834 239.14246796071529 41.032953456044197 155.89786456525326 47.425341233611107 68.484422296285629 597.54030801355839
leaf_count=12874 1730 25323 2836 7411 3079 4028 2551 3946 464 384 4101 214 1067 6423 9335 1593 999 691 1110 1537 3094 5930 1117 194 3041 1389 282 533 26048 4059 6222 986 384 4793 480 1289 298 872 464 400 303 2717 385 2457 7812 587 8320 619 7925 646 13201 2122 559 615 883 1337 1301 209 648 206 404 2563
internal_value=3.23798e-05 -0.00386612 0.00108414 -0.00292106 -0.0068725 0.0112405 -0.0224519 -0.00483811 0.0287776 0.00718477 -0.0030267 0.0144649 0.0235222 0.0113524 0.00547433 0.00487674 0.0338458 0.0250962 0.0330925 -0.0144888 -0.0241721 0.0289792 0.0183966 -0.00809238 -0.00579308 0.00097912 0.016813 0.0518852 -0.0255416 0.00284382 -0.000316803 0.00666418 0.0179906 0.0148667 0.00806715 0.0153166 0.0069137 0.0245087 0.0357197 0.0380907 -0.0153196 0.0322608 0.0545679 0.0209222 -0.00658504 -0.0109449 -0.00668578 0.015629 0.0171631 -0.000676285 7.58983e-05 -0.00519294 0.00591722 -0.0123911 0.0056756 0.0190202 -0.0174673 0.0290687 0.0274892 0.0464574 -0.0320084 0.04521
internal_weight=39838.1 35081.2 27703.4 19868.8 14284 7834.61 7377.76 1308.61 4756.93 5584.8 9492.3 6526.01 1667.38 4858.62 2649.5 594.728 1072.65 723.921 3396.31 4791.69 6902.14 2538.13 2209.13 4191.19 3626.6 5301.12 500.898 348.733 6380.79 3689.48 2865.46 1436.78 1360.62 1227.45 849.096 616.305 514.433 245.228 227.901 188.126 261.811 2157.96 134.506 676.064 3588.85 2157.46 1622.63 1895.32 1816.42 4800.22 4672.46 2088 820.997 1267.01 277.878 411.349 989.127 301.338 1513.87 133.175 2091.07 858.174
internal_count=209390 188445 143474 104993 77387 38481 44971 6782 20945 27606 50527 31699 7857 23842 13363 2963 4894 3362 14698 26860 42420 11025 10479 23033 19954 27494 2520 1532 39326 18678 14619 7208 6247 5657 4056 2939 2459 1170 1131 864 1370 9295 667 3148 19760 11948 8907 8928 8544 24974 24328 11127 4227 6900 1498 2105 5402 1546 6578 590 13278 3673
is_linear=0
shrinkage=0.05


Tree=12
num_leaves=63
num_cat=1
split_feature=16 2 14 14 13 19 7 14 5 13 14 2 22 2 2 2 2 1 2 6 5 14 9 1 2 2 13 2 2 5 2 8 2 7 1 5 2 2 2 14 18 2 13 3 14 3 2 13 18 8 1 8 6 12 8 17 5 1 8 2 13 17
split_gain=1272.68 894.021 772.812 167.292 151.578 139.607 132.759 196.767 116.125 105.745 89.3965 87.2156 78.3427 78.0331 117.721 88.7739 100.191 70.9559 66.663 65.6132 62.468 61.0736 59.5774 57.4327 57.2794 208.995 56.7763 55.3668 124.999 55.5866 55.2262 54.0456 52.7539 52.1465 50.7639 49.625 46.9816 46.6777 49.0663 44.9964 44.2245 44.2237 43.7341 43.3802 42.8711 40.9905 40.9584 39.686 38.7898 37.7979 50.9884 37.0533 40.3499 36.59 41.7859 36.5346 42.5549 35.3911 35.2837 35.0312 34.7221 40.6479
threshold=0.85656968087246976 0.024430463225263918 0.39326952968867973 0.75434512892437167 0.56055025410899673 0.0093203897551723657 -1.0000000180025095e-35 0.64315796006667392 0.018789996861653505 0.88764526760074791 0.52843205630141554 0.01629649707805603 0 0.030338905914821291 0.033449360586656769 0.027862282336196666 0.027459728617744199 1.6331751298720589 0.021507950842662864 0.050413336066133747 0.15273251244432798 0.26625701628533321 7.5000000000000009 1.5229860341617396 0.028521094297324818 0.02878252898519407 0.92668897316605303 0.029488768802778721 0.029675767752523629 0.054729254439155668 0.01629649707805603 -0.083628017596026602 0.015855146407099511 -0.064659483980160179 3.0619431388642324 0.093186721449437751 0.022290144831727348 0.031827200496059742 0.030519706672412588 0.23478600013565762 0.9508217027643554 0.027107963120998457 0.024888534082401968 2.7973870437670323 0.50834327764518705 0.11837648664290935 0.030306357345145581 0.017049330274091532 0.91897103154179849 -0.34879759036144575 2.3606062887530883 -0.18665738245368332 0.026655008123638638 2.5000000000000004 -0.0024038461538461449 0.62742681416511614 -0.11903185679703597 2.2122420460323284 -0.10289203204282292 0.024688065147332416 0.34293570922039324 0.49728014282332522
decision_type=2 10 8 8 8 10 8 10 10 10 8 10 9 10 10 10 10 10 10 2 10 10 2 10 10 10 8 10 10 10 10 10 8 10 10 10 10 10 10 10 10 10 10 8 8 8 10 10 8 8 10 8 2 2 8 10 10 10 10 10 10 10
left_child=1 2 4 8 17 10 7 18 -4 13 47 -6 55 15 37 16 31 40 51 43 26 -11 41 -16 -17 -26 49 -27 29 -29 35 44 -14 -32 -24 42 -35 38 -15 -20 -1 -9 -19 -8 -7 -34 -30 -3 -45 50 -10 -2 -53 54 -51 56 -5 -55 -38 -33 -60 -62
right_child=6 5 3 12 11 9 19 22 20 21 -12 -13 32 14 23 24 -18 30 39 -21 -22 -23 34 -25 25 27 -28 28 46 -31 33 59 45 36 -36 -37 58 -39 -40 -41 -42 -43 -44 48 -46 -47 -48 -49 -50 53 -52 52 -54 57 -56 -57 -58 -59 60 -61 61 -63
leaf_value=-0.026345510434235116 0.015305211175854101 0.0041749431272765022 -0.014551890687882332 0.013995953811244063 -0.042472545637978525 -0.0055931557077397928 0.030331370984016271 0.018081022698802046 0.058240078471525562 -0.021335003740562974 0.0069094198023427721 -0.023434523594258062 -0.0059902537826642911 0.077032765794896693 -0.024659415484302345 -0.010326484177487551 0.042529490895280526 0.027904857285883922 -0.011046455135403846 0.045473506156817889 0.013942036573700373 0.0073026338423358168 0.073923179469111311 0.01500926817219829 0.060236469969152134 -0.007750999772711333 -0.029352548320079136 0.073220630350020618 0.0058129827267950716 0.011146745628572532 -0.01844880559590379 -0.0028987389717079165 0.0051489486741746974 -0.0065568400836213438 0.018542652817146441 0.025914130903738355 -0.0073737194596109699 0.051512943376965575 0.024029495967326561 0.019279646459271514 0.019148349892515581 0.039053599633480943 -0.027839273544366602 0.059330384938387937 0.014442454652944886 0.018180487125671999 -0.037573725989412221 -0.026820379734388534 0.013899740438564366 -0.0037037294336624508 -0.0070364900461841367 -0.017285834574221084 0.019132716807706871 -0.011820732466034468 -0.03345975717013993 0.007763006096438211 -0.0064926800077492438 0.026412154241146225 0.0082564125278905484 0.024984819325667693 0.087234052960950284 0.018942506437972947
leaf_weight=1188.9364956021309 134.74148239195347 134.80540312826633 2776.3866514265537 287.48692885041237 717.53811684250832 444.76196564733982 1433.3988860398531 1751.9262101203203 57.67641519010067 313.13489261269569 723.88405215740204 3768.9454407989979 416.73280975222588 46.383932709693909 116.03906926512718 501.05466197431087 364.36458966135979 36.168295294046402 159.44245518743992 465.29549512267113 542.03089287877083 456.18472735583782 102.64700238406658 413.51197409629822 176.1231851130724 672.04256893694401 208.50596733391285 101.75083959102631 506.9150718152523 56.201575353741646 805.78189526498318 126.41495586931705 979.99087533354759 1959.7861063182354 70.30655412375927 49.7851921916008 119.61313292384148 313.36049054563046 603.66626220941544 516.57088448107243 55.242922589182854 293.81467650830746 738.4816420674324 48.811702936887741 665.38702403008938 1573.824328660965 59.921698212623596 437.08469916880131 869.21617455780506 4982.850221991539 60.640785321593285 660.1087002903223 85.10919426381588 88.222840756177902 119.86679075658321 911.44668251276016 2087.3215082734823 188.54855690896511 112.11614961922169 1018.3694375902414 39.493754059076309 48.744592517614365
leaf_count=7267 692 673 15506 1420 4714 2326 6164 8048 306 1649 3586 23058 2127 204 618 2475 1732 213 798 1969 2690 2234 476 2002 841 3320 1181 498 2500 270 4750 634 4909 11251 316 284 675 1358 2796 2450 310 1296 4535 220 3300 7691 301 2483 3953 26913 319 3517 429 479 641 4496 10750 982 574 4763 206 252
internal_value=2.71291e-05 -0.00396025 -0.0086832 -0.00168954 -0.0197676 0.0103041 0.0200926 0.0139567 -0.00604522 0.0131109 -0.00476111 -0.0264881 0.00459298 0.0152847 0.0252409 0.0121129 0.0182305 -0.0139137 0.000323386 0.0283074 -0.00226365 -0.00436626 0.0235133 0.00628668 0.00438196 0.00907082 -0.00380516 0.00258099 0.0121585 0.051343 -0.0105996 0.014287 0.0104576 -0.00752346 0.0516467 -0.0220894 -0.00365549 0.0356421 0.027924 0.0121213 -0.0243118 0.0211108 -0.025204 0.0248928 0.00641772 0.0131838 0.00116838 -0.0195197 0.0163772 -0.00283111 0.0250055 -0.0087436 -0.0131065 -0.00344788 -0.00440914 -0.00073935 -0.00400754 0.0142265 0.0140802 0.0219059 0.0268614 0.0501435
internal_weight=39764.9 33173.5 24922.2 15281.5 9640.63 8251.36 6591.39 3774.67 9024.73 6955.59 1295.77 4486.48 6256.8 6186.27 1492.96 4693.31 2619.3 5154.15 1555.97 2816.72 6248.34 769.32 2218.69 529.551 2074.01 1572.95 5706.31 1396.83 724.789 157.952 3909.97 2254.93 2970.55 3085.54 172.954 824.435 2279.75 963.411 650.05 676.013 1244.18 2045.74 774.65 2351.43 1110.15 2553.82 566.837 571.89 918.028 5497.81 118.317 879.959 745.218 5379.49 5102.72 3286.26 2374.81 276.771 319.968 1144.78 200.354 88.2383
internal_count=209390 179062 138499 80410 58089 40563 30328 18022 49017 33821 6742 27772 31393 29938 6978 22960 12755 30317 7886 12306 33511 3883 10136 2620 10205 7730 30821 6889 3569 768 22740 11023 14727 17708 792 5032 12958 4358 3000 3248 7577 9344 4748 10337 5626 12600 2801 3156 4173 29640 625 4638 3946 29015 27554 16666 12170 1461 1707 5397 1032 458
cat_boundaries=0 1
cat_threshold=2688006
is_linear=0
shrinkage=0.05


Tree=13
num_leaves=63
num_cat=1
split_feature=16 2 14 14 13 8 7 14 5 13 14 2 2 2 8 22 15 1 2 5 5 14 2 14 13 9 14 7 8 2 14 2 2 2 1 2 2 13 18 1 5 2 2 1 15 9 1 2 13 1 8 8 8 1 8 15 14 17 5 7 14 6
split_gain=1144.24 808.833 710.501 151.294 142.002 118.438 118.257 175.346 106.103 97.8512 81.2385 78.5437 72.9826 104.319 82.5673 70.2626 65.74 62.7974 61.7133 56.3004 56.1995 54.6335 53.679 53.0856 52.3141 52.0729 51.0666 49.1264 51.9505 47.2526 45.3221 44.0396 51.6441 59.9343 43.5931 41.8174 44.9607 41.4746 67.2801 40.5923 40.542 40.2837 59.5703 39.468 39.4661 38.6485 38.6118 37.6797 37.1222 36.8818 34.1168 33.9635 33.8196 44.4237 33.8972 33.5964 42.0753 32.935 38.3577 33.3831 32.6312 32.1726
threshold=0.85656968087246976 0.024430463225263918 0.39326952968867973 0.75434512892437167 0.54492920590396066 inf -1.0000000180025095e-35 0.64315796006667392 0.018789996861653505 0.88764526760074791 0.52843205630141554 0.01629649707805603 0.030338905914821291 0.033449360586656769 -0.099452696081577793 0 0.36275296635508142 1.6331751298720589 0.024303927850160275 0.15020744721399995 0.15273251244432798 0.85651375731660429 0.015855146407099511 0.26625701628533321 0.92668897316605303 7.5000000000000009 0.53620299578717445 -0.068852458643510459 -0.31567863509039973 0.015855146407099511 0.15542439767377461 0.027862282336196666 0.028521094297324818 0.02878252898519407 3.0619431388642324 0.031827200496059742 0.030519706672412588 0.32299510800857478 0.9508217027643554 1.8827727850816502 0.12637003435649755 0.029488768802778721 0.029520151588016918 1.4277082533872931 0.20424987616734927 2.5000000000000004 1.9169174537229721 0.037379936113057795 0.35876784405054563 2.0358870005919059 -0.15038366747837198 -0.099452696081577793 -0.34879759036144575 2.3606062887530883 -0.091891891827715719 0.87182279649284744 0.1043024116775968 0.62742681416511614 -0.11903185679703597 -0.13603645901907888 0.1673533030675888 0.031035787934950102
decision_type=2 10 8 8 8 8 8 10 10 10 8 10 10 10 10 9 8 10 10 10 10 10 10 10 8 2 10 10 8 8 10 10 10 10 10 10 10 10 10 10 10 10 10 10 10 2 10 10 10 10 10 8 8 10 10 8 8 10 10 10 10 2
left_child=1 2 4 8 17 9 7 18 -4 12 47 -6 14 35 26 57 -8 37 -2 21 24 43 -19 -11 52 44 40 -24 -29 -17 -20 48 49 -34 -27 36 -14 38 -1 -30 -3 -35 -43 -15 51 -31 -46 -7 -16 -33 -37 -9 53 -10 -54 -18 -57 58 -5 -60 -41 -13
right_child=6 5 3 15 11 10 16 25 20 23 -12 61 13 19 31 29 55 22 30 -21 -22 -23 27 -25 -26 34 -28 28 39 45 -32 32 33 41 -36 50 -38 -39 -40 60 -42 42 -44 -45 46 -47 -48 -49 -50 -51 -52 -53 54 -55 -56 56 -58 -59 59 -61 -62 -63
leaf_value=-0.020030925684240228 -0.0056297340632183264 -0.0066667066916577637 -0.013934621773436507 0.013216808772839268 -0.040519757537062565 -0.024487113026782706 0.049482802491122635 0.019907239105351447 0.053846514232643916 -0.020489374362415606 0.0070966766300435179 -0.023101516102513098 0.072624682663863641 -0.042026488403183272 0.032824257912202115 -0.0057075400275304264 0.029339275600564454 -0.023400041476390264 -0.022661447931149301 0.049391582330244863 0.013165022236373579 0.043316357054993197 -0.018853505979168357 0.0061870578750146963 -0.028347402233985543 0.068514395842425441 0.011030413998073934 0.055249810845330462 -0.011869968188870764 0.0064599017519692548 0.023965942639343006 -0.019380609616314232 0.048428973683155123 -0.0039756865729999973 0.017526373003733272 0.059248708003425438 0.022591738161293725 -0.036679176058745093 0.045414441535572725 0.025255837759553104 0.03455611920575577 0.062711888920515199 0.0097598310340043792 0.00016935707410970551 0.061014765059424075 0.018736443002037483 0.016624051816565115 0.0099430673262342322 0.016733853754787319 0.031502846892183939 0.023447306157103037 0.064746784258862031 -0.0073564629504754599 -0.0067135741242298269 0.0005901552193896104 0.052569214004716806 0.015117917628661657 0.0073501842609630837 -0.013582782172089553 -0.00076633035106404748 -0.0014751907344858982 0.014585492155588117
leaf_weight=775.20313829183578 1147.7039530426264 936.77002517879009 2755.0072125196457 289.22572320699692 723.94584903120995 463.44483508169651 284.89864847064018 84.006838083267212 59.30088484287262 309.88143326342106 680.95318014919758 3753.8872857242823 47.770617827773094 65.130073383450508 579.78820516169071 415.58585529029369 1403.6705269515514 625.84531237185001 60.485548719763756 64.869456216692924 545.29358361661434 62.12597531080246 719.82749678194523 465.27074007689953 205.22459678351879 105.2215144187212 1279.0988450795412 35.452587097883224 1117.4431509077549 1315.27274094522 346.7763178050518 203.82990016043186 117.65884755551815 285.38142867386341 70.711401507258415 222.26612313091755 612.25850789248943 384.78635302186012 40.435860171914101 125.51388558745384 62.706654489040375 68.857641637325287 223.72680898010731 342.04361736774445 49.495767921209335 1252.7320746481419 1839.5702343732119 95.290330544114113 949.28147213160992 42.169801592826843 97.545221045613289 86.598086193203926 2616.393651008606 60.433201938867569 2753.6309053450823 79.916461318731308 1067.5137413591146 914.4820022881031 879.58571493625641 1201.3737939596176 1169.0468384623528 56.865145161747932
leaf_count=4678 6000 4889 15506 1420 4881 2650 1170 373 306 1649 3366 23285 206 361 2709 2127 5990 3893 299 291 2690 283 4293 2272 1181 476 6287 190 6546 6515 1587 993 537 1371 316 928 2812 2516 213 734 312 319 1070 1702 220 6085 8382 467 4449 199 441 369 14396 319 14619 370 4776 4496 4577 6173 6525 335
internal_value=2.19515e-05 -0.00377815 -0.0082966 -0.00160857 -0.019009 0.00975334 0.0189841 0.0132008 -0.00576376 0.0122631 -0.00449419 -0.0254149 0.0143368 0.0238956 0.0112852 0.00435433 0.0267066 -0.0131879 0.00030498 0.00610399 -0.00215477 2.82147e-05 -0.0100289 -0.00449 -0.00362369 0.0221663 0.00441733 -0.00738029 -0.00399955 0.00988976 0.0170024 0.0176147 0.00909419 0.0160519 0.048236 0.0335787 0.0263173 -0.023153 -0.0167348 -0.00489295 -0.00404845 0.00938853 0.0223929 -0.00666657 0.0199171 0.0124536 0.0178188 -0.0186079 0.0228524 -0.0105658 0.0484361 0.0429122 -0.00269444 0.0234777 -0.00328226 0.0241446 0.0177698 -0.000703166 -0.00381512 -0.00618755 0.001134 -0.0225355
internal_weight=39696.5 33069.9 24791.8 15263.5 9528.25 8278.12 6626.57 3790.57 8995.28 7038.43 1239.69 4534.7 6263.28 1514.01 4749.27 6268.26 2836 4993.55 1554.97 534.169 6240.28 469.3 3793.13 775.152 5694.98 2235.6 2278.58 3167.28 2447.46 2983.59 407.262 2470.69 941.624 695.625 175.933 979.84 660.029 1200.43 815.639 2412 999.477 577.966 292.584 407.174 2059.67 2568 1889.07 558.735 1529.07 246 319.811 170.605 5489.76 119.734 5370.02 2551.1 1147.43 3284.67 2370.19 2080.96 1294.56 3810.75
internal_count=209390 179062 138499 80410 58089 40563 30328 18022 49017 34080 6483 28501 30159 7024 23135 31393 12306 29588 7886 2637 33511 2346 22181 3921 30821 10136 11488 18288 13995 14727 1886 11647 4489 3297 792 4387 3018 7407 4891 13805 5201 2760 1389 2063 9344 12600 8602 3117 7158 1192 1369 742 29640 625 29015 11136 5146 16666 12170 10750 7259 23620
cat_boundaries=0 1
cat_threshold=2688006
is_linear=0
shrinkage=0.05


Tree=14
num_leaves=63
num_cat=0
split_feature=4 0 2 0 7 19 2 8 7 17 0 5 14 19 0 6 4 2 8 14 4 7 6 9 0 11 7 6 3 9 4 4 2 3 18 0 8 2 8 14 6 3 19 9 15 8 19 2 2 17 7 19 9 19 9 1 4 18 2 19 0 15
split_gain=1336.79 1018.51 325.902 249.878 137.985 119.433 99.9467 75.4343 73.4354 66.2084 64.4593 63.1407 60.6933 63.1818 58.3145 57.2695 55.6641 54.3199 66.6425 53.489 53.8654 60.7497 47.1864 51.5874 45.7669 43.8625 42.3842 41.7067 40.2096 37.9715 45.2491 55.9671 37.8567 37.6612 37.5016 37.3873 36.4803 40.3164 36.0577 53.7044 49.9028 41.519 62.1962 41.5523 40.6848 40.1736 37.3987 36.0168 50.3034 42.985 35.6719 34.9956 59.7826 60.9129 53.9781 53.1042 34.6329 34.2672 48.8084 33.7918 33.6673 33.6074
threshold=0.095702299823622008 0.036583475111009553 0.02447974623388955 0.055114234796473476 -0.065321805991548784 0.0093203897551723657 0.024430463225263918 -0.099452696081577793 -0.14767243639281544 0.87551443814040153 0.057583129959688832 0.15273251244432798 0.56003120124805006 0.12840173040074296 0.042713554253717437 0.012560385583695323 -0.091899947954441827 0.015855146407099511 -0.34879759036144575 0.51235658508921189 0.013324620294725477 -0.12760525273088744 0.016706443914081052 3.5000000000000004 0.030132301001901601 1.5000000000000002 -0.013959202410979031 0.047261628752820702 3.9295565947683984 5.5000000000000009 0.099678450351781481 0.09937888198757773 0.030338905914821291 4.0570900501903147 0.94518279759802193 0.046262022890974176 -0.048611110259669958 0.013150474867107456 -0.077773701801581427 0.66250864453665292 1.0000000180025095e-35 2.2831415425513124 0.3345971666175509 4.5000000000000009 0.86758786374556507 -0.227905821978753 0.53271639673141857 0.020217215408749312 0.017124567590068959 0.72548301897625822 -0.0051584377302874565 0.71476891397193421 7.5000000000000009 0.9560554508253255 6.5000000000000009 2.0699451750532343 0.054700855119522392 0.6074720315280957 0.022785645736909142 0.58055467627969526 0.045213123403931819 0.73820857524002792
decision_type=2 8 10 8 10 10 10 10 10 10 10 10 8 8 10 2 2 10 8 10 2 10 2 2 10 2 10 2 10 2 2 2 10 10 10 10 8 10 10 10 2 10 8 2 10 8 10 10 10 10 10 10 2 10 2 10 2 10 10 10 10 10
left_child=1 6 3 4 11 8 15 12 -4 16 27 57 13 -2 17 24 -5 36 -19 20 -7 -22 34 -24 56 -18 -25 28 51 -15 31 -31 35 -20 38 -21 37 -6 39 41 46 43 -43 -16 -44 -42 -41 48 49 -26 -23 54 -53 55 -9 -54 -1 60 -59 -47 -3 -51
right_child=7 2 5 9 14 19 -8 10 -10 -11 -12 -13 -14 29 22 -17 25 18 33 32 21 50 23 26 47 -27 -28 -29 -30 30 -32 -33 -34 -35 -36 -37 -38 -39 -40 40 45 42 44 -45 -46 59 -48 -49 -50 61 -52 52 53 -55 -56 -57 -58 58 -60 -61 -62 -63
leaf_value=-0.030696231270051097 0.045625998164560311 -0.019399653205661314 0.0088920676260102038 -0.021734311283175215 0.011229707348021895 -0.00057186871299458872 0.0017861287249265904 0.022068402068450205 -0.015004473042209705 0.019178104649446109 0.041791185850056096 0.028704349742184707 0.022842338688289908 0.0073187385821472332 -0.010366084835782448 -0.0057620495752034387 -0.0010410995466477175 0.058870779669272871 -0.0061301749947367161 0.041734109044709616 -0.014467270613480918 0.017921040981947269 0.00068589681980398204 0.043902485507537121 -0.027458211749124529 0.0090710770953149871 -0.0077013804353694929 0.040023027045906462 -0.00459526143939234 -0.039724742987403285 -0.048142319860526757 0.035001807357519316 0.0258354602121907 0.035297899377204171 -0.027358119687653767 0.012247593979794967 -0.0090831965942683411 -0.042852597793090724 0.004045025444793765 -0.00082475837642335612 -0.0086148483041018874 0.033397840791477222 0.021064047464678218 -0.034563313974066562 -0.03196051859470405 0.033011498608549593 -0.042491155293225912 -0.028052245813796624 -0.010888269563956585 -0.021368520261913593 -0.0041072083330513853 0.024948600511651934 0.05196347775143894 -0.037864609430651001 0.064597219205860076 -0.014112149166881905 0.0056708606175436349 0.042930213548850717 -0.027909088682991075 -0.01549846754671237 -0.01068314881266481 0.014511088563532022
leaf_weight=1918.0167132914066 76.790887445211411 1968.708821117878 579.2582685649395 198.6659644395113 40.121644705533981 1234.9284535199404 478.65284006297588 190.852001324296 720.1016942858696 860.01740968227386 803.33856801688671 87.958721175789833 1344.7836129069328 333.1354421377182 739.92399378120899 510.38428032398224 1726.2898775935173 39.700579836964607 3487.8629105985165 111.76349796354771 186.3100868165493 1629.419973269105 273.50080640614033 181.76706074178219 1294.2514010220766 2829.1275893598795 50.519170582294464 383.42253120243549 133.27934391796589 44.160106986761093 82.551333069801331 55.289729788899422 841.5997399687767 54.752998992800713 126.66002857685089 2404.4171503931284 286.11741146445274 228.41968609392643 2589.9149872511625 346.85199163854122 110.02491489052773 116.47300483286381 53.359867349267006 233.05541002750397 107.80081835389137 265.98173309862614 62.762771651148796 1082.5341490954161 1503.8218640238047 143.86695349216461 206.75570166110992 1068.769823372364 57.822028547525406 81.389925941824913 123.3380438387394 62.261240243911743 67.480641007423401 60.495024919509888 39.340136185288429 40.874963834881783 2545.1421894282103 117.84442013502121
leaf_count=12874 347 11736 2836 1016 221 6205 2551 830 3946 3986 3331 429 5844 1510 4101 3094 8694 194 19463 517 955 7772 1389 882 8219 13910 249 1610 624 213 389 255 3773 297 646 11504 1571 1287 13201 1797 559 615 295 1301 588 1337 325 6819 9421 891 973 4576 251 358 535 272 404 348 230 209 14117 698
internal_value=1.78811e-05 -0.00340849 0.000931114 -0.00250403 -0.00604775 0.00950337 -0.0202765 0.0246318 -0.00435268 0.00641967 0.0297308 -0.0130448 0.0169734 0.0036238 -0.00256053 -0.0218673 0.00410811 -0.00700843 -0.00475071 0.0122252 0.00765675 0.0126789 0.000912337 0.0154215 -0.0232076 0.00523965 0.0326944 0.0251021 0.0217501 -0.00271369 -0.0210167 0.00175479 0.0166535 -0.0054801 -0.000621443 0.0135734 -0.0215553 -0.0347607 0.000109879 -0.00479638 0.00508976 -0.0113287 0.0057102 -0.0161915 -0.0143826 0.0172489 -0.00729698 -0.0202052 -0.0174208 -0.0237233 0.0154397 0.0239677 0.0202427 -0.00472071 0.0389154 0.0178707 -0.029458 -0.0138467 0.015016 0.0265204 -0.0144883 -0.00521877
internal_weight=39624.8 34783.6 27666.7 19752.2 14138.1 7914.55 7116.85 4841.18 1299.36 5614.1 2904.47 4701.64 1936.71 591.927 9436.45 6638.2 4754.08 4136.98 3582.32 6615.19 3257.41 2022.49 5299.47 505.787 6127.82 4555.42 232.286 2101.13 1717.71 515.137 182.001 99.4498 3357.78 3542.62 4793.68 2516.18 554.659 268.541 4667.02 2077.11 826.496 1250.61 277.634 972.979 161.161 416.882 409.615 4142.32 3059.78 1555.96 1836.18 1584.43 1270.24 201.473 314.19 120.083 1985.5 4613.69 99.8352 306.857 4513.85 261.711
internal_count=209390 188445 143474 104993 77387 38481 44971 20945 6782 27606 12387 26860 8558 2714 50527 42420 23620 23033 19954 31699 15905 9700 27494 2520 39326 22604 1131 9056 7446 2367 857 468 15794 19760 24974 12021 3079 1508 24328 11127 4227 6900 1498 5402 883 2105 2122 26048 19229 9808 8745 6822 5457 881 1365 523 13278 26431 578 1546 25853 1589
is_linear=0
shrinkage=0.05


Tree=15
num_leaves=63
num_cat=1
split_feature=0 5 0 13 8 7 7 0 7 13 22 0 6 14 2 14 2 2 8 5 5 2 12 14 2 2 13 17 0 7 8 2 5 2 17 2 2 2 17 9 17 18 0 0 18 13 5 9 9 15 8 1 1 13 10 7 2 18 14 2 2 2
split_gain=1136.91 524.17 279.147 179.585 137.417 125.954 116.321 104.567 103.583 94.9938 86.3771 80.3753 74.5477 68.3033 66.6218 88.1245 77.9939 66.9433 65.4513 64.3076 62.796 60.6915 59.102 56.9929 56.6387 56.2761 75.1348 52.8286 51.9559 57.9775 53.9477 56.2774 46.467 45.9768 45.7038 44.7352 43.6285 66.0505 59.4599 51.5796 47.5712 42.8629 42.5889 42.1424 34.5414 34.3174 39.16 61.6579 45.5106 62.2818 34.7718 32.9926 32.8687 54.2429 42.0649 32.5423 31.9203 31.8728 30.7852 30.6768 30.4544 46.4753
threshold=0.037227582815508198 0.10575899437680848 0.049569877231926067 0.30680875923413242 -0.098399999999999974 -1.0000000180025095e-35 -1.0000000180025095e-35 0.029896212027872158 -1.0000000180025095e-35 0.196046666788528 0 0.054001604880057549 0.047261628752820702 0.13174675009688061 0.015855146407099511 0.60355683145192696 0.029362810397847255 0.033449360586656769 -0.17066913123844737 0.019326128139577462 -0.11903185679703597 0.029362810397847255 2.5000000000000004 0.44458905935265763 0.030338905914821291 0.021890372676806141 0.75015683814303646 0.76067363389638276 0.077903398691829648 -0.13102420212527835 -0.0024038461538461449 0.030338905914821291 -0.0053258953595958771 0.013150474867107456 0.013379960777612318 0.024430463225263918 0.024328626346398975 0.02757200783059342 0.76067363389638276 8.5000000000000018 0.64333709556057195 0.85323933430194165 0.041065339244639586 0.054528070122068291 0.95671528658056126 0.47354585176346042 0.12499996378544932 6.5000000000000009 5.5000000000000009 0.93850700032881651 -0.07488820169680159 1.8605451808502653 1.8937312911376432 0.85603914140409254 2.5000000000000004 -0.078335610101935835 0.030091904745163298 0.52471999713277084 0.67436193521643883 0.016573517427443292 0.017033105306656072 0.019644902823555969
decision_type=8 8 8 10 10 8 10 10 8 10 9 10 2 8 10 10 10 10 8 10 10 10 2 10 10 10 10 10 8 8 8 10 10 10 10 10 10 10 10 2 10 10 10 10 10 8 10 2 2 10 10 10 10 10 2 8 10 10 10 10 10 10
left_child=3 2 4 8 14 11 10 -5 -1 23 20 36 45 -10 -2 16 -16 18 24 55 34 27 56 41 -18 33 -27 60 29 -12 31 43 -20 57 -4 -22 38 40 -3 -40 -38 -6 -39 -31 -8 46 47 -7 50 -50 -48 -15 53 -29 -54 -17 -13 -11 -47 -53 -9 -62
right_child=1 5 6 7 9 12 44 21 13 25 28 22 -14 51 15 19 17 -19 32 -21 35 -23 -24 -25 -26 26 -28 52 -30 30 -32 -33 -34 -35 -36 -37 37 42 39 -41 -42 -43 -44 -45 -46 58 48 -49 49 -51 -52 59 54 -55 -56 -57 -58 -59 -60 -61 61 -63
leaf_value=-0.01059673314052946 -0.028212879400287202 -0.025721158818274401 0.00030617672487747051 -0.034475596296343988 0.022317932523420222 0.02490903072993636 0.055888349515534008 -0.028692805870009233 0.033555719419180757 -0.0012783997625416448 -0.0017417079191748984 0.013583063223034059 0.046033595508717891 -0.032230684248886893 -0.014508836830946004 -0.022848759016863285 0.0038494686259111979 -0.039227734621690928 0.035055281148170213 0.012107998884595801 -0.0039750654445685719 0.025311864960470144 0.048542869133807467 0.0044412285458540843 0.056843385252654512 0.012941318294007348 -0.0089392328496936454 -0.0033428837431332629 0.025883302766631661 0.0044598612358327594 -0.0065497872635374215 0.034559880603184732 -0.017361640168928955 -0.0079905674403807914 0.030981010692387647 0.0053547938669167017 0.059364718645211756 0.039309234243764847 0.0031056148077384725 0.047910738893235882 0.020101968444876328 0.064968374741835908 -0.0034438207022342323 0.015712239807760982 0.017607941081494376 0.0052575129566850018 0.010799461582190795 0.09209080596193131 0.021443022700541964 -0.03471529168668383 0.041251913439254877 -0.0094301411228949906 -0.0050857934185090164 -0.047079791300280616 0.035897353654626894 0.007853197832053389 0.029082126680145745 0.041779696974725285 0.023527803597354398 0.042384168792490989 -0.010080802304221525 -0.024518380416051991
leaf_weight=2417.9914752393961 482.164649695158 175.00483490526676 211.51433821022511 1291.8642891198397 283.6686921864748 84.852630794048309 140.85496258735657 1037.5509690493345 241.5674793869257 92.949980795383453 1169.7041089236736 2141.681250244379 369.90361745655537 74.042950868606567 3841.3618062138557 264.25409628450871 88.462494984269142 68.289414152503014 54.777613133192062 748.87346522510052 3585.4795982539654 78.001053363084793 146.97468078136444 439.40975752472878 116.72186727821827 1087.3688664287329 612.63016185164452 215.70504964888096 443.44048482179642 1429.7449919581413 400.06867323815823 273.4491695612669 173.86662037670612 2720.7129805535078 284.17935980856419 2001.0120400935411 99.989688411355019 66.569483011960983 1953.5138761252165 65.42760805785656 335.93407551944256 74.135637775063515 421.54896913468838 1993.1228369623423 103.00505062937737 450.39533124864101 130.34025812149048 57.404322192072868 183.929811373353 66.376983448863029 341.07446123659611 75.776293739676476 270.30741219222546 104.71733915805817 80.41384194791317 127.32331381738186 393.64336749911308 78.850612536072731 472.9734203517437 44.585211008787155 978.06205250322819 1301.9980202913284
leaf_count=14472 2776 946 1023 9146 1444 378 596 6783 1142 512 5864 9822 1528 353 22164 1563 452 393 278 4002 18413 391 662 2271 515 5328 3193 1251 2046 7115 2001 1224 947 14798 1365 9726 454 310 9926 316 1561 346 2000 9365 439 1991 573 247 777 300 1439 358 1553 646 448 702 1773 405 1996 204 6241 8217
internal_value=-0.000126879 0.00421157 0.000440374 -0.016686 -0.00518258 0.0152956 0.00574574 -0.0220813 -0.00655157 0.000604401 0.00503698 0.0114559 0.0256096 0.0158567 -0.0104097 -0.00883956 -0.0120868 0.00643458 0.013696 0.00352752 0.000880341 -0.0181366 0.0178006 0.0165252 0.0341252 -0.00216228 0.00505558 -0.0189924 0.00944591 0.00807506 0.0108779 0.0127655 -0.00470585 -0.00640467 0.0179189 -0.000632865 0.00599383 0.0151011 0.00215291 0.00458061 0.0292231 0.0313114 0.00245528 0.0110148 0.0398569 0.0213593 0.0285245 0.0524722 0.0237382 0.00647194 0.0328729 -0.00619538 -0.00618743 -0.0177386 0.00438622 -0.0128713 0.016 0.0186112 0.0146314 0.00995439 -0.0215801 -0.0183323
internal_weight=39561.5 31348.9 23391.4 8212.58 11355.8 7957.54 12035.6 5358.62 2853.96 5389.73 11791.7 5800.29 2157.25 435.972 5966.1 5483.93 4343.48 502.118 433.829 1140.45 6082.19 4066.76 2682.3 797.214 205.184 4592.51 1700 3988.75 5709.53 5266.09 4096.39 3696.32 228.644 2892.51 495.694 5586.49 3117.99 924.042 2193.95 2018.94 435.924 357.804 488.118 3422.87 243.86 1787.35 863.978 142.257 721.722 250.307 471.415 194.404 671.144 320.422 350.721 391.577 2535.32 171.801 923.369 120.362 3317.61 2280.06
internal_count=209470 158265 121266 51205 62089 36999 59177 34676 16529 28297 58142 27770 9229 2057 33792 31016 24749 2585 2192 6267 30527 25530 12257 4061 967 24236 8521 25139 27615 25569 19705 17704 1225 15715 2388 28139 15513 4325 11188 10242 2015 1790 2310 16480 1035 7701 3714 625 3089 1077 2012 915 3898 1897 2001 2265 11595 917 3987 562 21241 14458
cat_boundaries=0 1
cat_threshold=4211862
is_linear=0
shrinkage=0.05


Tree=16
num_leaves=63
num_cat=0
split_feature=4 0 2 14 2 8 4 19 15 2 0 10 0 5 8 2 2 5 0 8 19 4 6 14 1 8 17 2 7 19 9 8 2 5 0 7 5 14 16 16 11 14 14 5 6 7 17 6 11 11 2 19 15 1 8 2 2 2 8 2 2 5
split_gain=1111.35 777.591 237.058 165.338 124.157 123.382 93.9586 74.8184 72.2125 68.7001 62.5767 65.6575 58.6874 58.6587 57.4193 55.6931 110.642 68.7427 59.308 53.3027 59.7532 54.7749 52.4518 52.0642 51.4251 49.7031 50.3774 56.7569 49.384 48.0351 47.8435 70.259 51.8681 46.8275 45.0118 46.323 44.4263 44.1658 51.0077 44.1124 44.6106 42.4381 40.812 39.5797 39.1588 67.5928 47.7316 39.0387 43.0081 41.6517 38.8521 42.1351 46.0619 47.0897 41.3377 38.6373 52.2993 37.8712 37.5198 37.1401 37.0505 36.5616
threshold=0.083433142334766966 0.037343679100969189 0.024328626346398975 0.75434512892437167 0.024430463225263918 -0.091891891827715719 0.016304347826087032 0.98791905658449741 0.3784512236734161 0.036507754008018992 0.036855751179306916 3.5000000000000004 0.03367790152461593 0.15273251244432798 -0.01202404809619234 0.030338905914821291 0.033449360586656769 0.096242190586616108 0.069517752158407262 -0.10490681779858561 0.37010576613999957 0.03213991332101785 0.006787921033044709 0.52023023414763225 3.3313189478758365 -0.090909090801475287 0.68210369581509112 0.023336571749899858 -0.014607609652726559 0.93301661099575706 4.5000000000000009 -0.092943357494112686 0.016421072415924186 0.044344182205213419 0.065262615109996411 -0.010888532195156007 0.13916103707531971 0.084600925390399082 0.92311530784584683 0.91571736253470704 4.5000000000000009 0.39326952968867973 0.46834853735002241 0.08931559115907918 0.00223713646532453 -0.050000000504555824 0.43801408450704232 0.012032085561497376 4.5000000000000009 2.5000000000000004 0.015326915384483119 0.19993887530562351 0.61911966872317603 2.1010181472882752 -0.2388468687446382 0.031827200496059742 0.030519706672412588 0.019501149477488457 -0.057005345666715605 0.025265646839615716 0.019694561176474532 0.099284791717878199
decision_type=2 8 10 10 10 10 2 8 8 10 8 2 10 10 8 10 10 10 10 10 10 2 2 8 10 10 10 10 10 10 2 10 10 10 10 10 10 10 2 2 2 10 10 10 2 10 10 2 2 2 8 8 10 10 10 10 10 10 10 10 10 10
left_child=1 4 3 5 12 42 -5 15 -2 23 37 25 -1 24 -13 17 28 19 36 41 -21 59 -14 -9 57 -12 29 39 55 33 -8 32 -32 -27 35 -33 -18 -10 -39 40 -28 -4 -3 -41 46 -46 -34 48 -19 -49 -44 52 53 54 -52 56 -17 -7 -51 -22 -59 -45
right_child=8 2 7 6 -6 13 30 9 10 -11 11 14 22 -15 -16 16 18 47 -20 20 21 -23 -24 -25 -26 26 27 -29 -30 -31 31 34 44 -35 -36 -37 -38 38 -40 43 -42 -43 50 61 45 -47 -48 49 -50 58 51 -53 -54 -55 -56 -57 -58 60 -60 -61 -62 -63
leaf_value=-0.023114832113860229 0.03453482510071082 -0.015721155670549148 -0.01347677695734318 -0.0017417283836019721 0.0049319606371028661 -0.007818509898327719 0.0068067724811157766 -0.025373560303310047 0.026052648284024024 0.013672823584026881 0.012458342484711771 0.069531239293529404 -0.017280075103430905 0.015651404473095182 0.015292945915443078 0.074593241344691072 -0.01572134675876399 0.015457285204579368 0.025750748172293392 0.031210047333470353 0.018395722765900478 0.018050833240558645 -0.00060014744650094167 -0.00030234458690895938 0.033610933120770306 0.02199862301786603 0.00779446774105369 0.03235851021473081 -0.0061818829972591464 0.0064040578878972118 -0.012363732147174801 0.0090253480067079214 0.070145711685794573 0.064785598006567635 0.053543293362987458 -0.041584795903631927 0.034419873678772875 -0.036993103133268708 0.0040217753304481827 -0.010153529025910846 -0.037346649690301673 0.0027076273868198789 -0.027880873003485396 0.062261237030284591 0.022630198505302544 0.10195674786826901 0.011492929590912511 0.015776239208582146 -0.018775990972157597 0.077147618739953391 -0.0011299965075999752 -0.010424219321830193 0.014228410217352293 -0.0101915500898534 0.057020349331939113 0.045419144514149634 0.019938522794340267 0.024129442559190157 0.026087625172002634 -0.0071619279783946433 -0.00036461313819174588 0.02070246545737936
leaf_weight=4220.4251241534948 771.53133070468903 2557.9737303256989 559.67383767664433 3581.7387709319592 567.86222299933434 2139.3929679244757 2310.033756300807 379.35628332197666 135.960524097085 390.0193997323513 1830.3336569815874 120.90560153126717 2292.4990175068378 509.36116769909859 82.528326869010925 46.36031174659729 368.45287948846817 919.29178300499916 162.70166598260403 281.69480355083942 178.17971013486385 571.63173623383045 593.31606933474541 454.5888563990593 97.110867261886597 99.146041110157967 313.95312502980232 655.75736410915852 99.181169122457504 81.074844762682915 41.476626381278038 278.02181100845337 51.07137393951416 186.76595886051655 45.14237168431282 52.956243246793747 49.224722877144814 102.65818120539188 281.50777290761471 96.905700281262398 65.242347911000252 1458.3804604709148 221.25726602971554 55.962936207652092 45.90759938955307 66.19943642616272 105.42357963323593 181.70075468719006 101.05962990224361 72.236413970589638 74.481694102287292 2314.8787022531033 428.01400952041149 784.63846880197525 50.784160703420639 308.50761617720127 611.5301192253828 164.76917785406113 73.765692591667175 686.92312276363373 2248.2529751062393 813.67732408642769
leaf_count=28354 3247 15127 2994 18211 3018 11584 11260 2248 608 1854 8176 524 14264 2478 359 194 1916 4298 727 1316 858 2649 3615 2300 502 433 1404 2752 447 348 204 1328 250 812 201 254 222 528 1314 424 298 7219 1307 242 224 304 503 849 467 333 418 12830 2301 4359 289 1294 2754 883 334 3298 11907 3455
internal_value=-0.00012353 -0.00356646 0.000544312 -0.00260725 -0.0175581 -0.00620024 0.00372386 0.00774226 0.0203097 -0.00362655 0.0180735 0.0200109 -0.0193558 -0.000439817 0.0477105 0.00980995 0.0178024 0.00721965 0.000233707 0.00372552 0.0101945 0.0060552 -0.0138521 -0.0117238 -0.00220562 0.0186578 0.0234415 0.0203001 0.0273622 0.0404721 0.0102559 0.0218403 0.0394225 0.0500767 0.00727917 0.000826891 -0.00974394 0.00166894 -0.00700595 0.0144046 -5.00737e-05 -0.0017853 -0.0108197 0.0200697 0.0474354 0.06996 0.0309578 0.0168946 0.0120516 0.0318914 -0.00758007 -0.00634312 0.00072056 -0.0056421 0.0227097 0.0308077 0.0238973 -0.00297686 0.0517032 -0.00188282 0.00131723 0.0234453
internal_weight=39491.4 33797.5 26123.3 18168.9 7674.1 11590.9 6577.97 7954.46 5693.91 1223.96 4922.38 4402.25 7106.24 5158.89 203.434 6730.5 1645.96 5084.54 580.379 3736.48 1718.43 1436.73 2885.82 833.945 4649.53 4198.82 2368.49 2001.5 1065.58 366.987 2996.23 686.199 310.079 285.912 376.12 330.978 417.678 520.126 384.166 1345.74 379.195 2018.05 6432.03 966.546 268.602 112.107 156.495 1348.05 1020.35 327.703 3874.05 3652.8 1337.92 909.904 125.266 966.398 657.89 4552.42 146.002 865.103 2413.02 869.64
internal_count=209470 184546 135295 96724 49251 63985 32739 38571 24924 6402 21677 19227 46233 27354 883 32169 7554 24615 2865 18334 8121 6805 17879 4548 24876 18344 10168 8575 4689 1593 14528 3268 1485 1245 1783 1582 2138 2450 1842 5823 1702 10213 36631 4121 1281 528 753 6281 4765 1516 21504 20197 7367 5066 707 4242 2948 24374 667 4156 12790 3697
is_linear=0
shrinkage=0.05


Tree=17
num_leaves=63
num_cat=1
split_feature=4 0 0 13 8 13 13 19 5 17 3 0 3 16 5 15 8 0 1 17 13 8 14 22 19 0 3 8 16 3 0 14 3 17 0 8 19 5 19 18 14 14 17 18 9 1 3 1 15 8 1 14 1 8 1 10 8 17 9 8 17 13
split_gain=1001.59 735.949 245.021 121.403 119.072 89.2928 73.2494 78.3444 72.6148 69.3203 66.6776 63.2594 60.5315 59.4195 63.8239 57.2251 54.5454 51.5361 50.0898 49.03 48.3483 54.6617 69.6794 48.0882 45.6485 44.4111 56.1273 40.4154 38.9074 37.8529 36.9509 36.2638 35.4776 35.3229 35.3115 51.1567 45.6032 37.6724 35.2941 35.2231 44.1472 34.4682 38.0433 33.9183 33.5758 35.973 33.1141 33.1088 32.0551 32.0175 50.8573 40.9475 31.7555 35.1358 31.6208 31.3009 58.7912 31.0115 30.8904 30.7944 53.7078 30.5167
threshold=0.095702299823622008 0.035903541678320765 0.049569877231926067 0.32674928600571201 -0.091891891827715719 0.20381065531390605 0.71024036447423555 0.23192132437639532 0.020339914710832189 0.83986015262715896 3.9295565947683984 0.029896212027872158 3.9928073431071143 0.02126329787234043 -0.11903185679703597 0.072751842927519864 -0.36847072247453955 0.041949614711423687 1.5985976759996718 0.7925957799451776 0.53322231565902467 -0.091891891827715719 0.82899814126394056 0 0.7382325246482776 0.037227582815508198 2.1588079407013683 -0.13333333278730422 0.60910346559517847 1.3367342861323139 0.07917374375680121 0.47252656738591303 1.2572154391953523 0.84367233415354648 0.036981362261173302 -0.031198687695620893 0.6437240148799005 0.11866408161463983 0.5844519519519521 0.92392520182861604 0.20313730314960635 0.70622632608130853 0.670697250493696 0.85323933430194165 5.5000000000000009 1.213493592734938 -0.011102428837242747 2.1324217344075342 0.93051995547781852 -0.21557170559166564 2.1266119518348896 0.41729801603244759 1.5229860341617396 -0.20453972979161897 1.8605451808502653 2.5000000000000004 -0.026981272125156993 0.68210369581509112 4.5000000000000009 -0.073968339973872352 0.70959250034592503 0.088523966767109843
decision_type=2 8 8 8 10 10 8 8 10 8 10 10 10 2 10 8 10 10 10 10 10 10 8 9 10 10 10 10 2 10 8 10 10 10 10 10 8 10 10 10 10 10 10 10 2 10 10 10 8 10 10 10 10 10 10 2 10 10 2 8 10 8
left_child=1 3 4 39 6 31 7 8 -3 13 15 -5 44 32 -15 -2 -10 18 -7 52 21 22 -17 27 41 26 -23 30 -26 -20 48 43 -4 -28 -12 36 37 -36 -21 -1 59 42 -19 -6 45 -13 -47 -27 -16 -18 51 -51 -9 -54 -33 -31 -57 -49 -24 -41 -61 -11
right_child=10 2 9 11 5 17 -8 19 16 61 34 12 -14 14 23 20 49 24 29 38 -22 25 58 -25 28 47 33 -29 -30 55 -32 54 -34 -35 35 -37 -38 -39 -40 40 -42 -43 -44 -45 -46 46 -48 57 -50 50 -52 -53 53 -55 -56 56 -58 -59 -60 60 -62 -63
leaf_value=-0.011356394733709703 0.054007932773113165 -0.009792996226645697 -0.0017608628004029026 -0.033439217468481192 0.015761887385937947 0.0080064124064367619 -0.017592263529842635 0.0018595909060030191 0.050033248495139508 -0.007096869560961107 -0.02759458765542442 0.01821745168059229 0.044637599006541219 0.022823343444593466 -0.0044094755708671586 0.0092162116422781649 -0.00042535016303285193 0.0062015102949228114 -0.014681188810636868 0.014431321067764478 0.015392329223958778 0.044019321869515397 0.027229897382449575 0.0080099943048772809 -0.013046314998685058 0.047696984526581512 -0.04120108525996697 0.0062793383947120536 0.002790173640712568 -0.0052745981025695311 0.012077645592633994 0.04284644407400489 -0.027756759680673673 0.010802228422884492 0.03404541323776604 0.045469216965344679 -0.043999621760972017 -0.02074871398519005 -0.020798462098630816 -0.0079377320407396958 -0.032140854064214568 -0.0055113776947342185 0.02503163526483923 0.045865920244485221 -0.034632455698699244 -0.027514378910503408 -0.015032501081139597 0.054452457788537217 0.01359685106662435 0.013117169336486581 0.002669450344228027 0.057743790619404538 -0.027661794340372404 -0.01208938863392273 -4.8242606854722035e-05 -0.011845933394167991 0.059908646684657119 0.026504801866741826 0.062041557895486314 0.072049827324412494 0.0028063468129110578 0.014486315569073559
leaf_weight=2031.9435903578997 140.19597987830639 820.2397446334362 309.4675201177597 1202.5417518466711 474.46480855345726 454.75834777951241 1787.9936362355947 326.21425044536591 76.351260751485825 176.54771667718887 87.533337160944939 64.565689355134964 35.169383123517036 442.04539275169373 3844.0182522237301 764.93470790982246 673.43849901854992 883.15939854085445 1531.8791101276875 296.51315791904926 1834.8794522732496 83.007308006286621 236.3109098225832 3739.5959545522928 667.36979293823242 404.82545900344849 49.410874530673027 2359.3674727231264 923.38387914001942 656.05604796111584 433.66909031569958 46.139126405119896 227.08371949195862 91.870299369096756 74.038781017065048 68.843886256217957 51.887596920132637 53.023442164063454 92.464375481009483 56.897700414061546 47.728927746415138 363.90853244066238 384.87440893054008 116.30146554112434 367.53563460707664 819.49571458995342 1526.5254074633121 114.87262099981308 263.18211981654167 104.89300593733788 286.07977312803268 101.25639814138412 434.25886704027653 2189.6728458404541 485.06457759439945 58.102157175540924 54.602962642908096 752.61599932610989 88.221932083368301 54.524389773607254 56.670245543122292 2170.7747315466404
leaf_count=12578 570 4797 1557 8884 2423 2243 10546 1696 380 824 436 333 211 2111 19743 3341 3654 4526 8846 1620 7828 347 1007 18169 3456 1662 224 11481 4659 3645 2066 212 1159 399 355 298 246 253 498 304 269 1889 1919 560 2385 5562 10135 477 1293 563 1570 522 2620 12824 2534 317 299 3118 372 293 291 10071
internal_value=-0.000119834 -0.00312193 0.000315676 -0.0186266 -0.00428724 0.000305715 -0.00882254 -0.00591683 0.00174525 0.00502524 0.0210404 -0.0238341 -0.019718 0.00344125 0.0042284 0.0226221 0.00936695 -0.00212403 -0.00714346 -0.0106481 0.0216148 0.0260222 0.0174755 0.00345378 0.00216846 0.0322281 0.011648 0.000970717 -0.00385774 -0.0101403 -0.0017862 0.0132423 -0.0127942 -0.00754686 -0.000477271 0.00917436 -0.00496374 0.0111962 0.00602494 -0.00931636 0.0098542 0.00804134 0.0119321 0.0217558 -0.0205485 -0.0183877 -0.0194024 0.035844 -0.00325263 0.0066627 0.0163414 0.0352098 -0.0128477 -0.0146762 0.003751 -0.0010844 0.0231386 0.0302641 0.0368547 0.021898 0.0370995 0.0128607
internal_weight=39415.3 34518.8 28255.2 6263.6 14289.4 7100.06 7189.38 5401.38 2062.26 13965.8 4896.47 4015.83 2813.29 11618.4 11081.9 4561.15 1242.02 5978.09 2755.4 3339.12 4420.95 2586.07 1089.47 10639.8 3222.7 1496.6 224.288 6900.24 1590.75 2300.64 4540.87 1121.97 536.551 141.281 335.327 247.794 178.95 127.062 388.978 2247.76 215.821 1631.94 1268.03 590.766 2778.12 2410.59 2346.02 1272.31 4107.2 1165.67 492.229 206.149 2950.15 2623.93 531.204 768.761 112.705 867.489 324.533 168.092 111.195 2347.32
internal_count=209470 188537 147292 41245 78818 37528 41290 30744 11486 68474 20933 27510 18626 57579 54863 19345 6689 31799 15350 19258 18775 10947 4720 52752 16449 6227 970 34583 8115 13107 23102 5729 2716 623 1588 1152 854 608 2118 13735 1157 8334 6445 2983 18415 16030 15697 5257 21036 6309 2655 1085 17140 15444 2746 4261 616 3595 1379 888 584 10895
cat_boundaries=0 1
cat_threshold=12649623
is_linear=0
shrinkage=0.05


Tree=18
num_leaves=63
num_cat=0
split_feature=4 0 2 0 7 2 19 15 14 17 3 2 2 5 0 4 7 0 8 19 0 10 2 2 17 17 17 5 15 19 14 8 19 4 5 2 4 2 10 5 2 2 8 14 6 14 14 6 6 11 2 11 0 8 0 7 7 18 15 3 6 0
split_gain=902.237 660.353 237.115 161.339 99.4226 77.5989 69.7475 63.5567 60.2133 55.4969 53.6401 49.9387 100.054 66.0733 54.7689 49.4226 45.9298 44.7329 54.3906 46.8563 52.4427 49.5386 44.3957 91.6643 54.8481 42.9029 42.3841 59.508 49.0313 54.5827 42.3704 42.0837 45.5637 43.5166 40.4641 38.47 37.6852 41.922 37.4268 37.0013 36.2727 44.0093 35.0186 34.5854 34.5572 34.493 34.1984 33.8802 33.8251 38.9171 33.6098 33.2751 57.0127 54.367 40.7499 39.2615 57.4517 43.8507 33.1422 44.2634 32.5621 47.8176
threshold=0.081602213001383053 0.035903541678320765 0.024328626346398975 0.05159816886154809 -0.098805213456705218 0.024430463225263918 0.98791905658449741 0.3784512236734161 0.52843205630141554 0.88295338918837019 1.1479654852245618 0.030338905914821291 0.033449360586656769 0.087559489241026758 0.069517752158407262 -0.091899947954441827 -0.014898134029382335 0.036855751179306916 -0.090909090801475287 0.58826179120296784 0.051433545374832336 2.5000000000000004 0.017124567590068959 0.019644902823555969 0.92648393295612264 0.50894859064702125 0.68210369581509112 0.08659962266693623 0.61497922437673147 0.94144028103044508 0.19496438283035553 -0.10490681779858561 0.38593198732971085 0.03213991332101785 0.13916103707531971 0.023336571749899858 0.054054054054054064 0.014022056055989735 1.5000000000000002 0.050625186122692074 0.030519706672412588 0.031827200496059742 -0.2080083556382091 0.084600925390399082 0.0018248175182481454 0.20313730314960635 0.42118435334390919 0.0037969877838970327 0.012032085561497376 2.5000000000000004 0.037379936113057795 3.5000000000000004 0.040457206417693271 -0.046067536905320942 0.038408303717559274 -0.028657073070072422 -0.036617037606906037 0.63516164107765849 0.54818632130234013 0.84859533813776977 0.014323499515070172 0.042329541181850283
decision_type=2 8 10 10 10 10 8 10 8 10 10 10 10 10 10 2 10 10 10 8 10 2 10 10 10 10 10 10 10 10 10 10 10 2 10 10 2 10 2 10 10 10 10 10 2 10 10 2 2 2 10 2 10 10 8 10 10 10 10 10 2 10
left_child=1 5 3 4 -3 22 11 -2 50 15 58 13 16 31 34 -5 40 43 19 21 -21 -19 24 30 36 44 28 -28 -20 39 -24 45 -33 -34 -14 46 -1 -38 -35 -30 -13 -42 -43 -9 -15 -4 -29 -23 -27 -50 -8 -12 54 55 -53 56 -54 -57 59 -6 61 -55
right_child=7 2 6 9 10 -7 8 17 -10 -11 51 12 14 25 -16 -17 -18 18 26 20 -22 47 23 -25 -26 48 27 35 29 -31 -32 32 33 38 -36 -37 37 -39 -40 -41 41 42 -44 -45 -46 -47 -48 -49 49 -51 -52 52 53 60 -56 57 -58 -59 -60 -61 -62 -63
leaf_value=-0.027428585336508139 0.030450597145884724 -0.016999665179481635 -0.019081138982434697 -0.022864499807067971 -0.006787324621957665 0.0030808175114060096 -0.02258037186518445 0.023405084187031303 0.0058619758412975275 0.014145185149810176 -0.0030290893801171101 0.071301261996979517 -0.015454003431511355 0.069302185246638365 0.024358264296786225 0.0020679101272895392 -0.0058815449915971272 0.011763180396319338 0.008300955002578549 -0.032135912446191524 0.0073351780638408999 0.065829653187358977 -0.013481010069174982 -0.023793477736532776 0.033173924577114371 0.0081256894016193022 -0.0085723109022841949 0.034209522235332496 0.032708799884682678 0.0044834374555997435 0.0034522382841422916 0.026377082391470498 -0.0021373818512813773 0.023590837419812872 0.032217032731472903 0.031536808294466888 0.044397604150899446 -0.016879923881629844 -0.0072006244206327258 0.073736894068560863 0.018984387344579523 0.057091387629688954 0.023295696536932045 -0.0054135234031662625 0.02169942913640752 0.00066278497419467515 0.013205383262860927 0.020370053978906441 0.011189907750371786 0.045702789546954919 0.0094674271352319355 0.007182868096506272 0.0028592205913396539 0.064323189894935934 -0.023693864075230456 -0.042996253092241137 0.059656388111250472 0.0035360268385182208 -0.015625824859265443 0.014560390468184329 0.072731201131330928 0.013452616181458356
leaf_weight=2211.0635378956795 862.68982666730881 1901.848635494709 252.65579335391521 204.64660522341728 5140.9462246149778 401.808837428689 428.59989908337593 139.92608879506588 697.49404880404472 961.72899426519871 2600.9711179584265 47.587315961718559 366.59230054914951 60.276660576462746 163.61408406496048 5939.916196718812 103.97078110277653 1317.0798916071653 110.23874191939831 117.41437657177448 289.97100077569485 73.486074030399323 986.56434473395348 1742.1228746771812 39.251795694231987 1065.2737365663052 175.60895547270775 234.22221830487251 91.97878760099411 59.509082689881325 589.65369947254658 304.14834368228912 833.88436472415924 405.23458369076252 49.701114669442177 669.6116257160902 36.736231371760368 106.20613521337509 129.83270226418972 145.96278604865074 617.66699193418026 172.79684112966061 141.14186878502369 397.57410643994808 104.82333174347878 1728.9195282757282 1120.3461360186338 94.139542162418365 186.70505310595036 145.44387045502663 100.45854364335537 221.6498978883028 141.92197453975677 58.726200476288795 204.69620633125305 66.963530912995338 63.948928505182266 198.00892820954323 1015.3555250316858 253.93441081047058 40.552232176065445 207.6240356117487
leaf_count=15316 3615 11490 1374 1068 29089 2155 2538 624 3415 4428 14350 197 1921 276 724 29744 470 5873 473 564 1262 318 6734 11711 232 4973 776 1038 400 256 3784 1410 4021 1873 221 2788 224 651 601 623 2764 701 608 1932 486 8696 4774 408 868 653 485 1265 752 303 1133 353 334 1056 5642 1416 190 1051
internal_value=-0.000116527 -0.00329687 2.62843e-05 -0.0029981 -0.00650579 -0.0181507 0.0071974 0.0179092 -0.00378429 0.00298303 -0.0045506 0.00915539 0.0166988 0.00674806 -6.47605e-05 0.00123394 0.0256655 0.0157556 0.0173839 0.0109214 -0.0040918 0.0150408 -0.0196446 -0.0158915 -0.0248397 0.0153502 0.0220673 0.0193066 0.03688 0.0474085 -0.00714821 0.0030671 0.00890377 0.00500519 -0.00969901 0.0217282 -0.0258207 -0.000932548 0.0161199 0.0580803 0.0290177 0.0267837 0.0420196 0.00211828 0.0393914 -0.00186297 0.0168598 0.0405715 0.0124837 0.0263945 -0.0164887 0.000152171 0.00702086 0.0150694 -0.00766234 0.004376 0.020705 -0.008341 -0.00734172 -0.00577999 0.0314076 0.0248675
internal_weight=39343.4 33443.7 27330.3 19223.4 12117.1 6113.41 8106.82 5899.76 1226.55 7106.29 10215.3 6880.27 1663.07 5217.2 579.907 6144.56 1083.16 5037.07 4499.57 1892.09 407.385 1484.71 5711.6 3318.34 2393.26 1562.52 2607.48 2199.79 407.689 297.451 1576.22 3654.68 1673.1 1368.95 416.293 2024.18 2354.01 142.942 535.067 237.942 979.193 931.606 313.939 537.5 165.1 1981.58 1354.57 167.626 1397.42 332.149 529.058 3805.06 1204.09 777.746 426.346 470.843 205.871 264.972 6410.24 5394.88 306.902 266.35
internal_count=209470 183746 142939 103664 68424 40807 39275 25724 6438 35240 56934 32837 7606 25231 2866 30812 4740 22109 19553 8425 1826 6599 38652 22229 16423 7256 11128 9376 1752 1279 10518 17975 7905 6495 2142 8600 16191 875 2474 1023 4270 4073 1309 2556 762 10070 5812 726 6494 1521 3023 20787 6437 4039 2398 2495 1086 1409 36147 30505 1544 1354
is_linear=0
shrinkage=0.05


Tree=19
num_leaves=63
num_cat=0
split_feature=4 14 2 2 13 14 4 13 8 16 2 3 15 15 19 1 3 13 2 8 14 8 1 19 9 8 1 2 1 19 8 1 6 8 2 3 16 8 2 2 1 19 14 4 8 2 1 8 15 13 15 8 19 19 14 14 1 2 13 13 2 2
split_gain=821.261 436.665 300.354 172.107 151.841 86.4555 85.2263 84.8041 90.5695 73.3469 68.2315 57.7184 49.8032 47.8407 47.5269 62.3864 45.2603 43.9907 49.7063 41.5513 48.5006 41.1196 40.8825 40.5896 61.0481 40.0571 39.8664 38.4563 37.6272 35.6647 35.479 35.4224 34.6552 33.0261 45.5583 44.8751 52.8044 34.5806 32.6818 66.6755 42.674 31.6476 31.2422 37.9677 35.9922 30.6378 61.3288 36.7591 30.5465 30.1301 29.9709 29.675 29.2285 28.9118 28.573 53.1588 28.1268 27.6685 27.4132 27.3857 41.3253 28.6009
threshold=0.095702299823622008 0.4525351384580994 0.024268382718257913 0.024555731968835984 0.56055025410899673 0.75434512892437167 0.015906020974786331 0.87967359708877901 -0.12638743953076317 0.57354033738309596 0.01629649707805603 3.9295565947683984 0.072751842927519864 0.85995307510156216 0.46966385132817828 1.8104703990946407 1.1837196483904651 0.53322231565902467 0.018985779603301545 -0.091891891827715719 0.82899814126394056 -0.060532112524942221 2.5534719852997738 0.92442024102962128 4.5000000000000009 -0.0073316018631277005 1.8655654065386951 0.015855146407099511 2.1865376038755295 0.74219856586402277 -0.15553706354914912 2.590447149203547 0.0041178489240584213 -0.092943357494112686 0.016421072415924186 0.2922600541359256 0.62904472254075894 -0.25770473245347614 0.030697417867432627 0.034396249380162246 1.6331751298720589 0.25139682242407224 0.78592216196124165 0.035012547288379776 -0.02312531949195867 0.017356634662964648 3.2763223609185963 -0.084758462058680803 0.90724108567673778 0.033092581004032826 0.85568315281221463 -0.01460351325256176 0.59221936225509808 0.064861677715451316 0.71824395587746859 0.70622632608130853 1.5229860341617396 0.021629990021237982 0.90324038966341957 0.52124099007951707 0.021972355615467516 0.022526371847299723
decision_type=2 8 8 10 8 10 2 10 10 2 10 10 8 10 10 10 10 10 8 10 8 8 10 10 2 10 10 10 8 8 8 10 2 10 10 10 2 8 10 8 10 8 10 2 10 8 10 10 10 8 10 8 10 8 10 10 10 10 8 10 10 10
left_child=1 2 4 5 9 16 -7 8 30 26 48 12 -2 -9 58 57 45 18 21 20 -20 -14 32 24 -8 50 53 -28 -23 -30 38 -29 -11 34 -26 -36 -37 -38 -4 40 -40 -32 -35 -44 -45 46 49 -48 -6 -3 -18 54 -24 -1 55 -52 -41 -16 -12 60 -34 -62
right_child=11 3 7 -5 10 6 23 13 -10 22 14 -13 17 -15 15 -17 25 -19 19 -21 -22 28 52 -25 33 -27 27 31 29 -31 41 -33 59 42 35 36 37 -39 39 56 -42 -43 43 44 -46 -47 47 -49 -50 -51 51 -53 -54 -55 -56 -57 -58 -59 -60 -61 61 -63
leaf_value=0.01991359864233664 0.049676973924618041 0.028137583564579672 -0.00484200474785061 0.010439656432833955 -0.037393205500197861 -0.0017819181277297421 0.006754993998674845 -0.019613721501521381 0.01259782388610033 -0.0075636059194079015 -0.021046636040336176 -0.0010370138518524775 -0.0015672724256794173 0.026881622462070737 -0.026755714886368 -0.006157223083512786 0.0039517192349826334 0.013589649200332468 0.012196873056433829 0.03505308232047754 0.038178012046090913 -0.012784788997139569 -0.0041980702711113035 -0.014210206890988182 -0.012268639496351427 0.032484208592026893 -0.021273480090272801 -0.0055541670546832393 0.065616450678073243 0.021970740194919621 0.032766130109273588 0.035251695777789326 -0.0019959884620097332 -0.01798411223440782 -0.0021567101094622284 0.091661724617921547 7.3250116954660845e-05 0.048490803889095005 0.044284346512344974 -0.037409763806370781 -0.0081610106323386587 -0.015258345256745347 0.051752682437421843 -0.0015802333881532065 0.042047431807059707 -0.0043743822758838405 -0.012488988606531252 0.038072338762926455 -0.0015408951999803452 -0.017236221442251086 -0.0045793096455240207 -0.039730465254324651 0.049342503032942867 -0.018992710975947708 -0.027703915450371187 0.049165533262833377 0.0098900237659560949 -0.011247299000748688 -0.037050255138595556 0.042895708708039791 0.065633869293112046 0.012942039609366969
leaf_weight=48.300153464078903 140.56880117952824 36.735637471079826 537.46347858011723 4638.0892791599035 684.99290210753679 3624.6821705698967 2404.8315162956715 547.44690082967281 1897.6858801245689 1279.7684649378061 998.83823217451572 335.69712591171265 299.07802620530128 60.659154489636421 869.83505687117577 1309.2634035050869 1699.0218024104834 1847.7769281715155 601.81918707489967 994.76249608397484 256.07128474116325 64.794940948486328 40.918339669704437 172.9536330550909 45.690021485090256 96.838479205965996 412.14572297036648 1522.0002062767744 54.000648319721222 332.90441016852856 35.4051583558321 54.118408516049385 574.01604504883289 66.719478100538254 50.485728204250336 56.860981941223145 48.267493277788162 155.32533229887486 162.7640178501606 62.598193228244781 50.459065571427345 614.94125528633595 69.726425811648369 177.56833243370056 63.393152579665184 3751.1485135555267 59.502628743648529 88.321166902780533 65.140538886189461 1352.1582051515579 767.25665135681629 63.653403401374817 65.97050929069519 1767.2748029381037 116.84633885324001 47.940455049276352 61.482773467898369 432.7649437636137 369.07378873229027 46.196997791528702 37.966329261660576 77.935448065400124
leaf_count=308 570 210 2878 21713 5082 18430 11650 2956 9074 7680 6472 1588 1290 306 6240 7901 9075 7828 2610 4079 1074 285 242 800 225 490 2775 9030 224 1385 180 301 3361 322 242 267 225 716 707 364 233 3432 331 827 292 20488 334 451 440 7828 4103 335 353 11485 594 241 321 2818 2505 274 207 423
internal_value=-0.000112852 -0.002852 -0.0093738 0.00202197 -0.013771 -0.000578595 0.00351572 0.00225156 0.00530921 -0.00843686 -0.0204515 0.018974 0.0204369 -0.0149392 -0.0178359 -0.0138722 -0.00409372 0.0195025 0.0236924 0.0280913 0.0199874 0.0128144 -0.000990121 0.0093126 0.0106128 0.00105667 -0.0125912 -0.00769381 0.0223192 0.0282159 -0.00376226 -0.00413157 -0.00259376 0.0232254 0.0341239 0.0409584 0.049292 0.0370685 0.00281324 0.0149894 0.031893 -0.0125976 0.0128639 0.0195249 0.0100239 -0.00681239 -0.0127569 0.017773 -0.034286 -0.0160167 -8.43588e-05 -0.00696843 0.0289976 -0.0179473 -0.00469079 -0.0013623 -0.0140808 -0.0216159 -0.0253885 0.00604508 0.00351905 0.0306163
internal_weight=39268.9 34341.4 14687.4 19654 10656.5 15015.9 6936.5 4030.91 3422.8 5926.61 4729.91 4927.47 4591.78 608.106 3979.78 2611.86 8079.42 4451.21 2603.43 1852.65 857.89 750.778 2122.77 3311.82 3138.87 2791.56 3803.84 1988.26 451.7 386.905 1525.11 1576.12 2015.88 734.037 356.63 310.94 260.454 203.593 874.768 337.304 213.223 650.346 377.407 310.688 240.961 5287.87 1536.72 147.824 750.133 1388.89 2694.72 995.697 106.889 1815.57 932.043 815.197 124.081 1302.6 1367.91 736.115 689.918 115.902
internal_count=209470 188537 88348 100189 67897 78476 34327 20451 17189 36439 31458 20933 19345 3262 25936 16959 44149 18775 10947 7763 3684 3184 12540 15897 15097 14838 23899 12106 1894 1609 8115 9331 11945 3447 1675 1450 1208 941 4503 1625 940 3612 1772 1450 1119 29311 8823 785 5522 8038 14348 5273 595 11793 4938 4344 685 9058 8977 4265 3991 630
is_linear=0
shrinkage=0.05


Tree=20
num_leaves=63
num_cat=0
split_feature=0 4 2 13 14 8 4 0 7 19 13 5 13 7 8 13 19 11 5 2 10 2 2 2 5 0 14 2 14 14 8 13 14 2 9 2 14 19 10 0 2 8 18 11 19 5 10 17 8 13 2 0 13 19 5 19 8 2 9 13 12 2
split_gain=753.973 552.907 160.316 142.227 136.18 97.1036 87.1853 84.2792 76.6955 70.723 66.4002 62.1459 57.3136 56.8414 50.5279 60.4307 49.3844 49.5057 49.2566 57.3606 48.7912 44.4831 63.8544 91.4839 62.1237 43.9134 46.0848 43.8911 42.9199 42.8707 42.5678 50.908 42.921 42.2087 41.7699 39.7368 39.6903 58.0142 41.4757 40.5224 38.7655 41.8273 37.8941 40.7131 37.7012 40.7518 37.3829 36.6856 36.0665 35.9104 37.5927 34.0087 33.4715 33.0649 52.2839 32.5638 39.3744 32.4671 36.6243 32.178 32.0618 31.4828
threshold=0.036583475111009553 0.095702299823622008 0.024430463225263918 0.21587229799874602 0.75434512892437167 -0.091891891827715719 0.020357757766908961 0.026807977641186111 -0.0095983421116823658 0.0093203897551723657 0.56055025410899673 0.15273251244432798 0.86793072670022087 -0.14767243639281544 -0.091891891827715719 0.53322231565902467 0.92442024102962128 1.5000000000000002 0.099284791717878199 0.017094687481898331 2.5000000000000004 0.030338905914821291 0.034396249380162246 0.034598278818654737 0.15020744721399995 0.041445460843999006 0.55610158576833302 0.020275915762803447 0.44858954555181091 0.52843205630141554 -0.083628017596026602 0.96605221429380461 0.39326952968867973 0.021890372676806141 6.5000000000000009 0.016658271835731937 0.56003120124805006 0.12840173040074296 2.5000000000000004 0.038807388701328625 0.030519706672412588 -0.31567863509039973 0.61957545238680101 3.5000000000000004 0.69106985655843822 0.017665376273056647 2.5000000000000004 0.7491934728538574 -0.070315141142664003 0.196046666788528 0.022140277062111056 0.053131608545190216 0.53322231565902467 0.7382325246482776 0.15020744721399995 0.12840173040074296 -0.11273605974634558 0.024303927850160275 7.5000000000000009 0.74170943415988078 2.5000000000000004 0.016157952362357883
decision_type=8 2 10 10 10 10 2 10 8 10 10 10 10 10 10 10 10 2 10 10 2 10 10 10 10 10 10 10 10 10 10 10 10 10 2 10 8 8 2 10 10 10 10 2 8 10 2 10 10 10 10 10 10 10 10 8 8 10 2 10 2 10
left_child=3 2 4 8 5 10 46 -5 34 13 44 25 18 -4 36 -16 17 -8 19 -9 -20 30 40 -24 51 26 29 -21 -12 49 32 53 47 -29 -1 -27 37 -3 -38 -39 -23 -42 43 -17 45 -2 -6 -11 -13 -7 -51 -25 -22 -32 -55 -10 -57 58 -58 -52 -37 -30
right_child=1 14 9 7 6 11 16 12 55 21 28 48 -14 -15 15 42 -18 -19 20 27 52 22 23 24 -26 35 -28 33 61 -31 31 -33 -34 -35 -36 60 38 39 -40 -41 41 -43 -44 -45 -46 -47 -48 -49 -50 50 59 -53 -54 54 -56 56 57 -59 -60 -61 -62 -63
leaf_value=-0.0079436782878740987 -0.010913533826579551 0.048150250231917574 0.0069117254308512779 -0.037903815329234501 -0.0025864456703910809 0.01339666177433039 -0.00014588833658048529 -0.024613386979867161 0.05476377592143708 -0.0118467406411756 -0.023784781228375976 0.04857697623151444 -0.026958028635404065 -0.014054567342710501 0.030625808092709435 0.020289316025617961 -0.016169679422124425 0.015126216483603634 -0.0073811634770378698 -0.0041065251693788761 0.0028079468458150135 0.062663308551616434 -0.046062379079401555 -0.031508934097641925 0.060437279948642154 0.014840480166273368 -0.022203519203332342 -0.030967422335108054 -0.030862650778758334 0.027711722934068872 0.017494010250671887 -0.025455112635914341 0.00557081010078105 -0.0082514480637269055 -0.0463113915373684 -0.0025840329568840026 0.014920742016790873 0.040406874135928285 0.046385541276893719 -0.0095980932963177119 0.045957796350262342 0.015999361887654866 0.011423141679662187 0.075674721129824971 -0.025969763065964824 -0.00049893373896894562 0.020398102519097672 0.026694227329777272 0.010204099920302502 -0.013107219609209228 0.023787152149026332 0.0095287651992186743 0.060016395778814791 -0.00096142388648500486 0.026270546190869472 -0.017726154888564008 0.015121660488637445 0.042636383345390771 -0.027485030156727659 -0.015890200538522956 0.01703442009280896 -0.0079927153930865295
leaf_weight=1187.7153330147266 1487.1783600002527 57.493981704115868 596.56158936023712 540.54427137225866 3652.7184211015701 202.74428594112396 701.61710159480572 1231.0747896581888 39.220471024513245 693.13677868247032 987.93691645562649 67.989382028579712 1114.8726686239243 703.4626302421093 1443.3964177817106 104.8022308498621 171.23120737075806 2176.2283427715302 356.01930475980043 1077.3710311800241 50.677372366189957 53.19089463353157 87.736733615398407 60.213809877634048 52.066606372594833 470.99600537121296 443.42226412892342 403.37165720760822 167.89678917825222 99.019905090332031 1304.9235528260469 92.130444407463074 1952.6697623878717 415.72016599774361 74.519141331315041 2429.3380845338106 1308.924963414669 43.910122692584991 113.19795291125774 413.8524593859911 130.42872449755669 1058.5530844628811 964.55568538606167 48.347723543643951 211.11781571805477 2546.9680179059505 184.91090677678585 66.829169243574142 555.1727170497179 1060.6424919813871 141.2717592716217 287.1591030061245 50.814915634691715 758.91159600019455 228.55266444385052 116.0905891507864 319.39385958015919 84.181512668728828 58.916036427021027 78.879248946905136 226.77711369097233 1396.9672317951918
leaf_count=7446 8828 253 2880 4158 18581 1098 3433 8599 203 3669 6205 324 7921 3937 5926 437 796 10313 2070 7252 283 218 470 351 224 2478 2513 2779 1018 554 5910 478 9439 2623 460 12664 5556 199 471 1870 555 4665 4016 201 1206 14305 920 336 2681 6199 767 1370 293 3504 1016 642 1707 390 284 470 1147 7896
internal_value=-0.000263345 0.00300313 0.000352445 -0.0149809 -0.00211061 -0.0052058 0.00354078 -0.0192128 -0.00318079 0.00625038 -0.00925554 -0.000438893 -0.0170556 -0.00443553 0.0192551 0.0238658 0.00985083 0.0114041 -0.0139695 -0.0162104 0.0013514 0.00828574 0.0152136 -0.000129472 0.0100495 -0.00224329 -0.00797579 -0.0107455 -0.0156268 -0.00397777 0.00593273 0.0108048 0.00164757 -0.0194623 -0.0102437 0.00147201 0.013151 0.00125787 0.0174561 -0.00472383 0.0212264 0.0193216 0.0151163 0.0381514 -0.00542152 -0.00434 -0.00147394 -0.00842694 0.0144618 -0.00611015 -0.00920604 0.00234524 0.031757 0.0122726 0.00536173 0.0112427 0.00820308 0.0147358 0.00843135 0.00956334 -0.000903244 -0.0104646
internal_weight=39206.5 32086 27587.6 7120.5 19461 12574.3 6886.71 5240.47 1880.04 8126.53 6798.07 5776.25 4699.92 1300.02 4498.48 2561.1 3049.08 2877.85 3585.05 3127.54 457.512 6826.5 1729.35 487.176 399.44 5153.09 2025.98 1896.46 2552.8 1582.56 5097.15 2384.52 2712.64 819.092 1262.23 3127.11 1937.38 515.257 1422.12 457.763 1242.17 1188.98 1117.71 153.15 4245.26 4034.15 3837.63 759.966 623.162 1483.54 1280.79 347.373 101.492 2292.39 987.464 617.802 578.582 462.491 378.31 220.151 2656.12 1564.86
internal_count=209457 162347 143418 47110 104396 70353 34043 35978 11132 39022 39458 30895 31820 6817 18929 10580 14542 13746 23899 21253 2646 32205 7853 2415 1945 27890 11601 12654 15119 9088 24352 10908 13444 5402 7906 16289 8349 2322 6027 2069 5438 5220 4654 638 24339 23133 19501 4005 3005 8534 7436 1721 576 10430 4520 3226 3023 2381 1991 1237 13811 8914
is_linear=0
shrinkage=0.05


Tree=21
num_leaves=63
num_cat=0
split_feature=0 4 2 14 5 5 4 2 19 6 14 1 2 2 3 9 19 11 1 12 19 1 2 2 2 5 2 2 2 2 2 2 2 6 5 5 5 2 1 15 3 2 10 1 19 2 1 2 2 0 18 2 2 2 10 6 18 3 5 19 14 9
split_gain=686.834 497.421 144.601 123.245 118.084 80.0649 78.301 66.6132 63.6605 53.5916 48.8476 50.5259 45.661 53.4184 47.5985 51.5703 44.5013 44.2212 43.7813 45.5563 42.0584 41.6592 39.9667 57.1173 84.2391 55.1688 39.0831 73.6569 59.6455 173.467 62.1668 72.192 54.2757 45.4328 51.1524 38.3088 37.8181 48.3899 36.9859 41.6084 72.4362 34.7232 33.5067 33.1509 31.5423 33.6244 38.0323 31.5164 31.1687 31.1066 30.1646 30.0962 29.7151 54.3579 44.1221 46.6936 29.2219 38.2379 29.0525 36.2313 28.6981 37.7445
threshold=0.036583475111009553 0.095702299823622008 0.024430463225263918 0.75434512892437167 0.099284791717878199 0.15273251244432798 0.020357757766908961 0.017033105306656072 0.0093203897551723657 0.047261628752820702 0.67436193521643883 2.0182132889230702 0.020275915762803447 0.024430463225263918 0.94721259487120457 4.5000000000000009 0.92442024102962128 1.5000000000000002 3.5268521551453058 2.5000000000000004 0.92036795280920625 1.6977043045933693 0.030338905914821291 0.034396249380162246 0.034598278818654737 0.15020744721399995 0.027862282336196666 0.027459728617744199 0.028521094297324818 0.02878252898519407 0.029362810397847255 0.029675767752523629 0.029488768802778721 0.011803831407939282 -0.0074046659538887219 0.054729254439155668 0.039535703559446807 0.026233439684093925 1.8998096496192369 0.84427754952609535 1.5936601840100595 0.030519706672412588 2.5000000000000004 1.7159209360750471 0.96565252323902129 0.015498764894508488 3.0248063081341505 0.020168012345317527 0.018569979573378637 0.053131608545190216 0.96089080866732768 0.0286543737976452 0.019202747510535755 0.024375579553134259 2.5000000000000004 0.0039840599891034509 0.50513083767703904 -0.71490781660216263 0.084019017098839313 0.64004590187634902 0.8643169378490968 4.5000000000000009
decision_type=8 2 10 10 10 10 2 10 10 2 8 8 10 10 10 2 10 2 10 2 10 10 10 10 10 10 10 10 10 10 10 10 10 2 10 10 10 10 10 10 10 10 2 10 8 10 10 10 10 10 10 10 10 10 2 2 10 10 10 8 10 2
left_child=4 2 3 5 7 18 42 21 10 60 -4 -12 14 50 15 -9 17 -8 19 44 38 -1 26 41 -25 49 27 36 -28 51 43 32 -32 34 -33 -34 37 -10 -21 40 48 -24 -5 -31 45 46 -2 -16 -40 -26 -14 -30 54 -54 -6 -56 57 -43 59 -50 -3 -62
right_child=1 9 8 6 52 -7 16 12 22 -11 11 -13 13 -15 47 -17 -18 -19 -20 20 -22 -23 23 24 25 -27 28 -29 29 30 31 33 35 -35 -36 -37 -38 -39 39 -41 -42 56 -44 -45 -46 -47 -48 -49 58 -51 -52 -53 53 -55 55 -57 -58 -59 -60 -61 61 -63
leaf_value=-0.040772920744913337 -0.02588100688418914 0.013433459722982533 -0.013152940135394253 -0.0024601330511742768 0.0017260534393230493 0.009978410221403243 -0.0001386129776053136 -0.010197233906214293 0.0067811186103669003 0.031680254140078835 0.036923989231442987 -0.00061462135685912188 -0.025070489778381191 -0.0028453444248298042 -0.00094989782284751268 -0.040126528464129278 -0.015459229291319078 0.014285609688013345 0.037036568942877268 -0.032868519064618094 0.049723472258374549 -0.020997524853730437 0.059139166755108524 -0.044804944297171148 -0.030496980489904991 0.056622749485070525 -0.013579377472876365 0.03018447168602786 0.022878377639333959 -0.025710415399530541 -0.00083163313928244433 0.029770583447503648 0.063905675365140413 0.028089145054081513 -0.014502990093702515 0.016682993983713448 0.011703523882650948 -0.015922158352459446 -0.01645104443430263 -0.018966589488002471 0.065611120091930292 -0.0015840264680775846 0.019210528064730347 -0.002493844369567619 -0.021934804818135218 -0.0057301836990574818 -0.0012775072406140079 0.043829882266585102 0.05931213476471317 0.0090204021856555346 0.020612133131318534 0.065046709351666815 -0.019517012788197778 0.018911628517842352 0.061392967128224431 0.00066022292027280427 0.0095822348888351273 0.030713139703448106 -0.013903332127097304 0.002421779195937869 0.016982890132933911 0.038088837255131562
leaf_weight=309.12566596269608 442.53689461946487 2848.840922921896 701.79119893908501 3648.4142274260521 378.65099085122347 835.85662120580673 701.57424914836884 1125.8758884221315 702.77768634259701 637.17920039594173 108.91090892255306 485.84441141784191 1284.086911894381 395.71748922765255 801.18928277492523 164.29226956516504 170.21775494515896 2188.7953403890133 57.733145520091057 60.710856959223747 53.297466278076172 1958.7882799953222 53.591099336743355 85.767659291625023 59.161592602729797 52.841825485229492 550.96700875461102 373.51977829635143 66.763702780008316 265.7600468993187 97.668397530913353 76.045941174030304 109.2233263105154 106.27286095917225 426.08141796290874 71.861478835344315 1422.4070845246315 351.13902552425861 97.522823140025139 102.59879222512245 61.864646539092064 109.88695986568928 186.5432226806879 363.54597043991089 338.89820618927479 10082.784164875746 243.36402590572834 40.317429333925247 59.634604454040527 288.20412388443947 36.468211568892002 122.31477169692516 293.90649049729109 132.84190107882023 73.36423859000206 55.135096177458763 536.63364723324776 548.16625437140465 45.933467343449593 52.140952259302139 724.57605676352978 300.58335301280022
leaf_count=2315 2664 12072 3956 18581 2152 4067 3433 7787 3442 2622 523 2338 8931 2133 5335 1118 796 10313 302 341 274 13821 218 470 351 224 2689 1697 297 1345 474 377 505 505 2073 329 6587 1734 542 531 320 484 920 1736 1962 57151 1363 267 328 1370 230 562 1682 641 407 291 2377 2359 233 275 3005 1230
internal_value=-0.00025322 0.00285235 0.00033344 -0.00201 -0.014383 -0.00496337 0.00335864 -0.0169113 0.00592882 0.0182418 -0.00422694 0.00630985 -0.0128994 -0.0189686 -0.00800623 -0.0140366 0.0093214 0.0107856 -0.00603167 -0.00624842 0.00800995 -0.0237098 0.00785404 0.0144107 -0.000133389 0.00952789 0.00562484 0.00951618 0.00070825 0.00532906 -0.000314537 0.00820842 0.0292307 -0.00145561 -0.00775202 0.0453604 0.00638773 -0.000790976 0.00328847 0.00858444 0.0175304 0.0200685 -0.00140128 -0.0123236 -0.00693418 -0.0064601 -0.017166 0.00124502 0.00566568 0.00222178 -0.0237943 0.0503557 0.00217486 -0.00753837 0.0103469 0.0355407 0.0182679 0.0253257 0.0193595 0.0330308 0.0160239 0.0232024
internal_weight=39128.5 32078.7 27567.6 19430.4 7049.76 12534.9 6895.54 6115.86 8137.15 4511.18 1296.55 594.755 3847.95 1716.27 2131.67 1290.17 3060.59 2890.37 11699 11641.3 533.704 2267.91 6840.6 1734.25 485.975 400.208 5106.35 2849.84 2256.5 1705.54 1516.46 887.153 278.753 608.4 502.127 181.085 2476.32 1053.92 480.406 419.695 317.096 1248.28 3834.96 629.306 11107.6 10768.7 685.901 841.507 255.232 347.366 1320.56 189.078 933.899 426.748 507.15 128.499 1194.69 658.053 157.709 111.776 3874 1025.16
internal_count=209457 162347 143418 104396 47110 70353 34043 41937 39022 18929 6817 2861 25801 11294 14507 8905 14542 13746 66286 65984 2844 16136 32205 7853 2415 1945 24352 13460 10892 8203 7344 4263 1308 2955 2450 834 11763 5176 2570 2229 1698 5438 19501 3081 63140 61178 4027 5602 1378 1721 9161 859 5173 2323 2850 698 5220 2843 836 603 16307 4235
is_linear=0
shrinkage=0.05


Tree=22
num_leaves=63
num_cat=0
split_feature=0 4 13 0 5 7 7 13 18 1 15 13 6 0 0 8 8 7 8 9 7 18 0 8 19 18 8 9 18 8 13 19 6 12 6 13 19 18 13 8 17 11 1 8 1 4 0 19 8 15 19 7 8 0 1 0 7 19 4 8 19 9
split_gain=625.312 447.471 131.621 126.279 110.524 96.2044 69.1144 65.6825 77.0797 67.1906 60.8711 57.6769 48.257 48.1829 48.0754 50.1316 44.3631 43.62 40.4407 39.9053 39.6225 42.3527 45.3485 48.6154 37.8293 36.8514 35.7562 35.3447 35.498 47.4129 35.0905 34.4837 39.5221 32.1564 32.0694 31.9067 43.0267 31.8813 31.4664 31.1825 30.4006 31.5983 33.987 30.2344 32.5172 29.4278 29.1131 42.9719 76.1295 37.5064 34.4849 28.2729 28.1405 47.0495 44.2045 28.0217 48.3995 27.7857 43.3953 33.6218 32.3461 29.2998
threshold=0.036583475111009553 0.095702299823622008 0.86793072670022087 0.053477770438522448 0.099284791717878199 -0.088267380122780778 -0.085347838962991293 0.71819178628389169 0.22008645692856224 1.7576292849768107 0.94657621129408576 0.30680875923413242 0.047261628752820702 0.025855859418708164 0.077903398691829648 -0.16073583244183423 -0.38069632390753744 -0.053378844618116088 -0.051935160687884223 5.5000000000000009 -0.044060353997202088 0.37908908315635242 0.050164957976460249 -0.062312597089810011 0.15229155726705179 0.13686085536352055 -0.30570840681951789 7.5000000000000009 0.9350324675324676 -0.10386011385489234 0.092612085769980521 0.19605683683164898 0.016287798396249945 2.5000000000000004 0.0042648977650059381 0.52124099007951707 0.02910722657558101 0.63129874251859019 0.32674928600571201 -0.232134464532229 0.31133320057748798 3.5000000000000004 1.6266042663698224 -0.076815633603273356 3.2763223609185963 -0.029065278508234534 0.046543045788106148 0.69493531478280279 -0.021225452465203128 0.63463349268434022 0.89612475319113438 -0.017420654414958488 -0.089721994734924912 0.041445460843999006 2.0820110862400507 0.067380670948475122 -0.12154789828721145 0.16029621242558167 0.099713603753363036 -0.098399999999999974 0.71476891397193421 6.5000000000000009
decision_type=8 2 10 8 10 10 8 10 8 10 10 10 2 10 10 10 8 10 10 2 10 10 10 10 8 8 10 2 8 8 8 10 2 2 2 8 10 10 10 10 10 2 10 8 10 2 10 10 8 10 8 10 10 10 10 10 10 10 2 10 10 2
left_child=2 3 4 5 11 30 14 8 -7 18 43 27 35 -13 15 -5 -11 -15 24 -12 52 22 23 -22 39 -8 -23 28 -1 -30 -2 -28 -33 45 51 36 -3 -32 -35 -10 -36 42 -42 -9 46 -27 50 49 -49 -48 -45 -26 -18 -54 -55 56 -38 58 -58 -59 61 -61
right_child=1 12 -4 6 -6 7 25 10 9 16 19 13 -14 17 -16 -17 20 -19 -20 -21 21 26 -24 -25 34 33 31 -29 29 -31 37 32 -34 38 40 -37 55 -39 -40 -41 41 -43 -44 44 -46 -47 47 48 -50 -51 -52 -53 53 54 -56 -57 57 59 -60 60 -62 -63
leaf_value=-0.0072801924597467055 0.0063557384442826902 -0.0086235498876823854 -0.02831566565601994 -0.0050846267548902285 0.0065092628992652161 0.017098722573436916 0.033686798774022655 -0.014237233902515864 0.0095145346790506263 0.037873585453231461 0.0079747902416158582 -0.043388272904894346 0.030016989814330236 -0.028119126888561566 0.010913031879521863 0.0057134054876688172 -0.012820497015988403 -0.012827165545559112 0.018625234125993411 0.066751752486517435 0.028733720341607434 -0.026731249312547674 0.065104766534807818 -0.010651479696904914 -0.0018633123301848749 -0.0065526829565283641 0.014591372408020737 -0.033178247242417816 -0.026340112207328403 0.038583018543045411 -0.011882585560833492 -0.0028635910847587382 0.014291801672795826 0.0019183522814036373 0.039806566548494522 0.010375977195380401 -0.026110278770752796 0.027134293151756608 0.041868690183400392 0.063707364527201951 -0.016444938419971553 0.040223265447475613 0.023124159192098943 -0.0047237221062654145 0.033099146712750618 0.0084179737997501503 0.007776500428348882 -0.026060221438976572 0.020729622573961794 0.050504429839792836 -0.022754820386389488 -0.028923921303179542 -0.019685200964732408 0.022320736386418044 -0.0029404115938611395 0.036751145109747696 0.016506189822314644 0.0067597226369244577 0.074305971907376964 0.02603625706048749 0.018566518295360712 0.062582611275352376
leaf_weight=1835.3346146196127 309.87197165191174 127.3651250898838 1275.7070857509971 3047.8105425238609 813.37652193754911 743.2775771021843 144.57107841968536 1163.8523188978434 69.9626824259758 69.234341904520988 91.730894058942795 175.51351945847273 638.87096704542637 606.92822923511267 975.42966696619987 1659.2419202029705 1188.4283726066351 2022.5088236629963 690.54676604270935 41.367048114538193 167.15502062439919 128.45536389946938 42.202916115522385 145.95570912957191 433.33091738820076 354.99673528969288 367.09192451834679 121.31425577402115 39.175055474042892 93.720538482069969 3176.567035779357 3846.1271704733372 366.82705084979534 78.081613957881927 72.868094369769096 1832.7826258987188 56.747887641191483 52.31953863799572 133.1256740540266 42.202351659536362 164.53568187355995 48.744883239269257 79.752163574099541 1077.1955051571131 55.880328521132469 4250.9952415078878 196.83405175805092 217.65279826521873 143.38021577894688 68.72737580537796 351.11065332591534 123.24519942700863 281.00501273572445 234.63303916156292 652.73100039362907 255.51687867939472 73.257175549864769 429.70458708703518 58.430132284760475 152.91275589168072 811.02779358625412 87.042544469237328
leaf_count=11775 1803 552 9521 15452 4381 3978 681 6652 337 342 490 1425 2622 4395 4593 8183 6869 14188 3207 214 909 707 202 760 2265 1735 1961 724 212 489 18577 20499 1848 350 368 7692 251 296 598 200 806 232 421 5955 275 19676 997 1091 694 346 2028 642 1631 1148 3400 1052 312 1888 245 632 3325 358
internal_value=-0.000243233 0.00270905 -0.0138003 0.00031563 -0.0105517 -0.00237051 0.00458148 -0.000429437 0.00162102 0.000370876 -0.00642013 -0.0133877 0.0172817 -0.0180719 0.000816292 -0.0012779 -0.00167847 -0.0163662 0.00926387 0.0266043 -0.00205255 0.000440276 0.0170612 0.010399 0.00300391 0.00889254 -0.000817332 -0.00709416 -0.0054704 0.0193911 -0.00969984 -8.48543e-05 -0.00136681 0.00814159 -0.000342742 0.0151801 0.0194639 -0.0112422 0.027178 0.0302875 0.0111377 0.00389754 -0.00348529 -0.00777013 -0.00419921 0.00726297 -0.0052291 0.00375211 -0.00747223 0.0189825 -0.009169 -0.00789659 -0.00740654 -0.00189338 0.00375664 0.0213261 0.0189442 0.0205451 0.0425189 0.0185634 0.0233785 0.039498
internal_weight=39056.3 32072.7 6983.58 27549.1 5707.87 16904.8 10644.3 13366 9958.31 9215.04 3407.73 4894.5 4523.66 2804.95 5682.48 4707.05 7489.85 2629.44 1725.19 133.098 7420.61 5063.82 355.314 313.111 1034.64 4961.77 4708.5 2089.54 1968.23 132.896 3538.76 4580.05 4212.95 4817.2 922.477 3884.79 2052 3228.89 211.207 112.165 365.901 293.033 244.288 3274.63 2110.78 4605.99 2054.9 626.594 361.033 265.561 1428.31 556.576 2356.8 1168.37 887.364 1924.64 1669.12 1612.37 131.687 1480.69 1050.98 239.955
internal_count=209457 162347 47110 143418 37589 92150 51268 71474 52732 48754 18742 33208 18929 20008 28228 23635 40276 18583 8478 704 39934 26886 1871 1669 5271 23040 25015 13200 12476 701 20676 24308 22347 22359 4734 16307 8615 18873 948 537 1827 1459 1227 18038 11386 21411 11111 3128 1785 1343 7983 2907 13048 6179 4548 8063 7011 6760 557 6203 4315 990
is_linear=0
shrinkage=0.05


Tree=23
num_leaves=63
num_cat=0
split_feature=4 14 2 13 2 5 3 19 2 2 14 13 1 13 2 15 15 13 14 14 2 18 19 1 14 19 19 2 13 1 5 2 1 3 5 11 14 4 16 16 10 3 19 5 4 3 2 9 19 5 19 4 16 1 5 7 9 1 7 18 11 4
split_gain=559.339 320.768 203.798 136.939 106.773 82.3545 66.3307 63.3239 59.01 56.8197 64.0092 59.5118 51.5367 51.1903 48.9887 48.3321 46.4972 47.8267 54.3905 45.2748 44.8231 44.337 43.4227 46.5275 40.5973 40.245 40.2026 40.1822 39.9371 36.8737 35.0405 33.8457 33.1116 34.1577 34.5347 34.3053 37.3014 32.8057 31.935 31.141 34.4991 33.8532 30.5687 29.8596 33.1475 33.0834 29.699 29.1749 57.9824 28.9687 28.4969 31.4583 70.6835 29.4144 28.4578 28.9614 28.259 28.2189 28.2179 38.4899 32.2466 32.0257
threshold=0.097461805939314652 0.4525351384580994 0.024430463225263918 0.80918301155664818 0.024555731968835984 0.041237111062125804 4.1224375747424249 0.021319895538916715 0.016478554058737254 0.015855146407099511 0.18710935974061491 0.21587229799874602 2.930227270658627 0.87967359708877901 0.015855146407099511 0.9035228747108931 0.32693907589914251 0.1720058309037901 0.32201694915254242 0.75434512892437167 0.013150474867107456 0.90134234234234245 0.024960370395492152 2.590447149203547 0.28627864295048405 0.46966385132817828 0.5603116116776915 0.01590716376126777 0.33878666220586601 1.8104703990946407 0.034674076180837517 0.01629649707805603 1.9282306824759905 3.0307035592163474 0.21078987432460675 5.5000000000000009 0.80924612619614333 0.030966259412279821 0.49461882975232146 0.013346055979643768 2.5000000000000004 3.3857653674657695 0.41406964122486295 0.10245086367616486 0.099521530213463008 1.4204383518010235 0.016537762576755686 7.5000000000000009 0.80896831156265125 0.15273251244432798 0.61206084810701999 -0.055704719755506886 0.052910758263578515 2.0883515847216536 -0.11903185679703597 -0.13603645901907888 6.5000000000000009 2.0004258205189314 -0.07034392728731996 0.26401320132013206 2.5000000000000004 -0.011623403527101726
decision_type=2 8 10 8 10 10 10 10 10 8 10 10 8 10 10 10 8 8 8 8 10 10 8 10 10 10 10 10 10 10 10 10 8 10 10 2 10 2 2 2 2 8 10 10 2 10 10 2 10 10 8 2 2 10 10 10 2 10 8 8 2 2
left_child=1 2 3 6 5 12 9 -4 -5 20 11 21 31 -9 -7 -15 -2 -18 43 49 28 57 -12 27 -8 -10 -25 -24 -1 -27 -22 -3 -20 35 -35 47 -37 -23 50 -14 41 54 -13 44 -19 -45 -33 -34 -49 -16 51 52 -6 -53 -41 -56 -47 -11 -21 60 -60 -61
right_child=16 4 7 8 38 14 24 13 25 10 22 42 39 15 19 -17 17 18 32 58 30 37 23 26 -26 29 -28 -29 -30 -31 -32 46 33 34 -36 36 -38 -39 -40 40 -42 -43 -44 45 -46 56 -48 48 -50 -51 -52 53 -54 -55 55 -57 -58 -59 59 61 -62 -63
leaf_value=0.017740478117431433 0.02938365947580366 -0.02138589702991732 -0.015079343412870126 -0.040636084878141993 -0.0018878104132147831 -0.0071232113684667302 0.062280043720193738 0.0067926908153304825 -0.029557968213007629 -0.010327158351545511 0.050402620216166927 -0.029719400373810434 -0.019798949125366918 -0.015167719313101744 -0.00098369664212303665 0.042253680791508361 0.023124215951058683 0.0024684264452354355 0.028050220463661381 0.0027567583328408736 -0.035951091510908487 0.056002763813920699 0.048328715359360445 -0.003221758751773426 -0.0014390459553840589 -0.021423396354337546 0.051457927863339206 -0.0058583933550728339 -0.02114500963673057 -0.0044807763481886746 -0.014530134473443593 0.028154215395915741 0.014352119097981115 -0.0066022900741909245 0.030173090363207724 0.01733821749143007 0.072235024290955116 0.0033012553059944987 0.012894578437894863 0.015772658008055798 0.035726718748083607 0.038113332951955431 -0.015012863549112548 0.037834728434044534 -0.044903714266909409 0.0065950879216138351 -0.0070665330751781405 0.015539360738456687 -0.050270363801866183 0.010973465661671341 -0.0030083362683560851 0.012153805337770142 0.048225711006936491 -0.0015789810978524242 -0.0081969890699153166 0.0033079695442576372 -0.03267973805509438 0.031894986759208085 0.016971053496330348 -0.014752135759477862 0.056279877912639956 0.011788548392489773
leaf_weight=127.18721816688776 552.54363670945168 424.63467264175415 487.21721796691418 376.50867510586977 138.87241123616695 1045.7290986329317 51.121270157396793 2837.7666590064764 611.18775632977486 660.74240837991238 35.219313949346542 501.42244765907526 171.6927769780159 457.60138776898384 3316.282173037529 38.86891733109951 1066.6373914033175 66.502636313438416 339.90947920084 1199.5858931988478 421.0716507807374 48.889017552137375 33.489875257015228 66.28365233540535 47.950821772217751 731.73653644323349 66.97576117515564 4411.4345014765859 135.18873125314713 572.86838663369417 352.60385242849588 59.90552718937397 1677.365253970027 396.10245980322361 75.067355021834373 79.715813934803009 50.51350636780262 72.684493064880371 2052.5701900273561 263.06648595631123 73.208663105964661 59.460126146674156 1209.6819156780839 56.225718721747398 81.755155771970749 157.00053372979164 3578.8783144056797 87.955560460686684 52.710884228348732 596.83185739815235 842.2492021471262 781.47822919487953 141.48154480755329 776.83805581927299 950.43242785334587 1285.9473716914654 63.525768756866455 41.128678947687149 138.33548292517662 121.03158923983574 84.102285087108612 1686.8570212125778
leaf_count=828 2251 2659 2874 3045 650 5547 312 13746 4321 4300 202 3565 898 2434 17796 187 4494 299 1419 5899 3071 275 218 378 269 5434 342 26542 1037 3621 2429 345 6960 1737 318 330 204 379 9386 1270 365 298 8439 232 383 695 19910 363 222 2842 4036 3614 640 3636 4958 6609 298 250 653 590 389 7764
internal_value=-0.000233267 -0.00247825 -0.00815634 -0.0117321 0.00165276 -0.000406674 -0.00873707 0.0017396 -0.0225459 -0.00923082 -0.00764263 -0.0140248 -0.00444444 0.00420106 0.00297959 -0.0105963 0.0157413 0.0139615 0.0108861 0.00445942 -0.0201701 -0.0029754 -0.00413407 -0.00456453 0.0317338 -0.0189713 0.0244387 -0.00543935 -0.00229941 -0.0139928 -0.0262198 -0.00804178 0.0134501 0.0113882 -0.000691697 0.0143084 0.0390198 0.0247784 0.008202 0.000770023 0.00211875 0.00114366 -0.0193373 -0.00575322 -0.0237803 0.00395483 -0.00647912 0.0125178 -0.0093018 0.000842359 0.00460578 0.00809336 0.0234837 0.00531124 0.000249288 -0.00158297 -0.00481504 -0.00781114 0.00883995 0.012431 0.0320188 0.0100046
internal_weight=38989.8 34186.3 14396.8 10575.4 19789.5 15056 8283.08 3821.45 2292.3 8184 7147.95 2534.55 6867.23 3334.24 8188.76 496.47 4803.53 4250.99 3184.35 7143.03 1036.05 823.445 4613.4 4578.18 99.0721 1915.79 133.259 4444.92 262.376 1304.6 773.676 4063.42 2759.34 2419.43 471.17 1948.26 130.229 121.574 4733.49 2803.81 2632.12 2558.91 1711.1 425.01 148.258 276.752 3638.78 1818.03 140.666 3913.11 2680.92 1838.67 280.354 1558.32 2499.45 2236.38 220.526 701.871 3229.91 2030.33 222.438 1807.89
internal_count=209457 189252 88498 69257 100754 78792 52836 19241 16421 52255 44890 17208 37312 16367 41480 2621 20205 17954 13460 35933 7365 5204 27682 27480 581 13376 720 26760 1865 9055 5500 22914 11553 10134 2055 8079 534 654 21962 14398 13500 13135 12004 1907 682 1225 20255 7545 585 20638 12576 8540 1290 7250 12837 11567 993 4550 15295 9396 1042 8354
is_linear=0
shrinkage=0.05


Tree=24
num_leaves=63
num_cat=3
split_feature=0 16 2 13 5 14 8 13 13 15 13 0 5 2 14 19 13 23 11 2 2 18 8 2 19 14 0 14 13 2 2 2 8 14 5 21 2 15 8 6 14 13 2 5 19 2 13 11 1 16 13 2 8 19 19 6 19 3 5 23 13 14
split_gain=522.893 287.932 128.335 116.572 95.0233 81.5678 78.2843 66.6841 61.6375 59.2432 50.2997 46.0294 44.5143 40.2038 39.7439 38.7269 44.5522 38.6459 38.3126 37.2796 42.6767 41.3147 52.67 38.9877 37.7973 39.1298 37.0114 38.6456 37.2842 35.8744 48.2005 47.697 43.4308 36.6031 33.7947 33.4905 33.225 33.1507 32.7803 38.1889 32.5154 32.2891 32.2032 32.0272 37.7806 35.5997 47.7614 42.496 40.729 39.1434 33.3306 36.323 57.1146 36.4496 40.0667 33.1996 32.0257 47.2882 31.9685 31.884 31.8278 31.7073
threshold=0.036583475111009553 0.84462214859181872 0.024328626346398975 0.86793072670022087 0.099284791717878199 0.75434512892437167 -0.091891891827715719 0.50559703440714265 0.87199397590361449 0.1963931017659882 0.30680875923413242 0.025855859418708164 0.0079609912222328178 0.015855146407099511 0.28627864295048405 0.93693281947395302 0.21183667035368678 0 3.5000000000000004 0.013016022587590435 0.01629649707805603 0.92392520182861604 -0.073968339973872352 0.019368169832996881 0.29117540773333234 0.22266415738866399 0.042329541181850283 0.55610158576833302 0.196046666788528 0.030338905914821291 0.034396249380162246 0.034598278818654737 -0.099452696081577793 0.1043024116775968 0.14344828963909265 1 0.029362810397847255 0.85174690487136007 -0.32691430719118009 0.029894658000232614 0.1043024116775968 0.5527683138411198 0.017673896820542285 0.088412615982622636 0.86812809296571236 0.015498764894508488 0.5566362751242665 3.5000000000000004 3.563892649806371 0.88386231988127728 0.51732467532467541 0.026457922037817629 -0.11714675142884699 0.98398717948717962 0.97773885693961005 0.01761682244162666 0.19605683683164898 0.11837648664290935 0.15853308303330019 2 0.54086826713652947 0.52023023414763225
decision_type=8 2 10 10 10 10 10 8 10 8 10 10 10 10 10 8 10 9 2 10 10 8 8 10 10 10 10 10 10 10 10 10 10 10 10 9 10 10 8 2 8 10 10 10 8 10 10 2 10 2 8 10 10 10 8 2 8 10 10 9 10 10
left_child=3 2 5 4 10 6 7 17 15 -3 19 -12 -7 -14 -10 29 -17 56 -18 -1 59 23 -23 24 25 -22 27 28 -8 32 -31 -32 -4 -34 -33 -15 -13 -28 -9 -40 -6 -35 60 44 45 48 -47 -48 -11 -49 51 53 -53 54 -45 -46 57 -2 -39 -21 -42 -30
right_child=1 9 8 -5 40 12 26 38 14 43 11 36 13 35 -16 16 18 -19 -20 20 21 22 -24 -25 -26 -27 37 -29 61 30 31 34 33 41 -36 -37 -38 58 39 -41 42 -43 -44 50 55 46 47 49 -50 -51 -52 52 -54 -55 -56 -57 -58 -59 -60 -61 -62 -63
leaf_value=0.025505731866227933 -0.0099888618299472376 0.031789737387786142 0.0015450429171378567 -0.026688146424852441 0.021085161446902825 -0.0040836369376471308 0.015971734441361574 0.0063293741265244511 -0.020573345661789852 -0.036934083027411614 -0.042155820633101082 -0.01583819618581234 -0.00715906509569985 0.0050948895147008488 0.00069489877388582109 0.0098178400789999433 -0.0062765918553603682 0.019315499721836226 -0.05137680219709613 0.023498340787354476 0.0043491736737874638 -0.012734263790933646 0.047849555365197492 -0.014169975662716895 -0.0045656122724372977 0.054919102365719952 0.0054792976959754918 -0.017100988192874464 -0.0066228429212989229 0.021227639767215235 -0.038796046956306 0.0017615947297848111 0.040742288190531994 0.015106648096223411 0.048130034260246153 0.019009914845134028 0.031395381631615205 -0.018983448182328482 -0.017040340667777407 0.01960030187555117 -0.0012369381746489231 0.0025247487619688511 -0.014496072222713041 0.014235000944032877 -0.012547121790264014 0.0042864547376157925 0.013834028511664416 0.078191314866882841 0.015446285177852235 0.026994740360634945 0.0082867349405569887 0.0078703533160287276 0.045794977196478154 0.039688834738576151 -0.018463135993061503 0.023542649198078528 -0.0085208058746252466 0.011512674741891701 0.022681592100497874 -0.024874427234663061 0.031955625580197017 0.021256803629123463
leaf_weight=86.278932198882103 455.85138900578022 351.29671250283718 2286.2736010998487 1230.5892599374056 249.36624159663916 1899.295897141099 259.27373841404915 175.56064049899578 329.97624918818474 83.173678502440453 167.51169507205486 2538.8296289518476 575.82552170753479 3188.958094894886 652.91025361418724 514.70759336650372 635.93479458987713 166.96307189762592 49.901891991496086 36.203879922628403 101.75246910750866 62.909952148795128 81.437246069312096 749.65992048382759 461.26026612520218 60.482152581214905 2506.4331800788641 511.90718260407448 1369.0570067614317 1019.3321364074945 63.424004837870598 278.93869222700596 100.34664450585842 1245.7136098146439 44.755556955933571 496.12398771941662 36.890636131167412 260.94431409239769 2455.1393779218197 72.435434088110924 220.60111628472805 863.62368743121624 238.46600995957851 1612.3621452152729 398.48443982005119 852.45371916890144 389.40732003748417 54.96036821603775 65.599366739392281 117.95393548905849 1869.2435335218906 165.58208408951759 248.74977645277977 130.4869524538517 98.622867658734322 74.868612349033356 2323.447555989027 579.85783845186234 54.970628932118416 431.13017164170742 106.32295773923397 109.21506375074387
leaf_count=561 2681 1467 11359 9521 1267 9786 1386 1002 1827 434 1425 18398 2931 15462 3158 2525 3420 934 250 240 676 336 409 4735 3003 381 12948 2931 8006 4375 362 1373 460 5555 187 2357 185 1331 14928 409 1172 3928 1324 7035 1833 3916 1793 262 295 515 8137 717 1016 540 418 326 13672 3229 252 2859 618 619
internal_value=-0.000223954 0.0024569 6.42115e-05 -0.0127521 -0.00970127 -0.00234733 -0.00487025 -0.00862479 0.00527155 0.0118404 -0.0123734 -0.0168136 0.00228107 0.00511843 -0.00645896 0.00689546 -0.00128986 -0.00409345 -0.00962813 -0.006487 -0.00788984 -0.00381505 0.0215397 -0.0064941 0.00274291 0.0234229 -0.000258078 -0.00504123 -0.00148045 0.00856028 0.0155282 0.000504893 0.00637757 0.0113746 0.00830121 0.00703832 -0.0151498 0.0035546 -0.014532 -0.015983 0.00608412 0.00995889 -0.000557657 0.010698 0.00556432 0.00930989 0.0117575 0.0230555 -0.0138888 0.0436235 0.0132311 0.0173226 0.0306944 0.014299 0.0123406 -0.00680133 -0.00526236 0.0020486 -0.0116848 -0.0210849 0.00962255 -0.00455011
internal_weight=38920 32060.3 25547.1 6859.69 5629.1 17461.3 11301.1 6229.26 8085.84 6513.25 4814.35 2743.23 6160.2 4260.91 982.887 7102.95 1200.54 3526.12 685.837 2071.11 1984.84 1517.5 144.347 1373.15 623.495 162.235 5071.8 2249.45 1737.55 5902.41 1406.45 387.118 4495.96 2209.68 323.694 3685.08 2575.72 2822.35 2703.14 2527.57 814.756 2109.34 565.39 6161.95 2036.9 1563.55 1414.78 562.322 148.773 172.914 4125.05 2255.8 414.332 1841.47 1710.99 473.353 3359.16 1035.71 315.915 467.334 326.924 1478.27
internal_count=209457 162347 133643 47110 37589 94864 64328 36855 38779 28704 33208 20008 30536 20750 4985 33794 6195 20516 3670 13200 12639 9540 745 8795 4060 1057 27473 12942 10011 27599 6297 1922 21302 9943 1560 17819 18583 14531 16339 15337 4381 9483 3114 27237 9374 7215 6486 2570 729 777 17863 9726 1733 7993 7453 2159 19582 5910 1583 3099 1790 8625
cat_boundaries=0 1 2 3
cat_threshold=8 17802 1
is_linear=0
shrinkage=0.05


Tree=25
num_leaves=63
num_cat=0
split_feature=0 4 2 13 0 0 5 19 2 13 8 8 8 5 8 2 2 2 2 0 3 0 13 6 11 14 8 13 19 3 2 3 2 2 2 2 2 2 2 5 6 2 5 13 3 14 2 2 8 8 8 4 4 4 19 3 14 5 13 14 19 0
split_gain=471.405 340.438 125.788 104.254 91.2038 64.4916 58.0934 47.4155 48.1377 46.6352 46.806 45.6465 43.305 42.8691 40.9278 40.1894 41.5802 40.5806 51.9152 40.1289 49.7188 39.3543 42.8377 38.9175 48.7844 61.4115 38.9046 48.4091 43.1596 36.8933 36.4041 35.8473 35.7751 60.0401 59.025 179.422 58.7691 65.5155 50.3916 49.7402 48.6198 44.5363 40.5244 34.8509 47.8153 34.5517 34.3542 40.4596 38.8211 33.4528 32.8805 50.4501 32.3371 31.7435 31.2047 31.791 31.0444 30.9351 30.4545 30.276 77.0012 30.0806
threshold=0.035903541678320765 0.095702299823622008 0.024328626346398975 0.21587229799874602 0.053477770438522448 0.029896212027872158 0.011575104864200216 0.98791905658449741 0.036378053270572357 0.7260376507259455 -0.34879759036144575 -0.15295662562191534 -0.099452696081577793 0.049517088882902301 -0.082563791313245802 0.030338905914821291 0.033449360586656769 0.024375579553134259 0.024430463225263918 0.07215239697961405 2.1588079407013683 0.057583129959688832 0.57222668093454621 0.0046728972445585501 3.5000000000000004 0.34948901189073062 -0.17768498177013706 0.50559703440714265 0.66737065120428196 0.21513747402997252 0.021269509412767094 0.91334920117945573 0.027862282336196666 0.027459728617744199 0.028521094297324818 0.02878252898519407 0.029362810397847255 0.029675767752523629 0.029488768802778721 -0.030918967363980084 0.011803831407939282 0.0286543737976452 0.054108902736980886 0.87199397590361449 0.84859533813776977 0.49637022397891967 0.031827200496059742 0.030519706672412588 -0.1722386531063618 -0.19749888293118859 -0.03052613655526137 0.058215185719831537 -0.032465463993650405 0.011007731810051215 0.92862341443127483 3.5265486935564452 0.59147303223820891 -0.11903185679703597 0.092612085769980521 0.56003120124805006 0.12840173040074296 0.049569877231926067
decision_type=8 2 10 8 10 10 10 8 10 8 8 10 10 10 8 10 10 10 10 10 10 10 10 2 2 10 10 10 10 10 10 10 10 10 10 10 10 10 10 10 2 10 10 10 10 10 10 10 10 10 10 2 2 2 10 10 10 10 10 10 8 10
left_child=3 2 4 13 6 -5 49 15 -9 10 30 57 59 -1 -11 17 46 31 -19 20 53 22 -14 50 -25 -26 -27 45 -29 -7 56 -4 33 43 -34 41 58 38 -38 -39 -41 -36 -40 -20 -45 -28 47 -17 -48 -2 51 -12 -49 -18 55 -16 -8 -6 -37 60 -3 -60
right_child=1 12 7 5 11 29 9 8 -10 14 23 -13 21 -15 54 16 19 18 32 -21 -22 -23 -24 24 25 26 27 28 -30 -31 -32 -33 34 -35 35 36 37 39 42 40 -42 -43 -44 44 -46 -47 48 52 -50 -51 -52 -53 -54 -55 -56 -57 -58 -59 61 -61 -62 -63
leaf_value=-0.009099647793194927 -0.018824664861269238 0.050203849914056943 0.01342900477072864 -0.026346348277988638 0.013322107006167231 -0.020044635590876447 0.073463678014874162 -0.010444670418673769 0.010374248908162541 -0.016418075389194414 -0.0036333684415211288 0.0072534963181064534 0.02065393267801334 0.0069976757982545788 -0.0015113952700912996 0.054377316415047394 0.0040585830263339352 -0.031675488751729639 0.0078036598158294588 0.025711399183204649 0.037099175592552651 0.028144844885926903 0.0048749494446260781 0.0002466570638180696 -0.016211293740789914 -0.011264618642762764 0.043501550989883758 0.081627805308372242 0.02478484075299138 -0.0089042415161641308 -0.012807729213433861 0.067475718081180733 -0.014027995308527861 0.026529461846954861 0.015623897972291429 0.028766815614883923 -0.0021242058505844662 0.039056253969001906 0.059989750339920371 -0.014082200114253188 0.02391566172828493 0.066263407264362043 0.012533802199196456 -0.024925386888081835 0.016262533883732812 0.0041938189495846732 0.043479833012094647 0.029113023206691398 0.010198942984613307 -0.0070729994711645544 0.0040460280931315894 -0.020895355911025357 0.0040809708512942926 -0.024308491954389541 -0.021717245375708839 0.0452717824526436 0.018866985063449668 -0.0028114686644633877 -0.029160608253322912 0.013107511778343137 -0.0081848100055738615 -0.0062468991086803809
leaf_weight=950.08460958302021 842.51410637795925 63.340006545186043 93.008018314838409 1250.1923763155937 329.77364391088486 1168.5214454382658 45.169486373662949 840.04208579659462 413.56275273859501 982.11828027665615 3647.9115817695856 3182.022077947855 1208.4613674581051 730.9114827811718 1151.8826006427407 54.029392316937447 185.66804917156696 98.284869953989983 2239.3924072533846 144.41463722288609 61.249085545539856 827.4067919254303 668.73791253566742 1903.8178931176662 110.00699511170387 61.710709378123283 85.169653862714767 71.823292657732964 63.950140774250031 2047.767436273396 40.804237052798271 45.29011769592762 555.66928280889988 397.15332539379597 65.818348318338394 40.405778780579567 99.923841014504433 64.540017306804657 116.12475784122944 450.51129257678986 102.53020536899567 131.06197269260883 74.08233605325222 195.77731920778751 108.92070013284683 159.87595434486866 240.91648600995541 166.94071687757969 138.57703794538975 2155.755258217454 1112.2374469041824 477.95135410130024 558.56671983003616 208.75424960255623 191.93207542598248 36.494262740015984 61.94225786626339 2919.7033282220364 241.89959588646889 1358.0624868273735 460.35705302655697 350.83476510643959
leaf_count=6204 5240 272 491 10290 1594 8535 230 4694 1938 5977 20654 15058 4966 3983 6539 220 964 530 10480 623 286 3350 2790 10442 607 325 445 361 318 14017 213 218 2716 1783 290 194 484 316 525 2199 480 588 336 1011 540 809 973 706 600 13073 5864 2579 2467 1084 1091 193 314 14752 1242 5677 2056 1669
internal_value=-1.36395e-05 0.00237427 0.000313812 -0.0127158 -0.00188447 -0.0167096 -0.00426277 0.00540097 -0.00357374 -0.00246451 -0.00060897 0.00299777 0.0150039 -0.00210039 -0.00862133 0.00695729 0.0135299 0.00484197 0.00414525 0.00283986 -0.00444918 0.0190569 0.0150384 -0.00114617 0.0040455 0.0171107 0.025412 0.0313693 0.0552314 -0.0129567 0.0271555 0.0314857 0.00482373 0.00847275 0.000142285 0.00467893 -0.00107625 0.00707643 0.0266305 -0.00213801 -0.0070072 0.0494988 0.0416687 0.00564463 -0.0101969 0.0179771 0.0190574 0.0130233 0.0313856 -0.0103804 -0.00358106 -0.00563762 0.00987304 -0.0109786 -0.00306592 -3.78595e-05 0.0423572 -0.00117056 -0.0127572 0.0091716 -0.00104061 -0.0156315
internal_weight=38852.4 32704.9 28118.5 6147.48 19634.6 4466.48 13203.1 8483.95 1253.6 10204.8 7842.37 6431.5 4586.37 1681 2362.43 7230.35 1759.12 5471.23 5332.93 600.086 455.671 2704.61 1877.2 7694.46 2456.35 552.537 442.53 380.819 135.773 3216.29 147.916 138.298 5234.65 2941.24 2293.4 1737.73 1540.85 907.712 290.131 617.582 553.041 196.88 190.207 2544.09 304.698 245.046 1159.03 779.537 379.494 2998.27 5238.1 4125.86 725.507 394.422 1380.31 1188.38 107.112 3249.48 633.14 1881.76 523.697 592.734
internal_count=209465 166436 147325 43029 106678 32842 75274 40647 6632 56961 43161 31404 19111 10187 13800 34015 7923 26092 25383 2957 2334 11106 7756 42404 13307 2865 2258 1933 679 22552 757 709 24853 13814 11039 8323 7445 4340 1345 2995 2679 878 861 12031 1551 1254 4966 3393 1573 18313 29097 23233 3173 2048 7823 6732 544 16346 3105 8005 2328 2911
is_linear=0
shrinkage=0.05


Tree=26
num_leaves=63
num_cat=1
split_feature=0 4 13 0 5 7 9 12 13 19 8 5 6 15 10 13 14 13 16 4 8 0 15 4 5 15 13 18 1 13 5 19 6 8 1 19 6 1 19 17 15 0 13 3 5 7 1 22 15 1 4 3 3 9 8 17 5 19 5 9 13 3
split_gain=428.85 307.773 100.564 92.3039 78.3136 76.7554 66.3992 65.5389 49.2415 63.5961 57.7141 49.5835 46.3479 46.0524 49.5145 69.3237 45.0466 43.4202 38.8852 91.9995 46.3904 54.3142 41.2316 38.6237 38.1334 44.1842 37.041 57.6872 38.5242 36.1708 36.0056 35.892 35.576 35.0201 38.8951 35.155 35.8897 34.8 34.1714 38.2091 33.5128 33.2745 31.9302 34.062 31.7456 31.6289 31.3862 31.3697 30.8953 30.3718 28.4431 28.0282 57.9801 51.21 27.4973 44.8531 54.4806 47.49 45.5656 42.3942 35.3635 43.1609
threshold=0.035903541678320765 0.083433142334766966 0.86793072670022087 0.049569877231926067 0.099284791717878199 -0.065321805991548784 9.5000000000000018 2.5000000000000004 0.71819178628389169 0.23192132437639532 -0.11273605974634558 0.13513513525047097 -1.0000000180025095e-35 0.16407459365325081 3.5000000000000004 0.73377053410166004 0.32998254079195194 0.041068044950565645 0.052910758263578515 -0.061886611620357072 -0.13452340386123826 0.073767218217477545 0.91487924094307083 0.099559471059833773 0.16818597307628372 0.68278317071962757 0.084622027368141381 0.11669861603811289 2.5435975336394856 0.029093951940564178 0.1201298708427221 0.65966876260993923 0.010161126647550979 -0.082563791313245802 3.1809607322757589 0.91698896873236935 0.001568627450980409 1.888132689784745 0.5844519519519521 0.41050259539842876 0.93464309608357798 0.058553578705111575 0.5759581089586685 1.2027868723526771 0.098276733083142678 -0.053378844618116088 1.4394118184161859 0 0.70242689855875839 2.9775677349085532 -0.0092483224908250766 2.8359727732961395 1.5474224278228184 5.5000000000000009 -0.10173599423879263 0.68210369581509112 0.041776617348418983 0.94511672175040806 0.090207179136627805 3.5000000000000004 0.196046666788528 1.8843672165791407
decision_type=8 2 8 8 10 10 2 2 10 8 10 10 2 8 2 10 10 10 2 2 10 8 8 2 10 10 8 10 10 10 10 8 2 8 10 10 2 10 10 10 10 10 10 10 10 10 10 9 10 10 2 10 10 2 10 10 10 10 10 2 10 10
left_child=2 3 4 5 17 26 7 18 9 -7 11 46 50 -3 54 23 42 -1 24 32 21 22 31 -16 25 -5 27 29 -29 -2 -28 47 -20 -10 35 40 -37 48 39 -18 -35 -39 -12 -44 51 -19 -11 -21 -22 -33 -9 52 -40 -54 -15 56 -56 59 -57 -58 -60 -62
right_child=1 13 -4 6 -6 8 -8 12 33 10 16 -13 -14 14 15 -17 38 45 19 20 37 -23 -24 -25 -26 -27 30 28 -30 -31 -32 49 -34 34 -36 36 -38 41 44 -41 -42 -43 43 -45 -46 -47 -48 -49 -50 -51 -52 -53 53 -55 55 58 57 -59 60 -61 61 -63
leaf_value=0.0042385603521204402 0.078537966600467232 0.032640469772070531 -0.025850609452287777 -0.0010436744301801865 0.0063236426350455986 0.013364514215185773 -0.049148912847271936 -0.03111802751415263 -0.01566892825843887 0.014914203362806603 0.014395997982969047 0.025226460913799754 0.032882173101913874 0.0064374487924762323 0.070531288669139533 -0.017396178364762999 0.020923290412991739 -0.021866850560972796 0.022761213710861261 0.01115292239790347 0.010755265456179079 0.010312287518369248 0.012249126530849632 0.022428103770101782 0.025124296695437483 -0.020524129597091666 -0.010886309238819889 -0.014667532650197738 0.035940031398503255 0.014421497823600802 0.019873524668513113 -0.016416673009469213 0.070143253570948333 -0.0025865939968411477 0.047675924912835899 -0.040310937230998371 -0.0028743431252518511 0.0014003901526217861 -0.010511929645627322 -0.00032221911960362431 0.030151269233385819 0.010124010375538872 0.008292614104173323 -0.026071088990995663 0.0047086548583181141 -0.010917236817407762 -0.013507320856760425 -0.0030419463568342447 0.038476548804362111 0.027092903712621158 0.016476510266121853 -0.028917329869068475 0.00028322067394159019 0.045685607496748534 0.0023295929882609086 -0.0094196792427692771 0.018606212329234904 -0.00012475491087716802 0.024678122218155095 0.061294258353198419 0.017774504073788281 0.0015766749453685039
leaf_weight=388.2604673653841 36.906605571508408 287.80243185162544 1102.6843599677086 887.58055000007153 700.64276193082333 1008.7458135634661 59.759665712714195 51.916085749864578 724.52253767848015 104.43563637137413 1045.2892562150955 98.639937222003937 305.83038841187954 1947.2953126579523 97.890221700072289 48.37579944729805 338.0933018475771 841.97245071083307 287.51493135094643 422.2840171456337 326.41528636217117 1069.0030561685562 462.58362445235252 74.470876291394234 95.535369575023651 432.20059108734131 3578.2462503090501 202.30854165554047 45.155395820736885 53.775929406285286 96.84623946249485 661.82982760667801 45.438566610217094 1406.5927139669657 36.610498666763306 121.91661022603512 133.95623058080673 2594.389023527503 1196.7347268015146 562.90941359102726 81.769042938947678 1888.4579031020403 204.96656031906605 109.9901614934206 754.68783955276012 3060.7959375455976 1259.2281662970781 3841.8488567769527 145.04448553919792 41.806002259254456 76.191448196768761 141.04522407054901 199.52115859091282 89.184695154428482 144.25521220266819 237.56693457067013 85.70474399626255 62.907447755336761 541.83202438056469 187.85298477113247 850.23400522768497 796.09312696754932
leaf_count=2359 219 1182 8897 4443 3792 5367 293 249 4359 556 5360 512 1406 8443 415 208 1804 6213 1415 2097 1493 5007 2237 309 440 2196 21867 1187 267 319 506 3526 213 7882 181 702 752 12472 6498 2969 425 8609 1076 571 3778 21768 7529 19479 642 202 354 749 1051 454 612 1040 359 264 2230 789 3509 3363
internal_value=-1.4394e-05 0.00225583 -0.0121902 0.000106587 -0.00916797 -0.00280596 0.00300561 0.00323777 -0.000382281 0.00174091 -0.000181654 -0.00884044 0.0223353 0.0132069 0.0120985 0.0352155 0.00254707 -0.0116983 0.0026084 0.00354878 0.00279426 1.58723e-05 -0.00201257 0.0499969 -0.00521993 -0.00743382 -0.00861343 0.00720588 -0.00532555 0.0410881 -0.0100705 -0.00334278 0.0294182 -0.00640892 -0.00263489 -0.00371759 -0.0207994 0.00643839 -0.000624279 0.00766433 -0.000768973 0.00507677 0.0101941 -0.00375252 -0.00376247 -0.0132845 -0.0113213 -0.0016149 0.0193471 -0.0137968 -0.00290299 -0.00769355 -0.00566021 0.0144178 0.0110402 0.0141207 0.0280645 0.0390585 0.0113469 0.0480367 0.0136048 0.00994764
internal_weight=38784.3 32690 6094.36 27327.7 4991.67 13632.1 13695.6 13635.9 9618.84 7113.47 6104.73 1462.3 433.938 5362.28 5074.48 220.737 4642.42 4291.03 13201.9 11786.6 11453.7 6499.36 5430.35 172.361 1415.32 1319.78 4013.24 338.146 247.464 90.6825 3675.09 4967.77 332.953 2505.37 1780.85 1744.23 255.873 4954.31 3282.18 901.003 1488.36 4482.85 1360.25 314.957 2381.17 3902.77 1363.66 4264.13 471.46 703.636 128.108 1626.49 1485.44 288.706 4853.74 2906.45 480.72 336.465 2425.73 273.558 2188.16 1646.33
internal_count=209465 166436 43029 143713 34132 76940 66773 66480 52575 38274 32907 8597 2009 22723 21541 932 24310 30340 64471 57392 55764 32548 27541 724 7079 6639 24365 1992 1454 538 22373 25304 1628 14301 9942 9761 1454 23216 17303 4773 8307 21081 7007 1647 12530 27981 8085 21576 2135 3728 603 8752 8003 1505 20609 12166 2024 1412 10142 1148 9102 6872
cat_boundaries=0 1
cat_threshold=2152
is_linear=0
shrinkage=0.05


Tree=27
num_leaves=63
num_cat=1
split_feature=0 4 2 13 0 5 7 2 13 2 19 13 17 2 23 2 18 7 19 18 2 18 19 7 14 13 2 2 4 2 2 2 2 2 2 2 5 13 2 2 2 14 19 5 14 13 18 13 18 9 2 4 19 1 1 13 14 13 1 5 2 2
split_gain=390.022 279.551 109.303 94.4582 76.137 70.9423 65.8623 42.8091 56.7003 53.291 40.5964 42.8819 37.9832 37.6487 37.9787 37.0586 36.0814 47.3134 41.578 39.4595 39.7153 38.6738 76.7681 34.2943 41.6727 58.7977 33.4315 37.3209 33.3886 33.0204 54.4814 54.4155 143.025 51.6847 60.6849 45.2716 45.1804 38.9055 38.8869 39.9691 38.274 32.4229 32.3554 32.3506 31.9797 31.5953 30.7583 30.9333 59.2323 30.5529 30.4945 35.4882 30.4076 33.2481 30.098 29.9589 32.9414 32.0207 28.5278 28.3733 28.1351 61.8067
threshold=0.035903541678320765 0.095702299823622008 0.024328626346398975 0.89146292983502307 0.053477770438522448 0.099284791717878199 -0.098805213456705218 0.017124567590068959 0.196046666788528 0.019368169832996881 0.93693281947395302 0.21183667035368678 0.89892656886089572 0.013016022587590435 0 0.025265646839615716 0.23208358112126296 -0.044060353997202088 0.18807953526644808 0.68639899244332503 0.019967724481238094 0.33133872786838298 0.46966385132817828 -0.083457184352886668 0.84878809727266258 0.18395314319173708 0.030338905914821291 0.030519706672412588 -0.091899947954441827 0.027862282336196666 0.027459728617744199 0.028521094297324818 0.02878252898519407 0.029362810397847255 0.029675767752523629 0.029488768802778721 -0.030918967363980084 0.87199397590361449 0.024375579553134259 0.024430463225263918 0.0286543737976452 0.096451696710500037 0.088716364414486729 0.054729254439155668 0.52023023414763225 0.71413389170484021 0.54438620266434856 0.029093951940564178 0.11669861603811289 3.5000000000000004 0.024430463225263918 0.078060606570337546 0.37408644601908564 1.8104703990946407 2.0945769898403435 0.68289666985772701 0.85266079081671298 0.50144093415719893 1.7159209360750471 0.11866408161463983 0.034396249380162246 0.034598278818654737
decision_type=8 2 10 8 10 10 10 10 10 10 8 10 10 10 9 10 10 10 8 10 10 10 10 10 10 10 10 10 2 10 10 10 10 10 10 10 10 10 10 10 10 10 10 10 10 10 10 8 10 2 10 2 8 10 10 10 10 10 10 10 10 10
left_child=3 2 4 5 6 7 46 8 13 -9 26 -12 28 -1 -15 23 18 19 42 -18 -21 22 49 -3 25 -25 29 -28 -6 30 37 54 40 -34 35 -35 -36 38 -4 -40 -33 -23 -8 -37 59 55 47 48 -2 -19 51 -11 -47 -54 -31 56 -43 -58 -10 -13 -29 -62
right_child=1 15 10 -5 12 -7 16 9 58 50 11 44 -14 14 -16 -17 17 21 -20 20 -22 41 -24 24 -26 -27 27 60 -30 31 -32 32 33 34 36 43 -38 -39 39 -41 -42 45 -44 -45 -46 52 -48 -49 -50 -51 -52 -53 53 -55 -56 -57 57 -59 -60 -61 61 -63
leaf_value=0.03976000136341843 0.060966135681701672 -0.0023043218434992876 0.035180081065296631 -0.02608111827945174 -0.018802377954702156 0.0055875139982327357 0.0040924008128104114 0.0017042505270228421 -0.042849860992261436 -0.017557795367545675 0.0084092604606808303 -0.024753630313916367 0.012496298451510896 0.03930789318100085 -0.012247381492812614 0.020938520553827063 -0.0097398257514770773 0.026813980503690049 0.00014558280276531839 0.056458460252249557 -0.0022476093770003084 -0.034349650919618162 -0.0090734330972900065 0.023427346731059825 0.023083337212414554 0.0045448786966538913 0.053793793023838 0.015445384279605567 0.0019170467287505479 -0.021273694481030545 0.025349113591001882 0.013076603986566482 -0.012003968720885301 -0.0017747838331147519 0.036737235519246535 0.055900146067407779 -0.0069600778245624195 -0.010919724446186056 -0.028057650349597701 0.0074388645044744794 0.060120807909366594 0.00039989043582893785 0.035930966842672239 0.012513967515328349 -0.00044700298111963763 -0.022951934080692352 0.029744820863295492 -0.014184191974624977 -0.029146041350249341 0.07934600522590568 0.0017157682509416246 0.029125375674075429 -0.026508469097913274 -0.001552941422514867 0.0048160478444974836 0.018909259085103623 -0.042331062947358847 0.010620262594027752 -0.019981579805785139 0.010974390401821259 -0.03957269367690025 0.0091049185407066583
leaf_weight=47.156089842319489 38.124528378248215 432.58541755378246 120.66133671998978 957.74650648981333 200.71380315721035 718.37713770568371 149.49877375364304 1005.4787388071418 155.31394442915916 1301.0465710833669 550.65308408439159 359.29388278722763 852.21470971405506 38.740795001387596 354.075684055686 1244.889570966363 2947.9814856797457 75.161201328039169 888.72156355530024 44.127802193164825 79.469457477331161 74.760896638035774 124.51712490618229 550.50924918055534 733.5435524135828 1635.7856427133083 52.568839758634567 1180.4346265941858 5392.5655747503042 385.17389923334122 392.92818288505077 65.52409440279007 612.93802952766418 97.406693950295448 65.493497163057327 118.59398421645164 535.07733239233494 319.45460832118988 81.313087239861488 2190.7257825136185 130.05016177892685 4566.47557041049 170.85546904802322 68.161408737301826 481.79306274652481 267.47698496282101 42.042863309383392 1965.0765983760357 33.312765806913376 44.457693830132484 292.03541366755962 41.150894552469254 150.07055571675301 1146.7386794984341 154.43005536496639 211.0205891430378 86.774317011237144 41.808661758899689 1132.3314919769764 65.108010545372963 77.417278647422791 386.20878323912621
leaf_count=304 220 1843 605 7905 1063 3897 851 7035 1334 9482 2671 2196 3802 255 2352 5129 17176 411 5073 247 466 470 675 2291 2972 6876 213 5098 26539 1915 1748 287 3027 473 316 526 2603 1652 444 10231 572 24805 985 308 2395 1622 268 12309 205 232 1583 212 959 6516 740 1153 429 202 8670 311 448 1868
internal_value=-1.5112e-05 0.0021427 0.000271604 -0.0116829 -0.00178181 -0.00896681 -0.00396392 -0.0113616 -0.0174797 -0.00735231 0.00500951 -0.00258594 0.00266952 -0.0019773 -0.00707594 0.0135709 -0.00242995 -0.0034296 0.00571895 -0.00857768 0.0189971 -0.0010996 0.0183988 0.0108295 0.0127755 0.00930802 0.00658266 0.0126952 0.00117031 0.00463782 0.00797176 3.24479e-08 0.00440719 -0.000855352 0.00687318 0.0258665 -0.00214165 0.00544577 0.00763441 0.00615671 0.0445061 -0.00182959 0.0211319 0.0402162 -0.00926912 -0.00144859 -0.0121284 -0.013007 0.0191226 0.0468341 -0.0129221 -0.0161059 -0.0076338 -0.00445907 -0.0138119 0.000524691 -0.000305459 -0.0251649 -0.022771 -0.0192596 0.0113491 0.000908949
internal_weight=38726.1 32682.7 28085.4 6043.45 19594 5085.71 13148.5 4367.33 1727.62 2639.71 8491.41 1456.85 6445.49 439.973 392.816 4597.31 11069.9 9860.84 1209.08 3071.58 123.597 6789.26 244.136 3352.42 2919.84 2186.29 7034.56 1696.63 5593.28 5337.93 3105.08 2232.85 1693.25 1497.67 884.733 284.162 600.571 2712.15 2392.7 2272.04 195.574 6545.13 320.354 186.755 906.195 6470.37 2078.56 2036.51 71.4373 119.619 1634.23 1342.2 1564.29 1296.81 539.604 4906.08 4695.06 128.583 1287.65 424.402 1644.06 463.626
internal_count=209465 166436 147325 43029 106678 35124 75274 31227 12915 18312 40647 7573 31404 2911 2607 19111 62272 55363 6909 17889 713 37474 1318 13982 12139 9167 33074 7627 27602 25447 14680 10767 8112 7253 4226 1307 2919 12932 11280 10675 859 36156 1836 834 4902 35686 13002 12734 425 643 11277 9694 9097 7475 2655 26589 25436 631 10004 2507 7414 2316
cat_boundaries=0 1
cat_threshold=1
is_linear=0
shrinkage=0.05


Tree=28
num_leaves=63
num_cat=1
split_feature=0 4 2 13 17 4 0 2 2 2 9 3 8 2 2 2 15 19 0 7 13 19 8 2 2 2 17 2 2 6 2 21 8 3 8 15 2 2 4 9 1 7 17 17 13 8 7 0 4 7 15 0 6 2 2 2 2 2 2 2 9 6
split_gain=354.747 251.971 98.6121 88.2163 71.1612 62.8275 58.7157 50.3945 64.2669 50.2345 42.5958 44.4351 39.5762 38.8924 50.7163 56.9362 37.3268 36.9469 38.8839 35.4136 35.1358 35.0684 34.7424 32.2344 34.689 64.2907 44.356 31.8392 43.5013 32.4598 31.115 30.9574 30.5433 30.2709 29.9376 45.2153 31.3755 29.7269 29.9263 29.5759 29.1077 28.7452 32.2938 44.6713 38.7886 34.6036 53.6032 33.4058 32.4581 30.6238 29.9083 33.1327 29.3498 28.6991 57.6331 124.571 51.1949 50.3999 38.9702 37.7677 34.6476 29.3234
threshold=0.035903541678320765 0.095702299823622008 0.024328626346398975 0.89146292983502307 0.7925957799451776 0.075141315108740905 0.055114234796473476 0.015855146407099511 0.01590716376126777 0.013150474867107456 5.5000000000000009 -0.2265850360713452 -1.0000000180025095e-35 0.017033105306656072 0.019368169832996881 0.024430463225263918 0.29913450854567475 0.98791905658449741 0.073767218217477545 -0.069605568445475649 0.196046666788528 0.12443350242686878 -0.15811432335035838 0.030338905914821291 0.034396249380162246 0.034598278818654737 0.70591474475252669 0.024375579553134259 0.024430463225263918 -0.009752682822623147 0.020673458758072475 0 -0.19436406479545063 0.91334920117945573 -0.30083882840704157 0.95034070365734957 0.031827200496059742 0.030519706672412588 -0.032465463993650405 3.5000000000000004 2.4272412235586587 -0.083457184352886668 0.68210369581509112 0.80830355226104644 0.28718478491205768 -0.0042483229295779959 -0.015811526701717368 0.048539255528131119 0.099640965739750023 -0.00082610505626790054 0.87182279649284744 0.041190336073233892 0.020769003907489373 0.027862282336196666 0.028521094297324818 0.02878252898519407 0.029362810397847255 0.029675767752523629 0.027459728617744199 0.029488768802778721 5.5000000000000009 0.011803831407939282
decision_type=8 2 10 8 10 2 10 10 10 8 2 10 8 10 10 10 8 8 8 10 10 8 10 10 10 10 10 10 10 2 10 9 8 10 10 10 10 10 2 2 10 8 10 10 8 8 10 10 2 8 10 10 2 10 10 10 10 10 10 10 2 2
left_child=3 2 4 5 6 10 7 9 -9 -2 11 -1 -6 20 -15 32 -3 23 -19 -10 -13 30 31 27 34 -26 -27 33 -29 -30 -21 -8 -16 -4 36 37 -25 -36 -39 -17 -14 -18 45 47 -45 46 -43 49 -48 -44 -46 -52 -49 58 -55 -56 -57 59 -31 -58 61 -59
right_child=1 16 17 -5 12 -7 22 8 19 -11 -12 13 40 14 15 39 41 18 -20 21 -22 -23 -24 24 25 26 -28 28 29 53 -32 -33 -34 -35 35 -37 -38 38 -40 -41 -42 42 43 44 50 -47 48 52 -50 -51 51 -53 -54 54 55 56 57 60 -60 -61 -62 -63
leaf_value=-0.017591323841321008 0.0027764352960034377 0.025857150597253409 0.011012789198238039 -0.025254367053126836 0.0031128457177595466 0.0085331332004368425 0.0035118507772355181 0.042927101122601584 -0.0084371023099747873 -0.020566492462105554 -0.023011042660910874 0.002624762163661198 0.0039807671949140741 0.0087443510277724363 -0.034197387055241411 0.0032458078223664023 0.00049704762973814219 -0.0082308190068306804 0.012276476771145864 0.017420410213159845 -0.018229322722676345 -0.0032605292707776051 0.0070015884551555569 0.013541564052241323 -0.040155823586866805 -0.0014007819957459811 0.035893281414523075 -0.029681044665391065 -0.011366672544220097 0.0061314936436210471 -0.0092547777850116551 -0.0077522210944371145 -0.0094865695946664622 0.059881674138521482 0.048057221148771929 0.060749885911799285 0.056420415593942778 0.028782303706557596 0.0054462636567704208 0.043258425322003247 0.046010621859179174 0.014974339296287026 -0.037519972588797468 0.02233143464208447 0.013769641074487077 -0.001404895751144656 0.067494976160695316 0.017166099935004356 0.026538991042269068 -0.002514752143468366 0.022377535887388597 -0.0084211972663951837 -0.024832277319369288 -0.013682304835200006 0.044012918019192833 -0.010935632863390866 -0.00011992911513669558 -0.0019587211060226937 0.023051172123632543 0.038557536627487295 -0.037385040056303533 0.029006633935516751
leaf_weight=1011.4556122496724 307.26704718917608 494.00163866579533 94.845374435186386 940.13342294842005 3978.95120857656 484.32073085010052 1206.5664047598839 71.504376888275146 3419.4888625591993 918.6401389092207 582.75140665471554 268.67258892953396 72.763265028595924 769.17506735026836 149.79814903438091 173.33926078677177 534.69459272921085 940.47246690094471 305.41115567088127 391.92127492278814 809.87115404754877 5934.2037635967135 1808.0449852645397 83.723918735980988 79.79907651245594 293.95135527849197 108.36566397547722 95.409102492034435 313.35185298323631 2415.6501673161983 150.72704546153545 1214.420091047883 741.96658320724964 47.046439275145531 50.864565402269363 47.019876599311829 87.774691328406334 162.97422604262829 852.19877861440182 62.049686312675476 94.568081274628639 266.95096220076084 91.115122050046921 862.45601479709148 1068.4520696848631 110.37476362287998 109.5437693297863 247.24559354782104 89.682660639286041 194.69252301752567 113.070218116045 371.44645869731903 49.05675995349884 517.22798424959183 184.64140102267265 581.26200921833515 95.091827884316444 409.50228163599968 395.44426918029785 186.66871570050716 55.777854189276695 92.975427940487862
leaf_count=7498 1731 2014 491 7905 19760 2329 6073 394 21001 5532 4119 1776 377 5362 1086 926 2283 5225 1407 2125 6335 33580 8683 355 468 1454 480 530 1508 11371 815 6173 5368 218 206 198 363 686 3713 325 434 1112 406 3551 4356 456 453 1017 368 832 491 1571 201 2557 799 2880 462 2013 1745 824 260 434
internal_value=-1.62309e-05 0.00203527 0.000256853 -0.011197 -0.00169614 -0.00857724 -0.00325947 -0.00515561 -0.00397818 -0.0147182 -0.0103924 -0.0085424 0.0041183 -0.0054609 -0.00114747 -0.00789946 0.0128772 0.00475414 -0.00319792 -0.00432139 -0.0130368 -0.00214751 0.00175941 0.00612063 0.011993 0.00055427 0.00870861 0.0042273 0.00360365 0.00421435 0.0100077 -0.00215683 -0.0136711 0.0275217 0.0162824 0.0132632 0.0356872 0.0111137 0.00921723 0.0139317 0.0278664 0.0113107 0.0129278 0.0108368 0.0138321 0.0237618 0.0297107 -0.00159471 0.0492831 -0.0137663 0.00910066 -0.0012025 0.0101526 0.00520594 0.000817453 0.00549308 0.00046146 0.00835148 0.00851898 0.02555 -0.000359033 0.00381715
internal_weight=38662.8 32669.3 28066.5 5993.53 19569.1 5053.4 15422.8 11193.8 9967.85 1225.91 4569.08 3986.33 4146.28 2974.87 1896.33 1127.15 4602.78 8497.45 1245.88 9896.34 1078.54 6476.85 4229.03 7251.57 1766.67 482.116 402.317 5484.89 5343 5247.59 542.648 2420.99 891.765 141.892 1284.56 1113.06 171.499 1066.04 1015.17 235.389 167.331 4108.78 3574.09 2997.53 2415.42 576.552 466.177 582.11 199.226 285.808 1552.97 484.517 296.302 4934.24 2123.15 1605.92 1421.28 840.016 2811.09 281.761 558.256 502.478
internal_count=209465 166436 147325 43029 106678 35124 86107 65178 57915 7263 32795 28676 20571 21178 13067 7705 19111 40647 6632 57521 8111 36520 20929 34015 7923 2402 1934 26092 25383 24853 2940 12246 6454 709 5521 4803 718 4605 4399 1251 811 17097 14814 12425 9969 2389 1933 2456 821 1238 6418 2062 1218 23345 10229 7672 6873 3993 13116 1286 2707 2447
cat_boundaries=0 1
cat_threshold=5424
is_linear=0
shrinkage=0.05


Tree=29
num_leaves=63
num_cat=0
split_feature=0 4 2 13 17 5 0 7 18 2 13 18 6 13 13 17 8 8 5 7 2 2 12 4 16 7 18 16 13 0 0 11 15 6 0 15 16 15 2 3 13 18 7 8 13 9 8 16 9 11 17 16 2 2 18 17 0 2 4 5 17 15
split_gain=322.643 227.523 83.6007 82.3065 62.2432 61.6422 48.6052 49.6002 50.972 44.1936 41.7016 52.138 40.7208 37.3095 34.5058 32.7437 31.5034 30.3916 29.3465 29.2551 29.1859 34.8611 29.0295 28.9771 58.2702 32.5707 32.2187 46.6968 31.2051 29.8837 28.6989 27.6709 33.8609 34.8143 28.6127 30.6414 27.5107 26.9381 26.7824 26.7554 26.6229 26.606 25.533 34.8157 55.6838 37.4633 35.4405 35.8545 48.137 43.5306 38.3457 40.3584 35.6511 53.8059 43.2403 33.3815 32.6741 31.5572 31.5329 30.3948 28.969 24.8761
threshold=0.035903541678320765 0.083433142334766966 0.024328626346398975 0.86793072670022087 0.7925957799451776 0.099284791717878199 0.055114234796473476 -0.088267380122780778 0.14099180327868854 0.025265646839615716 0.029093951940564178 0.11669861603811289 -1.0000000180025095e-35 0.041068044950565645 0.94648573737125796 0.97787034476401191 -0.15811432335035838 -0.13687211687767056 -0.11903185679703597 -0.053378844618116088 0.024375579553134259 0.024430463225263918 2.5000000000000004 -0.055704719755506886 0.052910758263578515 -0.11999347827505695 0.19233958413062893 0.19460434336072094 0.16787608755742175 0.073767218217477545 0.032694200927174795 2.5000000000000004 0.56781690068246027 0.010344828433102584 0.031426680606324663 0.94240234516370314 0.048989169507426232 0.08080404040404042 0.02210316687810741 0.91334920117945573 0.75791644547806236 0.1086136235161108 -0.10556702896332541 -0.01202404809619234 0.1918890795754922 6.5000000000000009 -0.092943357494112686 0.88788269290846622 5.5000000000000009 5.5000000000000009 0.69810321394307651 0.90784454313837426 0.021123677817523674 0.019718370955281669 0.87405600969535679 0.81254685157421302 0.069517752158407262 0.020467077468921204 0.099311701051647341 0.098276733083142678 0.93848373990453704 0.71377882040908835
decision_type=8 2 10 8 10 10 10 10 10 10 8 10 2 10 10 10 10 10 10 10 10 10 2 2 2 8 8 2 10 10 10 2 10 2 10 10 2 8 10 8 8 10 10 8 10 2 10 2 2 2 10 2 10 10 10 10 10 10 2 10 10 10
left_child=3 2 4 5 6 13 7 10 17 15 11 -2 38 -1 20 42 18 -9 -8 -15 39 -22 37 24 28 29 27 -27 -23 -25 -5 34 33 -33 -21 -36 -18 -11 -10 -4 -39 -38 56 46 58 -46 60 48 57 50 -49 -52 53 55 -54 -53 -3 -48 -45 -47 -44 -34
right_child=1 9 14 30 -6 -7 16 8 12 22 -12 -13 -14 19 -16 -17 36 -19 -20 31 21 23 -24 25 -26 26 -28 -29 -30 -31 -32 32 61 -35 35 -37 41 40 -40 -41 -42 -43 43 44 45 59 47 49 -50 -51 51 52 54 -55 -56 -57 -58 -59 -60 -61 -62 -63
leaf_value=0.0044839928323571225 0.06361242096625383 -0.02059534113930132 0.012348853435609354 -0.030317559755112924 0.0039537714228259991 0.0056821950342950392 0.011762392204773535 0.043659872680609044 -0.0080081706722650633 0.052178109786715381 -0.011933564386666658 -0.013988982003952467 -0.001936739183921999 -0.020201534896191142 -0.0096631793831512963 0.02081195001941382 -0.0086611080656338584 0.0056519413899204334 -0.0044965020069718141 -0.012243759214022668 -0.026689773074627263 0.034744862406846724 0.048451343531656393 -0.005320486390869017 0.032573323617003949 -0.00065184128098638835 0.0049842914665403273 0.034665381706726318 -0.012601373982107734 0.011427440865764844 -0.013415324654959754 -0.028555033215649957 0.0049090360008502967 0.016328078603674138 -0.00071974229692493125 0.050729967197941539 0.025583009385941199 0.019405561353485555 -0.025691819331931778 0.05941580273904689 0.0021892963235436175 0.0063855135554521589 0.0092587131965908287 -0.00062873652586743658 0.00064089634029832355 0.007982564911229742 -0.0072496093168677792 0.029924214691088608 0.072518929195909562 0.046622360000311308 -0.035488772201973384 -0.031879224520485729 0.018119318713561958 0.048191132245029494 -0.040807278480595587 0.014014411298928648 0.010005150754858885 0.045401487580793903 0.036102985405248762 -0.03721313383506588 -0.014593633606983717 -0.014032760983098039
leaf_weight=386.72874714434147 40.720012798905373 181.34083220362663 93.40073199570179 620.17999053001404 3825.6969368010759 703.60180947184563 319.53860832750797 86.227011680603027 1284.5252109244466 51.771007835865021 2612.71107750386 44.373946622014046 6568.9793937951326 815.2473523914814 420.36063089966774 479.01666325330734 255.50980715453625 133.36119870841503 2068.6999357193708 753.98890829086304 86.935217402875423 42.964880973100662 77.340207174420357 1325.3988001421094 263.09645082056522 160.14530482888222 5106.6821931898594 224.10389672219753 166.0458862632513 332.29425723850727 426.03684046119452 486.24640657007694 245.41121827811003 46.769691646099091 846.80286043137312 28.962099187076092 208.79246711730957 1034.4122706949711 256.45691054314375 44.144249781966209 287.0894251614809 1302.2033998370171 899.19391719996929 94.450745657086372 674.32210421562195 51.008775651454926 56.693974494934082 178.61046594381332 67.146713629364967 91.927872747182846 59.037572428584099 50.452149257063866 55.633609652519226 95.704267054796219 68.432015582919121 171.44119511544704 166.38717575371265 55.668813914060593 152.0541515648365 133.40040916204453 147.34281495213509 585.71369621157646
leaf_count=2359 231 801 477 5646 19043 3792 1535 492 7395 213 16365 277 37517 6213 2205 1970 1296 752 10570 5866 491 204 318 6651 1203 742 24112 1023 789 1506 3251 3644 1784 326 5884 181 1033 4299 1456 200 1197 6148 3927 408 2837 233 248 740 297 379 251 212 231 398 284 714 698 246 618 576 628 4083
internal_value=-1.67691e-05 0.00193397 8.014e-05 -0.0107286 -0.00174533 -0.00800703 -0.0031816 -0.00491801 -0.00300891 0.0113302 -0.0108091 0.0234532 -0.00365352 -0.0103034 0.00427777 0.00857297 0.00142718 0.020707 -0.0023171 -0.0118055 0.00502589 0.00461638 0.0187878 0.00497697 0.0169624 0.00418317 0.0060373 0.0199826 -0.00274964 -0.0019584 -0.0234541 -0.0095132 -0.0147655 -0.0245935 -0.0051106 0.00103765 0.00648772 0.0170832 -0.0109659 0.0277745 0.0156699 0.00905343 0.00686822 0.00830817 0.0011862 -0.00483114 0.0122467 0.0192305 0.0393138 0.0145112 0.0101036 0.00298757 0.00819929 0.0170645 -0.0144498 0.00348331 -0.00596636 0.0190061 0.0220832 -0.0247361 0.0058898 -0.00844053
internal_weight=38598.9 32653.2 27273.4 5945.69 19007.8 4899.47 15182.1 11027.4 8329.55 5379.88 2697.81 85.094 8109.96 4195.87 8265.57 3929.27 4154.74 219.588 2388.24 3809.14 7845.21 7707.67 1450.61 7620.73 472.107 7148.62 5490.93 384.249 209.011 1657.69 1046.22 2993.89 1364.14 533.016 1629.75 875.765 1766.51 1373.27 1540.98 137.545 1321.5 1511 3450.25 3102.52 1105.24 858.731 1997.29 950.749 179.51 771.239 679.311 500.701 441.663 317.598 124.066 221.893 347.728 112.363 246.505 184.409 1046.54 831.125
internal_count=209465 166436 143713 43029 104110 34132 85067 64485 47612 22723 16873 508 46368 30340 39603 16696 20582 1244 12105 27981 37398 36721 6027 36230 2196 34034 25877 1765 993 8157 8897 21768 9837 3970 11931 6065 8477 5709 8851 677 5496 7181 14726 13227 4672 3646 8555 4000 791 3209 2830 2090 1839 1324 515 926 1499 494 1026 809 4555 5867
is_linear=0
shrinkage=0.05


Tree=30
num_leaves=63
num_cat=0
split_feature=0 4 0 13 13 2 2 2 19 5 14 17 8 19 9 4 8 6 11 18 8 19 13 5 16 0 13 9 3 17 13 15 14 19 11 4 13 8 18 18 13 11 16 2 4 2 14 16 9 2 1 17 3 13 14 13 3 16 13 5 15 1
split_gain=313.489 199.676 90.706 85.4708 62.2044 58.9922 54.0546 69.7777 60.6611 47.712 47.3966 46.4866 41.3398 56.1056 43.8651 41.949 39.0593 36.0074 40.2074 72.4681 36.1866 48.5126 42.9959 34.8091 40.5183 42.4698 37.4896 36.4324 34.7866 47.9537 37.5441 35.1168 37.8123 41.6119 34.6533 34.6108 34.304 34.3037 34.0102 35.5274 32.9448 32.8352 32.2554 32.1846 53.8279 50.0683 47.5695 47.1397 34.0928 31.8609 73.6251 31.8038 31.7763 41.4263 31.3858 50.1477 30.9221 30.6976 47.2822 30.4889 30.3325 30.3269
threshold=0.035903541678320765 0.097461805939314652 0.053826925920767536 0.89146292983502307 0.036982292917166877 0.024688065147332416 0.032687146649083572 0.031827200496059742 0.6437240148799005 0.011575104864200216 0.74192012288786502 0.93057746232036465 -0.051935160687884223 0.7382325246482776 5.5000000000000009 -0.055704719755506886 -0.34879759036144575 0.0045494023817425075 3.5000000000000004 0.51699590020625663 -0.02312531949195867 0.92442024102962128 0.47354585176346042 0.055372173221397099 0.013346055979643768 0.087893955439120638 0.1720058309037901 3.5000000000000004 1.2027868723526771 0.94243837339510061 0.39427942101950919 0.29913450854567475 0.82899814126394056 0.86422817383443118 2.5000000000000004 0.058215185719831537 0.52124099007951707 -0.033198787868913941 0.42649177826750301 0.68639899244332503 0.5566362751242665 4.5000000000000009 0.61292989820746635 0.017124567590068959 0.054054054054054064 0.019368169832996881 0.3853448472672481 0.84083467309753501 5.5000000000000009 0.021350625178048172 2.3751513003091049 0.91073348694316447 0.92986331479855611 0.12024108609527492 0.67436193521643883 0.92668897316605303 1.2572154391953523 0.62508366800535486 0.30680875923413242 0.21078987432460675 0.98579879667910331 2.2255575177159765
decision_type=8 2 8 8 10 10 10 10 8 10 10 10 10 10 2 2 8 2 2 10 10 10 8 10 2 10 8 2 8 10 8 10 10 8 2 2 10 10 10 10 10 2 2 10 2 10 10 2 2 10 10 10 10 10 10 10 10 2 10 10 10 8
left_child=3 2 5 4 37 9 7 10 -9 -2 12 43 15 14 -14 -7 49 20 -19 -20 22 57 35 24 56 -26 -25 51 31 30 38 -29 33 -33 -32 52 60 -1 -30 -40 -12 59 -21 44 48 -45 47 -46 -6 50 -11 -28 -18 -54 55 -38 -4 -22 -59 -24 -3 -36
right_child=1 36 23 -5 11 6 -8 8 -10 16 40 -13 13 -15 -16 -17 17 18 19 42 21 -23 41 26 25 -27 27 28 29 -31 34 32 -34 -35 61 -37 54 -39 39 -41 -42 -43 -44 45 46 -47 -48 -49 -50 -51 -52 -53 53 -55 -56 -57 -58 58 -60 -61 -62 -63
leaf_value=0.00025477239401474542 -0.0091532580977371387 0.016691399907350291 -0.0026192944190572562 -0.024983883388380826 -0.017008513033112953 0.034622208971710117 -0.020444786234548162 0.056773765642353362 -0.00071562234765374603 0.068735284397648533 0.054492860552715572 0.020732178135059894 0.017087954752636077 0.00037652939324560384 0.065301595979505758 -0.0033322262698670894 -0.0046097489505831889 -0.0012084937138385318 0.035600234397381879 -0.026711838391186994 -0.0014029884306309801 -0.0087175210252527693 -0.010414626315349937 -0.0030187765504324456 0.0011677591806861047 0.021905910818046697 0.0025547306607813024 0.030348839294489602 0.086804879511653638 -0.00354559345453773 -0.0083566105797961265 0.025804749415734591 -0.013395271785901889 -0.027211602398976145 0.0028657979680849414 -0.016441950643935804 0.001770720540820988 0.029037196502220093 0.0061927187140028575 0.06502774375001899 0.0048700623674887457 -0.033780269126945428 0.006989062547677994 0.00087013668636130848 0.066596544712460862 -0.013230160669567434 -0.033733079028040812 0.0046057402925623568 -0.041206985692837469 -0.012457473432987552 -0.0012826289130794162 0.015760473718229775 -0.010830468660273642 0.012333830418083327 0.011201657107414508 -0.049127968914995643 -0.038541166275626954 -0.006298595931659128 0.030496935689729828 0.03085562677803276 -0.0065964456510951147 0.03849662118621832
leaf_weight=392.6574109941721 3056.8092222809792 2375.8058572262526 133.55457933247089 906.85279463231564 1353.5717297196388 74.332361161708832 226.09803392738104 115.05487386882305 75.850276410579681 69.467740878462791 73.283187672495842 117.14636786282063 447.67373180389404 711.46065101027489 51.983930677175522 2168.079047575593 1632.829501837492 2825.9992282316089 223.36105121672153 82.750173926353455 271.94171111285686 493.50481422245502 2389.3799958080053 766.3046168833971 5444.3930740952492 257.61202956736088 1943.7064887583256 127.13631647825241 46.801986411213875 128.3774376064539 74.716503813862801 182.92599013447762 232.77640071511269 45.463746041059494 80.325363308191299 376.6772249341011 638.38850969076157 139.59307862818241 52.759468331933022 49.385281875729561 61.232956349849701 148.8133739233017 465.51057060062885 1051.1311350017786 41.109524965286255 1568.3690995946527 51.268060445785522 113.48028986901045 162.90437083691359 56.327249392867088 80.282485276460648 594.86082138121128 255.83069321513176 777.01881971955299 1247.6432860344648 51.356981068849564 107.87636268138885 121.48673565685749 306.60267965495586 44.662045940756798 148.05510258674622 233.73026344180107
leaf_count=2326 18991 9810 679 7900 10657 355 1276 468 364 352 324 605 1986 3228 222 10962 9364 15752 1167 469 1515 2646 14012 3521 26722 1191 9129 582 217 557 349 844 1035 207 361 2017 2703 664 240 219 278 818 2393 7343 271 11012 299 634 1274 306 427 2636 1414 4308 5116 219 571 618 1620 215 653 1048
internal_value=-0.000262068 0.00165455 9.87652e-05 -0.0108698 -0.00830093 -0.00208705 0.00324941 0.00467209 0.0340474 -0.0036496 0.0031001 -0.0102294 0.00196132 0.00940099 0.0222245 -0.00205923 -0.00206511 -0.00249235 0.00155455 0.0116624 -0.00462744 0.00327797 -0.00630507 0.00377906 0.00125754 0.00210837 0.0070651 0.00910263 0.0160713 0.0238897 0.0304342 0.00719342 0.00075798 0.0151786 0.0221582 -0.00227609 0.0114821 0.00784382 0.0517437 0.0349931 0.0321067 -0.0110481 0.00186314 -0.0110693 -0.016378 -0.00757394 0.00758227 0.0214128 -0.0196334 0.0194382 0.0314385 0.00565421 -0.000268944 0.00659124 0.00647283 -0.00208472 -0.0187627 0.0117349 0.0200645 -0.009645 0.0153232 0.0294214
internal_weight=38546.3 32648.3 28187 5898.08 4991.23 17684.3 4005.05 3778.95 190.905 13679.3 3588.05 4458.98 3453.53 1211.12 499.658 2242.41 10622.4 10416.4 3597.62 771.622 6818.75 1193.54 5625.21 10502.7 5943.44 5702.01 4559.27 3792.97 1254.4 666.096 537.719 588.302 461.166 228.39 388.772 3042.36 4461.25 532.25 148.947 102.145 134.516 2582.86 548.261 4341.83 1722.33 2619.5 205.858 154.59 1516.48 206.077 149.75 2538.57 2665.68 1032.85 1937.39 689.745 241.431 700.031 428.089 2434.04 2523.86 314.056
internal_count=209461 166476 147975 42985 35085 97867 19463 18187 832 78404 17355 32095 16753 5436 2208 11317 59413 58328 19781 4029 38547 6399 32148 50108 29163 27913 20945 17424 5659 2991 2434 2668 2086 1051 1758 17103 18501 2990 676 459 602 15045 2862 31490 13135 18355 1204 905 11931 1085 779 11765 15086 5722 8038 2922 1250 3753 2238 14227 10463 1409
is_linear=0
shrinkage=0.05


Tree=31
num_leaves=63
num_cat=0
split_feature=0 4 0 13 7 4 2 14 6 8 19 19 4 13 7 9 7 5 11 13 0 5 13 4 19 13 2 10 4 2 13 14 8 13 18 15 3 18 11 7 14 2 18 9 19 18 19 18 13 13 0 13 2 5 7 8 5 13 0 0 3 18
split_gain=285.13 179.999 81.865 79.743 61.8041 58.0504 41.7349 84.2786 40.7099 50.3802 60.4072 57.3069 42.0123 38.0682 37.9075 37.1451 41.8821 36.815 35.1508 34.4374 33.6058 33.5244 33.3538 32.5007 43.4923 36.6733 31.9726 34.9364 48.9865 34.4904 42.7753 35.9134 31.9498 31.6297 30.6028 29.9577 56.9359 29.8607 44.1352 39.147 32.3285 29.8224 29.093 28.4421 51.4693 28.4294 28.2839 27.6668 31.35 34.5577 29.4496 32.7339 41.2762 27.8752 27.3841 26.7313 27.783 29.9634 26.6711 25.3918 26.9133 25.2972
threshold=0.035903541678320765 0.097461805939314652 0.053826925920767536 0.89146292983502307 -0.066064120588380612 0.073818531671934765 0.029362810397847255 0.32998254079195194 0.0046728972445585501 -0.029806694823797216 0.19190638083447906 0.80124873307518396 0.058215185719831537 0.5644592669025158 -0.078335610101935835 5.5000000000000009 -0.068109781608233597 -0.017771613941774008 4.5000000000000009 0.95830573951434894 0.07917374375680121 0.13916103707531971 0.68289666985772701 0.039564887438523606 0.9560554508253255 0.89936271457193928 0.025994780398285667 3.5000000000000004 0.099559471059833773 0.028117942464901815 0.60742994576446285 0.52452489897376797 -0.16073583244183423 0.76225267784064632 0.52877205085246881 0.8361840776266205 1.2572154391953523 0.53262013729977131 3.5000000000000004 -0.036178778839518914 0.69804558186911136 0.024430463225263918 0.212238338511791 7.5000000000000009 0.71054839279406579 0.6074720315280957 0.86422817383443118 0.21622543416540693 0.72208653591109184 0.62737351279894249 0.049265535381790973 0.35103435890381657 0.017461609277422952 0.07002027152199887 -0.027940698696632679 -0.0080428954423591974 0.057117750439367294 0.31056212298883368 0.045213123403931819 0.03367790152461593 1.0576256121734504 0.14483868580731099
decision_type=8 2 8 8 10 2 10 10 2 10 8 10 2 10 8 2 10 10 2 10 10 10 8 2 10 10 10 2 2 10 10 10 10 10 10 10 10 10 2 10 8 10 10 2 8 10 10 10 10 10 10 10 10 10 10 10 10 10 10 10 10 10
left_child=3 2 4 5 6 15 21 17 9 10 47 34 13 -12 20 16 -1 58 -15 37 32 22 -2 55 25 -25 27 -3 -29 -28 -31 -32 -4 -9 -11 36 45 38 -10 40 -40 42 -18 -39 -45 -36 -46 -6 49 50 51 52 -49 -53 -54 56 57 -13 -8 -5 -61 -34
right_child=1 26 14 59 8 -7 7 33 19 11 12 23 -14 18 -16 -17 41 -19 -20 -21 -22 -23 -24 24 -26 -27 29 28 -30 30 31 -33 61 -35 35 -37 -38 43 39 -41 -42 -43 -44 44 46 -47 -48 48 -50 -51 -52 53 54 -55 -56 -57 -58 -59 -60 60 -62 -63
leaf_value=-0.020235676462127553 -0.0058143492219190516 0.0074137888161928947 -0.0036299153293756301 -0.029560771544649419 0.039951984949430155 0.0083171965566350408 0.045442310022356075 0.018442568702724146 0.0067589146160384602 -0.0030949452182159735 -0.0013349119138309207 0.037180787799201996 -0.019160384685963778 -0.009517045194361147 0.007038261715697396 -0.021610782523096127 0.024921609992460358 -0.018208796396508971 -0.048591373013547705 -0.018244460330830225 0.009980367230457218 0.017662571928582876 -0.014910207364506621 0.0093358311772048404 -0.014338980633969276 0.054917870645318237 0.031857868660292409 0.069511548293725203 0.0096188198659542569 0.020359953242230021 -0.037749368296747576 0.0064664604259055463 0.012611495076472629 0.060459236269925026 0.045908214391623882 -0.0057812398293413938 0.064403221388703955 0.00017383233060545405 -0.0076484121012172918 0.052062097136279087 0.044187506885654738 0.01047438081452292 -0.0079140863497000665 0.050168583475258016 -0.028754039189608741 0.0083785251910202963 0.026147344615079029 -0.0063083117829375564 -0.015116249036718982 0.043259512420988175 -0.015812810711087266 -0.017381451647399827 0.018284829274710038 0.023067011747670212 0.057662671501794875 0.0097972164411860262 -0.023001502933371547 -0.0088080688128494896 -0.0095717713621026445 -0.023065055919745881 0.010430001844258241 0.0004285441802693158
leaf_weight=590.61702373623848 3380.700227893889 3234.9030878692865 3203.6665263324976 633.34691262245178 61.191975131630898 493.85414661467075 44.865008771419525 172.98608614504337 1261.9752551242709 124.0312996506691 2775.7699833512306 42.551218897104263 584.30919604003429 1575.5461252629757 4526.1255214363337 573.23976681381464 68.071941390633583 269.32908941805363 58.821711681783199 166.45822496712208 882.2819539308548 124.44385623931885 1436.5400111451745 579.59611846506596 191.64632214605808 46.84897568076849 329.11663009226322 54.345822513103485 90.122054159641266 524.31700132787228 61.703932121396065 170.81824162602425 642.76594917476177 60.213850229978561 68.668777123093605 65.327483773231506 92.665020018815994 2377.5981493443251 81.714029833674431 109.37539698183537 46.385136276483536 258.97620721161366 2976.8493324816227 80.271611630916595 51.514033064246178 185.31335213780403 41.419832795858383 80.191398203372955 151.04497869312763 69.181144565343857 120.40896329283714 126.21265439689159 96.06987838447094 63.055956572294235 82.947486966848373 159.53241079300642 316.86764751374722 188.65719740092754 41.838240683078766 163.50740472972393 93.637241721153259 1260.4067777097225
leaf_count=4536 20302 13438 16245 5904 313 2374 216 802 6665 628 15237 228 3109 9036 20570 4182 503 1456 332 954 4089 602 9023 2889 972 264 1344 223 376 2156 266 698 3155 283 355 324 452 12344 423 540 213 1367 22123 392 262 942 203 441 903 363 610 689 511 316 416 861 1699 1078 219 1305 691 6049
internal_value=-0.000250865 0.00157166 9.30718e-05 -0.0104128 -0.00198716 -0.007937 -0.00636655 0.00620349 1.11994e-05 -0.00210471 -0.00447505 0.00461392 -0.00657246 -0.00490069 0.00358544 -0.00973516 -0.00798207 -0.00909776 -0.0109522 0.00397814 0.000975311 -0.00786632 -0.00852934 -0.000330221 0.0064532 0.0128268 0.0108971 0.00849432 0.0324722 0.0183598 0.0124557 -0.00537841 -0.000582095 0.0295034 0.0186614 0.0252032 0.0310422 0.00489573 0.0104928 0.0302237 0.0113184 -0.0057861 -0.00717207 0.00160276 0.0211041 0.0186656 -0.00426709 0.00783777 0.00530005 0.0101491 0.00605381 0.0119468 0.0234556 -0.0038554 0.0367495 -0.00817081 -0.0134092 -0.000220685 0.0190891 -0.0241832 -0.0108749 0.0045476
internal_weight=38486.8 32634.7 28169.3 5852.1 17654.1 4961.61 5530.92 589.232 12123.2 7906.46 5844.75 2061.71 4994.45 4410.14 10515.2 4467.75 3894.51 356.032 1634.37 4216.71 5989.12 4941.68 4817.24 1525.7 818.091 626.445 4465.33 3379.37 144.468 1085.96 756.839 232.522 5106.84 233.2 536.006 411.975 346.647 4050.25 1499.45 237.475 128.099 3303.9 3044.92 2550.8 173.205 253.982 92.9339 850.304 789.112 638.067 568.886 448.477 259.209 189.269 179.017 707.608 548.076 231.208 86.7032 890.492 257.145 1903.17
internal_count=209461 166476 147975 42985 97867 35085 32903 2976 64964 42968 32276 10692 27714 24605 50108 32711 28529 1891 9368 21996 29538 29927 29325 7991 4125 3153 18501 14037 599 4464 3120 964 25449 1085 2701 2073 1749 21042 7841 1176 636 23993 22626 13201 857 1297 465 4562 4249 3346 2983 2373 1368 1005 927 3866 3005 1306 435 7900 1996 9204
is_linear=0
shrinkage=0.05


Tree=32
num_leaves=63
num_cat=0
split_feature=0 4 13 0 7 13 17 6 8 19 19 4 2 14 5 7 17 7 2 1 6 0 8 5 2 13 18 13 5 2 14 2 14 8 10 7 15 0 4 4 15 8 8 18 11 8 18 18 18 19 6 2 12 13 8 6 19 11 2 8 18 18
split_gain=259.263 162.344 74.4255 74.1578 57.0634 55.1949 41.003 40.3833 40.0554 58.2757 58.0056 40.1443 39.9182 79.2425 37.5136 35.8776 35.726 34.2645 34.2084 41.595 30.9432 30.936 29.685 29.596 42.6081 29.3471 29.1731 29.0295 34.4392 34.1088 33.3864 30.6115 28.816 29.8423 47.8612 29.4059 33.2747 28.7174 28.3824 28.3137 60.4216 34.2301 32.0965 37.9626 27.6321 27.5688 27.289 27.1385 27.087 26.9458 26.5008 26.3542 44.1725 30.7735 33.3678 37.9195 28.0281 33.9023 26.9574 29.3519 42.2902 47.1741
threshold=0.035903541678320765 0.097461805939314652 0.89146292983502307 0.054346335991300281 -0.066064120588380612 0.036982292917166877 0.93057746232036465 0.0047393364928910451 -0.029115601733513349 0.19190638083447906 0.80124873307518396 0.058215185719831537 0.029362810397847255 0.32201694915254242 -0.0063907044728700449 -0.078335610101935835 0.30703194855217009 -0.068109781608233597 0.015855146407099511 2.7520848485474647 0.047261628752820702 0.08490560796217074 -0.033198787868913941 -0.044229114854613387 0.031827200496059742 0.52124099007951707 0.65880165735417184 0.10840853325270662 0.15853308303330019 0.017033105306656072 0.75016733601070962 0.018474176830798477 0.63489887335414708 -0.11385872744095031 2.5000000000000004 -0.03330890467511937 0.88778643489348952 0.047179982184608969 -0.091899947954441827 -0.070100283012858408 0.56001715265866225 -0.16749448350533827 -0.16073583244183423 0.14483868580731099 3.5000000000000004 -0.22352125121965963 0.24400598802395213 0.11669861603811289 0.5719922178988327 0.78552625198301373 0.004882415128840468 0.023336571749899858 2.5000000000000004 0.73768604761553158 -0.049494381571735739 -0.0046656298600311055 0.30288054796303532 3.5000000000000004 0.022960061115151833 -0.01460351325256176 0.92879757932810325 0.95317842308018352
decision_type=8 2 8 8 10 10 10 2 10 8 10 2 10 10 10 8 10 10 10 10 2 10 10 10 10 10 10 8 10 10 10 10 10 10 2 10 10 10 2 2 10 10 10 8 2 10 10 10 10 10 2 10 2 10 10 2 8 2 10 10 10 10
left_child=2 3 5 4 12 22 17 8 9 -6 49 18 26 14 37 21 44 -7 19 -11 51 38 -1 -15 45 32 27 31 29 -29 -31 -2 33 34 35 36 -20 -14 -5 40 41 -40 -41 -44 -9 -25 -34 -33 -45 -10 -18 58 53 54 55 -53 -57 -58 59 60 -3 -62
right_child=1 20 -4 15 7 6 -8 16 10 11 -12 -13 13 23 -16 -17 50 -19 25 -21 -22 -23 -24 24 -26 -27 -28 28 -30 30 -32 47 46 -35 -36 -37 -38 -39 39 42 -42 -43 43 48 -46 -47 -48 -49 -50 -51 -52 52 -54 -55 -56 56 57 -59 -60 -61 61 -63
leaf_value=0.00050793231950981531 0.021055464365131542 0.0038656217452028179 -0.023408356577097646 -0.016533564294017058 0.0078832261012941416 -0.022286033365320798 0.019538725499700267 0.011247728652450236 0.013634982961139609 -0.041063419216985163 -0.00090439449917863049 -0.01809417469568109 0.036795785345727819 0.058665355733527415 -0.019623746279727777 0.0069891740322506517 0.033301330480887577 -0.0085652594531549966 -0.0026706410378003198 -0.0071967293117819412 0.020553806322438622 0.012867390925300868 0.027209269346939388 -0.018830461052873896 0.056217263772443862 -0.0080542015579387911 0.024339742762397747 -0.018613103671046724 0.024748964030210832 -0.0092708312652151036 0.0061912157247630533 0.019554658416578229 0.019816424974209983 0.0085111270299819946 0.044145568053776334 -0.018212844916904423 0.048333612158214113 -0.015450476908941708 0.054561809033886223 -0.0033472680004386353 -0.0082187766264110208 0.0069817172452110582 0.015452243721050861 -0.0023176458142234414 0.045324785918554648 0.023160543347012098 -0.01453074191662577 -0.012710876429673723 0.028388597645561064 0.045806466433521015 0.001457530420186793 0.051230263793168432 0.053158895506702442 -0.0021900351565972624 0.026982785625967343 0.021405660387454905 0.0058035647226186557 -0.029019469124439035 -0.027968060586429779 -0.0014658060633847203 0.038189271402346431 0.0097363969819827534
leaf_weight=391.16786450147629 164.58509978652 997.86727440357208 874.55351359397173 250.97200578451157 872.90466096252203 517.24439329653978 118.01457838714123 599.81171076744795 450.83293557167053 133.00723323225975 1528.6609068065882 611.87868812680244 63.31653206050396 55.953718140721321 256.06062805652618 4283.7687757313251 65.570770025253296 3766.1650854870677 343.55374738574028 282.06272688508034 636.09223513305187 497.83819803595543 140.85173164308071 69.125901252031326 52.827040776610374 1721.8413398936391 70.289866790175438 869.58382949233055 72.656077772378922 3159.2213507890701 391.78141617774963 84.826324597001076 65.621331050992012 1126.5769585072994 46.827566504478455 337.85223245620728 34.250642716884613 43.748018279671669 98.602061077952385 3061.538134470582 142.27438256144524 61.450469627976418 590.22147926688194 1044.1669860482216 65.252942740917206 87.376077234745026 442.14557141065598 270.18733800947666 76.119799539446831 75.482108995318413 3532.0017440468073 46.611167713999748 68.284798547625542 290.13746440410614 421.52414157986641 168.83838763833046 269.71874138712883 93.233828276395798 57.533640176057816 798.20132519304752 233.50386564433575 387.21787410974503
leaf_count=2326 965 4191 7900 1292 4660 4110 605 3266 2249 864 7993 3272 309 249 1392 19374 343 27380 2066 1560 2612 2295 664 351 231 9800 415 5461 339 19390 2138 482 328 5935 265 1985 196 237 478 15394 708 301 2854 4984 328 405 2287 1600 351 375 18208 192 278 1199 1708 698 1124 392 245 3277 970 1615
internal_value=-0.00023991 0.00149296 -0.00997201 8.76116e-05 -0.00183268 -0.00758588 -0.00942457 8.04702e-05 -0.00199817 -0.00405596 0.00402762 -0.00608247 -0.00596412 0.00591709 -0.00925312 0.00351646 0.004017 -0.0102269 -0.00445772 -0.0181218 0.0103451 0.000961036 0.00761487 0.0266392 0.0178404 -0.00307662 -0.00743382 -0.00788411 -0.00917784 -0.00974093 -0.00756364 0.00329956 0.000501052 0.00334406 -0.00429148 -0.00751804 0.00206864 0.0155018 -0.000154233 0.000658966 0.0154716 0.0364507 -0.000282512 0.00520167 0.0146542 0.00461159 -0.0100617 -0.00496814 -0.0002078 0.018327 0.00204702 0.00864591 0.0142403 0.0121407 0.0162969 0.00847624 0.00463976 -0.0031968 0.00557021 0.00637985 0.0102474 0.020484
internal_weight=38431.4 32623.4 5808 28154.6 18047.7 4933.44 4401.42 12336.1 8073.5 6018.52 2054.98 5145.62 5711.54 628.408 363.125 10107 4262.64 4283.41 4533.74 415.07 4468.76 5823.18 532.02 265.283 209.329 4118.67 5083.13 5012.84 4493.24 4420.59 3551 519.599 2396.83 1889.06 762.484 715.657 377.804 107.065 5325.35 5074.37 302.327 160.053 4772.05 1710.51 665.065 156.502 507.767 355.014 1120.29 526.315 3597.57 3832.67 1358.35 1290.06 999.926 578.402 531.791 362.953 2474.32 2416.79 1618.59 620.722
internal_count=209461 166476 42985 147975 99944 35085 32095 65980 43835 33218 10617 28558 33964 3174 1938 48031 22145 31490 25286 2424 18501 28657 2990 1236 987 22862 30790 30375 27328 26989 21528 3047 13062 10447 4512 4247 2262 546 26362 25070 1487 779 23583 8189 3594 756 2615 2082 5335 2624 18551 15889 5591 5313 4114 2406 2214 1516 10298 10053 6776 2585
is_linear=0
shrinkage=0.05


Tree=33
num_leaves=63
num_cat=0
split_feature=0 13 4 5 2 8 9 3 5 2 8 6 14 19 8 7 11 0 9 2 19 2 13 15 7 19 2 2 8 4 14 7 8 1 5 4 7 15 14 9 14 14 9 19 9 2 18 9 12 18 8 1 13 13 4 19 2 13 6 9 0 0
split_gain=237.94 137.307 100.948 100.478 79.1934 79.2055 59.5642 56.6184 52.7439 47.1607 48.9039 46.1572 72.5828 54.5138 45.5564 45.21 58.1767 36.2049 32.7945 32.4322 30.91 30.6958 55.4044 32.8819 31.1423 33.6194 83.233 46.7967 34.1687 30.152 54.325 41.364 39.7557 38.7417 34.4682 30.748 28.821 31.4777 36.0233 28.6892 28.2263 41.5255 38.9742 32.6096 31.7078 31.178 31.9019 30.099 28.177 28.1232 28.1083 27.8105 28.4327 38.9876 36.9084 31.5684 27.0375 25.916 28.5378 40.142 43.5048 36.0564
threshold=0.044211528374376009 0.89146292983502307 0.065142096488174275 0.10472318135715099 0.01629649707805603 -0.07488820169680159 8.5000000000000018 4.0570900501903147 0.15273251244432798 0.025265646839615716 -0.09735116661487124 0.0037969877838970327 0.70214407670081436 0.024960370395492152 -0.045336222901825478 -0.02974348257716752 2.5000000000000004 0.03367790152461593 8.5000000000000018 0.029488768802778721 0.71054839279406579 0.016604452504719428 0.16405739379084969 0.16407459365325081 -0.045923208904765415 0.19993887530562351 0.019601302197532009 0.017778642815241479 -0.22159090909090909 0.020000000000000132 0.67436193521643883 -0.1671678278054928 -0.073968339973872352 1.888132689784745 -0.11903185679703597 -0.091899947954441827 -0.0047536040306330732 0.33901483018841622 0.21864621354115291 3.5000000000000004 0.1043024116775968 0.18299578643455658 9.5000000000000018 0.72610607809676775 6.5000000000000009 0.022785645736909142 0.69437639631761483 5.5000000000000009 1.5000000000000002 0.52094479253092263 -0.059570627544358205 1.9224181414873267 0.1918890795754922 0.16787608755742175 0.066056578240733424 0.73012531133250325 0.013016022587590435 0.81335623579456606 0.060081560650525064 5.5000000000000009 0.062333742775114449 0.051765738562434917
decision_type=8 10 2 10 10 8 2 10 10 8 10 2 10 8 8 8 2 10 2 10 10 10 10 10 8 8 10 10 10 2 8 8 10 8 10 2 10 10 10 2 10 10 2 8 2 10 10 2 2 10 8 10 8 10 2 10 10 10 2 2 10 10
left_child=1 3 6 4 5 56 8 11 29 -4 -11 13 19 -6 -9 16 -10 -3 21 -13 -19 22 -15 -24 -23 26 27 49 -29 34 32 -32 -31 39 -2 -36 37 -22 -39 -33 44 43 45 -42 -5 46 -43 -45 -25 -26 -18 -7 53 55 -54 -53 -1 58 59 -37 61 -61
right_child=2 17 9 40 7 51 -8 14 15 10 -12 12 -14 18 -16 -17 50 20 -20 -21 36 24 23 48 25 -27 -28 28 -30 30 31 33 -34 -35 35 57 -38 38 -40 -41 41 42 -44 47 -46 -47 -48 -49 -50 -51 -52 52 54 -55 -56 -57 -58 -59 -60 60 -62 -63
leaf_value=0.0046540968619703622 0.011010886957776059 -0.028051673796862728 0.0056106513458785857 0.012722149526537782 0.039509436462396581 -0.02487122901159838 -0.030915199279050756 0.010163815813773134 0.0083489429301167786 0.0068948017943267093 0.02328901740508638 -0.0012214649537770263 0.051547386445369131 0.060798722678470855 0.072254951839777426 -0.0019190550758400723 0.023734016052637433 -0.019937693478918175 -0.031432538047742715 0.022539723959289097 -0.018533589942245961 -0.012008677129946417 0.045909503022028994 0.018219215670661714 -0.022884827650988711 -0.0058249739700265207 -0.012596553515347076 0.03422088256047686 0.10150293434825204 -0.0062002485755833633 -0.0070555636954093871 0.017792561882211996 0.0058541954708909594 0.0082217944962785384 -0.0190724649294325 7.4781076313747694e-05 -0.030384711172974255 0.027818762886483189 -0.0078249321313771086 0.063256584232223786 0.0091852167287762281 -0.0093846575476686997 0.037954658994555544 -0.013964856525049085 0.056030863526425112 0.018441581915594554 0.0066097492024802112 -0.058971787943401882 -0.02650187966297235 0.037250046006396996 0.056053415268153363 0.022036213202031293 -0.010016957831972942 0.0623393432631602 0.025705165345187277 -0.020295091471215582 -0.027258857850569047 -0.0077431043049616122 0.0383206923007407 -0.012782981864527844 0.019558104803420604 -0.05930323026438649
leaf_weight=71.529574081301689 536.39611342549324 608.15783087164164 4004.0681945681572 271.87209966033697 62.791134782135487 161.79341141134501 143.58416165411472 108.20201765745878 618.13320375978947 887.31553097069263 934.96176320314407 2687.9461036175489 69.106431409716606 44.744354233145714 39.856856718659401 471.82333055138588 193.43132296204567 674.52817091345787 132.92314048111439 150.71106396615505 128.0694410353899 2029.1469435244799 30.270188644528389 54.259602047502995 35.256108082830906 2887.4914284944534 174.87437400966883 44.117910750210285 34.214785754680634 1874.7550638467073 428.01510417461395 99.103961288928986 1075.5896275341511 2821.623783737421 255.96487522125244 7045.1707645952702 81.769741825759411 151.27306927740574 131.97184707969427 53.423597365617752 100.78032638132572 455.5753742530942 92.028777197003365 142.97097017616034 49.291546642780304 335.74804303050041 982.01568327099085 49.662193730473518 96.541956186294556 41.040290489792824 104.66110374033451 103.68245628476143 783.09642332047224 33.488160908222198 78.697362452745438 75.059532687067986 873.59233348816633 1403.666307002306 46.45403864979744 93.839388161897659 48.887537583708763 74.943183809518814
leaf_count=512 2555 5902 17380 1330 348 1354 717 613 2793 3844 3889 16753 367 269 213 2131 869 4602 785 727 876 13357 209 375 226 18330 1066 266 214 10160 2099 437 5176 13445 1381 36718 475 993 816 232 518 2525 418 738 227 1476 4795 241 648 253 459 639 5533 198 397 438 6320 7481 233 514 230 376
internal_value=-0.000229142 -0.00510103 0.00295233 -0.00336708 -0.00543302 -0.0139528 0.00104369 -0.00330165 0.00131155 0.00864775 0.0153144 -0.00383228 0.00128882 -0.00645939 0.0272511 0.0106541 0.0171238 -0.018161 -0.00698133 4.75663e-05 -0.0129897 -0.00638174 0.0116329 -0.000783536 -0.00715923 -0.00409762 0.0110112 0.0376194 0.0645179 0.000493172 0.00315987 0.00746477 -0.00180514 0.00955608 -0.00128916 -0.00202592 -0.00346399 0.00194859 0.0112423 0.0340249 0.00571549 0.00365334 0.00640481 -0.0138013 0.0195224 0.00474704 0.00153809 -0.0258126 -0.0103969 0.00952551 0.0352309 -0.00561228 -0.00269063 0.0136619 -0.00672887 0.00424592 -0.0248412 -0.001523 -0.000327608 -0.000580049 -0.0216779 -0.0336666
internal_weight=38376 15160.1 23215.8 13384.4 10904.4 2180.94 17389.5 8723.49 17245.9 5826.35 1822.28 8575.44 2907.76 5667.67 148.059 1388.05 916.226 1775.77 5604.88 2838.66 1167.61 5471.96 225.816 181.072 5246.14 3216.99 329.503 154.629 78.3327 15857.8 6352.51 3402.17 2950.34 2974.15 9505.32 8968.93 493.084 411.314 283.245 152.528 2479.95 2158.78 1865.37 293.413 321.164 1773.34 1437.59 192.633 150.802 76.2964 298.092 1235.82 1074.02 212.23 861.794 178.742 945.122 8712.96 7309.29 7262.84 217.67 168.783
internal_count=209461 96342 113119 82678 70410 15391 88006 55019 87289 25113 7733 54193 17847 36346 826 6252 4121 13664 35998 17480 7762 35213 1501 1232 33712 20355 2025 959 480 81037 31549 16213 15336 14114 49488 46933 3160 2685 1809 669 12268 10711 9214 1497 1557 8796 7320 979 1023 479 1328 8559 7205 1275 5930 1077 6832 45552 38071 37838 1120 890
is_linear=0
shrinkage=0.05


Tree=34
num_leaves=63
num_cat=0
split_feature=0 4 13 0 8 13 13 19 7 18 17 19 18 19 0 13 1 8 10 7 18 7 6 11 19 1 19 8 19 7 7 13 7 15 18 3 13 9 19 6 3 8 0 1 18 8 8 19 0 0 19 6 9 4 4 0 1 9 11 19 11 6
split_gain=218.427 135.246 64.0875 62.4932 51.8509 48.426 42.2352 51.6483 49.6868 48.9765 35.8541 34.3128 34.7425 41.5444 34.0265 32.9759 31.8769 41.0419 34.0972 31.81 35.4825 51.1795 31.5965 37.3864 46.2535 47.1642 31.6023 31.4575 36.7599 30.6424 30.4929 30.2937 29.7001 29.5111 29.2771 29.3076 28.6609 28.6578 44.4313 60.9439 55.7822 36.8702 27.1483 26.3384 28.6125 26.2224 25.2199 31.5489 31.2782 24.9708 24.8624 29.5299 26.5995 25.9572 24.8469 24.2597 24.0313 23.9908 23.9526 23.7884 33.1777 36.8408
threshold=0.035903541678320765 0.097461805939314652 0.036982292917166877 0.055114234796473476 -0.083628017596026602 0.89146292983502307 0.69854058647213757 0.23192132437639532 -0.10441878009274662 0.13686085536352055 0.93057746232036465 0.52088954668101861 0.43480474630301963 0.7540241611607722 0.054346335991300281 0.20763587337162071 1.7282737905296222 -0.053550552687902757 1.5000000000000002 -0.06074208387898327 0.48193858466356404 -0.036617037606906037 0.004191365854409713 3.5000000000000004 0.33077901742023885 2.4272412235586587 0.61206084810701999 -0.028419866957872016 0.93693281947395302 -0.068109781608233597 -0.078335610101935835 0.33878666220586601 -0.041603048096804422 0.29913450854567475 0.27994159587378648 0.31926851102289983 0.52124099007951707 4.5000000000000009 0.88793769653040566 0.0011095701048136066 1.1837196483904651 -0.019011406844106456 0.07917374375680121 2.3194533919203031 0.307282196969697 -0.033198787868913941 -0.044543743583894117 0.68706638252872099 0.048539255528131119 0.052449450255144685 0.073015561942920207 0.050413336066133747 4.5000000000000009 -0.091899947954441827 0.050099215390920222 0.044450011624512634 1.9840484890861563 9.5000000000000018 3.5000000000000004 0.93301661099575706 3.5000000000000004 -1.0000000180025095e-35
decision_type=8 2 8 8 10 8 8 8 10 10 10 10 10 10 10 10 10 10 2 10 10 10 2 2 10 10 8 10 10 10 8 10 10 10 8 10 10 2 10 2 10 10 10 10 10 10 10 8 10 10 10 2 2 2 2 10 10 2 2 8 2 2
left_child=2 3 45 4 6 10 7 8 -2 -10 29 -6 -13 14 16 49 17 -14 32 -11 21 43 26 -24 -25 -26 -9 -17 37 -4 42 -22 -18 58 35 -32 46 -29 39 40 -39 -41 50 44 -21 -1 47 57 -49 -15 52 53 -5 -52 -28 -40 -50 -35 -3 60 -38 -62
right_child=1 33 5 30 11 -7 -8 22 9 19 -12 12 13 15 -16 27 18 -19 -20 20 31 -23 23 24 25 -27 54 28 -30 -31 34 -33 -34 36 -36 -37 59 38 55 41 -42 -43 -44 -45 -46 -47 -48 48 56 -51 51 -53 -54 -55 -56 -57 -58 -59 -60 -61 61 -63
leaf_value=0.00058556402652599831 -0.0063463779189267613 0.016552165128789553 -0.021096796089382516 -0.0055273937019953145 0.0086799835783319939 -0.021863610383220284 -0.0095157120737002325 -0.0055014794979733736 0.033406857021683618 -0.0045035703628463651 0.018176547598132579 -0.0081169719717954451 -0.0056360861031249099 0.01241190067759608 0.053069235760935286 -0.010390562333636643 -0.0042599672956351239 0.029148145868276895 -0.0097379206748375632 0.045092185703761362 0.012634252236107472 0.041663509772764916 -0.0024769441573157421 -0.019531710909972591 0.017897404434036309 0.081290984460303528 -0.013413793591031073 -0.00059010661918567752 -0.010290199344312911 -0.0079755162384279113 0.0031726881712310188 -0.0082562055534189556 0.012644294059331873 0.0091479155880650927 0.0051831863182499674 0.029198013091350873 -0.0001451686905408935 0.015629621916661684 -0.020305593829005836 0.037121859559862434 0.086535352836526414 -0.0082313603821713016 0.0089987655687143696 -0.0066968740229483223 0.0039538666708794678 0.02562215081672016 0.01760722106056507 -0.032655555823059783 0.032314261454372877 -0.020523501609221079 -0.018490455166016963 0.03164161094278977 -0.042872364248043394 0.0016964507588827652 -0.03948645668791851 0.015431073159999423 -0.0080215031029435124 0.043601203083273803 0.049366280517599295 -0.0049125711207888643 -0.021583791843687437 0.023116584819593673
leaf_weight=390.37967930734158 922.00983502715826 466.15825581550598 504.8484608232975 998.02879825234413 1325.743333645165 844.59348897635937 2591.4774095118046 2583.6193867325783 168.7995332852006 563.79284065961838 119.05773809552193 1129.5313146859407 120.19422814249992 555.13278283178806 38.736164301633835 1113.9806557074189 379.58395899832249 284.67061641812325 388.06449043750763 73.30054235458374 358.47577010095119 175.89677837491035 1267.6443923488259 53.495512917637825 116.82942077517509 38.578403875231743 586.30376213788986 1054.8967396169901 624.67955268919468 3731.7110351771116 181.34151826798916 334.56077986955643 819.86202199012041 987.49212865531445 3509.8627704530954 268.10014128684998 600.86492569744587 50.771859779953957 108.68983513116837 70.097810626029968 61.579207688570023 120.47103570401669 887.71707288920879 154.8788056820631 98.533478736877441 141.87823732197285 984.96071995794773 87.53842331469059 51.065679624676704 63.286000907421112 166.0798662006855 78.080162152647972 49.113470330834389 3394.4424458444118 107.84769879281521 82.804220020771027 126.0930952578783 52.360374495387077 62.630853086709976 609.68135611712933 51.440072610974312 391.09591761231422
leaf_count=2326 5459 1907 4110 5121 6766 7900 15759 15244 923 3274 605 6052 588 2691 175 5949 2046 1329 2004 364 1859 872 7201 288 622 190 3542 5532 3291 27380 830 1733 4329 4148 15745 1199 2505 268 586 356 302 604 4089 824 533 664 4010 374 213 291 868 368 244 16658 616 391 517 217 257 2525 216 1612
internal_value=-0.00021943 0.00136367 -0.00921912 7.92328e-05 -0.00160867 -0.0109105 -0.00400435 -0.00212518 0.00319598 0.00775969 -0.00878201 0.00130188 -8.32511e-05 0.00144617 0.00724455 -0.00156976 0.00632745 0.0188331 0.00312826 0.00528154 0.00989549 0.019996 -0.00531526 0.000757645 0.0203037 0.0340533 -0.00805034 -0.0035625 -6.05463e-05 -0.00954372 0.00337045 0.0025521 0.00729558 0.00944001 0.00672503 0.0187276 0.0079485 0.00406801 0.0139878 0.0258749 0.0549134 0.00855782 0.000986623 0.00823897 0.0216619 0.00729483 0.0115699 0.0070016 -0.00838656 0.00901376 -0.000532879 0.00142132 -0.00731819 0.000749909 -0.0175156 -0.00485276 0.00372132 0.010923 0.0205246 0.00292892 0.00751119 0.0178837
internal_weight=38325.4 32593 5732.47 28121.6 18588.8 5200.21 10196 7604.57 2850.25 1928.24 4355.62 8392.78 7067.03 5937.5 2031.11 3906.39 1992.38 404.865 1587.51 1759.44 1195.65 502.61 4754.32 1476.55 208.903 155.408 3277.77 3287.97 2173.99 4236.56 9532.77 693.037 1199.45 4471.38 3959.3 449.442 3942.59 1549.31 494.414 302.92 112.351 190.569 5573.46 326.713 171.834 532.258 2289.51 1304.55 264.697 618.419 4685.74 3638.6 1047.14 3560.52 694.151 191.494 177.159 1039.85 528.789 1653.08 1043.4 442.536
internal_count=209461 166476 42985 147975 102853 39995 59303 43544 15841 10382 32095 43550 36784 30732 10471 20261 10296 1917 8379 9459 6185 2593 27703 8301 1100 812 19402 17279 11330 31490 45122 3592 6375 18501 17774 2029 16337 8039 2507 1530 570 960 27348 1721 897 2990 9479 5469 1104 2982 23259 17894 5365 17526 4158 977 730 4365 2164 6858 4333 1828
is_linear=0
shrinkage=0.05


Tree=35
num_leaves=63
num_cat=0
split_feature=4 2 13 2 5 2 2 14 13 14 9 14 2 2 3 7 1 13 17 2 14 3 14 9 15 5 13 3 7 13 7 2 1 14 9 14 13 6 13 6 2 1 2 2 5 17 17 3 15 13 3 4 5 12 16 9 15 3 1 4 17 6
split_gain=171.136 108.502 106.216 86.0337 62.874 59.2983 58.6538 62.9991 56.9455 56.658 40.8503 40.0313 39.7949 36.7304 36.4864 36.2277 39.8105 35.8077 37.5455 48.7859 34.4793 31.8542 28.8833 28.831 28.8055 31.2892 28.4533 28.3311 32.0062 30.154 27.9934 27.6599 27.5298 30.6406 43.0483 30.4983 27.392 30.7707 30.5287 27.0668 26.675 63.532 52.2134 39.1935 60.0329 51.9582 45.6387 36.0249 37.0941 39.8605 31.5164 48.4286 28.6603 28.8388 28.4926 38.6232 28.0394 35.6756 26.8759 26.5374 26.2149 32.5456
threshold=0.040488756989639281 0.015855146407099511 0.89146292983502307 0.013150474867107456 0.15273251244432798 0.02447974623388955 0.02493986271024955 0.84477251639085182 0.036982292917166877 0.20667810177244142 4.5000000000000009 0.84085195662720447 0.015498764894508488 0.01590716376126777 3.9928073431071143 -0.047487503037653249 1.7637017443350242 0.27512964101467491 0.67820925691185041 0.028236757282885081 0.39740072066661669 2.8749912954216748 0.20667810177244142 3.5000000000000004 0.88388301867246788 0.20371824858841228 0.076898230967998429 2.5075042010459998 -0.028657073070072422 0.76225267784064632 -0.052202283849918367 0.012471688195295131 2.9775677349085532 0.74594045264776987 5.5000000000000009 0.71824395587746859 0.6313144243360308 0.0037287925070990107 0.49327655624668504 0.044256063381369677 0.020217215408749312 1.6786288244717242 0.021304061126716001 0.019501149477488457 -0.069868995984008739 0.064796071375018763 0.30331317953721776 -0.072570483891018625 0.38648551859975833 0.15215838509316773 0.96401547361034423 -0.075577446130864298 0.0054529343856372101 2.5000000000000004 0.70369108890907273 2.5000000000000004 0.14827042314804745 -0.29217212308167656 2.4760732185008894 0.065142096488174275 0.78859677260165817 -0.00083385452862794185
decision_type=2 10 10 8 10 10 10 8 8 8 2 10 10 10 10 10 10 8 10 10 10 10 10 2 10 10 8 10 10 10 8 10 10 10 2 10 10 2 10 2 10 8 10 10 10 10 10 10 10 10 10 2 10 2 2 2 8 10 10 2 10 2
left_child=1 3 4 31 5 9 7 15 -5 -3 26 -4 -12 -11 17 -2 23 18 19 -8 -10 -21 30 -17 27 32 -9 29 -29 -18 -19 -1 33 35 -35 -26 38 -38 -30 -20 41 -15 58 47 45 -45 -46 56 49 -49 54 -52 -48 -54 55 -50 57 -43 -42 -24 61 -53
right_child=6 2 11 8 -6 -7 14 10 20 13 12 -13 -14 40 -16 16 24 22 39 21 -22 -23 59 -25 25 -27 -28 28 36 -31 -32 -33 -34 34 -36 -37 37 -39 -40 -41 42 43 -44 44 46 -47 52 48 50 -51 51 60 53 -55 -56 -57 -58 -59 -60 -61 -62 -63
leaf_value=-0.012259770144929558 -0.0066979774818910452 -0.0093639835527084755 -0.014559756551726573 0.03098864115947161 0.012217675988383803 0.003882663392662666 0.050198064371525908 -0.020909381792996493 -0.029425611855806041 0.031478999653050989 -0.013714816935908059 0.0031698739136946938 0.025685097190427487 0.05744611151664062 -0.026689036815098328 0.0053876338652557483 0.0066850914665457714 -0.039496069124777489 0.0049536388707565986 0.0073249214547620491 -0.014500985708956131 0.053349816807418321 0.0032146783082527227 -0.014950698062152636 -0.0028525395797565356 0.016711600681917679 0.0075218347085110647 0.04571447970225849 0.011695116430390453 -0.0050831797352399897 0.000234011734775961 0.010624477949464028 -0.026404417208921411 -0.0066342037395180744 0.054441481898577185 -0.0458417151990703 0.060268339828270547 0.008815876150977002 -0.025562208230292722 0.031844284638183194 -0.016196895576408306 -0.0037997038494965198 -4.7703768700168786e-05 0.017128384619571051 -0.007756221313704504 0.092231338117781059 0.05559134120263446 0.039318719423428128 -4.7992708561590868e-05 0.00670383131144174 -0.032810942341160894 -0.010244040113987666 0.0077072058737286718 0.049561118353486047 0.020307294493506333 -0.020831492285171241 -0.01308223077963531 0.031508043027394662 -0.0037397037337113721 0.014197626338572612 -0.010013237936089332 0.013304581447580149
leaf_weight=189.97501648962498 1418.1991837695241 2426.0258946567774 1865.990904726088 56.271774023771286 987.48267830908298 5097.0182403326035 174.07305815815926 92.476324751973152 598.38748747110367 85.694510892033577 72.046851634979248 383.4461312443018 541.10044850409031 48.363165497779846 65.844180539250374 257.23992086946964 2660.9697199016809 49.712067499756813 466.72847612202168 206.84056083858013 1105.0940485224128 45.069525167346001 924.07284760475159 536.34016864746809 1301.4042085260153 204.12868727743626 1513.5545966178179 79.448873296380043 280.82921388745308 683.45068637281656 352.53449667990208 427.16067730635405 125.63871523737907 59.859825760126114 54.350424945354462 41.616968110203743 52.728460885584354 64.17149829864502 67.33102422952652 116.21430085599422 1005.2688017860055 890.63923881947994 3072.3422417119145 62.065607622265816 448.7569105476141 36.18325662612915 35.197357371449471 111.22895090281963 440.15873142331839 570.87794154882431 83.836583659052849 175.1656456887722 742.18075554817915 42.634380221366882 80.411884874105453 453.22305618226528 942.73064924031496 76.785862237215042 761.30838590860367 1360.3044745028019 207.23788915574551 882.65863838046789
leaf_count=1276 7674 18050 13147 359 4533 24699 764 411 5290 484 320 1847 2294 347 304 1538 12960 263 1997 948 6726 196 4241 3265 6620 876 6594 396 1332 3623 1654 2830 564 269 231 191 276 321 328 490 6161 5168 17020 324 2639 217 204 617 2530 3330 467 1007 4105 220 447 2616 5491 433 3884 5757 1083 5083
internal_value=0.000180412 -0.00234106 -0.00124504 -0.0124877 -7.31711e-05 -0.000720129 0.00461507 0.00263089 -0.0181184 -0.00243511 0.0100712 -0.0115374 0.0210407 -0.000940885 0.00994447 0.000536583 0.00212328 0.0106042 0.0186332 0.0299041 -0.0197578 0.0157377 0.00758324 -0.00835952 0.00359015 -0.00166386 0.00587275 0.00600422 0.0165711 0.00427938 -0.00476184 0.0035715 -0.00404264 -0.00209788 0.0226508 -0.00421779 0.011505 0.0323382 0.00443731 0.0103599 -0.00119242 0.000943914 -0.00398681 0.000499845 0.00798523 0.045438 0.00505152 -0.0015833 0.00182972 0.012072 -0.00118204 0.00376573 0.0120615 0.0100411 -0.00803253 -0.0106032 -0.00695034 -0.000967638 -0.0108336 0.00975817 0.0062137 0.00939916
internal_weight=38260.1 24391.8 22014.9 2376.89 19765.5 18778 13868.3 10106.9 1759.75 13681 2219.18 2249.44 613.147 11255 3761.39 7887.71 6469.51 3695.55 1008.93 425.983 1703.48 251.91 2686.62 793.58 5675.93 1787 1606.03 3888.93 544.509 3344.42 402.247 617.136 1582.87 1457.23 114.21 1343.02 465.06 116.9 348.16 582.943 11169.3 6330.34 4838.92 6281.97 1367.02 98.2489 1268.77 4914.96 3004.8 682.107 2322.69 1348.9 820.012 784.815 973.794 893.382 1910.16 967.425 1766.58 2284.38 1265.06 1057.82
internal_count=209331 142634 126153 16481 111159 106626 66697 50083 12375 81927 9619 14994 2614 63877 16614 40464 32790 16310 4395 1908 12016 1144 11915 4803 27987 8751 7005 19236 2653 16583 1917 4106 7875 7311 500 6811 2257 597 1660 2487 63393 36328 27065 35981 7709 541 7168 28272 17180 3947 13233 7640 4529 4325 5593 5146 11092 5601 10045 9998 7173 6090
is_linear=0
shrinkage=0.05


Tree=36
num_leaves=63
num_cat=0
split_feature=0 4 13 2 13 17 7 19 18 14 17 2 9 19 14 5 2 2 2 8 18 2 16 5 3 4 14 13 2 0 2 9 5 18 7 8 16 13 8 19 19 0 11 4 16 18 0 11 16 4 5 3 18 7 9 2 13 13 13 18 3 5
split_gain=180.583 113.977 61.1656 58.2417 40.1526 38.0097 34.7493 34.2004 40.2904 44.0232 32.4015 28.8473 34.9945 28.6731 36.1411 28.8448 32.6959 59.0764 49.5693 28.5941 40.9992 33.6056 28.4258 29.9077 27.9296 26.657 46.8662 32.7242 49.4156 38.7426 36.998 36.4334 30.2458 29.296 29.2208 36.1014 27.5329 26.5719 26.4975 39.2628 36.8898 31.671 31.609 28.7348 27.9773 42.7921 26.0478 45.3687 33.1908 53.0357 25.6364 42.1208 25.8476 33.606 26.0351 27.7989 25.7055 25.5895 28.1872 25.3855 33.1734 25.3022
threshold=0.035903541678320765 0.095702299823622008 0.86793072670022087 0.024328626346398975 0.036982292917166877 0.7925957799451776 -0.045923208904765415 0.87186427345537765 0.85323933430194165 0.45682014444967817 0.013379960777612318 0.016396713910233628 5.5000000000000009 0.95941258925576278 0.91557729551150613 0.10245086367616486 0.015855146407099511 0.013150474867107456 0.01590716376126777 -1.0000000180025095e-35 0.93204414261460122 0.020300935618431059 0.92311530784584683 0.072961373390557985 -0.098283485492792769 -0.026548672566371664 0.75016733601070962 0.58788830537410941 0.020502836820428114 0.050938958033356317 0.016421072415924186 3.5000000000000004 0.061293507587648961 0.31509531708497623 -0.095548756053419379 -0.38069632390753744 0.82079823008849562 0.87967359708877901 -0.091891891827715719 0.71476891397193421 0.64004590187634902 0.048980033358595264 5.5000000000000009 0.099480647754975129 0.9470978382930938 0.59574969891609808 0.052272440187856629 1.5000000000000002 0.36135073498425924 0.018181818239669582 -0.11903185679703597 0.034688141616231148 0.54438620266434856 -0.088267380122780778 4.5000000000000009 0.018332411306236373 0.35489008118318471 0.2675022441651706 0.60350759975040336 0.12508366800535478 0.2274886780362734 -0.092072261642689376
decision_type=8 2 8 10 10 10 10 8 8 10 10 10 2 8 8 10 10 10 10 8 10 8 2 10 10 2 10 10 10 10 10 2 10 10 10 10 2 10 10 10 8 10 2 2 2 8 10 2 2 2 10 10 10 10 2 10 10 10 10 10 10 10
left_child=2 3 4 5 -1 13 -6 10 9 -9 -5 -4 -13 15 -15 16 17 -2 -18 20 22 -21 23 -7 -3 50 34 30 29 31 -28 -29 -30 -34 36 -36 -27 -25 40 42 -26 -42 43 -40 45 -43 -32 -48 -49 -50 51 -20 54 -54 56 -56 -52 -24 -59 60 -37 -12
right_child=1 24 11 7 6 19 -8 8 -10 -11 61 12 -14 14 -16 -17 18 -19 25 21 -22 -23 57 37 38 26 27 28 32 -31 46 -33 33 -35 35 59 -38 -39 39 -41 41 44 -44 -45 -46 -47 47 48 49 -51 52 -53 53 -55 55 -57 -58 58 -60 -61 -62 -63
leaf_value=0.0072203431442852241 0.0075838809094505751 0.019390148499138629 -0.035724148004056169 -0.023459902016473171 -0.015554522524692539 0.026914181933134846 -0.004857089955495276 -0.021846066796069999 0.0063262383821454243 -0.00067208800708051092 0.021705185369383016 -0.010629325337997521 -0.043642545788522863 -0.021461173825314029 0.012402086460378854 -0.013588965516436534 0.037398606037738522 -0.014952130549888721 0.027342962906047121 0.044830685925621838 -0.020335444718878225 0.00082369045741547764 -0.0068309152885761733 0.0030776573688065709 0.0060877439875564286 -0.0099082225561448588 -0.03255968666993634 0.023327411838783878 -0.0093150054645013136 0.013313330989557344 -0.0090339847822306207 0.073517702207894095 -0.003653628742678361 0.051666448701668644 0.035443493741659574 -0.0019678090849891052 0.02704479294270172 -0.012027338803034981 0.036563421941706038 0.0077981860535113329 -0.04606548428374542 -0.022758674529992137 0.061543129743175135 0.0085219642076173798 -0.022779309636999475 0.035466751738534023 -0.005447581598904354 0.030713935326511684 -0.028562135325785571 0.014211596535873332 0.0011578057210010913 -0.014290286489716515 0.042817913658718343 -0.003129204780572797 0.0053239771878937714 -0.040486811956245511 -0.011523432852354179 0.064517819345196778 0.009706289614560392 -0.001245919027906816 0.061564046324118299 0.0053126884894753356
leaf_weight=528.32070592045784 403.91328969597816 554.14036709070206 216.78082052618265 94.22247801721096 994.74630116671324 120.79927963018417 3202.43206179142 392.50860091298819 788.38646836578846 652.74579261243343 243.60999374091625 625.30261083692312 91.340071052312851 374.49042411893606 99.004818022251129 507.08282268047333 83.972767494618893 1032.7479668706656 141.39772439002991 86.406315818428993 190.25574661791325 86.206333145499229 41.668457269668579 3224.316540107131 1419.5662283450365 1326.4059969559312 77.543326050043106 108.38069687783718 333.83037500083447 675.36362911760807 371.05420404672623 54.466519966721535 50.320823341608047 44.425417616963387 68.295635402202606 45.566720589995384 51.454086631536484 319.05954580754042 149.20856039226055 1924.3784644603729 57.840446576476097 53.659517601132393 49.915641918778419 235.33742889761925 116.57702150940895 73.853018566966057 508.43586976826191 210.04846128821373 85.657464638352394 442.69248273968697 595.55719816684723 105.11647514998913 54.719174511730671 138.83790118247271 45.245837584137917 120.38187906146049 1212.5647248849273 51.65607014298439 43.039468988776207 5842.4358947202563 36.331320211291313 6345.2283906117082
leaf_count=2970 2206 2274 2292 438 7970 657 23143 2360 3684 3252 1104 5769 788 2244 479 2697 436 6241 689 404 962 422 209 15784 5965 8522 388 594 1663 3247 1945 275 248 205 335 278 300 1663 609 7875 270 225 205 962 486 306 2535 1031 421 2032 3387 528 328 825 261 694 6988 242 206 33828 211 29774
internal_value=0.000170281 0.00160308 -0.00807308 0.000397908 -0.00576025 -0.00111454 -0.00739552 0.00384479 -0.00220323 -0.00863651 0.00550428 -0.0197632 -0.014892 -0.00227068 -0.0143694 -0.00188199 -0.00146498 -0.00861533 -0.000663728 0.00311914 0.00225439 0.022984 0.00339029 0.00255242 0.00886391 -0.000917392 0.000187935 0.00549855 0.0115749 0.0186294 0.000954305 0.0404605 -0.00223356 0.022554 -0.00194687 -0.000436753 -0.00850966 0.00171453 0.00742997 0.0108711 0.00271119 -0.0131318 0.0244332 0.019469 -0.00517161 0.010978 0.00257971 0.00604038 0.0139473 0.00723615 -0.00564702 0.00960406 -0.00738534 0.0100135 -0.00909578 -0.0280155 -0.00734817 0.0257218 0.0399675 -0.000856292 0.0266186 0.00592197
internal_weight=38221.3 32562.3 5658.92 27927.9 4725.5 19411.1 4197.18 8516.7 1833.64 1045.25 6683.06 933.424 716.643 15247.7 473.495 14774.2 14267.2 1436.66 12830.5 4163.41 3990.8 172.613 3800.54 3664.18 4634.48 12746.5 10332.7 2962.22 1266.79 838.211 1695.43 162.847 428.577 94.7462 7370.49 5992.63 1377.86 3543.38 4080.34 2358.84 1721.5 301.93 434.462 384.546 244.09 127.513 1617.89 1246.83 738.398 528.35 2413.82 246.514 2167.31 193.557 1973.75 165.628 1808.12 136.364 94.6955 5924.33 81.898 6588.84
internal_count=209331 166399 42932 147222 34083 106610 31113 40612 9296 5612 31316 8849 6557 86061 2723 83338 80641 8447 72194 20549 19723 826 18761 18104 19177 71758 58058 14584 6232 4116 8352 869 2116 453 43474 34652 8822 17447 16903 9651 7252 1287 1776 1571 1017 531 7964 6019 3484 2453 13700 1217 12483 1153 11330 955 10375 657 448 34317 489 30878
is_linear=0
shrinkage=0.05


Tree=37
num_leaves=63
num_cat=2
split_feature=4 14 13 3 5 19 9 3 4 1 15 14 19 7 14 1 1 9 13 15 14 17 11 13 22 5 4 4 19 18 7 13 6 17 21 5 17 10 19 9 4 11 3 3 14 19 5 13 1 9 7 7 4 5 1 19 19 5 17 1 7 18
split_gain=145.085 112.995 85.6888 40.8183 43.4079 47.0381 36.7192 36.4623 36.2591 40.6496 33.8743 32.5763 33.1359 45.421 46.118 40.1835 34.7842 32.3915 31.6408 31.6785 29.5021 28.8619 28.6275 28.4839 36.548 35.3722 29.724 28.8637 28.2039 27.3301 39.3594 27.2879 26.9037 26.7373 27.1087 23.7069 23.5793 26.0258 89.6341 71.634 33.7885 33.37 29.2333 30.2634 24.5957 23.3905 23.3205 30.3217 23.2631 23.0243 25.4501 25.9497 44.5603 22.8456 22.2739 30.0519 22.4347 22.141 29.0634 23.1663 22.7512 48.5855
threshold=0.097461805939314652 0.4525351384580994 0.77793305903203402 3.7381486475242576 0.11866408161463983 0.78934854300088919 4.5000000000000009 4.1224375747424249 0.020000000000000132 2.0820110862400507 0.64677757998995855 0.92733391880474902 0.32668427028846253 -0.024747937671860617 0.69027444376769032 2.5263680279121115 1.9282306824759905 4.5000000000000009 0.30680875923413242 0.068594809368671322 0.96637370544548107 0.19233891108891113 2.5000000000000004 0.196046666788528 0 0.10361050739873491 0.087683370922800444 0.079969171396840247 0.29117540773333234 0.81295630162536658 -0.018983050847457602 0.1005419427749525 -0.0054054054054054048 0.61183602490514655 1 0.023573672739623967 0.98962278986448615 2.5000000000000004 0.31869400807045151 7.5000000000000009 0.09937888198757773 3.5000000000000004 1.3181660694189492 2.6867727523172751 0.46471996663252485 0.95285986482599949 0.03309645517895022 0.95830573951434894 1.9787222560790323 8.5000000000000018 -0.003591585362135163 -0.0076846725573049271 0.050746099608996682 0.15020744721399995 1.2477282676429418 0.84824164035490435 0.45751447876447882 -0.11903185679703597 0.013379960777612318 3.8032101829288374 -0.10556702896332541 0.11275068113805888
decision_type=2 8 10 10 10 10 2 10 2 10 10 10 8 10 10 10 10 2 10 10 10 10 2 10 9 10 2 2 8 10 10 10 2 10 9 10 10 2 8 2 2 2 10 10 10 8 8 10 10 2 10 10 2 10 10 8 10 10 10 10 8 10
left_child=1 2 7 18 5 31 -6 23 9 28 54 12 13 16 15 29 22 -13 -2 -20 -19 -12 -10 24 -1 26 27 45 -3 30 -15 -5 -23 57 -35 -36 37 39 -39 41 -40 -21 -41 -44 -42 -25 47 -34 -9 50 51 -27 -53 -48 -4 56 -56 58 59 -11 -59 -62
right_child=3 8 10 4 6 -7 -8 48 11 33 21 17 -14 14 -16 -17 -18 20 19 36 -22 32 -24 25 -26 49 -28 -29 -30 -31 -32 -33 46 34 35 -37 -38 38 40 42 44 -43 43 -45 -46 -47 53 -49 -50 -51 -52 52 -54 -55 55 -57 -58 60 -60 -61 61 -63
leaf_value=-0.005999248320639217 0.015479941440360891 0.016056129677298549 0.012376912490698262 0.032253693647605886 0.0078254065884205467 0.052259012642237618 -0.031962003728284442 0.0058554068157663794 0.0097872965099960116 -0.023338750349490209 -0.032327355198080575 0.0080803805066709134 0.00062105238185403188 0.038052688395154327 0.037820963211571232 -0.023725292593220065 0.0015383542700135944 0.046076444252260082 0.033874755299490293 0.0013049307218969926 0.000565148626483266 0.031353830097247161 0.047082583657382458 -0.0048870588788435991 0.0057059427082290911 0.0059051706452264222 -0.04219698097915868 0.032209570189143208 0.002040432391983447 0.043396628114348919 -0.015988966385053326 -0.012977887303535732 0.024806102041291432 0.018044171306484218 0.033381712522659708 -0.00027079346448115408 0.023237257252375638 0.066745574575264796 0.037081346565717904 -0.054414533962259454 0.021933634848957141 0.015855415170923239 0.0072453554723291864 -0.041353785184522283 -0.019164874316730893 -0.017860883359313802 -0.011041627025674768 -0.023125280026718421 0.051816593941108151 -0.031709051708536107 -0.012410522857679058 0.00040795131180437928 0.06386188793378314 0.019508222507580379 -0.020304589616609442 -0.027260775903924436 -0.0081747334112347008 -0.0080419891410005197 0.017828673102724134 0.0091465358913195346 0.021085272825134085 -0.0035105400305722487
leaf_weight=1024.0230516567826 1565.6176482737064 522.88938108086586 69.670205116271973 43.373635575175285 85.070362582802773 51.227646097540855 178.92259828746319 63.363022536039352 157.39533847570419 107.63938327133656 81.800258792936802 874.95903344452381 6133.1821329370141 54.985232070088387 222.3095815628767 75.134685501456261 1711.460780352354 115.01197217404842 101.506507858634 1470.7888130247593 51.414750292897224 57.369556181132793 75.977979943156242 5977.4720067232847 1866.8202108368278 718.27245628833771 54.206327348947525 49.786795526742935 1141.1397331953049 72.056462213397026 83.679625988006592 133.18247355520725 128.46239873021841 236.46151235699654 52.665972381830215 2107.0735433995724 175.01270085573196 71.010786488652229 54.21524415910244 62.658488586544991 49.688566848635674 537.3467413187027 76.693651780486107 53.709986627101898 128.61124444007874 368.05816427618265 603.57674461603165 43.405630193650723 48.085207380354404 41.528307393193245 158.80852424353361 55.719276875257492 53.98153854906559 67.172168336808681 627.70482485741377 475.64954141527414 974.65400173515081 2703.5741663724184 257.32843615114689 110.09477162361145 216.25136725604534 2648.3230554908514
leaf_count=6127 6452 2633 514 191 372 225 804 377 746 528 641 3964 30205 292 1022 404 8884 499 425 6070 222 388 368 39226 11013 3718 279 271 5810 368 445 629 947 1163 279 10579 710 288 228 266 209 2216 317 230 526 2484 4240 382 268 218 832 301 266 341 4776 3666 7211 14802 1210 519 1168 14577
internal_value=0.000160748 -0.00101353 -0.00451818 0.00825063 -0.00539388 0.0105741 -0.0191596 -0.00234965 0.00140393 -0.000688379 -0.0117772 0.0035995 0.00258582 0.00749604 0.0207915 0.00746206 0.00401317 0.0119468 0.00979517 0.00659069 0.0321038 -0.00407783 0.0220784 -0.00265652 0.00155796 -0.00428578 -0.00565885 -0.00534261 0.0064516 0.0186417 0.00555937 -0.001747 -0.00147718 -0.00209679 0.00237187 0.000562301 0.00554494 0.00429994 0.0180006 0.00240342 0.00289171 0.00520437 -0.0266074 -0.0129338 -0.0076531 -0.00564227 -0.00374699 0.0126372 0.0259702 0.00432324 0.00587021 0.00938726 0.0319272 -0.00795772 -0.0152933 -0.0162266 -0.0129362 -0.00386876 0.00648293 -0.00694622 -0.00475295 -0.00164705
internal_weight=38179.2 33340.6 13609.6 4838.64 491.777 227.784 263.993 10480.1 19731 10103.4 3129.47 9627.57 8586.18 2453 508.166 285.856 1944.83 1041.39 4346.86 2781.24 166.427 981.787 233.373 10368.7 2890.84 7477.83 6449.52 6395.32 1664.03 210.721 138.665 176.556 899.986 8439.41 2396.2 2159.74 2679.74 2504.72 303.526 2201.2 232.515 2008.14 193.062 130.404 178.3 6345.53 842.617 171.868 111.448 1028.31 986.782 827.973 109.701 670.749 2147.68 2078.01 1602.36 6043.21 475.063 217.734 5568.15 2864.57
internal_count=209331 189173 88486 20158 2221 1045 1176 65380 100687 53268 23106 47419 42734 12529 2531 1509 9998 4685 17937 11485 721 6939 1114 64735 17140 47595 42260 41981 8443 1105 737 820 6298 44825 12021 10858 11060 10350 1251 9099 963 8286 813 547 735 41710 5910 1329 645 5335 5117 4285 567 4581 16167 15653 11987 32804 2257 1047 30547 15745
cat_boundaries=0 1 2
cat_threshold=14712835 8836
is_linear=0
shrinkage=0.05


Tree=38
num_leaves=63
num_cat=1
split_feature=0 13 16 7 2 5 0 2 2 14 3 13 6 13 9 3 16 17 1 4 7 2 5 4 7 8 3 8 5 2 9 1 3 22 9 3 4 2 2 0 16 8 15 7 4 6 2 3 15 8 0 2 2 8 13 14 2 15 16 18 2 17
split_gain=157.699 95.7168 69.7983 66.4427 53.8518 41.1046 40.0892 39.962 39.5609 41.0392 38.8782 38.0682 36.5901 33.4995 36.9632 33.1445 32.3612 34.4039 31.519 31.1446 30.9072 28.5932 30.6617 28.5152 29.5161 39.5203 28.1307 28.0138 30.6916 28.6557 43.0228 37.7899 28.1747 39.7275 33.6416 30.1869 28.0245 27.7526 37.6314 26.8012 25.885 76.072 37.2742 30.0438 24.8555 27.2828 24.3068 23.7674 23.2574 23.7036 26.3232 25.4293 37.1459 32.3864 30.2888 31.7887 23.1121 22.9854 22.8464 32.2835 22.6519 22.2936
threshold=0.045469238684358544 0.88350149951710477 0.88022392714570874 -1.0000000180025095e-35 0.024688065147332416 0.21805659254263879 0.028268404711035443 0.032687146649083572 0.019157458180152343 0.93896660085096928 0.86512035931061748 0.89146292983502307 0.091745248578291264 0.30680875923413242 5.5000000000000009 2.9507908811730625 0.013346055979643768 0.56015817552179215 3.2489987117897843 0.099678450351781481 -0.073378088575008424 0.015855146407099511 0.056551074133055941 0.010213557179399315 -0.0051584377302874565 -0.017140711315581088 2.8359727732961395 -0.12638743953076317 -0.11903185679703597 0.021972355615467516 8.5000000000000018 3.0987521142235295 2.5829532698472115 0 3.5000000000000004 2.8749912954216748 0.09883720930232566 0.027862282336196666 0.029488768802778721 0.032694200927174795 0.78187096986445603 -0.20453972979161897 0.91487924094307083 -0.066666666666666693 0.078060606570337546 0.0054864309334297099 0.031827200496059742 0.60686880998367287 0.51677584321461512 -0.072283645101908031 0.034320767488426066 0.01629649707805603 0.01893436289681279 -0.27288530956908491 0.18395314319173708 0.50453517071164133 0.020275915762803447 0.50888606880992671 0.9470978382930938 0.25994671528720042 0.016702759712203214 0.013379960777612318
decision_type=8 8 2 10 10 10 10 10 10 8 10 10 2 10 2 10 2 10 10 2 8 10 10 2 10 10 10 10 10 10 2 10 8 9 2 8 2 10 10 10 2 8 8 10 2 2 10 8 10 10 10 8 10 10 10 10 10 10 2 10 10 8
left_child=1 3 16 4 6 39 -1 15 11 20 13 -4 -5 48 18 23 17 26 21 57 58 22 -15 37 25 46 -2 28 61 30 -29 36 33 -30 -34 -36 -31 -6 -39 -3 42 -42 -37 -44 45 -22 -25 -46 49 51 60 -8 53 -53 -54 -56 -49 -12 -10 -60 -51 -18
right_child=2 5 8 12 7 -7 10 -9 9 -11 19 -13 -14 14 -16 -17 27 -19 -20 -21 44 -23 -24 24 -26 -27 -28 29 32 31 -32 -33 34 -35 35 40 -38 38 -40 -41 41 -43 43 -45 47 -47 -48 56 -50 50 -52 52 54 -55 55 -57 -58 -59 59 -61 -62 -63
leaf_value=-0.015845843958611407 -0.014036634980291889 -0.025023129410045416 -0.0019318493941304063 0.0052513304606573554 0.012389161515845994 0.038965747785884575 -0.019906913646300872 -0.036504515005177422 0.0078543108768581119 0.02712300971458988 0.018395750351328566 0.031443522826258112 0.033089168938541587 -0.025635261846923132 -0.030075642342231663 -0.015198846791486177 -0.0018179314403167551 0.0085253928717476946 0.033477577639421566 -0.030949290452724744 0.013382967053415582 -0.0067422414966457934 0.0025746588078879602 0.0095222257074332461 -0.01232600080575059 0.04093550944860358 -0.053414852168862971 0.0019116896906902767 -0.0028817337168321748 0.0058383276596353124 -0.036680653722632177 0.046820704079819489 -0.00020180798034822255 0.0083717511800480513 0.041849005641428537 -0.016324018239257564 0.030218085139739833 -0.028929971403713867 0.0066223324455996673 -0.01144798691497078 0.032620842339473329 -0.045929676806681828 0.01524318478989181 0.055762477951022418 0.021841857796207478 0.053623522263838409 0.046121548939501517 0.022237584958968659 -0.015988123539145305 0.01153140071686959 0.015718957148938409 0.056756252110426259 -0.015447078457423075 0.0078395025075702323 -0.0015856820967158178 0.04408491341095401 0.0048448902382316195 -0.00055922329072256513 0.005629479425642691 -0.03540028630126206 -0.024760030159517415 0.020044516453369063
leaf_weight=738.59255112707615 224.75495226681232 489.00747670978308 992.780786216259 1461.6516469717026 223.498813778162 35.118906870484352 194.83509434759617 55.401020213961601 239.05517990887165 394.30445988476276 164.90107291191816 92.474953725934029 127.48930288851261 421.18581975251436 202.86590392142534 161.11398351192474 182.46474668383598 135.49953375756741 43.898454427719116 81.08341047167778 100.89875929057598 2932.0503674075007 124.57409369200468 703.24191500246525 98.239386290311813 138.29673266410828 56.246587857604027 3927.7251323461533 6970.9584740921855 3684.3644500821829 72.569818392395973 58.404917821288109 721.37863476574421 873.04513820260763 95.861299961805344 56.266957521438599 120.84753181040287 145.67853148281574 150.49910685420036 1426.5480060279369 58.070503190159798 63.503905177116394 132.45438645780087 69.833318561315536 372.29959978163242 72.467420935630798 47.609237357974052 226.82427498698235 239.35244080424309 80.810148991644382 410.38664424419403 37.342175871133804 410.4762242808938 292.56968049705029 229.49587671458721 44.671281903982162 1188.3035043776035 4446.9630979895592 93.587050452828407 96.791148319840431 89.822360746562481 321.30378966033459
leaf_count=6218 1190 5220 4200 6824 1129 164 1359 304 1049 1625 1036 388 525 3305 1329 767 867 672 239 365 475 19722 838 3420 468 607 316 19306 36509 16988 359 261 3496 4424 470 277 493 784 759 9830 273 313 665 330 1540 322 201 939 1508 587 2319 215 2677 1866 1540 263 4922 27362 391 409 626 1486
internal_value=0.000152365 -0.00353965 0.00295166 -0.00214017 -0.00332785 -0.013935 -0.0045955 0.00489698 0.00903756 0.0121927 -0.00379869 0.000938404 0.00750403 -0.00655284 -0.00936853 0.00629299 0.00163003 -0.0121268 -0.00816751 -0.000420958 0.00971939 -0.00870265 -0.0192032 0.00859915 0.0135846 0.016458 -0.0220802 0.00195983 0.000139229 0.00416936 0.00120259 0.00723998 -0.000530591 -0.0016213 0.0066101 0.0169125 0.00662033 -0.000881116 -0.010903 -0.0149247 0.0105307 -0.00844968 0.0194536 0.0294367 0.0123791 0.0304147 0.0119011 0.0106137 -0.00138404 0.000576156 0.00886773 -0.00341134 -0.000227054 0.0135311 -0.00686681 0.0059888 0.00764642 0.000122369 -0.00242521 -0.0153066 -0.00760566 0.012138
internal_weight=38144.6 16449.3 21695.3 14498.6 12909.5 1950.67 11185.9 1723.58 3869.79 2784.53 10447.3 1085.26 1589.14 5754.34 3724.57 1668.18 17825.6 416.501 3521.71 4692.95 2390.23 3477.81 545.76 1507.06 987.387 889.148 281.002 17409.1 9545.14 7863.91 4000.29 3863.62 9041.37 7844 1197.37 475.99 3805.21 519.676 296.178 1915.56 380.129 121.574 258.555 202.288 1960.79 173.366 750.851 1787.43 2029.76 1790.41 581.019 1209.39 1014.56 329.912 684.643 274.167 1415.13 4611.86 429.433 190.378 170.633 503.769
internal_count=209331 104376 104955 89162 81813 15214 73374 8439 16260 11672 67156 4588 7349 38393 25433 8135 88695 2178 24104 28763 10047 23865 4143 7368 4696 4228 1506 86517 49110 37407 19665 17742 46757 40933 5824 2328 17481 2672 1543 15050 1858 586 1272 995 8198 797 3621 7401 12960 11452 3532 7920 6561 2081 4480 1803 5861 28398 1849 800 1213 2353
cat_boundaries=0 1
cat_threshold=6424071
is_linear=0
shrinkage=0.05


Tree=39
num_leaves=63
num_cat=1
split_feature=14 13 8 2 4 2 7 1 1 2 14 13 2 19 12 19 2 11 7 14 13 4 1 2 5 19 8 9 2 8 1 2 8 17 23 2 15 14 1 1 14 11 6 4 19 7 13 2 7 17 2 7 1 19 17 14 19 13 19 1 13 1
split_gain=121.615 96.1533 70.1877 73.1126 68.6875 62.2679 54.2071 53.5424 46.3494 37.3524 39.0792 42.5708 58.9067 39.363 37.105 35.1184 48.3282 44.3079 40.5185 36.069 40.6721 39.9682 35.6433 59.2701 35.624 34.9414 44.4675 33.0511 29.7842 42.7766 29.5979 29.4404 29.4297 29.6103 29.0249 28.6636 28.6362 34.6396 33.3377 29.527 28.3969 27.9746 27.1543 34.8937 26.485 27.8103 26.4688 32.394 26.3821 25.3234 25.1453 32.6636 31.6782 38.0775 44.2715 51.2062 32.9012 25.0356 24.7688 24.7028 30.2298 28.1393
threshold=0.52023023414763225 0.90324038966341957 -0.091891891827715719 0.015670086174788402 0.020357757766908961 0.021890372676806141 -0.0017857142857143347 2.0820110862400507 1.9519992009467384 0.025265646839615716 0.84477251639085182 0.088523966767109843 0.020733316268245944 0.29895333126403628 2.5000000000000004 0.64004590187634902 0.030338905914821291 3.5000000000000004 -0.15659605434811544 0.19496438283035553 0.036982292917166877 0.0990990990990991 1.7219778378376749 0.019266652616632195 0.018789996861653505 0.70298890791334789 -0.023758669528190664 4.5000000000000009 0.016396713910233628 -0.062312597089810011 1.8164557742973002 0.030091904745163298 -0.15811432335035838 0.67820925691185041 0 0.032476069765123509 0.65842870001285858 0.82899814126394056 2.9607441644347809 2.1506967487415785 0.10840292393690452 5.5000000000000009 -0.001684413314880395 -0.061886611620357072 0.033234811309222366 -0.06074208387898327 0.24734324885937573 0.017124567590068959 -0.01523842791399088 0.77287192834103846 0.01629649707805603 -0.026099584329761612 2.6093555777733748 0.90031899955228145 0.47758234111643733 0.9547462552660323 0.75827642631595094 0.68651367662228346 0.72234242902352064 1.9949727253186895 0.42622048097060738 2.3128670491750678
decision_type=8 10 10 10 2 10 10 10 10 10 10 8 10 8 2 8 10 2 10 10 10 2 10 10 10 10 10 2 10 10 10 10 10 10 9 10 10 10 10 10 10 2 2 2 10 10 10 10 10 10 10 10 10 10 10 10 10 10 10 10 10 10
left_child=1 2 3 -1 7 6 8 42 46 10 13 12 -12 36 -11 16 19 -17 -18 20 21 -5 23 -21 -20 34 30 -13 49 48 31 -27 -22 -34 -7 -9 39 38 -38 -6 -36 -28 -2 -44 45 -24 -4 -48 58 -3 51 -29 -52 54 -54 56 -56 -32 -30 -10 -61 -62
right_child=4 28 5 15 9 25 -8 35 59 14 11 27 -14 -15 -16 17 18 -19 24 22 32 -23 44 -25 -26 26 41 50 29 -31 57 -33 33 -35 40 -37 37 -39 -40 -41 -42 -43 43 -45 -46 -47 47 -49 -50 -51 52 -53 53 -55 55 -57 -58 -59 -60 60 61 -63
leaf_value=-0.025856890083264385 -0.0058834636021383767 -0.039193626848009283 -0.00039226507106256218 0.00081176647806493845 0.025432754062785914 -0.015961338977584779 0.0098415165118996978 -0.0024751566890150343 0.016641689004599478 0.0093530049298153287 -0.028422672623021328 0.0071016799406968083 0.025522529838117331 -0.00093984688990270951 0.041319664045341098 -0.008263258891756619 -0.010329440687033526 -0.038196639096923245 0.047349470666824323 0.066500385601743026 -0.019808731210116032 0.059020158753831764 -0.0055692737014176414 0.005618759778202146 0.011772504487234398 -0.020154108314416608 0.011024018541389381 -0.030202208437574891 -0.018304056192637568 -0.0026346126459645975 0.015448772603759042 0.005059242939717868 -0.0016571274305922916 -0.033621058101236459 0.03470657322337644 0.019779131586060251 0.017142821241318908 0.055329477999664901 -0.01193097936807524 -0.0025946232116943108 0.012413863145818198 -0.024514788435063023 0.054351201625271406 0.010672291786394861 -0.0040956665981051561 0.041515090977136973 -0.030654928100070734 -0.010464311994930373 -0.038632766080740788 0.019788717672550211 -0.0062647050109200866 0.022802745516255198 0.0013154440841355115 -0.0051690878418222536 0.02195653886110191 0.085076640369042861 0.060971759655517668 -0.020113614429845317 0.011403913008952991 0.0046070874901305474 -0.013603716770179096 0.0025721949123535572
leaf_weight=400.71771455556154 241.20436926186085 165.59782750159502 434.51464722305536 180.38964092731476 108.90854199230671 76.29237350076437 802.96342284232378 7671.4859335124493 204.04226190596819 2561.1083833277225 163.89051742851734 2073.5988573879004 72.11496564745903 4482.052622385323 93.227510303258896 1041.6591209620237 138.71352836489677 139.4564393684268 95.92579260468483 41.92985425889492 749.82382737845182 34.260798692703247 58.987829931080341 585.56640065461397 260.64402658492327 385.73449424654245 1105.1014187335968 52.079703703522682 669.80327239632607 722.43685488402843 215.85278742015362 164.7565124630928 606.28210375458002 81.307479813694954 167.46358456462622 146.48163150250912 596.26074215769768 49.318895354866982 117.35317377746105 647.18355382233858 960.62497282773256 57.366257973015308 47.13826647400856 946.03599452972412 3172.9303039014339 65.456493847072124 253.02606948465109 921.89447098225355 143.09150193631649 19.81813021749258 72.020360320806503 63.24495330452919 77.786432608962059 68.224712565541267 184.43199102580547 59.316959008574486 76.738643944263458 63.195685297250748 77.683499120175838 1044.0523401424289 678.62885580211878 444.3607863932848
leaf_count=3197 1195 1862 2922 1122 588 365 3946 40443 1367 11131 729 9196 323 21702 391 6245 693 818 429 295 5389 143 350 3419 1171 2062 5164 232 4984 5239 1017 762 4482 505 918 641 2900 217 558 3416 4535 261 210 4630 19504 336 2354 6750 1143 173 309 276 339 285 780 247 321 320 558 6237 4489 2746
internal_value=0.000143915 -0.00293199 -0.0016721 -0.00509252 0.00273789 0.0016089 -0.00200152 -0.000527444 -0.00439241 0.00528177 0.00373838 0.00843518 -0.0119008 0.00141799 0.0104909 -0.00394196 -0.00240656 -0.0118269 0.0125461 -0.00373651 -0.00993194 0.0103331 -0.00112685 0.00978626 0.0214492 0.00701092 0.00294332 0.0101986 -0.0138774 -0.0116813 -0.00589591 -0.0126125 -0.0129632 -0.0054802 0.0137306 -0.00205571 0.00837109 0.0151987 0.0123517 0.00147074 0.015751 0.00925066 0.00914571 0.012798 -0.00320597 0.0193302 -0.0109383 -0.0148349 -0.0190087 -0.032817 0.0199942 -0.00118774 0.0245241 0.0292807 0.0351801 0.0433699 0.0336091 0.00735195 -0.0152055 5.35282e-05 -0.00151532 -0.0072064
internal_weight=38103.6 17432.4 15633.9 7654.05 20671.2 7979.87 4783.48 9052.35 3980.52 11618.9 8964.53 2963.45 236.005 6001.08 2654.34 7253.33 6072.22 1181.12 495.283 5576.93 1652.06 214.65 3924.87 627.496 356.57 3196.39 1992.01 2727.44 1798.43 1613.02 829.539 550.491 1437.41 687.59 1204.38 7817.97 1519.02 762.933 713.614 756.092 1128.09 1162.47 1234.38 993.174 3297.37 124.444 1609.44 1174.92 890.578 185.416 653.844 115.325 538.519 466.499 398.274 320.488 261.171 279.048 747.487 2371.08 2167.04 1122.99
internal_count=209331 108272 94313 48098 101059 46215 30811 47119 26865 53940 42418 13037 1052 29381 11522 44901 37838 7063 2293 35545 11641 1265 23904 3714 1600 15404 9586 11985 13959 11924 4161 2824 10376 4987 5818 41084 7679 3675 3458 4004 5453 5425 6035 4840 20190 686 12026 9104 6685 2035 2789 508 2281 1972 1687 1348 1101 1337 5542 14839 13472 7235
cat_boundaries=0 1
cat_threshold=1
is_linear=0
shrinkage=0.05


Tree=40
num_leaves=63
num_cat=0
split_feature=0 13 2 17 9 16 14 0 2 8 2 2 19 1 6 19 0 2 13 2 14 9 17 8 19 14 1 6 2 19 10 15 6 2 13 2 2 8 19 17 8 10 0 14 6 12 9 0 8 0 7 2 15 19 8 15 6 0 2 9 13 14
split_gain=125.314 70.2415 74.132 55.6619 79.7567 55.5958 53.8006 52.2453 37.3378 35.2671 55.8529 54.5073 47.0093 45.0258 43.886 36.8062 35.3605 34.8945 50.9369 38.1081 34.6661 34.463 33.4726 32.2716 38.143 31.9238 31.6935 30.1375 29.3339 29.311 29.2816 28.612 31.703 30.186 28.2904 28.2392 30.5635 27.8752 34.5989 27.5862 26.963 26.9107 26.6568 31.4371 25.6454 39.4351 26.8915 42.2466 25.2501 25.1814 36.9441 25.1429 24.987 24.8555 24.6881 29.826 38.3706 24.5685 25.5008 23.4938 23.1846 22.9713
threshold=0.048980033358595264 0.77793305903203402 0.02493986271024955 0.80429316635687165 9.5000000000000018 0.88788269290846622 0.532083284503301 0.032161651414996356 0.032687146649083572 -0.11714675142884699 0.015670086174788402 0.020217215408749312 0.13639610389610393 2.3391673479122499 -0.0020330370265654314 0.024960370395492152 0.026402078115183924 0.021890372676806141 0.29113847881899874 0.020385958450317918 0.049035120377264839 7.5000000000000009 0.44966059005114195 -0.017140711315581088 0.15229155726705179 0.1673533030675888 2.1142409360981724 0.02026224081483197 0.018569979573378637 0.53657421857582388 2.5000000000000004 0.64677757998995855 0.02026224081483197 0.030091904745163298 0.076898230967998429 0.017714402537755133 0.017308749312867203 -0.21980840273889876 0.052930442249892663 0.19233891108891113 -0.13333333278730422 1.5000000000000002 0.039840893162872176 0.56788965241819989 -0.001331557922769677 2.5000000000000004 3.5000000000000004 0.067380670948475122 -0.0042483229295779959 0.040341420336382071 -0.044981309320326228 0.019098867813954191 0.74195072870296974 0.20797090487355976 -0.20092780711081157 0.90724108567673778 0.010161126647550979 0.07917374375680121 0.019601302197532009 7.5000000000000009 0.76599232736572909 0.2305112853810046
decision_type=8 8 10 10 2 2 10 10 10 10 10 10 10 10 2 8 10 10 10 10 10 2 10 10 8 10 10 2 10 8 2 10 2 10 10 10 10 10 10 10 10 2 10 10 2 2 2 10 10 10 10 10 10 10 10 10 2 8 8 2 10 10
left_child=1 2 3 9 21 40 26 -3 23 10 53 12 13 14 -12 -16 -11 18 -18 20 28 35 34 24 37 -13 -6 -23 -20 30 -27 32 59 39 -19 36 -5 38 -4 -33 57 -17 -21 -44 46 -46 -42 -48 49 50 -22 -37 -38 -1 -14 -56 -57 -2 -59 -9 -52 -31
right_child=5 7 8 4 6 -7 -8 31 -10 16 11 25 54 -15 15 41 17 22 19 42 48 27 -24 -25 -26 29 -28 -29 -30 61 -32 33 -34 -35 -36 51 52 -39 -40 -41 44 -43 43 -45 45 -47 47 -49 -50 -51 60 -53 -54 -55 55 56 -58 58 -60 -61 -62 -63
leaf_value=-0.014001806152674507 -0.0011942749067901245 -0.021702306934147094 0.043518451177485519 0.0063245821648895365 0.045039781802443425 0.0091783243582765281 0.082077394206766616 -0.010021470101316373 -0.024787417302719987 -0.019066584830578603 0.067376604309622487 -0.023997398610334848 -0.016818640526269121 -0.0058307171318368748 0.056681826982552336 0.015330305304773195 0.0041282349174616723 -0.02421925314512834 -0.0049018113847262125 -0.032780034384357108 -0.021321256398498745 -0.0067986456450380445 -0.0010746495322365619 0.019759452404776365 0.0024607972109807245 -0.0072180551345943922 -0.013831318376569458 -0.049921578943676465 0.071215232193157826 0.012064154613400019 0.031369977653209417 -0.025881106884846052 0.016661983171051005 -0.033222734187745066 0.021537906819903984 -0.015490439550780034 0.055831590312676899 0.044181706586798652 -0.0091702575390970285 0.0041590784104169175 0.0028842778279753742 -0.024865876374054748 0.0024634011389232388 -0.034059845908661186 0.0046953426064985856 0.024515961956964937 -0.019184323354133153 0.028722156146564801 -0.027748473088512596 0.0020192592989890516 -0.0045725169253972697 0.0018540554293504043 0.012059813200054829 -0.037246904744074938 -0.0043596803983910913 0.0043491478866136092 0.066207759751733819 -0.0098485281396202603 0.010582355020939937 -0.050629961458220289 0.04048176098063281 -0.033911046985340282
leaf_weight=274.84029418975115 7155.1573560088873 635.68321553617716 46.757145628333092 908.10095156729221 46.97427798807621 3045.5692162662745 48.870606109499931 2169.9473525062203 89.85537251830101 282.70395803451538 44.713230267167091 437.30680166184902 352.93055889755487 249.97564366459846 45.428098812699318 256.26339519768953 1766.9427563771605 35.999445050954819 22.951755419373512 209.33483043313026 387.91477392613888 168.45056300610304 499.04868093878031 460.66453410685062 1713.2108973115683 1148.2805781289935 42.978156462311745 52.523102343082428 26.89234085381031 31.991647019982338 50.381761744618416 81.364618636667728 110.38133940845728 63.267902322113514 408.11874924600124 252.6618317514658 59.290462300181389 97.790780559182167 88.892612129449844 1059.3213339373469 807.43818205595016 48.747973799705505 186.99455450475216 84.939614102244377 4949.5879153609276 263.44304750859737 350.03192676603794 52.059220150113106 114.91541114449501 1054.8616451248527 1059.7390542924404 1184.4228609874845 72.563952922821045 199.33131143450737 1250.8763538599014 93.510992541909218 33.331283174455166 184.53627108037472 866.46683689951897 35.282934263348579 28.349858708679676 164.10109983384609
leaf_count=1989 36387 6708 219 4622 223 12674 206 14652 522 2297 278 3266 2296 1429 231 1668 10699 209 208 1517 2920 807 2731 1972 8284 7252 200 238 227 221 292 576 615 321 2325 1246 313 458 435 6315 3832 311 1060 469 22958 1176 1648 227 672 5884 7651 5856 348 1525 8340 576 192 874 3903 235 191 1097
internal_value=-4.60989e-05 -0.00272197 -0.00123303 -0.00267838 0.00355665 0.00303349 0.0403776 -0.00852009 0.00668778 -0.00430851 -0.00758014 -0.0057436 -0.000745214 0.0107644 0.0212507 0.0151905 -0.00182494 -0.000993873 -0.00267552 -0.00645978 -0.00414211 0.00164782 0.00781439 0.00787243 0.00505072 -0.0122215 0.0170691 -0.0172272 0.0367585 -0.00851472 -0.00557134 -0.00613371 -0.00938321 0.000118774 0.0177828 0.00333791 0.00960941 0.0239665 0.00917659 0.00199553 0.00175365 0.00884575 -0.0194057 -0.00902776 0.0041798 0.0057015 -0.00237795 -0.0129259 -0.00492624 -0.00387943 -0.00809359 -0.00120403 0.0320146 -0.0238314 -0.00503934 -0.00201183 0.0209949 -0.000145463 0.00698913 -0.0106938 -0.00336255 -0.0263872
internal_weight=38015.3 20341 16185.7 13688.6 2836.84 17674.3 138.823 4155.25 2497.17 10851.7 4682.01 4207.84 2375.78 645.128 395.153 350.439 6169.71 5887 4943.84 3176.89 2695.62 2698.01 943.167 2407.32 1946.65 1832.06 89.9524 220.974 49.8441 1394.76 1198.66 3519.57 2315.61 1203.95 444.118 2477.04 1039.96 233.441 135.65 1140.69 14628.7 305.011 481.269 271.934 6422.56 5213.03 1209.53 402.091 2645.78 2530.87 1476 1437.08 131.854 474.172 1730.65 1377.72 126.842 8206.16 1051 2205.23 1088.09 196.093
internal_count=209073 125394 95972 84082 14059 83679 629 29422 11890 70023 30963 27449 15321 3917 2488 2210 39060 36763 31498 20799 17753 13430 5265 11368 9396 12128 423 1045 435 8862 7544 22714 15502 7212 2534 12385 5283 1112 654 6891 71005 1979 3046 1529 29841 24134 5707 1875 17318 16646 10762 7102 661 3514 11404 9108 768 41164 4777 14887 7842 1318
is_linear=0
shrinkage=0.05


Tree=41
num_leaves=63
num_cat=0
split_feature=4 0 13 5 3 9 4 16 2 2 19 13 5 2 17 2 2 8 6 2 2 6 0 2 8 3 8 14 11 14 17 2 13 8 2 3 9 14 14 5 2 3 18 13 15 19 2 17 2 1 13 2 2 2 2 8 6 19 19 13 8 1
split_gain=121.526 102.146 49.9268 43.7608 42.926 38.4356 39.9754 84.325 38.1167 57.4286 48.7185 40.484 34.6873 39.4076 37.8682 34.1752 36.3459 44.963 32.3852 31.882 117.343 30.95 29.1606 43.1268 56.1798 44.4696 32.3194 34.6312 33.2745 40.7112 36.3335 33.669 32.5628 34.8712 39.4224 30.0105 30.5858 29.6599 39.555 36.027 29.2495 30.8236 29.9453 28.6373 28.0219 27.5995 27.5774 28.2244 27.2531 26.6568 26.6337 46.3919 26.4415 26.4138 30.3065 42.9134 32.8688 40.0596 27.4328 29.0056 26.6979 26.2505
threshold=0.083433142334766966 0.03367790152461593 0.80125019534302255 0.15273251244432798 -0.023953045779231363 5.5000000000000009 0.055430343327967042 0.84462214859181872 0.029488768802778721 0.029520151588016918 0.63622522756344912 0.47354585176346042 -0.035712185779803556 0.031278153677514971 0.025229572494360149 0.034396249380162246 0.031827200496059742 -0.20453972979161897 0.011573577971456197 0.02878252898519407 0.0286543737976452 0.0021901807628655905 0.042713554253717437 0.015855146407099511 -0.057821547052533888 4.1224375747424249 -0.12411556205316192 0.67042027082106792 5.5000000000000009 0.42509431413716786 0.79607100852690393 0.017356634662964648 0.84451560539095338 -0.13687211687767056 0.027107963120998457 -0.26971901844168306 2.5000000000000004 0.55610158576833302 0.4525351384580994 0.043373496336190372 0.013150474867107456 3.8641718678755885 0.096657696311152883 0.088523966767109843 0.24761708280968461 0.33859523270155306 0.025265646839615716 0.99345977483489045 0.017909428499879716 1.8605451808502653 0.69465096496945467 0.019037012607954297 0.027862282336196666 0.02447974623388955 0.020300935618431059 -0.34879759036144575 0.023016431088738302 0.69106985655843822 0.84407271372298531 0.95021195954805926 -0.16619129050120865 2.1440190426388033
decision_type=2 8 8 8 10 2 2 2 8 8 8 10 10 10 10 10 10 10 2 10 10 2 8 10 8 10 10 8 2 8 10 10 8 8 10 8 2 10 10 10 10 10 10 8 10 10 10 10 10 10 10 10 10 10 10 8 2 10 8 10 10 10
left_child=1 2 4 8 -1 44 48 -8 19 21 12 -12 14 18 -11 16 -15 -18 -14 20 22 -10 23 24 45 52 27 32 29 31 -30 -28 33 -24 -35 36 -26 38 -37 -40 -31 42 -42 -21 -6 -3 47 -2 -7 -17 51 -33 53 54 55 -25 -57 -58 59 -55 -56 -29
right_child=46 3 -4 -5 5 6 7 -9 9 10 11 -13 13 15 -16 49 17 -19 -20 43 -22 -23 26 25 35 -27 28 61 30 40 -32 50 -34 34 -36 37 -38 -39 39 -41 41 -43 -44 -45 -46 -47 -48 -49 -50 -51 -52 -53 -54 58 60 56 57 -59 -60 -61 -62 -63
leaf_value=-0.016206480018538954 0.0037042979927707515 -0.015014940312923783 -0.020555021984045616 0.0064773601600702033 0.035527691854575084 -0.041392505052726264 0.07740578039471159 -0.030419044770642636 0.0084391803440026277 -0.016566304054642166 0.0039601127970819369 -0.012360376746455487 -0.012407274001838352 0.0053343595324046728 0.033079442495579717 -0.015533910755522129 0.042368069000407328 -0.0050193111007724766 0.020644116919790262 0.025881051885053727 0.046135537590434733 0.055020849021499965 -0.002587654903346556 0.0432327055088155 0.0036917993404313901 0.038932114678910029 0.052353911069624538 0.019388575332241205 -0.041829885525638599 0.018921169636394099 0.0090385791513655708 -0.02260767805483125 -0.022540074080246671 -0.024342557506709626 0.02811127142061259 -0.017774199111331292 0.063023193329146424 -0.024794265474853742 -0.014973719516212123 0.046835558443952395 0.017799992616453927 -0.039789280179029725 -0.00012186046235556969 -0.01451445041158988 -0.00027421353681641368 -0.038251576212704037 0.012446650330278886 0.023277860443632777 -0.0097380159666635643 0.017859931108157704 -0.0021970740297669574 0.018710914282927992 -0.025758970784582804 0.017571660973874106 -0.016768246415492669 -0.0022855265266944207 0.0057372200337310417 0.070597828982296093 -0.015511704601075097 -0.024304371804766411 -0.0045648431603822542 -0.00060141383548383248
leaf_weight=762.59974906593561 4161.5466535612941 302.22688565403223 769.00064756721258 2218.8867801874876 55.620059452950954 140.40725763142109 30.519197054207325 41.806946158409119 63.337701261043549 45.25732234120369 832.2776974439621 697.64435254782438 375.79547016322613 240.98887158930302 234.51891992986202 154.86020904034376 221.19206421077251 64.359909042716026 91.312827587127686 46.028675720095634 129.13650207221508 81.858986720442772 2210.5940919369459 53.828130036592484 64.555295534431934 62.895538061857224 46.896157510578632 168.98515406250954 86.4854846149683 218.39020864665508 58.12272472679615 74.49864986538887 293.99494841694832 343.55074882507324 39.137932434678078 99.391351729631424 31.84107705950737 145.56752803176641 34.936014726758003 69.059173882007599 242.61626951396465 46.510998323559761 5388.4801937937737 672.82716596126556 1574.0001008063555 223.32935485243797 1493.1109653860331 191.75819654762745 132.51701507717371 95.940940350294113 337.42131607234478 689.81516197323799 124.01666318625212 400.40867059677839 640.75089691579342 3258.1113909557462 80.760986290872097 32.877369575202465 100.68236257135868 45.225148402154446 1489.912423543632 4849.5553485453129
leaf_count=6166 17841 2155 8046 10107 424 1188 205 275 278 200 4066 3598 1823 1037 1015 865 922 283 418 226 554 349 13000 280 429 349 256 851 434 1082 267 416 1931 2119 226 714 208 853 226 403 1229 236 26659 3406 12009 1630 6215 787 1015 424 1851 3400 662 1922 4465 21010 496 202 579 279 9660 24852
internal_value=-4.53879e-05 -0.00125203 -0.00930549 -0.000265101 -0.00613895 -0.00224512 -0.017374 0.0155145 -0.000831961 0.00428342 0.00281704 -0.00348524 0.00914101 0.00555429 0.0250182 0.0124455 0.0196698 0.0317073 -0.00591591 -0.00153744 -0.00120576 0.0348977 -0.00148128 -0.00408488 -0.0138875 -0.00256968 -0.000228819 -0.00243491 0.00219716 0.00268581 -0.0214625 0.0112931 -0.00679677 -0.00500399 -0.0189188 -0.000814335 0.0237357 -0.00764456 0.00469106 0.0261266 0.00100734 0.000315073 0.000653327 -0.0118955 0.000968769 -0.024943 0.00658462 0.00457164 -0.0261145 -0.0027393 0.00949947 0.0146593 -0.00299508 -0.00252833 -0.00356013 -0.000647196 -0.00136033 0.0249546 0.00795277 0.013277 -0.0082409 7.5421e-05
internal_weight=37974.5 32128.1 3506.47 28621.7 2737.47 1974.87 345.25 72.3261 26402.8 3199.35 3054.15 1529.92 1524.23 1244.45 279.776 777.342 526.541 285.552 467.108 23203.4 22484.6 145.197 22355.4 7260.38 970.907 6289.47 15095.1 7905.82 7189.24 7044.63 144.608 1148.63 2887.28 2593.28 382.689 445.35 96.3964 348.954 203.387 103.995 5896 5677.61 5631.1 718.856 1629.62 525.556 5846.42 4353.3 272.924 250.801 1101.74 764.314 6226.57 6102.56 5556.24 3425.58 3371.75 113.638 546.316 445.634 2130.66 5018.54
internal_count=209073 184230 29328 154902 21282 15116 2683 480 144795 15278 14651 7664 6987 5772 1215 3531 2242 1205 2241 129517 125885 627 125331 46522 6618 39904 78809 42979 35830 35129 701 5923 17276 15345 2345 2833 637 2196 1343 629 29206 28124 27888 3632 12433 3785 24843 18628 2203 1289 5667 3816 39555 38893 36113 21988 21708 698 2780 2201 14125 25703
is_linear=0
shrinkage=0.05


Tree=42
num_leaves=63
num_cat=0
split_feature=0 5 2 2 2 3 7 3 12 5 10 9 2 8 19 10 9 2 0 0 0 18 16 2 8 0 18 6 2 2 2 2 2 3 9 8 14 0 8 9 5 7 2 8 19 14 3 0 7 19 0 7 14 0 19 16 5 0 19 7 8 14
split_gain=105.14 58.589 58.5426 66.0181 57.8149 51.2171 50.1269 42.3573 46.0532 40.3942 37.3593 43.5517 37.306 36.9101 54.2566 40.2973 36.8299 36.6847 56.7663 35.5709 33.8358 32.8865 35.6619 31.3554 31.3809 31.2443 42.9843 51.9631 30.8453 36.5148 33.3487 54.347 42.6946 35.0434 31.5321 54.381 28.9957 34.4155 28.81 34.3756 32.0201 28.5129 28.1388 37.4574 52.0696 27.7807 45.9279 27.1372 31.6332 52.4922 26.3968 38.7855 54.3114 25.9158 26.5545 25.855 25.691 27.6855 34.6364 44.6336 37.5893 36.0599
threshold=0.048980033358595264 0.15020744721399995 0.01629649707805603 0.013150474867107456 0.016604452504719428 0.7234579301495353 -0.048976367798304048 -0.53116431141275899 2.5000000000000004 0.085751145733188885 2.5000000000000004 8.5000000000000018 0.015572182010816558 -0.07488820169680159 0.59617051059858694 2.5000000000000004 5.5000000000000009 0.015498764894508488 0.057360547498022565 0.031035988059613443 0.042329541181850283 0.33133872786838298 0.88788269290846622 0.032687146649083572 -0.39466810338239561 0.042329541181850283 0.9508217027643554 0.0054005398593366402 0.017124567590068959 0.017673896820542285 0.021838952080671343 0.021171052830479088 0.022455305475258116 4.1224375747424249 9.5000000000000018 -0.088855421686747024 0.56003120124805006 0.045213123403931819 -0.20637672665170856 3.5000000000000004 0.072250974143356364 -0.027217573791677493 0.031350960148819197 -0.10948099092042328 0.18001865671641795 0.27404851947215975 1.7861551014938077 0.03383562477717892 -0.028299503274952949 0.8049477749972801 0.028578360235757192 -0.04007546134678474 0.35751753863084051 0.08490560796217074 0.0055167348396312184 0.10016448079166848 0.063829787234042659 0.043718007062764568 0.62801568593213453 -0.052202283849918367 -0.12411556205316192 0.19496438283035553
decision_type=8 10 10 10 10 10 8 8 2 10 2 2 10 8 10 2 2 8 10 10 10 8 2 10 8 10 10 2 10 10 10 10 10 10 2 10 10 10 10 2 10 10 10 10 8 10 10 10 10 10 10 10 10 10 10 2 10 10 10 10 10 8
left_child=1 2 3 20 16 19 53 -8 17 13 -3 25 -11 15 50 -5 -4 18 -9 -6 -1 -19 -23 24 -7 26 27 -12 -26 36 31 33 38 34 55 -36 -30 -38 -32 40 -40 -22 43 44 -34 -41 -47 -16 -49 -50 -15 -52 -53 54 -2 -31 57 58 59 -57 61 -61
right_child=6 10 4 9 5 23 7 8 -10 12 11 -13 -14 14 47 -17 -18 21 -20 -21 41 22 -24 -25 28 -27 -28 -29 29 30 32 -33 42 -35 35 -37 37 -39 39 45 -42 -43 -44 -45 -46 46 -48 48 49 -51 51 52 -54 -55 -56 56 -58 -59 -60 60 -62 -63
leaf_value=-0.0015395567748448197 -0.008999981621228002 0.0027192756569013807 0.018556836715625 -0.026361827026440649 -0.016420781543960296 0.043726752740300856 0.021191791550453136 -0.035050298331210435 0.020945732242080892 0.011026850789634359 0.08934541837336181 0.065841922106713371 -0.018424044981000847 -0.033401077434124828 -0.027544464015950978 0.010576044557884181 -0.0196329174367295 0.022066707786823726 0.019030768604229059 -0.0044785529001762879 0.010840358121305654 0.0011756885988452523 0.0098074701974463566 -0.042304454058551613 -0.009956820383083001 -0.0033978328785661651 -0.008012420782949765 0.015064635865783847 0.0062951469748971983 -0.021609548885964898 -0.012681682159289682 -0.021390290366822044 0.013126357254615015 0.028971225579765603 0.018302959355586949 -0.057700754907742749 0.045380112032417902 -0.007956185961735 0.021902848600229993 0.014057878096342827 -0.027276953862169568 0.059028953415700129 0.026232328349305709 0.0052104537520824461 -0.016925747054152361 0.01521615888509998 0.07682871154805726 -0.025784979988655834 0.035633398005061982 -0.01472166171006347 -0.00012097689189122555 0.094673251053769586 0.011992141648518022 0.010637429257356787 0.00076651921932584049 -0.0043957322878543188 -0.0048108971267165693 -0.0082423153448138078 -0.0041937241710830967 -0.0071761069618012669 0.042886065855945406 0.026266644410561035
leaf_weight=479.2287871837616 750.39463850855827 1468.8411065191031 489.01355893909931 909.14836720377207 684.37733130156994 40.879329979419708 434.97266565263271 139.30742689967155 426.44079133868217 284.43069493025541 43.150829166173935 46.283150479197502 171.52005242556334 30.985460765659809 324.18897696584463 79.829512670636177 71.636140950024128 259.63130606710911 73.38705225288868 6936.600873298943 97.410063728690147 3804.3393064290285 1744.8649001419544 41.895398795604706 661.79105714708567 135.25078459084034 48.802938342094421 51.506309852004051 375.28363642096519 141.28209781646729 60.209187187254429 360.44570991396904 196.93011786788702 94.322739943861961 36.940582118928432 62.027172468602657 117.51588867604733 40.247095093131065 103.93481869995594 77.414602637290955 47.381604060530663 44.23539325594902 109.97485453635454 1391.1324434578419 530.50024425983429 51.055089250206947 75.402974799275398 142.99586191028357 82.402855582535267 135.44208005070686 153.80297743529081 30.078677088022232 56.000107459723949 611.31148414313793 9437.3361104652286 206.42948269098997 1277.7659182026982 302.50585822761059 340.92115643620491 128.71940556913614 162.83698647469282 213.05877988785505
leaf_count=3511 3951 6719 3192 7031 5862 202 1999 651 1843 1602 219 198 928 308 3093 548 396 1153 311 43414 529 17471 7187 254 4150 603 211 242 2467 922 380 2279 1010 489 202 346 618 209 689 522 278 204 505 6889 3249 282 379 919 490 837 1040 256 357 2739 46374 1451 7345 1715 2407 993 1142 1311
internal_value=-4.45283e-05 -0.00250468 -0.00334338 -0.00970649 -0.00209676 -0.00269139 0.00277234 0.00610662 0.00508586 -0.0134637 0.00611966 0.0214325 -6.80938e-05 -0.0166025 -0.00958099 -0.0233726 0.0136509 0.00395938 -0.0163887 -0.005553 0.00482036 0.00470714 0.0038911 0.00031749 0.000571096 0.0138488 0.0300195 0.0495066 0.000318843 0.00136574 0.000245403 -0.00308511 0.00443626 -0.000854706 -0.00184383 -0.0294324 0.0138918 0.031809 0.0191326 0.024546 0.00642523 0.0261978 0.00168951 0.000403717 -0.00878318 0.0378985 0.0522683 -0.0170646 -0.00759908 0.00440162 0.00933837 0.0149748 0.041639 0.000646807 4.63383e-05 -0.000849132 0.000272941 0.00506889 0.00890088 0.0151764 0.0231758 0.0136874
internal_weight=37928 20246 18452.1 3021.7 15430.4 14869.8 17682 6882.94 6447.97 2400.83 1793.84 324.994 455.951 1944.87 955.897 988.978 560.65 6021.53 212.694 7620.98 620.874 5808.84 5549.2 7248.8 7206.91 278.711 143.46 94.6571 7166.03 6504.24 5971.19 3327.26 2643.94 2966.81 2872.49 98.9678 533.047 157.763 415.398 355.189 151.316 141.645 2228.54 2118.56 727.43 203.873 126.458 685.03 360.841 217.845 270.867 239.882 86.0788 10799 10187.7 2773.52 2632.24 1354.47 1051.97 711.045 504.615 341.778
internal_count=209073 125394 117202 21653 95549 91961 83679 30615 28616 17409 8192 1473 2530 14879 7300 7579 3588 26773 962 49276 4244 25811 24658 42685 42431 1275 672 461 42229 38079 34785 20602 14183 18323 17834 548 3294 827 2530 2150 967 733 11653 11148 4259 1183 661 5339 2246 1327 1961 1653 613 53064 50325 17286 16364 9019 7304 4897 3446 2304
is_linear=0
shrinkage=0.05


Tree=43
num_leaves=63
num_cat=2
split_feature=4 14 13 8 1 6 19 19 16 19 9 7 18 16 18 11 15 9 15 6 21 9 5 19 1 13 7 7 14 13 22 5 18 12 19 8 18 10 13 18 15 19 9 4 1 11 14 14 15 15 14 4 13 13 6 18 6 14 8 14 13 16
split_gain=101.927 60.1458 53.9917 42.0839 35.007 46.8531 34.1049 33.6121 38.1479 32.7582 32.4276 29.235 28.9242 29.9123 46.4571 27.6179 27.5414 45.6639 27.0533 41.1805 28.6149 26.7826 72.2403 30.4723 38.7295 39.2656 29.4495 91.6088 29.4511 27.1785 26.3806 27.726 30.8457 25.9619 25.9566 31.551 28.6868 25.2264 40.2943 38.97 30.8751 25.372 23.7536 22.6283 25.1374 22.3057 22.0284 23.0795 21.9711 21.8589 21.3866 21.3097 20.9765 20.9108 20.7877 20.5541 20.4999 25.8326 45.7588 20.4723 20.3947 20.7056
threshold=0.083433142334766966 0.52023023414763225 0.5566362751242665 -0.084758462058680803 2.1440190426388033 -0.001684413314880395 0.29895333126403628 0.62399677938808384 0.78953671591682906 0.049146809719854183 3.5000000000000004 -0.090148990500085222 0.90589320599088363 0.90784454313837426 0.77689015106621573 4.5000000000000009 0.96225899013252969 6.5000000000000009 0.95034070365734957 0.0063829787234043209 0 5.5000000000000009 0.15273251244432798 0.52088954668101861 1.804695001639401 0.92297108032402164 -0.0086352235024088602 -0.010888532195156007 0.37343725582122211 0.96221975907645996 1 -0.11903185679703597 0.12897807836870656 2.5000000000000004 0.37818484258357682 -0.095238095238095163 0.15295460650013434 3.5000000000000004 0.76599232736572909 0.9508217027643554 0.50106838094629336 0.67914041015961935 3.5000000000000004 0.011007731810051215 2.5534719852997738 2.5000000000000004 0.87230364961761941 0.88807317204590774 0.57966071648785311 0.82424992499249938 0.32604364326375718 0.047147345344941256 0.44598982755329969 0.54086826713652947 1.0000000180025095e-35 0.83655402041324389 0.014011799753880118 0.409398841278036 -0.10608968769027886 0.49637022397891967 0.50922996037348245 0.53775009975488808
decision_type=2 8 10 10 10 2 8 10 2 8 2 10 10 2 8 2 10 2 10 2 9 2 10 10 10 10 10 10 10 10 9 10 10 2 8 10 10 2 10 10 8 10 2 2 10 2 10 10 8 10 10 2 10 10 2 10 2 10 8 10 10 2
left_child=1 2 3 9 5 -3 10 8 55 11 -7 -1 13 30 -15 33 21 -18 20 50 -11 23 26 24 25 34 27 56 -28 59 31 32 -6 -8 35 36 -4 40 39 -39 41 -2 -21 -9 -45 -14 -32 53 -42 60 -20 -26 -17 -48 -55 -5 57 -23 -59 -25 61 -12
right_child=37 4 16 7 12 6 15 43 -10 18 49 -13 45 14 -16 52 17 -19 19 42 -22 22 -24 29 51 -27 28 -29 -30 -31 46 -33 -34 -35 -36 -37 -38 38 -40 -41 48 -43 -44 44 -46 -47 47 -49 -50 -51 -52 -53 -54 54 -56 -57 -58 58 -60 -61 -62 -63
leaf_value=-0.013301899077323133 0.005346341565556305 -0.0087796536263498922 0.031689085335956692 0.011367721224348487 0.0033280288155819928 0.010692901113148835 0.004769173920104338 -0.0070931754322047045 -0.027772501017988102 0.010213589049547403 0.033155808216562464 0.028109147349702192 -0.00034047075573574769 0.0036796319809222801 0.05749387142659345 -0.048488107616542313 -0.00059560047673031522 0.063263062781885607 0.012253282847484051 0.0074929911188491606 -0.0065899020461921273 -0.033107959713617158 0.048819248824256395 -0.00032464374030420233 -0.014462813024786324 -0.020401519661584058 -0.047681215237117304 0.061788073187997422 0.0060764994465014885 -0.0143588582515788 0.00020606722295424428 -0.0033255459315509866 0.037026242164097431 0.043212152758383131 -0.0082848348444681079 0.044544504899515447 -0.0017175121166699244 0.049443191281604466 -0.018093183508999935 0.0059357905457638194 -0.0088935429494970287 0.019736318294573396 0.059867277645154475 0.0015875953282702656 0.025608345759412128 -0.02991100890353874 0.0060118593601868704 0.0044868698845210052 0.0043674869595776936 0.0062844119582390794 -0.025134029623179427 -0.037220195206008395 0.0007359786716031703 0.063135624350344283 0.019709954217417905 0.045502547538010606 0.014127166310138725 -0.042454330586536838 0.022960348993689095 -0.021734711802532475 0.021973535283537453 0.082286115456222539
leaf_weight=60.058089956641197 634.0604527965188 481.10713003575802 78.105462871491909 956.09161760658026 377.12278132885695 622.33455017209053 1767.9853108152747 772.36167803406715 60.058971993625164 260.9305919110775 44.675100460648537 141.73049055784941 114.79816691577435 134.99000118672848 56.147815614938736 41.085756033658981 128.60170184075832 34.777694948017597 85.876657955348492 37.186712071299553 4270.0541451945901 259.0678972825408 38.282453134655952 2626.5098432675004 1177.2614714130759 268.42779845744371 145.85975117981434 35.464091509580612 30.570604361593723 459.82957512885332 4717.0824088081717 6062.8215912729502 81.888934642076492 44.059414267539978 377.22786950320005 54.932662054896355 342.01061046123505 119.85202325880527 51.730856284499168 90.180770561099052 337.71224194765091 593.48516184091568 51.906129240989685 1849.6036114543676 114.74340005218983 142.54478591680527 117.81042262911797 1698.3569305837154 4022.0937870070338 56.465793058276176 67.378737844526768 112.33469084650278 44.495953440666199 43.107687637209892 77.393741503357887 45.388921424746513 37.107116259634495 44.455645702779293 63.93138974905014 115.61153634637594 70.331008583307266 44.688406467437744
leaf_count=356 2643 2399 502 5699 1780 3019 8595 4872 336 1636 211 806 562 653 252 201 791 192 542 214 27397 1877 176 17776 8503 2205 1187 262 203 3919 24311 31907 379 205 2611 301 2432 512 234 384 1412 2480 286 10518 599 694 555 7816 17178 267 392 723 224 201 364 282 216 262 365 644 342 211
internal_value=-4.37088e-05 -0.00115164 -0.00343138 -0.000880258 0.000906511 0.00559672 0.00812687 0.00308256 0.0106302 -0.00390568 0.0165191 0.0157792 -0.000201378 0.000118884 0.0197048 0.00441189 -0.00691136 0.0132998 -0.00474097 0.0115036 -0.00561219 -0.0074403 -0.0170048 -0.00632164 -0.0105671 -0.00376315 -0.021165 -0.0141893 -0.0383847 -0.00312353 -0.000166723 -0.00242438 0.0094073 0.00572722 0.00149493 0.00926197 0.00455374 0.00602537 0.0211691 0.0308793 0.00531224 0.0123139 0.0383324 0.000152104 0.00300304 -0.0167723 0.00204677 0.00653825 0.00333848 0.0331665 -0.00424043 -0.0164725 -0.0231824 0.0210778 0.0356366 0.0129586 -0.0209855 -0.02456 -0.00401274 -0.00123492 0.0425734 0.0583633
internal_weight=37894.1 32045 15203.7 8773.37 16841.3 3217.23 2736.12 3798.25 1061.54 4975.12 838.495 201.789 13624.1 13366.7 191.138 1897.63 6430.37 163.379 4773.33 242.348 4530.98 6266.99 654.739 5612.25 2410.3 1120.7 616.456 440.026 176.43 3201.95 13175.6 6521.83 459.012 1812.04 852.277 475.049 420.116 5849.12 261.764 210.033 5587.35 1227.55 89.0928 2736.71 1964.35 257.343 6653.75 1936.67 4359.81 216.16 153.255 1289.6 85.5817 238.312 120.501 1001.48 404.562 367.455 108.387 2742.12 159.695 89.3635
internal_count=209073 184230 99082 53935 85148 15674 13275 22306 6317 31629 4050 1162 69474 68218 905 9225 45147 983 30467 1434 29033 44164 4548 39616 17277 8051 4372 2982 1390 22339 67313 34066 2159 8800 5846 3235 2934 24843 1130 896 23713 5123 500 15989 11117 1256 33247 8936 18590 1031 934 9226 425 1120 565 5981 2720 2504 627 18420 764 422
cat_boundaries=0 1 2
cat_threshold=116 4228102
is_linear=0
shrinkage=0.05


Tree=44
num_leaves=63
num_cat=0
split_feature=4 0 13 3 5 19 2 2 8 2 1 13 2 13 0 2 13 19 4 9 4 16 2 2 2 2 8 2 2 4 16 6 2 12 3 13 19 2 3 11 19 0 3 3 6 7 19 3 19 19 5 3 10 3 9 19 19 8 19 9 1 7
split_gain=92.2438 84.2262 46.4623 39.3722 38.126 37.5214 61.9326 49.4014 38.5126 37.9604 54.0239 40.1368 34.5351 37.0708 31.8584 31.6423 30.9705 31.8272 34.1806 30.9335 46.7844 63.041 28.5283 27.3634 48.8956 32.4243 30.9566 48.5156 30.296 26.5214 30.8225 26.7918 25.3769 25.0324 24.8184 26.5952 26.7254 29.2243 29.8063 31.3056 25.9291 24.8086 25.196 24.6802 24.6146 24.5415 24.5347 23.8555 23.1856 24.3901 22.5627 25.7759 21.839 30.0939 22.5427 21.7442 21.1433 21.1255 20.7708 41.7752 32.6092 24.2033
threshold=0.097461805939314652 0.03367790152461593 0.80125019534302255 -0.2265850360713452 0.15273251244432798 0.87186427345537765 0.029488768802778721 0.029675767752523629 -0.043810185269684769 0.01629649707805603 2.7905414781276354 0.91882135880182336 0.016658271835731937 0.13611100628175618 0.037619686944548196 0.016804175809171148 0.89546518224365357 0.73012531133250325 0.027919714154641454 5.5000000000000009 0.055430343327967042 0.84462214859181872 0.021972355615467516 0.030338905914821291 0.034396249380162246 0.034598278818654737 -0.2080083556382091 0.031827200496059742 0.030196908294105849 -0.0086417034476816684 0.47135990271659328 0.0068832980426671861 0.017909428499879716 1.5000000000000002 3.9295565947683984 0.30680875923413242 0.48945278554302651 0.02316924425840788 2.2194181492143508 4.5000000000000009 0.31869400807045151 0.058553578705111575 1.9900858835991906 4.1224375747424249 0.014323499515070172 -0.0086352235024088602 0.40211419738716681 -0.44911251862479623 0.88793769653040566 0.57239070600674069 0.020339914710832189 -0.25929149670392571 2.5000000000000004 0.66525198276524278 6.5000000000000009 0.41808127908905951 0.69106985655843822 -0.2257336343115123 0.76607862968581852 5.5000000000000009 1.8284769245511632 -0.043584278297266348
decision_type=2 8 8 10 8 8 10 10 8 8 10 10 10 10 8 10 10 10 2 2 2 2 10 10 10 10 10 10 10 2 2 2 10 2 10 10 10 10 10 2 8 10 10 10 2 8 10 10 10 8 10 10 2 10 2 10 10 10 10 2 10 10
left_child=1 2 3 -1 5 6 8 33 9 10 -3 52 13 -11 44 -14 43 41 22 -5 32 -22 -19 28 26 -26 27 -25 29 -9 -31 -32 -21 -8 35 36 37 38 -2 -40 57 42 -18 58 -7 -16 -27 -37 49 55 -28 -52 54 -54 -12 -36 -53 -39 61 60 -60 -17
right_child=34 4 -4 19 -6 14 7 23 -10 12 11 -13 15 -15 45 16 17 18 -20 20 21 -23 -24 24 25 46 50 -29 -30 30 31 -33 -34 -35 48 47 -38 40 39 -41 -42 -43 -44 -45 -46 -47 -48 -49 -50 -51 51 56 53 -55 -56 -57 -58 -59 59 -61 -62 -63
leaf_value=-0.016936947492976067 -0.020637690703863516 -0.020373936677178038 -0.019354658068444042 0.00041102153576514847 0.0057124499605711787 -0.021569726461855954 0.010612735225264179 0.029167965632656386 0.004191641211742831 0.040481410713349097 -0.00744924382705019 0.041398617568462311 -0.01959170160304877 0.0056501296844502233 -0.0067430673856875845 -0.0014384840158001078 -0.019534802211529076 0.058303409606749471 -0.024349711981111313 -0.040736390405374974 0.071192071907984003 -0.016336595029168614 -0.0023460183362720042 0.0083895154437150839 -0.038100579423271712 0.014025041434800798 0.019220780731847964 0.040018910996935074 -0.018822464942279609 -0.023222398460382657 -0.0091313691214077349 0.035877217558565294 -0.01016026576937417 0.048918405578173396 -0.016571271304056692 0.02077340640280935 0.01732122256701174 0.012593390221791265 0.021252847216491174 -0.02352146317364881 0.0032375832425175274 0.0014007256266771659 0.0067147702869810762 0.024458982385069255 0.020350065656951695 0.0026304827702117546 -0.013030030713854841 0.0031701842839587792 0.013310473673611298 -0.033182090159308605 -0.022038046828155328 -0.0042171959516441922 0.048143720230533114 -0.010142399854134026 0.031257695196603638 0.025154242212797218 0.024261586768348335 0.056934763016643512 -0.033784193799384722 -0.044225626173499767 0.00073284095959570846 0.0034419203028155294
leaf_weight=574.83213111758232 164.99206332862377 626.63179430365562 748.28126902878284 1820.9677515849471 2562.4491714686155 404.67810501903296 72.859976470470428 86.465118303894997 3307.4483356773853 88.626222312450409 1080.737941890955 49.213834948837757 233.19034501165152 520.64424050599337 2118.8086519017816 9867.3271666839719 685.17030368745327 47.483939290046692 35.452825360000134 138.30986764281988 31.748367242515087 54.572313889861107 32.186027154326439 244.01121571660042 63.705747574567795 167.55537520349026 236.14983625710011 241.28661657869816 206.79418256878853 104.32324056327343 66.497642487287521 64.134104549884796 134.02980428934097 104.24705028533936 81.791195034980774 206.78092697262764 1040.0280984789133 53.056911334395409 134.54063536226749 53.901715770363808 146.43233393132687 274.33759565651417 104.96515303850174 98.022209122776985 37.546413958072662 1040.6355390548706 165.64083852618933 2621.3616601675749 100.75117789208889 104.17312587797642 100.35852752625942 157.14881750941277 44.348516240715981 42.718252912163734 37.997528269886971 49.129694074392319 110.06129428744316 54.957776129245758 80.022226579487324 75.484820231795311 439.82401503622532 3420.1020543500781
leaf_count=4763 686 4521 8070 13946 11566 2808 317 412 17362 471 6075 257 1372 2939 11556 54366 4672 306 210 1219 205 353 209 1035 396 803 1008 1004 1061 505 318 295 1041 446 384 868 4283 217 568 230 601 1336 673 517 231 5108 835 10835 439 493 445 677 235 218 202 225 484 225 487 402 2267 19015
internal_value=-4.22219e-05 -0.000983973 -0.0083138 -0.00530849 -0.000114792 -0.000668331 6.3482e-05 0.00806387 -0.000764097 -0.00168076 -0.00839661 -0.00240485 -0.000890625 0.0107748 -0.00541819 -0.00135301 -0.00107119 -0.00884781 0.0160288 -0.00223536 -0.0156352 0.0163027 0.0340762 0.00582868 0.00930175 -0.00571162 0.0147737 0.0241654 -0.00394055 0.00566282 -0.0030742 0.0130704 -0.0257808 0.0333079 0.00642496 0.0074087 0.0124564 0.00411835 -0.00518132 0.00838913 0.0170056 -0.0115507 -0.0160436 -0.000414475 -0.0179727 -0.00365582 0.00057649 0.00446414 -0.0066692 -0.0152517 0.0071968 -0.000559367 -0.00422548 0.0197559 -0.00610783 -0.000841268 0.00755967 0.0354696 -0.000591848 -0.00972078 -0.00463518 -0.000182134
internal_weight=37861.9 33050 3502.74 2754.46 29547.3 26984.8 23383.2 2191.24 21191.9 17884.5 1881.65 1255.02 16002.8 609.27 3601.67 15393.6 15160.4 1179.6 115.123 2179.63 358.66 86.3207 79.67 2014.13 1485.92 396.902 1089.02 485.298 528.214 321.42 234.955 130.632 272.34 177.107 4811.9 4476.05 1647.91 607.881 353.434 188.442 254.447 1064.47 790.135 13980.8 442.225 3159.44 333.196 2828.14 335.845 235.094 603.718 367.569 1205.8 87.0668 1118.74 130.921 267.21 108.015 13882.8 595.331 519.846 13287.4
internal_count=209073 189019 29597 21527 159422 147856 128153 10041 118112 100750 11508 6987 89242 3410 19703 85832 84460 7406 725 16764 2818 558 515 9278 6687 2034 4653 2039 2591 1530 1118 613 2260 763 20054 18513 6810 2527 1484 798 1043 6681 5345 77054 3039 16664 1638 11703 1541 1102 2614 1606 6730 453 6277 609 1161 442 76537 3156 2754 73381
is_linear=0
shrinkage=0.05


end of trees

feature_importances:
xu100_atr_pct=434
liquidity_proxy_rank_pct_by_date=242
price_vs_60d_high=228
atr_pct=222
price_vs_60d_high_rank_pct_by_date=202
atr_pct_rank_pct_by_date=171
ret_5d=153
price_vs_20d_high=149
ret_1d=133
atr_ratio_daily=132
vol_z_20=115
price_vs_20d_high_rank_pct_by_date=96
event_multiplicity=95
gap_pct=91
ret_5d_rank_pct_by_date=90
vol_z_20_rank_pct_by_date=82
ret_1d_rank_pct_by_date=50
n_concurrent_families=44
n_concurrent_sources=25
n_concurrent_timeframes=16
setup_label=10
family=6
signal_state=4

parameters:
[boosting: gbdt]
[objective: binary]
[metric: binary_logloss]
[tree_learner: serial]
[device_type: cpu]
[data_sample_strategy: bagging]
[data: ]
[valid: ]
[num_iterations: 500]
[learning_rate: 0.05]
[num_leaves: 63]
[num_threads: 0]
[seed: 42]
[deterministic: 1]
[force_col_wise: 0]
[force_row_wise: 1]
[histogram_pool_size: -1]
[max_depth: -1]
[min_data_in_leaf: 200]
[min_sum_hessian_in_leaf: 0.001]
[bagging_fraction: 0.85]
[pos_bagging_fraction: 1]
[neg_bagging_fraction: 1]
[bagging_freq: 5]
[bagging_seed: 400]
[bagging_by_query: 0]
[feature_fraction: 0.85]
[feature_fraction_bynode: 1]
[feature_fraction_seed: 30056]
[extra_trees: 0]
[extra_seed: 12879]
[early_stopping_round: 0]
[early_stopping_min_delta: 0]
[first_metric_only: 0]
[max_delta_step: 0]
[lambda_l1: 0]
[lambda_l2: 1]
[linear_lambda: 0]
[min_gain_to_split: 0]
[drop_rate: 0.1]
[max_drop: 50]
[skip_drop: 0.5]
[xgboost_dart_mode: 0]
[uniform_drop: 0]
[drop_seed: 17869]
[top_rate: 0.2]
[other_rate: 0.1]
[min_data_per_group: 100]
[max_cat_threshold: 32]
[cat_l2: 10]
[cat_smooth: 10]
[max_cat_to_onehot: 4]
[top_k: 20]
[monotone_constraints: ]
[monotone_constraints_method: basic]
[monotone_penalty: 0]
[feature_contri: ]
[forcedsplits_filename: ]
[refit_decay_rate: 0.9]
[cegb_tradeoff: 1]
[cegb_penalty_split: 0]
[cegb_penalty_feature_lazy: ]
[cegb_penalty_feature_coupled: ]
[path_smooth: 0]
[interaction_constraints: ]
[verbosity: -1]
[saved_feature_importance_type: 0]
[use_quantized_grad: 0]
[num_grad_quant_bins: 4]
[quant_train_renew_leaf: 0]
[stochastic_rounding: 1]
[linear_tree: 0]
[max_bin: 255]
[max_bin_by_feature: ]
[min_data_in_bin: 3]
[bin_construct_sample_cnt: 200000]
[data_random_seed: 175]
[is_enable_sparse: 1]
[enable_bundle: 1]
[use_missing: 1]
[zero_as_missing: 0]
[feature_pre_filter: 1]
[pre_partition: 0]
[two_round: 0]
[header: 0]
[label_column: ]
[weight_column: ]
[group_column: ]
[ignore_column: ]
[categorical_feature: 20,21,22,23,24]
[forcedbins_filename: ]
[precise_float_parser: 0]
[parser_config_file: ]
[objective_seed: 16083]
[num_class: 1]
[is_unbalance: 0]
[scale_pos_weight: 1]
[sigmoid: 1]
[boost_from_average: 1]
[reg_sqrt: 0]
[alpha: 0.9]
[fair_c: 1]
[poisson_max_delta_step: 0.7]
[tweedie_variance_power: 1.5]
[lambdarank_truncation_level: 30]
[lambdarank_norm: 1]
[label_gain: ]
[lambdarank_position_bias_regularization: 0]
[eval_at: ]
[multi_error_top_k: 1]
[auc_mu_weights: ]
[num_machines: 1]
[local_listen_port: 12400]
[time_out: 120]
[machine_list_filename: ]
[machines: ]
[gpu_platform_id: -1]
[gpu_device_id: -1]
[gpu_use_dp: 0]
[num_gpu: 1]

end of parameters

pandas_categorical:[["horizontal_base", "mb_scanner", "paper_execution_v0", "triangle_break"], ["bb_1M", "bb_1d", "bb_1w", "bb_5h", "hb", "line_e", "line_tr", "mb_1M", "mb_1d", "mb_1w", "mb_5h", "tr_1M", "tr_1d", "tr_1w", "tr_5h"], ["bb__above_mb_birth", "bb__mit_touch_first", "bb__retest_bounce_first", "hb__extended", "hb__retest_bounce", "hb__trigger", "line_e__extended", "line_tr__retest_bounce", "line_tr__trigger", "mb__above_mb_birth", "mb__mit_touch_first", "mb__retest_bounce_first", "tr_1M__asc_up_break", "tr_1M__desc_up_break", "tr_1M__sym_up_break", "tr_1d__asc_up_break", "tr_1d__desc_up_break", "tr_1d__sym_up_break", "tr_1w__asc_up_break", "tr_1w__desc_up_break", "tr_1w__sym_up_break", "tr_5h__asc_up_break", "tr_5h__desc_up_break", "tr_5h__sym_up_break"], ["extended", "retest_bounce", "trigger", "untagged"], ["1M", "1d", "1w", "5h"]]
